Jockey_ID,UptoDate,Name,Total_races,Wins,Percentage_wins,Placed,Percentage_placed,Flat_AW_races,Flat_AW_wins,Flat_AW_rate,Flat_AW_placed,Flat_AW_placed_rate,Flat_Turf_races,Flat_Turf_wins,Flat_Turf_rate,Flat_Turf_placed,Flat_Turf_placed_rate,Chase_races,Chase_wins,Chase_rate,Chase_placed,Chase_placed_rate,Hurdle_races,Hurdle_wins,Hurdle_rate,Hurdle_placed,Hurdle_placed_rate
1,2025-08-25,Declan Cannon,592,38,6.42%,133,22.47%,150,10,6.67%,25,16.67%,441,28,6.35%,108,24.49%,0,0,0%,0,0%,1,0,0%,0,0%
2,2025-08-25,Ross Atkinson,268,15,5.60%,67,25.00%,158,10,6.33%,35,22.15%,110,5,4.55%,32,29.09%,0,0,0%,0,0%,0,0,0%,0,0%
3,2025-08-25,W A Carson,920,94,10.22%,175,19.02%,540,56,10.37%,103,19.07%,379,38,10.03%,72,19.00%,1,0,0%,0,0%,0,0,0%,0,0%
4,2025-08-25,T Atkinson,327,18,5.50%,82,25.08%,185,9,4.86%,39,21.08%,142,9,6.34%,43,30.28%,0,0,0%,0,0%,0,0,0%,0,0%
5,2025-08-25,R Kennemore,837,58,6.93%,214,25.57%,334,20,5.99%,82,24.55%,501,38,7.58%,132,26.35%,2,0,0%,0,0%,0,0,0%,0,0%
6,2025-08-25,Lee Topliss,722,72,9.97%,206,28.53%,126,16,12.70%,42,33.33%,596,56,9.40%,164,27.52%,0,0,0%,0,0%,0,0,0%,0,0%
7,2025-08-25,Kelly Harrison,497,27,5.43%,98,19.72%,167,8,4.79%,21,12.57%,330,19,5.76%,77,23.33%,0,0,0%,0,0%,0,0,0%,0,0%
8,2025-08-25,B McHugh,1201,122,10.16%,326,27.14%,408,55,13.48%,86,21.08%,791,67,8.47%,240,30.34%,1,0,0%,0,0%,1,0,0%,0,0%
9,2025-08-25,T Eaves,10929,832,7.61%,3094,28.31%,4276,350,8.19%,1222,28.58%,6641,481,7.24%,1871,28.17%,10,0,0%,1,10.00%,2,1,50.00%,0,0%
10,2025-08-25,P Makin,4055,492,12.13%,1416,34.92%,934,131,14.03%,325,34.80%,3116,361,11.59%,1088,34.92%,4,0,0%,3,75.00%,1,0,0%,0,0%
11,2025-08-25,G Gibbons,2072,266,12.84%,602,29.05%,736,101,13.72%,222,30.16%,1335,165,12.36%,380,28.46%,0,0,0%,0,0%,1,0,0%,0,0%
12,2025-08-25,J F McDonald,491,26,5.30%,79,16.09%,262,15,5.73%,43,16.41%,229,11,4.80%,36,15.72%,0,0,0%,0,0%,0,0,0%,0,0%
13,2025-08-25,Ann Stokell,336,10,2.98%,85,25.30%,271,9,3.32%,74,27.31%,63,1,1.59%,11,17.46%,2,0,0%,0,0%,0,0,0%,0,0%
14,2025-08-25,R Winston,4906,612,12.47%,1651,33.65%,2319,312,13.45%,799,34.45%,2577,300,11.64%,846,32.83%,10,0,0%,6,60.00%,0,0,0%,0,0%
15,2025-08-25,C Catlin,2574,227,8.82%,566,21.99%,1301,110,8.46%,281,21.60%,1269,117,9.22%,284,22.38%,4,0,0%,1,25.00%,0,0,0%,0,0%
16,2025-08-25,A Culhane,392,34,8.67%,82,20.92%,200,17,8.50%,43,21.50%,192,17,8.85%,39,20.31%,0,0,0%,0,0%,0,0,0%,0,0%
17,2025-08-25,A Mullen,8209,681,8.30%,2459,29.95%,3372,297,8.81%,1091,32.35%,4831,383,7.93%,1367,28.30%,5,1,20.00%,1,20.00%,1,0,0%,0,0%
18,2025-08-25,J Fanning,11734,1685,14.36%,4063,34.63%,4802,721,15.01%,1703,35.46%,6920,963,13.92%,2359,34.09%,10,1,10.00%,1,10.00%,2,0,0%,0,0%
19,2025-08-25,Billy Cray,453,27,5.96%,101,22.30%,228,18,7.89%,60,26.32%,224,9,4.02%,41,18.30%,1,0,0%,0,0%,0,0,0%,0,0%
21,2025-08-25,M Lane,0,0,0%,0,0%,0,0,0%,0,0%,0,0,0%,0,0%,0,0,0%,0,0%,0,0,0%,0,0%
22,2025-08-25,L Morris,17228,1800,10.45%,5874,34.10%,11793,1284,10.89%,4169,35.35%,5420,515,9.50%,1702,31.40%,13,1,7.69%,3,23.08%,2,0,0%,0,0%
23,2025-08-25,J Dean,0,0,0%,0,0%,0,0,0%,0,0%,0,0,0%,0,0%,0,0,0%,0,0%,0,0,0%,0,0%
24,2025-08-25,N Callan,3724,481,12.92%,1143,30.69%,1333,198,14.85%,434,32.56%,2387,282,11.81%,709,29.70%,4,1,25.00%,0,0%,0,0,0%,0,0%
26,2025-08-25,William Carson,5834,427,7.32%,1886,32.33%,3551,266,7.49%,1161,32.70%,2278,161,7.07%,724,31.78%,5,0,0%,1,20.00%,0,0,0%,0,0%
27,2025-08-25,Mr Frazer Williams,3,0,0%,1,0%,1,0,0%,0,0%,2,0,0%,1,50.00%,0,0,0%,0,0%,0,0,0%,0,0%
28,2025-08-25,Tony Culhane,56,3,5.36%,10,17.86%,13,1,7.69%,1,7.69%,43,2,4.65%,9,20.93%,0,0,0%,0,0%,0,0,0%,0,0%
29,2025-08-25,David Probert,12458,1449,11.63%,4235,33.99%,6192,728,11.76%,2195,35.45%,6254,720,11.51%,2033,32.51%,12,1,8.33%,7,58.33%,0,0,0%,0,0%
30,2025-08-25,B J Geraghty,3795,772,20.34%,1246,32.83%,12,5,41.67%,3,25.00%,162,39,24.07%,67,41.36%,1265,245,19.37%,359,28.38%,2356,483,20.50%,817,34.68%
31,2025-08-25,A P McCoy,3686,914,24.80%,1285,34.86%,29,6,20.69%,14,48.28%,351,85,24.22%,161,45.87%,1173,264,22.51%,375,31.97%,2133,559,26.21%,735,34.46%
32,2025-08-25,S E Durack,2,0,0%,0,0%,0,0,0%,0,0%,0,0,0%,0,0%,0,0,0%,0,0%,2,0,0%,0,0%
33,2025-08-25,T Siddall,335,15,4.48%,50,14.93%,7,1,14.29%,0,0%,30,0,0%,2,6.67%,66,3,4.55%,11,16.67%,232,11,4.74%,37,15.95%
34,2025-08-25,B Hughes,3923,536,13.66%,1577,40.20%,38,5,13.16%,20,52.63%,386,50,12.95%,158,40.93%,1498,251,16.76%,579,38.65%,2001,230,11.49%,820,40.98%
35,2025-08-25,W Marston,98,8,8.16%,15,15.31%,1,1,100.00%,0,0%,9,1,11.11%,2,22.22%,12,1,8.33%,2,16.67%,76,5,6.58%,11,14.47%
36,2025-08-25,W Kennedy,1438,135,9.39%,430,29.90%,15,1,6.67%,2,13.33%,102,9,8.82%,23,22.55%,426,55,12.91%,128,30.05%,895,70,7.82%,277,30.95%
37,2025-08-25,J M Maguire,2523,484,19.18%,839,33.25%,42,5,11.90%,19,45.24%,220,55,25.00%,81,36.82%,828,141,17.03%,264,31.88%,1433,283,19.75%,475,33.15%
39,2025-08-25,R Thornton,1161,155,13.35%,391,33.68%,21,2,9.52%,13,61.90%,138,17,12.32%,44,31.88%,318,42,13.21%,98,30.82%,684,94,13.74%,236,34.50%
40,2025-08-25,A Tinkler,1646,192,11.66%,523,31.77%,24,5,20.83%,9,37.50%,232,27,11.64%,82,35.34%,400,47,11.75%,106,26.50%,990,113,11.41%,326,32.93%
41,2025-08-25,J W Farrelly,258,12,4.65%,26,10.08%,0,0,0%,0,0%,35,1,2.86%,3,8.57%,88,5,5.68%,9,10.23%,135,6,4.44%,14,10.37%
42,2025-08-25,A Glassonbury,734,65,8.86%,191,26.02%,3,0,0%,3,100.00%,53,2,3.77%,13,24.53%,288,45,15.63%,88,30.56%,390,18,4.62%,87,22.31%
43,2025-08-25,P J Brennan,5551,921,16.59%,2181,39.29%,52,8,15.38%,22,42.31%,554,88,15.88%,238,42.96%,2061,365,17.71%,776,37.65%,2884,460,15.95%,1145,39.70%
45,2025-08-25,J Reveley,1780,251,14.10%,614,34.49%,21,3,14.29%,8,38.10%,126,12,9.52%,45,35.71%,746,124,16.62%,263,35.25%,887,112,12.63%,298,33.60%
47,2025-08-25,T J Murphy,1736,173,9.97%,498,28.69%,570,46,8.07%,166,29.12%,557,48,8.62%,182,32.68%,216,40,18.52%,51,23.61%,393,39,9.92%,99,25.19%
48,2025-08-25,T J O'Brien,5577,709,12.71%,2066,37.05%,25,5,20.00%,9,36.00%,473,46,9.73%,170,35.94%,1982,285,14.38%,729,36.78%,3097,373,12.04%,1158,37.39%
49,2025-08-25,Shane Byrne,163,22,13.50%,38,23.31%,2,0,0%,0,0%,13,0,0%,5,38.46%,95,15,15.79%,21,22.11%,53,7,13.21%,12,22.64%
50,2025-08-25,C Bolger,432,23,5.32%,91,21.06%,11,2,18.18%,1,9.09%,30,3,10.00%,4,13.33%,106,6,5.66%,27,25.47%,285,12,4.21%,59,20.70%
51,2025-08-25,Nick Scholfield,5080,558,10.98%,1557,30.65%,27,1,3.70%,15,55.56%,430,40,9.30%,133,30.93%,1754,234,13.34%,564,32.16%,2869,283,9.86%,845,29.45%
52,2025-08-25,G Lee,9674,1018,10.52%,3376,34.90%,2537,255,10.05%,924,36.42%,6616,703,10.63%,2338,35.34%,235,32,13.62%,51,21.70%,286,28,9.79%,63,22.03%
53,2025-08-25,D F O'Regan,4224,407,9.64%,1352,32.01%,22,3,13.64%,7,31.82%,221,28,12.67%,88,39.82%,1355,144,10.63%,450,33.21%,2626,232,8.83%,807,30.73%
54,2025-08-25,K Renwick,1504,172,11.44%,489,32.51%,15,0,0%,5,33.33%,122,13,10.66%,49,40.16%,557,76,13.64%,190,34.11%,810,83,10.25%,245,30.25%
55,2025-08-25,W Hutchinson,1072,157,14.65%,339,31.62%,16,1,6.25%,7,43.75%,122,13,10.66%,33,27.05%,297,46,15.49%,94,31.65%,637,97,15.23%,205,32.18%
56,2025-08-25,Trevor Whelan,819,98,11.97%,296,36.14%,14,1,7.14%,5,35.71%,77,7,9.09%,24,31.17%,211,27,12.80%,86,40.76%,517,63,12.19%,181,35.01%
57,2025-08-25,Michael Murphy,74,3,4.05%,11,14.86%,1,0,0%,0,0%,10,0,0%,1,10.00%,22,3,13.64%,5,22.73%,41,0,0%,5,12.20%
58,2025-08-25,P Toole,0,0,0%,0,0%,0,0,0%,0,0%,0,0,0%,0,0%,0,0,0%,0,0%,0,0,0%,0,0%
59,2025-08-25,R Flint,628,39,6.21%,147,23.41%,1,0,0%,1,100.00%,53,2,3.77%,10,18.87%,183,12,6.56%,60,32.79%,391,25,6.39%,76,19.44%
60,2025-08-25,K Mercer,134,8,5.97%,21,15.67%,1,0,0%,0,0%,10,1,10.00%,3,30.00%,55,2,3.64%,5,9.09%,68,5,7.35%,13,19.12%
61,2025-08-25,G Hawkins,0,0,0%,0,0%,0,0,0%,0,0%,0,0,0%,0,0%,0,0,0%,0,0%,0,0,0%,0,0%
62,2025-08-25,D N Russell,4926,888,18.03%,2019,40.99%,1,0,0%,0,0%,42,5,11.90%,14,33.33%,1691,313,18.51%,697,41.22%,3192,570,17.86%,1308,40.98%
63,2025-08-25,A E Lynch,4204,352,8.37%,1327,31.57%,9,1,11.11%,2,22.22%,36,1,2.78%,9,25.00%,1468,149,10.15%,533,36.31%,2691,201,7.47%,783,29.10%
64,2025-08-25,S J Gray,553,10,1.81%,112,20.25%,0,0,0%,0,0%,4,0,0%,2,50.00%,108,4,3.70%,29,26.85%,441,6,1.36%,81,18.37%
65,2025-08-25,M Darcy,762,30,3.94%,137,17.98%,0,0,0%,0,0%,0,0,0%,0,0%,238,9,3.78%,46,19.33%,524,21,4.01%,91,17.37%
66,2025-08-25,B T O'Connell,2285,146,6.39%,540,23.63%,0,0,0%,0,0%,2,1,50.00%,0,0%,688,35,5.09%,167,24.27%,1595,110,6.90%,373,23.39%
67,2025-08-25,S W Jackson,200,4,2.00%,14,7.00%,0,0,0%,0,0%,0,0,0%,0,0%,56,3,5.36%,4,7.14%,144,1,0.69%,10,6.94%
68,2025-08-25,Andrew J McNamara,1709,150,8.78%,439,25.69%,0,0,0%,0,0%,3,0,0%,0,0%,518,49,9.46%,155,29.92%,1188,101,8.50%,284,23.91%
69,2025-08-25,S W Flanagan,5377,472,8.78%,1571,29.22%,1,1,100.00%,0,0%,15,1,6.67%,3,20.00%,1576,157,9.96%,506,32.11%,3785,313,8.27%,1062,28.06%
71,2025-08-25,R Loughran,1676,66,3.94%,397,23.69%,0,0,0%,0,0%,1,1,100.00%,0,0%,440,22,5.00%,114,25.91%,1235,43,3.48%,283,22.91%
72,2025-08-25,R Walsh,2736,792,28.95%,906,33.11%,7,1,14.29%,5,71.43%,53,6,11.32%,27,50.94%,892,251,28.14%,273,30.61%,1784,534,29.93%,601,33.69%
73,2025-08-25,A D Leigh,445,26,5.84%,93,20.90%,1,0,0%,0,0%,3,0,0%,0,0%,108,13,12.04%,25,23.15%,333,13,3.90%,68,20.42%
74,2025-08-25,P T Enright,6092,397,6.52%,1465,24.05%,0,0,0%,0,0%,10,2,20.00%,1,10.00%,1991,161,8.09%,586,29.43%,4091,234,5.72%,878,21.46%
75,2025-08-25,P D Kennedy,1347,71,5.27%,326,24.20%,0,0,0%,0,0%,5,0,0%,0,0%,271,16,5.90%,80,29.52%,1071,55,5.14%,246,22.97%
76,2025-08-25,R J Kiely,0,0,0%,0,0%,0,0,0%,0,0%,0,0,0%,0,0%,0,0,0%,0,0%,0,0,0%,0,0%
77,2025-08-25,J M Allen,37,0,0%,13,0%,1,0,0%,1,100.00%,7,0,0%,3,42.86%,8,0,0%,3,37.50%,21,0,0%,6,28.57%
78,2025-08-25,S J Hassett,337,10,2.97%,68,20.18%,14,0,0%,2,14.29%,24,0,0%,9,37.50%,116,1,0.86%,25,21.55%,183,9,4.92%,32,17.49%
79,2025-08-25,S G McDermott,745,27,3.62%,93,12.48%,0,0,0%,0,0%,0,0,0%,0,0%,143,7,4.90%,29,20.28%,602,20,3.32%,64,10.63%
80,2025-08-25,T P Treacy,286,14,4.90%,43,15.03%,0,0,0%,0,0%,0,0,0%,0,0%,53,2,3.77%,6,11.32%,233,12,5.15%,37,15.88%
81,2025-08-25,Mr B O Walsh,110,12,10.91%,39,35.45%,0,0,0%,0,0%,40,3,7.50%,7,17.50%,63,8,12.70%,30,47.62%,7,1,14.29%,2,28.57%
82,2025-08-25,B M Cash,1030,48,4.66%,180,17.48%,0,0,0%,0,0%,0,0,0%,0,0%,310,17,5.48%,57,18.39%,720,31,4.31%,123,17.08%
83,2025-08-25,P Townend,5390,1289,23.91%,1814,33.65%,5,2,40.00%,0,0%,84,9,10.71%,27,32.14%,1697,437,25.75%,525,30.94%,3604,841,23.34%,1262,35.02%
84,2025-08-25,M P Walsh,5142,750,14.59%,1694,32.94%,0,0,0%,0,0%,18,2,11.11%,6,33.33%,1809,267,14.76%,627,34.66%,3315,481,14.51%,1061,32.01%
85,2025-08-25,P A Gallagher,338,11,3.25%,63,18.64%,3,0,0%,0,0%,12,0,0%,2,16.67%,59,1,1.69%,12,20.34%,264,10,3.79%,49,18.56%
86,2025-08-25,S P Walsh,0,0,0%,0,0%,0,0,0%,0,0%,0,0,0%,0,0%,0,0,0%,0,0%,0,0,0%,0,0%
87,2025-08-25,D J Bates,1075,74,6.88%,290,26.98%,207,13,6.28%,77,37.20%,345,28,8.12%,118,34.20%,151,14,9.27%,38,25.17%,372,19,5.11%,57,15.32%
88,2025-08-25,L Keniry,935,74,7.91%,161,17.22%,534,43,8.05%,85,15.92%,400,30,7.50%,76,19.00%,1,1,100.00%,0,0%,0,0,0%,0,0%
89,2025-08-25,P Fitzsimons,0,0,0%,0,0%,0,0,0%,0,0%,0,0,0%,0,0%,0,0,0%,0,0%,0,0,0%,0,0%
90,2025-08-25,Hayley Turner,5368,573,10.67%,1694,31.56%,2744,299,10.90%,897,32.69%,2616,274,10.47%,792,30.28%,6,0,0%,3,50.00%,2,0,0%,2,100.00%
91,2025-08-25,Martin Dwyer,656,61,9.30%,118,17.99%,207,23,11.11%,41,19.81%,448,38,8.48%,77,17.19%,1,0,0%,0,0%,0,0,0%,0,0%
92,2025-08-25,D Sweeney,2631,220,8.36%,770,29.27%,1278,100,7.82%,364,28.48%,1345,117,8.70%,404,30.04%,4,2,50.00%,0,0%,4,1,25.00%,2,50.00%
93,2025-08-25,Matthew Davies,376,50,13.30%,92,24.47%,104,18,17.31%,19,18.27%,271,32,11.81%,72,26.57%,1,0,0%,1,100.00%,0,0,0%,0,0%
94,2025-08-25,P Doe,70,10,14.29%,8,11.43%,33,8,24.24%,3,9.09%,37,2,5.41%,5,13.51%,0,0,0%,0,0%,0,0,0%,0,0%
95,2025-08-25,Steven Craine,287,20,6.97%,32,11.15%,143,10,6.99%,16,11.19%,144,10,6.94%,16,11.11%,0,0,0%,0,0%,0,0,0%,0,0%
96,2025-08-25,J Mackay,305,17,5.57%,55,18.03%,182,14,7.69%,36,19.78%,123,3,2.44%,19,15.45%,0,0,0%,0,0%,0,0,0%,0,0%
97,2025-08-25,Sophie Doyle,245,10,4.08%,34,13.88%,110,5,4.55%,20,18.18%,135,5,3.70%,14,10.37%,0,0,0%,0,0%,0,0,0%,0,0%
98,2025-08-25,R Lucey-Butler,365,22,6.03%,48,13.15%,221,11,4.98%,32,14.48%,143,11,7.69%,15,10.49%,0,0,0%,0,0%,1,0,0%,1,100.00%
99,2025-08-25,Caroline Kelly,17,0,0%,2,0%,10,0,0%,1,10.00%,7,0,0%,1,14.29%,0,0,0%,0,0%,0,0,0%,0,0%
100,2025-08-25,Amy Scott,326,31,9.51%,95,29.14%,139,15,10.79%,41,29.50%,187,16,8.56%,54,28.88%,0,0,0%,0,0%,0,0,0%,0,0%
101,2025-08-25,Jim Crowley,9663,1604,16.60%,3310,34.25%,3622,664,18.33%,1292,35.67%,6023,936,15.54%,2014,33.44%,16,4,25.00%,4,25.00%,2,0,0%,0,0%
102,2025-08-25,S Drowne,350,34,9.71%,52,14.86%,145,13,8.97%,17,11.72%,204,21,10.29%,35,17.16%,1,0,0%,0,0%,0,0,0%,0,0%
103,2025-08-25,J M O'Dwyer,0,0,0%,0,0%,0,0,0%,0,0%,0,0,0%,0,0%,0,0,0%,0,0%,0,0,0%,0,0%
104,2025-08-25,I Mongan,1191,135,11.34%,315,26.45%,630,62,9.84%,170,26.98%,558,73,13.08%,143,25.63%,2,0,0%,1,50.00%,1,0,0%,1,100.00%
107,2025-08-25,A Kirby,9755,1506,15.44%,3695,37.88%,5398,933,17.28%,2114,39.16%,4343,571,13.15%,1575,36.27%,12,2,16.67%,4,33.33%,2,0,0%,2,100.00%
108,2025-08-25,S Hitchcott,2179,120,5.51%,626,28.73%,615,27,4.39%,155,25.20%,1563,93,5.95%,471,30.13%,1,0,0%,0,0%,0,0,0%,0,0%
109,2025-08-25,Mr C Martin,45,3,6.67%,12,26.67%,19,3,15.79%,3,15.79%,26,0,0%,9,34.62%,0,0,0%,0,0%,0,0,0%,0,0%
110,2025-08-25,Mr Tom David,82,9,10.98%,17,20.73%,1,0,0%,0,0%,6,0,0%,1,16.67%,52,8,15.38%,13,25.00%,23,1,4.35%,3,13.04%
112,2025-08-25,Miss R Jefferson,4,0,0%,1,0%,1,0,0%,0,0%,2,0,0%,1,50.00%,0,0,0%,0,0%,1,0,0%,0,0%
113,2025-08-25,Mr S Dobson,14,3,21.43%,2,14.29%,11,3,27.27%,2,18.18%,3,0,0%,0,0%,0,0,0%,0,0%,0,0,0%,0,0%
114,2025-08-25,Mr M Marris,3,0,0%,0,0%,0,0,0%,0,0%,0,0,0%,0,0%,0,0,0%,0,0%,3,0,0%,0,0%
115,2025-08-25,Mr A T Brook,0,0,0%,0,0%,0,0,0%,0,0%,0,0,0%,0,0%,0,0,0%,0,0%,0,0,0%,0,0%
116,2025-08-25,Mr J Sherwood,52,3,5.77%,15,28.85%,3,0,0%,1,33.33%,11,2,18.18%,3,27.27%,16,0,0%,4,25.00%,22,1,4.55%,7,31.82%
117,2025-08-25,Miss C Scott,16,1,6.25%,4,25.00%,9,0,0%,3,33.33%,7,1,14.29%,1,14.29%,0,0,0%,0,0%,0,0,0%,0,0%
118,2025-08-25,Mr John Willey,47,1,2.13%,8,17.02%,5,0,0%,3,60.00%,28,1,3.57%,5,17.86%,0,0,0%,0,0%,14,0,0%,0,0%
119,2025-08-25,Mr J Banks,25,2,8.00%,2,8.00%,2,1,50.00%,0,0%,7,0,0%,1,14.29%,5,0,0%,1,20.00%,11,1,9.09%,0,0%
120,2025-08-25,S W Kelly,7453,697,9.35%,2607,34.98%,4282,426,9.95%,1538,35.92%,3160,270,8.54%,1064,33.67%,7,1,14.29%,1,14.29%,4,0,0%,4,100.00%
121,2025-08-25,N Mackay,1927,210,10.90%,646,33.52%,985,123,12.49%,340,34.52%,940,87,9.26%,304,32.34%,2,0,0%,2,100.00%,0,0,0%,0,0%
122,2025-08-25,D Nolan,4440,477,10.74%,1524,34.32%,1157,138,11.93%,383,33.10%,3283,339,10.33%,1141,34.75%,0,0,0%,0,0%,0,0,0%,0,0%
123,2025-08-25,D Kenny,0,0,0%,0,0%,0,0,0%,0,0%,0,0,0%,0,0%,0,0,0%,0,0%,0,0,0%,0,0%
124,2025-08-25,T Hamilton,6383,638,10.00%,2313,36.24%,1916,209,10.91%,697,36.38%,4462,429,9.61%,1614,36.17%,4,0,0%,2,50.00%,1,0,0%,0,0%
125,2025-08-25,J-P Guillambert,762,67,8.79%,184,24.15%,355,32,9.01%,95,26.76%,407,35,8.60%,89,21.87%,0,0,0%,0,0%,0,0,0%,0,0%
126,2025-08-25,L Vickers,2,0,0%,0,0%,1,0,0%,0,0%,1,0,0%,0,0%,0,0,0%,0,0%,0,0,0%,0,0%
127,2025-08-25,R Kingscote,9388,1310,13.95%,3545,37.76%,4083,626,15.33%,1602,39.24%,5297,681,12.86%,1940,36.62%,7,3,42.86%,3,42.86%,1,0,0%,0,0%
128,2025-08-25,Saleem Golam,596,38,6.38%,162,27.18%,278,23,8.27%,94,33.81%,317,15,4.73%,68,21.45%,0,0,0%,0,0%,1,0,0%,0,0%
129,2025-08-25,A Quinn,292,22,7.53%,86,29.45%,234,17,7.26%,67,28.63%,58,5,8.62%,19,32.76%,0,0,0%,0,0%,0,0,0%,0,0%
130,2025-08-25,Dane O'Neill,5032,659,13.10%,1867,37.10%,1397,169,12.10%,479,34.29%,3625,489,13.49%,1386,38.23%,9,1,11.11%,2,22.22%,1,0,0%,0,0%
131,2025-08-25,Amy Baker,70,4,5.71%,10,14.29%,34,3,8.82%,6,17.65%,35,1,2.86%,3,8.57%,1,0,0%,1,100.00%,0,0,0%,0,0%
132,2025-08-25,K Ghunowa,0,0,0%,0,0%,0,0,0%,0,0%,0,0,0%,0,0%,0,0,0%,0,0%,0,0,0%,0,0%
133,2025-08-25,M Stainton,519,30,5.78%,121,23.31%,217,17,7.83%,40,18.43%,300,13,4.33%,80,26.67%,2,0,0%,1,50.00%,0,0,0%,0,0%
134,2025-08-25,A Munro,9,1,11.11%,1,11.11%,0,0,0%,0,0%,9,1,11.11%,1,11.11%,0,0,0%,0,0%,0,0,0%,0,0%
135,2025-08-25,J Millman,494,39,7.89%,117,23.68%,175,17,9.71%,37,21.14%,319,22,6.90%,80,25.08%,0,0,0%,0,0%,0,0,0%,0,0%
136,2025-08-25,Greg Fairley,177,21,11.86%,22,12.43%,68,16,23.53%,9,13.24%,109,5,4.59%,13,11.93%,0,0,0%,0,0%,0,0,0%,0,0%
137,2025-08-25,Miss Rachel King,62,6,9.68%,20,32.26%,5,1,20.00%,1,20.00%,34,3,8.82%,11,32.35%,14,0,0%,4,28.57%,9,2,22.22%,4,44.44%
138,2025-08-25,Liam Jones,2774,237,8.54%,837,30.17%,1334,105,7.87%,412,30.88%,1438,132,9.18%,423,29.42%,2,0,0%,2,100.00%,0,0,0%,0,0%
139,2025-08-25,M Coumbe,682,46,6.74%,207,30.35%,451,31,6.87%,142,31.49%,229,15,6.55%,65,28.38%,2,0,0%,0,0%,0,0,0%,0,0%
140,2025-08-25,Marzena Jeziorek,0,0,0%,0,0%,0,0,0%,0,0%,0,0,0%,0,0%,0,0,0%,0,0%,0,0,0%,0,0%
141,2025-08-25,R J Jones,677,44,6.50%,151,22.30%,0,0,0%,0,0%,3,0,0%,1,33.33%,187,10,5.35%,45,24.06%,487,34,6.98%,105,21.56%
142,2025-08-25,D G Hogan,1590,112,7.04%,431,27.11%,20,2,10.00%,4,20.00%,45,2,4.44%,10,22.22%,298,25,8.39%,75,25.17%,1227,83,6.76%,342,27.87%
143,2025-08-25,R M Power,3324,454,13.66%,1142,34.36%,0,0,0%,0,0%,31,3,9.68%,11,35.48%,1145,177,15.46%,417,36.42%,2148,274,12.76%,714,33.24%
144,2025-08-25,C D Maxwell,2674,94,3.52%,500,18.70%,309,11,3.56%,43,13.92%,526,8,1.52%,78,14.83%,499,22,4.41%,137,27.45%,1340,53,3.96%,242,18.06%
145,2025-08-25,J L Cullen,1094,40,3.66%,258,23.58%,0,0,0%,0,0%,0,0,0%,0,0%,345,14,4.06%,90,26.09%,749,26,3.47%,168,22.43%
146,2025-08-25,A P Cawley,1017,83,8.16%,311,30.58%,10,0,0%,3,30.00%,98,11,11.22%,33,33.67%,353,36,10.20%,108,30.59%,556,36,6.47%,167,30.04%
148,2025-08-25,A P Thornton,804,32,3.98%,163,20.27%,160,7,4.38%,29,18.13%,220,9,4.09%,59,26.82%,101,5,4.95%,19,18.81%,323,11,3.41%,56,17.34%
149,2025-08-25,N P Madden,1946,125,6.42%,361,18.55%,28,3,10.71%,9,32.14%,58,3,5.17%,13,22.41%,676,41,6.07%,112,16.57%,1184,78,6.59%,227,19.17%
150,2025-08-25,I J Power,482,21,4.36%,119,24.69%,0,0,0%,0,0%,0,0,0%,0,0%,99,5,5.05%,32,32.32%,383,16,4.18%,87,22.72%
151,2025-08-25,I J McCarthy,1421,48,3.38%,233,16.40%,2,0,0%,1,50.00%,14,1,7.14%,3,21.43%,277,12,4.33%,56,20.22%,1128,35,3.10%,173,15.34%
152,2025-08-25,B C Byrnes,24,1,4.17%,2,8.33%,0,0,0%,0,0%,0,0,0%,0,0%,6,0,0%,2,33.33%,18,1,5.56%,0,0%
153,2025-08-25,K Whelan,142,3,2.11%,7,4.93%,0,0,0%,0,0%,0,0,0%,0,0%,53,1,1.89%,4,7.55%,89,2,2.25%,3,3.37%
154,2025-08-25,W J Lee,7284,853,11.71%,2452,33.66%,1343,155,11.54%,489,36.41%,5927,697,11.76%,1961,33.09%,2,1,50.00%,0,0%,12,0,0%,2,16.67%
155,2025-08-25,Mr T J O'Callaghan,0,0,0%,0,0%,0,0,0%,0,0%,0,0,0%,0,0%,0,0,0%,0,0%,0,0,0%,0,0%
156,2025-08-25,Mr P T Foley,174,6,3.45%,58,33.33%,0,0,0%,0,0%,120,3,2.50%,43,35.83%,1,0,0%,0,0%,53,3,5.66%,15,28.30%
157,2025-08-25,Mr J T Carroll,408,19,4.66%,134,32.84%,1,0,0%,0,0%,311,15,4.82%,110,35.37%,61,4,6.56%,17,27.87%,35,0,0%,7,20.00%
158,2025-08-25,Mr P W Mullins,2381,732,30.74%,964,40.49%,11,2,18.18%,4,36.36%,1775,590,33.24%,766,43.15%,258,48,18.60%,77,29.84%,337,92,27.30%,117,34.72%
159,2025-08-25,Mr M J Doran,21,1,4.76%,1,4.76%,0,0,0%,0,0%,16,0,0%,1,6.25%,0,0,0%,0,0%,5,1,20.00%,0,0%
160,2025-08-25,Mr R P McNamara,292,56,19.18%,82,28.08%,0,0,0%,0,0%,233,39,16.74%,66,28.33%,30,6,20.00%,8,26.67%,29,11,37.93%,8,27.59%
161,2025-08-25,Mr D Wisniewski,5,0,0%,0,0%,0,0,0%,0,0%,5,0,0%,0,0%,0,0,0%,0,0%,0,0,0%,0,0%
162,2025-08-25,Mr D Halley,0,0,0%,0,0%,0,0,0%,0,0%,0,0,0%,0,0%,0,0,0%,0,0%,0,0,0%,0,0%
163,2025-08-25,Mr J A Ryan,15,1,6.67%,3,20.00%,0,0,0%,0,0%,11,1,9.09%,3,27.27%,2,0,0%,0,0%,2,0,0%,0,0%
165,2025-08-25,Mr A T Duff,98,5,5.10%,9,9.18%,0,0,0%,0,0%,75,5,6.67%,8,10.67%,15,0,0%,1,6.67%,8,0,0%,0,0%
166,2025-08-25,Mr N M Kelly,221,7,3.17%,49,22.17%,1,0,0%,0,0%,178,6,3.37%,44,24.72%,19,1,5.26%,4,21.05%,23,0,0%,1,4.35%
167,2025-08-25,Mr R P Quinlan,332,22,6.63%,76,22.89%,1,0,0%,0,0%,226,12,5.31%,52,23.01%,77,8,10.39%,19,24.68%,28,2,7.14%,5,17.86%
168,2025-08-25,L Treadwell,1677,177,10.55%,526,31.37%,16,1,6.25%,3,18.75%,125,12,9.60%,41,32.80%,770,112,14.55%,241,31.30%,766,52,6.79%,241,31.46%
169,2025-08-25,J M Davies,2355,156,6.62%,644,27.35%,15,0,0%,5,33.33%,206,9,4.37%,48,23.30%,563,51,9.06%,168,29.84%,1571,96,6.11%,423,26.93%
170,2025-08-25,Aidan Coleman,6433,1047,16.28%,2440,37.93%,50,5,10.00%,30,60.00%,549,97,17.67%,234,42.62%,2307,387,16.78%,810,35.11%,3527,558,15.82%,1366,38.73%
171,2025-08-25,W P Kavanagh,371,11,2.96%,77,20.75%,9,0,0%,1,11.11%,35,0,0%,9,25.71%,81,3,3.70%,16,19.75%,246,8,3.25%,51,20.73%
172,2025-08-25,Matthew Batchelor,435,18,4.14%,73,16.78%,13,0,0%,0,0%,40,1,2.50%,5,12.50%,90,6,6.67%,16,17.78%,292,11,3.77%,52,17.81%
173,2025-08-25,L Aspell,921,107,11.62%,285,30.94%,23,2,8.70%,4,17.39%,96,10,10.42%,32,33.33%,258,31,12.02%,73,28.29%,544,64,11.76%,176,32.35%
175,2025-08-25,A Merriam,363,33,9.09%,87,23.97%,10,2,20.00%,1,10.00%,38,3,7.89%,10,26.32%,121,20,16.53%,28,23.14%,194,8,4.12%,48,24.74%
176,2025-08-25,E Dehdashti,30,2,6.67%,4,13.33%,0,0,0%,0,0%,0,0,0%,0,0%,12,1,8.33%,1,8.33%,18,1,5.56%,3,16.67%
177,2025-08-25,Jimmy Derham,184,26,14.13%,36,19.57%,0,0,0%,0,0%,19,4,21.05%,4,21.05%,78,11,14.10%,20,25.64%,87,11,12.64%,12,13.79%
178,2025-08-25,N Fehily,1050,185,17.62%,347,33.05%,30,5,16.67%,14,46.67%,107,20,18.69%,43,40.19%,364,73,20.05%,111,30.49%,549,87,15.85%,179,32.60%
179,2025-08-25,D A Jacob,4656,769,16.52%,1666,35.78%,39,5,12.82%,22,56.41%,401,44,10.97%,158,39.40%,1641,326,19.87%,531,32.36%,2575,394,15.30%,955,37.09%
180,2025-08-25,Mr P J Tolman,21,1,4.76%,4,19.05%,0,0,0%,0,0%,0,0,0%,0,0%,18,1,5.56%,4,22.22%,3,0,0%,0,0%
181,2025-08-25,J Tizzard,671,77,11.48%,187,27.87%,2,0,0%,0,0%,80,6,7.50%,24,30.00%,327,47,14.37%,92,28.13%,262,24,9.16%,71,27.10%
182,2025-08-25,Joshua Moore,2092,256,12.24%,725,34.66%,48,3,6.25%,27,56.25%,152,13,8.55%,47,30.92%,631,93,14.74%,197,31.22%,1261,147,11.66%,454,36.00%
183,2025-08-25,T Molloy,170,11,6.47%,40,23.53%,4,1,25.00%,1,25.00%,21,1,4.76%,3,14.29%,34,2,5.88%,10,29.41%,111,7,6.31%,26,23.42%
184,2025-08-25,Ryan Mahon,452,42,9.29%,141,31.19%,9,1,11.11%,2,22.22%,48,3,6.25%,21,43.75%,161,21,13.04%,44,27.33%,234,17,7.26%,74,31.62%
185,2025-08-25,J Goldstein,246,9,3.66%,47,19.11%,167,6,3.59%,25,14.97%,69,3,4.35%,20,28.99%,1,0,0%,0,0%,9,0,0%,2,22.22%
186,2025-08-25,Miss Zoe Lilly,31,1,3.23%,4,12.90%,5,0,0%,1,20.00%,19,1,5.26%,3,15.79%,0,0,0%,0,0%,7,0,0%,0,0%
187,2025-08-25,Charlie Studd,71,2,2.82%,5,7.04%,1,0,0%,0,0%,8,0,0%,0,0%,17,1,5.88%,1,5.88%,45,1,2.22%,4,8.89%
188,2025-08-25,M D Grant,1065,61,5.73%,348,32.68%,8,0,0%,1,12.50%,112,2,1.79%,38,33.93%,348,35,10.06%,124,35.63%,597,24,4.02%,185,30.99%
189,2025-08-25,Harry Skelton,6374,1289,20.22%,2398,37.62%,38,10,26.32%,12,31.58%,533,85,15.95%,230,43.15%,2055,427,20.78%,696,33.87%,3748,767,20.46%,1460,38.95%
190,2025-08-25,Paul Moloney,2890,361,12.49%,917,31.73%,8,0,0%,4,50.00%,191,26,13.61%,56,29.32%,1069,147,13.75%,343,32.09%,1622,188,11.59%,514,31.69%
191,2025-08-25,A Thornton,1947,164,8.42%,568,29.17%,20,2,10.00%,7,35.00%,140,5,3.57%,37,26.43%,862,109,12.65%,274,31.79%,925,48,5.19%,250,27.03%
192,2025-08-25,P Hills,159,16,10.06%,53,33.33%,48,5,10.42%,10,20.83%,111,11,9.91%,43,38.74%,0,0,0%,0,0%,0,0,0%,0,0%
193,2025-08-25,R Havlin,7377,1012,13.72%,2767,37.51%,4058,589,14.51%,1548,38.15%,3304,421,12.74%,1214,36.74%,14,2,14.29%,5,35.71%,1,0,0%,0,0%
194,2025-08-25,E Ahern,1138,119,10.46%,309,27.15%,508,58,11.42%,163,32.09%,627,61,9.73%,146,23.29%,2,0,0%,0,0%,1,0,0%,0,0%
195,2025-08-25,Kieren Fox,1699,151,8.89%,486,28.61%,1055,100,9.48%,327,31.00%,642,51,7.94%,158,24.61%,2,0,0%,1,50.00%,0,0,0%,0,0%
196,2025-08-25,Ashley Morgan,326,27,8.28%,87,26.69%,136,9,6.62%,44,32.35%,189,18,9.52%,43,22.75%,0,0,0%,0,0%,1,0,0%,0,0%
197,2025-08-25,J Jones,13,0,0%,5,0%,5,0,0%,2,40.00%,8,0,0%,3,37.50%,0,0,0%,0,0%,0,0,0%,0,0%
198,2025-08-25,J Cavanagh,12,0,0%,0,0%,3,0,0%,0,0%,8,0,0%,0,0%,0,0,0%,0,0%,1,0,0%,0,0%
199,2025-08-25,Richard Evans,98,4,4.08%,30,30.61%,31,2,6.45%,9,29.03%,51,2,3.92%,14,27.45%,0,0,0%,0,0%,16,0,0%,7,43.75%
200,2025-08-25,James P Sullivan,1370,99,7.23%,275,20.07%,486,38,7.82%,102,20.99%,879,61,6.94%,171,19.45%,2,0,0%,0,0%,3,0,0%,2,66.67%
201,2025-08-25,Lee Newnes,86,4,4.65%,14,16.28%,59,2,3.39%,9,15.25%,26,2,7.69%,5,19.23%,1,0,0%,0,0%,0,0,0%,0,0%
202,2025-08-25,R J Rowe,16,1,6.25%,1,6.25%,16,1,6.25%,1,6.25%,0,0,0%,0,0%,0,0,0%,0,0%,0,0,0%,0,0%
203,2025-08-25,P Pickard,654,47,7.19%,157,24.01%,212,11,5.19%,58,27.36%,441,36,8.16%,99,22.45%,0,0,0%,0,0%,1,0,0%,0,0%
204,2025-08-25,Gillian Dawson,0,0,0%,0,0%,0,0,0%,0,0%,0,0,0%,0,0%,0,0,0%,0,0%,0,0,0%,0,0%
205,2025-08-25,N Farley,0,0,0%,0,0%,0,0,0%,0,0%,0,0,0%,0,0%,0,0,0%,0,0%,0,0,0%,0,0%
206,2025-08-25,Andrea Atzeni,6790,1078,15.88%,2665,39.25%,1926,340,17.65%,761,39.51%,4850,738,15.22%,1896,39.09%,13,0,0%,8,61.54%,1,0,0%,0,0%
207,2025-08-25,N Alison,1,0,0%,0,0%,1,0,0%,0,0%,0,0,0%,0,0%,0,0,0%,0,0%,0,0,0%,0,0%
208,2025-08-25,J P Spencer,6568,950,14.46%,2441,37.17%,1980,350,17.68%,783,39.55%,4578,599,13.08%,1652,36.09%,9,1,11.11%,5,55.56%,1,0,0%,1,100.00%
209,2025-08-25,J De Souza,0,0,0%,0,0%,0,0,0%,0,0%,0,0,0%,0,0%,0,0,0%,0,0%,0,0,0%,0,0%
210,2025-08-25,S Whitworth,0,0,0%,0,0%,0,0,0%,0,0%,0,0,0%,0,0%,0,0,0%,0,0%,0,0,0%,0,0%
211,2025-08-25,Matthew Cosham,448,44,9.82%,84,18.75%,240,27,11.25%,38,15.83%,207,16,7.73%,46,22.22%,0,0,0%,0,0%,1,1,100.00%,0,0%
212,2025-08-25,J Bruning,1,0,0%,0,0%,0,0,0%,0,0%,1,0,0%,0,0%,0,0,0%,0,0%,0,0,0%,0,0%
213,2025-08-25,R Powell,0,0,0%,0,0%,0,0,0%,0,0%,0,0,0%,0,0%,0,0,0%,0,0%,0,0,0%,0,0%
214,2025-08-25,Sonia Eaton,1,0,0%,0,0%,1,0,0%,0,0%,0,0,0%,0,0%,0,0,0%,0,0%,0,0,0%,0,0%
215,2025-08-25,George Downing,2616,192,7.34%,765,29.24%,1316,102,7.75%,386,29.33%,1299,89,6.85%,379,29.18%,1,1,100.00%,0,0%,0,0,0%,0,0%
217,2025-08-25,Ryan Clark,322,44,13.66%,54,16.77%,205,24,11.71%,41,20.00%,115,20,17.39%,13,11.30%,2,0,0%,0,0%,0,0,0%,0,0%
218,2025-08-25,Jake Payne,280,15,5.36%,45,16.07%,140,5,3.57%,24,17.14%,139,10,7.19%,21,15.11%,0,0,0%,0,0%,1,0,0%,0,0%
219,2025-08-25,R Hughes,3671,687,18.71%,1341,36.53%,750,144,19.20%,282,37.60%,2921,543,18.59%,1059,36.25%,0,0,0%,0,0%,0,0,0%,0,0%
220,2025-08-25,M Hills,429,61,14.22%,96,22.38%,53,13,24.53%,8,15.09%,376,48,12.77%,88,23.40%,0,0,0%,0,0%,0,0,0%,0,0%
221,2025-08-25,J Mitchell,3668,569,15.51%,1282,34.95%,2161,356,16.47%,768,35.54%,1505,213,14.15%,513,34.09%,2,0,0%,1,50.00%,0,0,0%,0,0%
222,2025-08-25,T P Queally,6356,656,10.32%,1869,29.41%,2432,245,10.07%,777,31.95%,3910,408,10.43%,1090,27.88%,3,0,0%,1,33.33%,11,3,27.27%,1,9.09%
223,2025-08-25,Jack Mitchell,2252,317,14.08%,853,37.88%,1152,181,15.71%,470,40.80%,1099,136,12.37%,383,34.85%,1,0,0%,0,0%,0,0,0%,0,0%
224,2025-08-25,D Brock,0,0,0%,0,0%,0,0,0%,0,0%,0,0,0%,0,0%,0,0,0%,0,0%,0,0,0%,0,0%
225,2025-08-25,W D'avila,0,0,0%,0,0%,0,0,0%,0,0%,0,0,0%,0,0%,0,0,0%,0,0%,0,0,0%,0,0%
226,2025-08-25,A Ryan,0,0,0%,0,0%,0,0,0%,0,0%,0,0,0%,0,0%,0,0,0%,0,0%,0,0,0%,0,0%
227,2025-08-25,Laura Pike,192,11,5.73%,63,32.81%,85,7,8.24%,28,32.94%,107,4,3.74%,35,32.71%,0,0,0%,0,0%,0,0,0%,0,0%
228,2025-08-25,Matthew Lawson,442,31,7.01%,124,28.05%,125,5,4.00%,33,26.40%,317,26,8.20%,91,28.71%,0,0,0%,0,0%,0,0,0%,0,0%
229,2025-08-25,Nora Looby,178,8,4.49%,30,16.85%,114,5,4.39%,18,15.79%,64,3,4.69%,12,18.75%,0,0,0%,0,0%,0,0,0%,0,0%
230,2025-08-25,Kevin Lundie,530,30,5.66%,172,32.45%,309,19,6.15%,100,32.36%,221,11,4.98%,72,32.58%,0,0,0%,0,0%,0,0,0%,0,0%
231,2025-08-25,D Heslop,52,4,7.69%,12,23.08%,27,2,7.41%,6,22.22%,25,2,8.00%,6,24.00%,0,0,0%,0,0%,0,0,0%,0,0%
232,2025-08-25,A Elliott,1469,106,7.22%,351,23.89%,298,14,4.70%,74,24.83%,1171,92,7.86%,277,23.65%,0,0,0%,0,0%,0,0,0%,0,0%
233,2025-08-25,F Norton,7261,913,12.57%,2726,37.54%,2660,321,12.07%,992,37.29%,4594,591,12.86%,1732,37.70%,7,1,14.29%,2,28.57%,0,0,0%,0,0%
234,2025-08-25,A Carter,325,33,10.15%,84,25.85%,141,18,12.77%,36,25.53%,184,15,8.15%,48,26.09%,0,0,0%,0,0%,0,0,0%,0,0%
235,2025-08-25,Jonathan Hinch,0,0,0%,0,0%,0,0,0%,0,0%,0,0,0%,0,0%,0,0,0%,0,0%,0,0,0%,0,0%
236,2025-08-25,Kylie Manser,15,0,0%,2,0%,14,0,0%,2,14.29%,1,0,0%,0,0%,0,0,0%,0,0%,0,0,0%,0,0%
237,2025-08-25,R Smith,6,0,0%,1,0%,3,0,0%,0,0%,3,0,0%,1,33.33%,0,0,0%,0,0%,0,0,0%,0,0%
238,2025-08-25,J Cumine,0,0,0%,0,0%,0,0,0%,0,0%,0,0,0%,0,0%,0,0,0%,0,0%,0,0,0%,0,0%
239,2025-08-25,Harry Bentley,3853,513,13.31%,1422,36.91%,958,133,13.88%,344,35.91%,2893,380,13.14%,1078,37.26%,2,0,0%,0,0%,0,0,0%,0,0%
240,2025-08-25,Sean Palmer,10,0,0%,1,0%,8,0,0%,0,0%,2,0,0%,1,50.00%,0,0,0%,0,0%,0,0,0%,0,0%
241,2025-08-25,A Pogson,603,41,6.80%,218,36.15%,0,0,0%,0,0%,31,1,3.23%,12,38.71%,235,23,9.79%,102,43.40%,337,17,5.04%,104,30.86%
242,2025-08-25,Harry Haynes,636,43,6.76%,156,24.53%,7,1,14.29%,1,14.29%,64,1,1.56%,15,23.44%,206,25,12.14%,52,25.24%,359,16,4.46%,88,24.51%
243,2025-08-25,Mr A Wedge,0,0,0%,0,0%,0,0,0%,0,0%,0,0,0%,0,0%,0,0,0%,0,0%,0,0,0%,0,0%
244,2025-08-25,M O'Connell,978,98,10.02%,278,28.43%,271,25,9.23%,73,26.94%,707,73,10.33%,205,29.00%,0,0,0%,0,0%,0,0,0%,0,0%
245,2025-08-25,T Scudamore,6678,977,14.63%,2478,37.11%,30,5,16.67%,9,30.00%,521,90,17.27%,209,40.12%,2402,382,15.90%,815,33.93%,3725,500,13.42%,1445,38.79%
246,2025-08-25,R Walford,114,13,11.40%,20,17.54%,3,0,0%,0,0%,6,0,0%,1,16.67%,29,3,10.34%,5,17.24%,76,10,13.16%,14,18.42%
247,2025-08-25,A Voy,0,0,0%,0,0%,0,0,0%,0,0%,0,0,0%,0,0%,0,0,0%,0,0%,0,0,0%,0,0%
248,2025-08-25,Mr O Greenall,40,4,10.00%,12,30.00%,3,0,0%,1,33.33%,4,1,25.00%,0,0%,28,3,10.71%,11,39.29%,5,0,0%,0,0%
249,2025-08-25,B Wharfe,0,0,0%,0,0%,0,0,0%,0,0%,0,0,0%,0,0%,0,0,0%,0,0%,0,0,0%,0,0%
250,2025-08-25,B Toomey,113,7,6.19%,34,30.09%,1,0,0%,0,0%,24,1,4.17%,11,45.83%,21,3,14.29%,7,33.33%,67,3,4.48%,16,23.88%
252,2025-08-25,Jake Greenall,1262,126,9.98%,409,32.41%,6,1,16.67%,3,50.00%,134,7,5.22%,46,34.33%,444,51,11.49%,159,35.81%,678,67,9.88%,201,29.65%
253,2025-08-25,M Bradburne,143,5,3.50%,24,16.78%,1,0,0%,0,0%,12,0,0%,3,25.00%,31,2,6.45%,7,22.58%,99,3,3.03%,14,14.14%
254,2025-08-25,D C Costello,6444,540,8.38%,2003,31.08%,2270,187,8.24%,685,30.18%,2465,171,6.94%,740,30.02%,594,63,10.61%,217,36.53%,1115,119,10.67%,361,32.38%
255,2025-08-25,S Thomas,710,58,8.17%,124,17.46%,7,0,0%,2,28.57%,68,8,11.76%,15,22.06%,240,26,10.83%,46,19.17%,395,24,6.08%,61,15.44%
256,2025-08-25,E Whillans,412,34,8.25%,113,27.43%,6,1,16.67%,3,50.00%,38,1,2.63%,8,21.05%,91,13,14.29%,24,26.37%,277,19,6.86%,78,28.16%
257,2025-08-25,L P Keniry,6904,534,7.73%,2216,32.10%,3925,297,7.57%,1325,33.76%,2964,236,7.96%,888,29.96%,15,1,6.67%,3,20.00%,0,0,0%,0,0%
258,2025-08-25,Ryan D Clark,48,6,12.50%,11,22.92%,14,2,14.29%,3,21.43%,18,2,11.11%,3,16.67%,0,0,0%,0,0%,16,2,12.50%,5,31.25%
259,2025-08-25,V Slattery,6,0,0%,0,0%,6,0,0%,0,0%,0,0,0%,0,0%,0,0,0%,0,0%,0,0,0%,0,0%
260,2025-08-25,L Topliss,0,0,0%,0,0%,0,0,0%,0,0%,0,0,0%,0,0%,0,0,0%,0,0%,0,0,0%,0,0%
261,2025-08-25,P Hanagan,7752,1099,14.18%,2746,35.42%,1481,230,15.53%,519,35.04%,6263,869,13.88%,2225,35.53%,7,0,0%,2,28.57%,1,0,0%,0,0%
262,2025-08-25,P Aspell,1546,66,4.27%,379,24.51%,590,33,5.59%,172,29.15%,740,27,3.65%,174,23.51%,65,3,4.62%,12,18.46%,151,3,1.99%,21,13.91%
263,2025-08-25,T Ayres,0,0,0%,0,0%,0,0,0%,0,0%,0,0,0%,0,0%,0,0,0%,0,0%,0,0,0%,0,0%
264,2025-08-25,Charlotte Kerton,0,0,0%,0,0%,0,0,0%,0,0%,0,0,0%,0,0%,0,0,0%,0,0%,0,0,0%,0,0%
265,2025-08-25,Tanya Redden,1,0,0%,0,0%,1,0,0%,0,0%,0,0,0%,0,0%,0,0,0%,0,0%,0,0,0%,0,0%
266,2025-08-25,Stephen Craine,500,35,7.00%,145,29.00%,301,25,8.31%,81,26.91%,195,10,5.13%,62,31.79%,0,0,0%,0,0%,4,0,0%,2,50.00%
267,2025-08-25,Holly Hall,1,0,0%,0,0%,1,0,0%,0,0%,0,0,0%,0,0%,0,0,0%,0,0%,0,0,0%,0,0%
268,2025-08-25,Graham Gibbons,1921,247,12.86%,720,37.48%,736,118,16.03%,297,40.35%,1181,129,10.92%,422,35.73%,2,0,0%,1,50.00%,2,0,0%,0,0%
270,2025-08-25,Adam Beschizza,2210,178,8.05%,714,32.31%,1143,98,8.57%,392,34.30%,1066,80,7.50%,322,30.21%,0,0,0%,0,0%,1,0,0%,0,0%
271,2025-08-25,M J Quinlan,860,77,8.95%,234,27.21%,5,0,0%,0,0%,52,3,5.77%,8,15.38%,273,36,13.19%,78,28.57%,530,38,7.17%,148,27.92%
272,2025-08-25,Joseph Akehurst,70,4,5.71%,27,38.57%,1,0,0%,0,0%,5,0,0%,2,40.00%,7,1,14.29%,1,14.29%,57,3,5.26%,24,42.11%
274,2025-08-25,Kyle James,176,9,5.11%,27,15.34%,3,0,0%,1,33.33%,17,0,0%,1,5.88%,34,2,5.88%,6,17.65%,122,7,5.74%,19,15.57%
275,2025-08-25,Danny Burton,209,12,5.74%,58,27.75%,8,1,12.50%,2,25.00%,25,3,12.00%,8,32.00%,40,1,2.50%,11,27.50%,136,7,5.15%,37,27.21%
276,2025-08-25,R Raftery,0,0,0%,0,0%,0,0,0%,0,0%,0,0,0%,0,0%,0,0,0%,0,0%,0,0,0%,0,0%
277,2025-08-25,James Halliday,139,10,7.19%,28,20.14%,0,0,0%,0,0%,20,0,0%,3,15.00%,31,5,16.13%,8,25.81%,88,5,5.68%,17,19.32%
278,2025-08-25,R P McLernon,4469,405,9.06%,1182,26.45%,28,2,7.14%,10,35.71%,216,13,6.02%,62,28.70%,1732,191,11.03%,482,27.83%,2493,199,7.98%,628,25.19%
279,2025-08-25,J Kington,1131,46,4.07%,291,25.73%,16,0,0%,8,50.00%,95,1,1.05%,27,28.42%,341,18,5.28%,100,29.33%,679,27,3.98%,156,22.97%
280,2025-08-25,C Wallis,308,12,3.90%,38,12.34%,5,0,0%,1,20.00%,36,1,2.78%,5,13.89%,51,5,9.80%,7,13.73%,216,6,2.78%,25,11.57%
281,2025-08-25,S P Jones,429,25,5.83%,94,21.91%,5,0,0%,1,20.00%,53,7,13.21%,12,22.64%,120,5,4.17%,27,22.50%,251,13,5.18%,54,21.51%
282,2025-08-25,Mr W Biddick,169,26,15.38%,55,32.54%,0,0,0%,0,0%,10,0,0%,5,50.00%,151,24,15.89%,45,29.80%,8,2,25.00%,5,62.50%
283,2025-08-25,Joseph Cornwall,517,24,4.64%,147,28.43%,6,0,0%,0,0%,6,0,0%,0,0%,363,19,5.23%,122,33.61%,142,5,3.52%,25,17.61%
284,2025-08-25,J A McCarthy,276,14,5.07%,44,15.94%,11,0,0%,5,45.45%,45,1,2.22%,8,17.78%,35,2,5.71%,4,11.43%,185,11,5.95%,27,14.59%
285,2025-08-25,Mr A J Berry,144,10,6.94%,29,20.14%,2,0,0%,1,50.00%,35,4,11.43%,11,31.43%,56,3,5.36%,10,17.86%,51,3,5.88%,7,13.73%
286,2025-08-25,Felix de Giles,994,123,12.37%,262,26.36%,10,2,20.00%,1,10.00%,84,4,4.76%,27,32.14%,400,73,18.25%,116,29.00%,500,44,8.80%,118,23.60%
287,2025-08-25,Miss G Andrews,305,43,14.10%,95,31.15%,7,0,0%,2,28.57%,42,5,11.90%,13,30.95%,155,25,16.13%,48,30.97%,101,13,12.87%,32,31.68%
288,2025-08-25,P Kinsella,15,2,13.33%,2,13.33%,0,0,0%,0,0%,1,0,0%,0,0%,4,1,25.00%,1,25.00%,10,1,10.00%,1,10.00%
290,2025-08-25,Colm McCormack,458,20,4.37%,115,25.11%,12,0,0%,1,8.33%,31,1,3.23%,9,29.03%,91,7,7.69%,30,32.97%,324,12,3.70%,75,23.15%
292,2025-08-25,M Goldstein,1798,152,8.45%,564,31.37%,21,2,9.52%,2,9.52%,136,7,5.15%,28,20.59%,414,53,12.80%,154,37.20%,1227,90,7.33%,380,30.97%
293,2025-08-25,N D Fehily,2725,518,19.01%,1073,39.38%,14,7,50.00%,3,21.43%,243,47,19.34%,107,44.03%,937,180,19.21%,329,35.11%,1531,284,18.55%,634,41.41%
294,2025-08-25,Wayne Hutchinson,1722,293,17.02%,746,43.32%,10,3,30.00%,7,70.00%,196,27,13.78%,100,51.02%,443,82,18.51%,149,33.63%,1073,181,16.87%,490,45.67%
295,2025-08-25,Mr R G Henderson,133,9,6.77%,32,24.06%,0,0,0%,0,0%,7,0,0%,1,14.29%,88,6,6.82%,19,21.59%,38,3,7.89%,12,31.58%
296,2025-08-25,David Bass,2746,401,14.60%,818,29.79%,12,3,25.00%,3,25.00%,299,46,15.38%,94,31.44%,851,130,15.28%,241,28.32%,1584,222,14.02%,480,30.30%
297,2025-08-25,Ian Popham,1228,95,7.74%,398,32.41%,15,1,6.67%,6,40.00%,128,10,7.81%,40,31.25%,336,37,11.01%,102,30.36%,749,47,6.28%,250,33.38%
298,2025-08-25,Edward Cookson,106,12,11.32%,28,26.42%,3,0,0%,3,100.00%,26,4,15.38%,5,19.23%,22,3,13.64%,5,22.73%,55,5,9.09%,15,27.27%
299,2025-08-25,J Pemberton,0,0,0%,0,0%,0,0,0%,0,0%,0,0,0%,0,0%,0,0,0%,0,0%,0,0,0%,0,0%
300,2025-08-25,A Conlon,283,20,7.07%,57,20.14%,0,0,0%,0,0%,29,1,3.45%,6,20.69%,77,10,12.99%,18,23.38%,177,9,5.08%,33,18.64%
301,2025-08-25,O Dayman,60,6,10.00%,18,30.00%,0,0,0%,0,0%,1,0,0%,0,0%,1,0,0%,0,0%,58,6,10.34%,18,31.03%
302,2025-08-25,Jody McGarvey,15,3,20.00%,3,20.00%,0,0,0%,0,0%,0,0,0%,0,0%,1,0,0%,0,0%,14,3,21.43%,3,21.43%
303,2025-08-25,D Devereux,1,0,0%,0,0%,0,0,0%,0,0%,0,0,0%,0,0%,0,0,0%,0,0%,1,0,0%,0,0%
304,2025-08-25,Miss Jodie Hughes,137,8,5.84%,46,33.58%,8,0,0%,2,25.00%,14,0,0%,2,14.29%,40,4,10.00%,15,37.50%,75,4,5.33%,27,36.00%
305,2025-08-25,Mr J F Mathias,38,7,18.42%,12,31.58%,0,0,0%,0,0%,0,0,0%,0,0%,29,5,17.24%,12,41.38%,9,2,22.22%,0,0%
306,2025-08-25,Alex Edwards,579,62,10.71%,224,38.69%,18,1,5.56%,5,27.78%,90,8,8.89%,33,36.67%,201,32,15.92%,77,38.31%,270,21,7.78%,109,40.37%
307,2025-08-25,P W Flood,123,9,7.32%,16,13.01%,0,0,0%,0,0%,0,0,0%,0,0%,50,5,10.00%,9,18.00%,73,4,5.48%,7,9.59%
308,2025-08-25,D J Condon,1519,137,9.02%,374,24.62%,2,0,0%,1,50.00%,27,2,7.41%,6,22.22%,471,41,8.70%,115,24.42%,1019,94,9.22%,252,24.73%
309,2025-08-25,G Cotter,0,0,0%,0,0%,0,0,0%,0,0%,0,0,0%,0,0%,0,0,0%,0,0%,0,0,0%,0,0%
310,2025-08-25,D J Casey,1392,100,7.18%,340,24.43%,13,2,15.38%,5,38.46%,20,2,10.00%,7,35.00%,491,50,10.18%,126,25.66%,868,46,5.30%,202,23.27%
311,2025-08-25,N J O'Shea,63,4,6.35%,7,11.11%,0,0,0%,0,0%,0,0,0%,0,0%,14,2,14.29%,2,14.29%,49,2,4.08%,5,10.20%
312,2025-08-25,Mr J E Flynn,80,5,6.25%,24,30.00%,0,0,0%,0,0%,34,0,0%,8,23.53%,29,4,13.79%,11,37.93%,17,1,5.88%,5,29.41%
313,2025-08-25,Jm Sanchez,6,0,0%,0,0%,0,0,0%,0,0%,3,0,0%,0,0%,1,0,0%,0,0%,2,0,0%,0,0%
314,2025-08-25,M M O'connor,1,0,0%,0,0%,0,0,0%,0,0%,1,0,0%,0,0%,0,0,0%,0,0%,0,0,0%,0,0%
315,2025-08-25,R M Moran,482,18,3.73%,91,18.88%,2,0,0%,0,0%,2,0,0%,0,0%,149,7,4.70%,33,22.15%,329,11,3.34%,58,17.63%
316,2025-08-25,Mr S G Carey,106,5,4.72%,16,15.09%,0,0,0%,0,0%,68,5,7.35%,11,16.18%,23,0,0%,3,13.04%,15,0,0%,2,13.33%
317,2025-08-25,M J Bolger,1385,70,5.05%,326,23.54%,1,0,0%,0,0%,2,0,0%,1,50.00%,312,25,8.01%,92,29.49%,1070,45,4.21%,233,21.78%
318,2025-08-25,P J Carberry,486,13,2.67%,87,17.90%,2,0,0%,1,50.00%,2,0,0%,0,0%,122,4,3.28%,29,23.77%,360,9,2.50%,57,15.83%
319,2025-08-25,J Geraghty,0,0,0%,0,0%,0,0,0%,0,0%,0,0,0%,0,0%,0,0,0%,0,0%,0,0,0%,0,0%
320,2025-08-25,R J Molloy,46,2,4.35%,3,6.52%,0,0,0%,0,0%,0,0,0%,0,0%,6,0,0%,0,0%,40,2,5.00%,3,7.50%
321,2025-08-25,R J McCarth,79,10,12.66%,23,29.11%,2,0,0%,1,50.00%,0,0,0%,0,0%,17,4,23.53%,10,58.82%,60,6,10.00%,12,20.00%
322,2025-08-25,A P Crowe,1261,63,5.00%,227,18.00%,0,0,0%,0,0%,4,0,0%,0,0%,395,18,4.56%,72,18.23%,862,45,5.22%,155,17.98%
323,2025-08-25,Miss N Carberry,221,39,17.65%,56,25.34%,2,1,50.00%,0,0%,156,33,21.15%,35,22.44%,42,4,9.52%,12,28.57%,21,1,4.76%,9,42.86%
324,2025-08-25,Mr M N Doran,49,4,8.16%,16,32.65%,0,0,0%,0,0%,45,4,8.89%,16,35.56%,1,0,0%,0,0%,3,0,0%,0,0%
325,2025-08-25,Mr M Fahey,205,15,7.32%,63,30.73%,1,0,0%,0,0%,184,12,6.52%,56,30.43%,0,0,0%,0,0%,20,3,15.00%,7,35.00%
326,2025-08-25,M F Mooney,250,6,2.40%,41,16.40%,0,0,0%,0,0%,0,0,0%,0,0%,32,2,6.25%,7,21.88%,218,4,1.83%,34,15.60%
327,2025-08-25,K M Donoghue,3404,359,10.55%,938,27.56%,0,0,0%,0,0%,10,1,10.00%,3,30.00%,1217,144,11.83%,348,28.59%,2177,214,9.83%,587,26.96%
328,2025-08-25,M P Butler,727,47,6.46%,176,24.21%,8,0,0%,2,25.00%,16,0,0%,0,0%,177,16,9.04%,42,23.73%,526,31,5.89%,132,25.10%
329,2025-08-25,D E Splaine,1203,58,4.82%,263,21.86%,0,0,0%,0,0%,16,0,0%,1,6.25%,292,17,5.82%,87,29.79%,895,41,4.58%,175,19.55%
330,2025-08-25,R Geraghty,16,0,0%,0,0%,0,0,0%,0,0%,0,0,0%,0,0%,2,0,0%,0,0%,14,0,0%,0,0%
331,2025-08-25,J P Holly,116,7,6.03%,25,21.55%,0,0,0%,0,0%,10,0,0%,1,10.00%,6,1,16.67%,1,16.67%,100,6,6.00%,23,23.00%
332,2025-08-25,R C Colgan,5040,214,4.25%,892,17.70%,667,30,4.50%,117,17.54%,2154,96,4.46%,393,18.25%,688,25,3.63%,149,21.66%,1531,63,4.11%,233,15.22%
333,2025-08-25,E Mullins,222,25,11.26%,56,25.23%,0,0,0%,0,0%,0,0,0%,0,0%,60,5,8.33%,11,18.33%,162,20,12.35%,45,27.78%
334,2025-08-25,T J Doyle,725,60,8.28%,117,16.14%,0,0,0%,0,0%,4,1,25.00%,1,25.00%,262,22,8.40%,48,18.32%,459,37,8.06%,68,14.81%
335,2025-08-25,D MacAuley,18,1,5.56%,2,11.11%,0,0,0%,0,0%,0,0,0%,0,0%,3,0,0%,0,0%,15,1,6.67%,2,13.33%
336,2025-08-25,S P McCann,3,0,0%,1,0%,0,0,0%,0,0%,0,0,0%,0,0%,2,0,0%,1,50.00%,1,0,0%,0,0%
337,2025-08-25,L McNiff,330,34,10.30%,91,27.58%,82,11,13.41%,14,17.07%,248,23,9.27%,77,31.05%,0,0,0%,0,0%,0,0,0%,0,0%
338,2025-08-25,L P Flynn,123,2,1.63%,14,11.38%,0,0,0%,0,0%,0,0,0%,0,0%,19,1,5.26%,2,10.53%,104,1,0.96%,12,11.54%
339,2025-08-25,A P Heskin,2334,221,9.47%,654,28.02%,3,0,0%,0,0%,31,6,19.35%,12,38.71%,837,87,10.39%,284,33.93%,1463,128,8.75%,358,24.47%
340,2025-08-25,J P Elliott,6,1,16.67%,2,33.33%,1,0,0%,1,100.00%,0,0,0%,0,0%,1,0,0%,0,0%,4,1,25.00%,1,25.00%
341,2025-08-25,M J Ferris,967,29,3.00%,160,16.55%,0,0,0%,0,0%,0,0,0%,0,0%,277,7,2.53%,55,19.86%,690,22,3.19%,105,15.22%
342,2025-08-25,C O'Farrell,3229,312,9.66%,1111,34.41%,39,3,7.69%,18,46.15%,238,28,11.76%,89,37.39%,1085,133,12.26%,386,35.58%,1867,148,7.93%,618,33.10%
343,2025-08-25,E F Power,255,5,1.96%,31,12.16%,0,0,0%,0,0%,0,0,0%,0,0%,72,2,2.78%,12,16.67%,183,3,1.64%,19,10.38%
344,2025-08-25,Miss G Ryan,63,3,4.76%,14,22.22%,1,0,0%,0,0%,53,2,3.77%,14,26.42%,0,0,0%,0,0%,9,1,11.11%,0,0%
345,2025-08-25,K Schous,0,0,0%,0,0%,0,0,0%,0,0%,0,0,0%,0,0%,0,0,0%,0,0%,0,0,0%,0,0%
346,2025-08-25,Mr R A Latta,60,5,8.33%,11,18.33%,0,0,0%,0,0%,37,3,8.11%,6,16.22%,9,0,0%,1,11.11%,14,2,14.29%,4,28.57%
347,2025-08-25,K K Woods,3,0,0%,0,0%,0,0,0%,0,0%,0,0,0%,0,0%,1,0,0%,0,0%,2,0,0%,0,0%
348,2025-08-25,P A O'Sullivan,50,1,2.00%,1,2.00%,0,0,0%,0,0%,4,0,0%,0,0%,0,0,0%,0,0%,46,1,2.17%,1,2.17%
349,2025-08-25,T C Carroll,398,19,4.77%,76,19.10%,1,0,0%,0,0%,9,0,0%,5,55.56%,98,5,5.10%,17,17.35%,290,14,4.83%,54,18.62%
350,2025-08-25,P F Mangan,1215,62,5.10%,252,20.74%,2,0,0%,0,0%,2,1,50.00%,0,0%,400,15,3.75%,93,23.25%,811,46,5.67%,159,19.61%
351,2025-08-25,E J O'Connell,761,65,8.54%,192,25.23%,0,0,0%,0,0%,5,1,20.00%,1,20.00%,242,25,10.33%,64,26.45%,514,39,7.59%,127,24.71%
352,2025-08-25,F Lawlor,0,0,0%,0,0%,0,0,0%,0,0%,0,0,0%,0,0%,0,0,0%,0,0%,0,0,0%,0,0%
353,2025-08-25,Mr B S Carey,10,1,10.00%,2,20.00%,0,0,0%,0,0%,8,1,12.50%,1,12.50%,2,0,0%,1,50.00%,0,0,0%,0,0%
354,2025-08-25,J M Sheehy,16,0,0%,2,0%,0,0,0%,0,0%,0,0,0%,0,0%,2,0,0%,1,50.00%,14,0,0%,1,7.14%
355,2025-08-25,Miss P Ryan,21,2,9.52%,8,38.10%,0,0,0%,0,0%,21,2,9.52%,8,38.10%,0,0,0%,0,0%,0,0,0%,0,0%
356,2025-08-25,Mr D Skehan,254,22,8.66%,51,20.08%,1,0,0%,0,0%,159,10,6.29%,29,18.24%,39,7,17.95%,13,33.33%,55,5,9.09%,9,16.36%
357,2025-08-25,Miss K Walsh,3,1,33.33%,0,0.00%,0,0,0%,0,0%,2,1,50.00%,0,0%,0,0,0%,0,0%,1,0,0%,0,0%
358,2025-08-25,Mr C D Sharkey,0,0,0%,0,0%,0,0,0%,0,0%,0,0,0%,0,0%,0,0,0%,0,0%,0,0,0%,0,0%
359,2025-08-25,Mr B Hayes,60,3,5.00%,12,20.00%,0,0,0%,0,0%,35,1,2.86%,6,17.14%,7,1,14.29%,2,28.57%,18,1,5.56%,4,22.22%
360,2025-08-25,Mr J J King,324,33,10.19%,116,35.80%,2,0,0%,1,50.00%,255,23,9.02%,98,38.43%,40,6,15.00%,7,17.50%,27,4,14.81%,10,37.04%
361,2025-08-25,Mr P Cashman,4,0,0%,1,0%,0,0,0%,0,0%,3,0,0%,1,33.33%,0,0,0%,0,0%,1,0,0%,0,0%
362,2025-08-25,Mr R P Quinn,9,0,0%,1,0%,0,0,0%,0,0%,5,0,0%,0,0%,0,0,0%,0,0%,4,0,0%,1,25.00%
363,2025-08-25,Mr Josh Halley,96,5,5.21%,28,29.17%,0,0,0%,0,0%,26,1,3.85%,9,34.62%,32,3,9.38%,9,28.13%,38,1,2.63%,10,26.32%
364,2025-08-25,Mr J A Fahey,12,2,16.67%,1,8.33%,0,0,0%,0,0%,6,2,33.33%,1,16.67%,4,0,0%,0,0%,2,0,0%,0,0%
365,2025-08-25,Miss K Harrington,395,41,10.38%,151,38.23%,13,1,7.69%,4,30.77%,372,40,10.75%,146,39.25%,2,0,0%,0,0%,8,0,0%,1,12.50%
366,2025-08-25,Mr J P Kiely,0,0,0%,0,0%,0,0,0%,0,0%,0,0,0%,0,0%,0,0,0%,0,0%,0,0,0%,0,0%
367,2025-08-25,L Heard,783,38,4.85%,203,25.93%,0,0,0%,0,0%,48,0,0%,6,12.50%,211,18,8.53%,62,29.38%,524,20,3.82%,135,25.76%
368,2025-08-25,R Greene,44,2,4.55%,2,4.55%,0,0,0%,0,0%,2,0,0%,0,0%,12,2,16.67%,1,8.33%,30,0,0%,1,3.33%
369,2025-08-25,Jack Doyle,725,75,10.34%,203,28.00%,11,2,18.18%,4,36.36%,68,4,5.88%,16,23.53%,284,30,10.56%,85,29.93%,362,39,10.77%,98,27.07%
370,2025-08-25,L P Aspell,2430,311,12.80%,1010,41.56%,16,3,18.75%,10,62.50%,264,24,9.09%,123,46.59%,791,122,15.42%,291,36.79%,1359,162,11.92%,586,43.12%
371,2025-08-25,J Milczarek,0,0,0%,0,0%,0,0,0%,0,0%,0,0,0%,0,0%,0,0,0%,0,0%,0,0,0%,0,0%
372,2025-08-25,Jimmy McCarthy,71,3,4.23%,14,19.72%,1,0,0%,1,100.00%,10,0,0%,2,20.00%,3,0,0%,2,66.67%,57,3,5.26%,9,15.79%
373,2025-08-25,S Gagan,31,2,6.45%,4,12.90%,0,0,0%,0,0%,5,0,0%,0,0%,4,0,0%,2,50.00%,22,2,9.09%,2,9.09%
374,2025-08-25,J Favell,0,0,0%,0,0%,0,0,0%,0,0%,0,0,0%,0,0%,0,0,0%,0,0%,0,0,0%,0,0%
375,2025-08-25,C Poste,1415,107,7.56%,409,28.90%,9,0,0%,2,22.22%,117,3,2.56%,26,22.22%,547,64,11.70%,197,36.01%,742,40,5.39%,184,24.80%
376,2025-08-25,J Mogford,139,6,4.32%,22,15.83%,0,0,0%,0,0%,19,2,10.53%,4,21.05%,13,0,0%,5,38.46%,107,4,3.74%,13,12.15%
377,2025-08-25,A Freeman,41,1,2.44%,9,21.95%,0,0,0%,0,0%,4,1,25.00%,1,25.00%,3,0,0%,0,0%,34,0,0%,8,23.53%
378,2025-08-25,Mr C McSweeney,45,3,6.67%,12,26.67%,0,0,0%,0,0%,22,3,13.64%,8,36.36%,16,0,0%,3,18.75%,7,0,0%,1,14.29%
379,2025-08-25,Mr S R Byrne,60,2,3.33%,10,16.67%,0,0,0%,0,0%,33,1,3.03%,5,15.15%,7,0,0%,1,14.29%,20,1,5.00%,4,20.00%
380,2025-08-25,Mr C Fahy,49,7,14.29%,11,22.45%,0,0,0%,0,0%,46,7,15.22%,10,21.74%,0,0,0%,0,0%,3,0,0%,1,33.33%
381,2025-08-25,Mr J P O'Rourke,88,3,3.41%,16,18.18%,0,0,0%,0,0%,60,3,5.00%,13,21.67%,10,0,0%,1,10.00%,18,0,0%,2,11.11%
382,2025-08-25,Ruby Walsh,487,132,27.10%,182,37.37%,0,0,0%,0,0%,12,5,41.67%,4,33.33%,144,34,23.61%,55,38.19%,331,93,28.10%,123,37.16%
383,2025-08-25,Paul Callaghan,7,0,0%,0,0%,0,0,0%,0,0%,1,0,0%,0,0%,1,0,0%,0,0%,5,0,0%,0,0%
384,2025-08-25,C I Gillies,341,37,10.85%,60,17.60%,3,0,0%,1,33.33%,21,1,4.76%,3,14.29%,127,19,14.96%,26,20.47%,190,17,8.95%,30,15.79%
385,2025-08-25,R J Killoran,283,37,13.07%,49,17.31%,0,0,0%,0,0%,20,4,20.00%,5,25.00%,48,3,6.25%,7,14.58%,215,30,13.95%,37,17.21%
386,2025-08-25,Gerard Tumelty,405,22,5.43%,74,18.27%,11,0,0%,2,18.18%,65,4,6.15%,13,20.00%,59,2,3.39%,10,16.95%,270,16,5.93%,49,18.15%
387,2025-08-25,G Baker,4189,681,16.26%,1570,37.48%,2350,390,16.60%,919,39.11%,1821,287,15.76%,645,35.42%,18,4,22.22%,6,33.33%,0,0,0%,0,0%
388,2025-08-25,P Carberry,1697,223,13.14%,511,30.11%,0,0,0%,0,0%,13,4,30.77%,3,23.08%,623,67,10.75%,223,35.79%,1061,152,14.33%,285,26.86%
389,2025-08-25,Mr C P McNally,0,0,0%,0,0%,0,0,0%,0,0%,0,0,0%,0,0%,0,0,0%,0,0%,0,0,0%,0,0%
391,2025-08-25,Mr B O'Neill,1053,113,10.73%,379,35.99%,4,0,0%,1,25.00%,643,54,8.40%,234,36.39%,287,42,14.63%,101,35.19%,119,17,14.29%,43,36.13%
392,2025-08-25,Mr M J O'Connor,304,24,7.89%,74,24.34%,0,0,0%,0,0%,140,10,7.14%,31,22.14%,69,6,8.70%,24,34.78%,95,8,8.42%,19,20.00%
394,2025-08-25,Mr J J Codd,1241,255,20.55%,531,42.79%,12,2,16.67%,5,41.67%,917,205,22.36%,398,43.40%,225,33,14.67%,88,39.11%,87,15,17.24%,40,45.98%
395,2025-08-25,Mr R O'Sullivan,17,1,5.88%,1,5.88%,0,0,0%,0,0%,14,1,7.14%,1,7.14%,3,0,0%,0,0%,0,0,0%,0,0%
396,2025-08-25,Mr G Sheehan,15,1,6.67%,4,26.67%,0,0,0%,0,0%,3,0,0%,0,0%,3,0,0%,1,33.33%,9,1,11.11%,3,33.33%
397,2025-08-25,P C Boudot,44,6,13.64%,20,45.45%,3,1,33.33%,1,33.33%,40,5,12.50%,19,47.50%,1,0,0%,0,0%,0,0,0%,0,0%
398,2025-08-25,M Dwyer,4262,422,9.90%,1454,34.12%,1817,179,9.85%,643,35.39%,2444,242,9.90%,811,33.18%,1,1,100.00%,0,0%,0,0,0%,0,0%
399,2025-08-25,S P Ryan,0,0,0%,0,0%,0,0,0%,0,0%,0,0,0%,0,0%,0,0,0%,0,0%,0,0,0%,0,0%
400,2025-08-25,Nanna Hansen,7,0,0%,0,0%,6,0,0%,0,0%,1,0,0%,0,0%,0,0,0%,0,0%,0,0,0%,0,0%
402,2025-08-25,F Davis,408,23,5.64%,87,21.32%,3,0,0%,2,66.67%,33,0,0%,9,27.27%,83,4,4.82%,18,21.69%,289,19,6.57%,58,20.07%
403,2025-08-25,M J McAlister,346,25,7.23%,103,29.77%,0,0,0%,0,0%,15,0,0%,1,6.67%,114,11,9.65%,48,42.11%,217,14,6.45%,54,24.88%
404,2025-08-25,Miss K Bryson,20,3,15.00%,7,35.00%,0,0,0%,0,0%,4,1,25.00%,2,50.00%,9,2,22.22%,2,22.22%,7,0,0%,3,42.86%
405,2025-08-25,Lucy Alexander,1882,174,9.25%,580,30.82%,24,1,4.17%,9,37.50%,221,13,5.88%,74,33.48%,627,66,10.53%,200,31.90%,1010,94,9.31%,297,29.41%
407,2025-08-25,Mr J H Brooke,0,0,0%,0,0%,0,0,0%,0,0%,0,0,0%,0,0%,0,0,0%,0,0%,0,0,0%,0,0%
408,2025-08-25,Paul Norton,7,0,0%,2,0%,0,0,0%,0,0%,1,0,0%,0,0%,0,0,0%,0,0%,6,0,0%,2,33.33%
409,2025-08-25,Gary Derwin,143,18,12.59%,39,27.27%,0,0,0%,0,0%,10,0,0%,3,30.00%,32,7,21.88%,8,25.00%,101,11,10.89%,28,27.72%
410,2025-08-25,G Whillans,516,33,6.40%,144,27.91%,110,5,4.55%,28,25.45%,406,28,6.90%,116,28.57%,0,0,0%,0,0%,0,0,0%,0,0%
411,2025-08-25,Jakub Kocman,0,0,0%,0,0%,0,0,0%,0,0%,0,0,0%,0,0%,0,0,0%,0,0%,0,0,0%,0,0%
412,2025-08-25,A Cooper,0,0,0%,0,0%,0,0,0%,0,0%,0,0,0%,0,0%,0,0,0%,0,0%,0,0,0%,0,0%
413,2025-08-25,Mr John Dawson,214,22,10.28%,72,33.64%,4,0,0%,1,25.00%,30,3,10.00%,9,30.00%,97,14,14.43%,26,26.80%,83,5,6.02%,36,43.37%
414,2025-08-25,G Bartley,397,35,8.82%,137,34.51%,65,9,13.85%,20,30.77%,313,25,7.99%,110,35.14%,0,0,0%,0,0%,19,1,5.26%,7,36.84%
415,2025-08-25,Lindsey White,0,0,0%,0,0%,0,0,0%,0,0%,0,0,0%,0,0%,0,0,0%,0,0%,0,0,0%,0,0%
416,2025-08-25,Ms K Walsh,856,97,11.33%,301,35.16%,11,1,9.09%,7,63.64%,612,68,11.11%,234,38.24%,114,14,12.28%,34,29.82%,119,14,11.76%,26,21.85%
417,2025-08-25,Mr J E Burns,22,1,4.55%,4,18.18%,0,0,0%,0,0%,20,1,5.00%,3,15.00%,0,0,0%,0,0%,2,0,0%,1,50.00%
418,2025-08-25,T G M Ryan,7,0,0%,1,0%,0,0,0%,0,0%,0,0,0%,0,0%,1,0,0%,0,0%,6,0,0%,1,16.67%
419,2025-08-25,Mr M P Fogarty,294,28,9.52%,95,32.31%,0,0,0%,0,0%,234,24,10.26%,79,33.76%,33,3,9.09%,7,21.21%,27,1,3.70%,9,33.33%
420,2025-08-25,Mr W J Morrissey,0,0,0%,0,0%,0,0,0%,0,0%,0,0,0%,0,0%,0,0,0%,0,0%,0,0,0%,0,0%
421,2025-08-25,Mr D M Spillane,98,1,1.02%,27,27.55%,0,0,0%,0,0%,30,0,0%,8,26.67%,20,0,0%,3,15.00%,48,1,2.08%,16,33.33%
422,2025-08-25,Mr K Moore,0,0,0%,0,0%,0,0,0%,0,0%,0,0,0%,0,0%,0,0,0%,0,0%,0,0,0%,0,0%
423,2025-08-25,Barry McHugh,3436,269,7.83%,1145,33.32%,1182,110,9.31%,403,34.09%,2254,159,7.05%,742,32.92%,0,0,0%,0,0%,0,0,0%,0,0%
424,2025-08-25,P Donaghy,169,12,7.10%,30,17.75%,57,4,7.02%,8,14.04%,112,8,7.14%,22,19.64%,0,0,0%,0,0%,0,0,0%,0,0%
425,2025-08-25,Jessica Steven,2,0,0%,0,0%,2,0,0%,0,0%,0,0,0%,0,0%,0,0,0%,0,0%,0,0,0%,0,0%
426,2025-08-25,Mr Alex Edwards,85,10,11.76%,31,36.47%,4,1,25.00%,0,0%,15,0,0%,4,26.67%,48,9,18.75%,19,39.58%,18,0,0%,8,44.44%
427,2025-08-25,C Honour,32,6,18.75%,6,18.75%,0,0,0%,0,0%,1,0,0%,1,100.00%,3,0,0%,1,33.33%,28,6,21.43%,4,14.29%
428,2025-08-25,Miss Isabel Tompsett,23,2,8.70%,4,17.39%,2,0,0%,0,0%,2,1,50.00%,0,0%,1,0,0%,1,100.00%,18,1,5.56%,3,16.67%
429,2025-08-25,Mr T O'Connor,150,4,2.67%,16,10.67%,0,0,0%,0,0%,20,0,0%,2,10.00%,43,3,6.98%,4,9.30%,87,1,1.15%,10,11.49%
430,2025-08-25,H Frost,3,0,0%,1,0%,0,0,0%,0,0%,0,0,0%,0,0%,3,0,0%,1,33.33%,0,0,0%,0,0%
431,2025-08-25,Charlie Huxley,321,29,9.03%,78,24.30%,3,0,0%,3,100.00%,42,3,7.14%,9,21.43%,88,11,12.50%,19,21.59%,188,15,7.98%,47,25.00%
432,2025-08-25,Nathan Sweeney,169,12,7.10%,39,23.08%,21,0,0%,7,33.33%,35,1,2.86%,9,25.71%,50,5,10.00%,12,24.00%,63,6,9.52%,11,17.46%
433,2025-08-25,T J Phelan,591,37,6.26%,135,22.84%,4,0,0%,0,0%,43,2,4.65%,6,13.95%,169,23,13.61%,52,30.77%,375,12,3.20%,77,20.53%
434,2025-08-25,Mr S Waley-Cohen,223,37,16.59%,77,34.53%,1,1,100.00%,0,0%,25,3,12.00%,15,60.00%,157,25,15.92%,47,29.94%,40,8,20.00%,15,37.50%
435,2025-08-25,D E Mullins,5643,538,9.53%,1601,28.37%,66,5,7.58%,26,39.39%,226,16,7.08%,68,30.09%,1590,188,11.82%,491,30.88%,3761,329,8.75%,1016,27.01%
436,2025-08-25,Mr J C Tyner,4,1,25.00%,0,0.00%,0,0,0%,0,0%,3,1,33.33%,0,0%,1,0,0%,0,0%,0,0,0%,0,0%
437,2025-08-25,Mr M G Nolan,35,5,14.29%,3,8.57%,0,0,0%,0,0%,3,0,0%,0,0%,16,4,25.00%,0,0%,16,1,6.25%,3,18.75%
438,2025-08-25,Mr J T McNamara,74,8,10.81%,15,20.27%,0,0,0%,0,0%,28,1,3.57%,7,25.00%,34,6,17.65%,6,17.65%,12,1,8.33%,2,16.67%
439,2025-08-25,Mr J T Rath,16,0,0%,3,0%,0,0,0%,0,0%,10,0,0%,2,20.00%,5,0,0%,1,20.00%,1,0,0%,0,0%
440,2025-08-25,Katia Scallan,112,12,10.71%,29,25.89%,34,2,5.88%,8,23.53%,78,10,12.82%,21,26.92%,0,0,0%,0,0%,0,0,0%,0,0%
441,2025-08-25,H Oliver,247,27,10.93%,42,17.00%,1,0,0%,0,0%,11,0,0%,3,27.27%,92,13,14.13%,16,17.39%,143,14,9.79%,23,16.08%
442,2025-08-25,Ryan Mania,2396,292,12.19%,809,33.76%,32,4,12.50%,10,31.25%,158,12,7.59%,46,29.11%,1024,149,14.55%,350,34.18%,1182,127,10.74%,403,34.09%
443,2025-08-25,Callum Whillans,803,71,8.84%,257,32.00%,10,0,0%,4,40.00%,84,9,10.71%,28,33.33%,120,12,10.00%,35,29.17%,589,50,8.49%,190,32.26%
444,2025-08-25,J P O'Farrell,70,5,7.14%,10,14.29%,2,0,0%,0,0%,8,0,0%,0,0%,6,0,0%,0,0%,54,5,9.26%,10,18.52%
445,2025-08-25,M H Naughton,0,0,0%,0,0%,0,0,0%,0,0%,0,0,0%,0,0%,0,0,0%,0,0%,0,0,0%,0,0%
446,2025-08-25,Mr M Walford,16,3,18.75%,4,25.00%,0,0,0%,0,0%,0,0,0%,0,0%,14,1,7.14%,4,28.57%,2,2,100.00%,0,0%
447,2025-08-25,J Salmon,0,0,0%,0,0%,0,0,0%,0,0%,0,0,0%,0,0%,0,0,0%,0,0%,0,0,0%,0,0%
448,2025-08-25,D R Dennis,16,2,12.50%,1,6.25%,0,0,0%,0,0%,0,0,0%,0,0%,9,2,22.22%,1,11.11%,7,0,0%,0,0%
449,2025-08-25,Mr A E Kinirons,10,0,0%,1,0%,0,0,0%,0,0%,5,0,0%,1,20.00%,5,0,0%,0,0%,0,0,0%,0,0%
450,2025-08-25,J Faltejsek,0,0,0%,0,0%,0,0,0%,0,0%,0,0,0%,0,0%,0,0,0%,0,0%,0,0,0%,0,0%
451,2025-08-25,Danny Cook,2124,330,15.54%,868,40.87%,25,6,24.00%,11,44.00%,115,11,9.57%,40,34.78%,880,158,17.95%,367,41.70%,1104,155,14.04%,450,40.76%
452,2025-08-25,Mr M Griffiths,0,0,0%,0,0%,0,0,0%,0,0%,0,0,0%,0,0%,0,0,0%,0,0%,0,0,0%,0,0%
453,2025-08-25,Mr D T Stratton,0,0,0%,0,0%,0,0,0%,0,0%,0,0,0%,0,0%,0,0,0%,0,0%,0,0,0%,0,0%
454,2025-08-25,L Stephens,87,5,5.75%,3,3.45%,0,0,0%,0,0%,7,0,0%,0,0%,35,2,5.71%,3,8.57%,45,3,6.67%,0,0%
455,2025-08-25,Mr T Weston,81,12,14.81%,28,34.57%,0,0,0%,0,0%,3,0,0%,1,33.33%,52,7,13.46%,18,34.62%,26,5,19.23%,9,34.62%
456,2025-08-25,Matthew Clark,0,0,0%,0,0%,0,0,0%,0,0%,0,0,0%,0,0%,0,0,0%,0,0%,0,0,0%,0,0%
457,2025-08-25,B P Harding,841,100,11.89%,302,35.91%,8,2,25.00%,3,37.50%,61,6,9.84%,28,45.90%,292,27,9.25%,103,35.27%,480,65,13.54%,168,35.00%
458,2025-08-25,S Quinlan,956,62,6.49%,320,33.47%,33,1,3.03%,8,24.24%,82,3,3.66%,24,29.27%,274,23,8.39%,108,39.42%,567,35,6.17%,180,31.75%
459,2025-08-25,Mr P J McMahon,37,6,16.22%,6,16.22%,0,0,0%,0,0%,37,6,16.22%,6,16.22%,0,0,0%,0,0%,0,0,0%,0,0%
460,2025-08-25,Miss A Foley,65,4,6.15%,18,27.69%,0,0,0%,0,0%,50,3,6.00%,15,30.00%,0,0,0%,0,0%,15,1,6.67%,3,20.00%
461,2025-08-25,C J Bailey,12,1,8.33%,2,16.67%,0,0,0%,0,0%,1,0,0%,0,0%,0,0,0%,0,0%,11,1,9.09%,2,18.18%
462,2025-08-25,P Merrigan,56,0,0%,11,0%,0,0,0%,0,0%,0,0,0%,0,0%,18,0,0%,5,27.78%,38,0,0%,6,15.79%
463,2025-08-25,A O'Keeffe,236,18,7.63%,63,26.69%,1,0,0%,0,0%,30,2,6.67%,8,26.67%,59,7,11.86%,15,25.42%,146,9,6.16%,40,27.40%
464,2025-08-25,Christopher Ward,204,25,12.25%,73,35.78%,1,0,0%,0,0%,8,0,0%,1,12.50%,29,5,17.24%,12,41.38%,166,20,12.05%,60,36.14%
465,2025-08-25,Jonathan England,1899,214,11.27%,642,33.81%,23,0,0%,3,13.04%,77,2,2.60%,16,20.78%,767,120,15.65%,302,39.37%,1032,92,8.91%,321,31.10%
466,2025-08-25,Robert Kirk,132,10,7.58%,23,17.42%,0,0,0%,0,0%,13,1,7.69%,2,15.38%,25,1,4.00%,5,20.00%,94,8,8.51%,16,17.02%
467,2025-08-25,Daniel Hiskett,715,56,7.83%,244,34.13%,7,0,0%,2,28.57%,70,4,5.71%,18,25.71%,167,15,8.98%,60,35.93%,471,37,7.86%,164,34.82%
468,2025-08-25,Mr J McGrath,0,0,0%,0,0%,0,0,0%,0,0%,0,0,0%,0,0%,0,0,0%,0,0%,0,0,0%,0,0%
471,2025-08-25,S Twiston-Davies,1245,169,13.57%,337,27.07%,14,3,21.43%,4,28.57%,110,10,9.09%,30,27.27%,518,80,15.44%,146,28.19%,603,76,12.60%,157,26.04%
472,2025-08-25,Mr D Hilton,0,0,0%,0,0%,0,0,0%,0,0%,0,0,0%,0,0%,0,0,0%,0,0%,0,0,0%,0,0%
473,2025-08-25,Mr D Peters,78,20,25.64%,27,34.62%,0,0,0%,0,0%,4,0,0%,2,50.00%,73,19,26.03%,25,34.25%,1,1,100.00%,0,0%
475,2025-08-25,David England,921,65,7.06%,297,32.25%,6,0,0%,3,50.00%,71,3,4.23%,26,36.62%,215,24,11.16%,83,38.60%,629,38,6.04%,185,29.41%
476,2025-08-25,G Berridge,0,0,0%,0,0%,0,0,0%,0,0%,0,0,0%,0,0%,0,0,0%,0,0%,0,0,0%,0,0%
477,2025-08-25,A P Lane,615,29,4.72%,165,26.83%,5,0,0%,0,0%,79,7,8.86%,22,27.85%,80,4,5.00%,25,31.25%,451,18,3.99%,118,26.16%
479,2025-08-25,Mr S J Craig,24,2,8.33%,7,29.17%,1,0,0%,1,100.00%,6,2,33.33%,2,33.33%,7,0,0%,1,14.29%,10,0,0%,3,30.00%
480,2025-08-25,Pa Carberry,0,0,0%,0,0%,0,0,0%,0,0%,0,0,0%,0,0%,0,0,0%,0,0%,0,0,0%,0,0%
481,2025-08-25,Mr P Roche,107,7,6.54%,21,19.63%,0,0,0%,0,0%,89,7,7.87%,17,19.10%,3,0,0%,0,0%,15,0,0%,4,26.67%
482,2025-08-25,Mr P A King,559,45,8.05%,177,31.66%,1,0,0%,0,0%,393,32,8.14%,117,29.77%,88,7,7.95%,31,35.23%,73,5,6.85%,27,36.99%
483,2025-08-25,Mr D Roche,240,20,8.33%,98,40.83%,3,0,0%,1,33.33%,237,20,8.44%,97,40.93%,0,0,0%,0,0%,0,0,0%,0,0%
484,2025-08-25,Mr E D Nolan,0,0,0%,0,0%,0,0,0%,0,0%,0,0,0%,0,0%,0,0,0%,0,0%,0,0,0%,0,0%
485,2025-08-25,Mr S W Condon,9,1,11.11%,0,0.00%,0,0,0%,0,0%,2,0,0%,0,0%,0,0,0%,0,0%,7,1,14.29%,0,0%
486,2025-08-25,Mr T Feeney,59,7,11.86%,20,33.90%,0,0,0%,0,0%,46,7,15.22%,19,41.30%,7,0,0%,1,14.29%,6,0,0%,0,0%
487,2025-08-25,Mr B J Foley,59,2,3.39%,13,22.03%,0,0,0%,0,0%,33,2,6.06%,5,15.15%,16,0,0%,4,25.00%,10,0,0%,4,40.00%
488,2025-08-25,Mr A McCurtin,212,14,6.60%,69,32.55%,0,0,0%,0,0%,128,8,6.25%,46,35.94%,30,3,10.00%,12,40.00%,54,3,5.56%,11,20.37%
489,2025-08-25,Mr D L Queally,704,70,9.94%,232,32.95%,1,0,0%,1,100.00%,444,35,7.88%,159,35.81%,110,14,12.73%,26,23.64%,149,21,14.09%,46,30.87%
490,2025-08-25,Mr M P Burke,0,0,0%,0,0%,0,0,0%,0,0%,0,0,0%,0,0%,0,0,0%,0,0%,0,0,0%,0,0%
491,2025-08-25,Mr P J Crowley,0,0,0%,0,0%,0,0,0%,0,0%,0,0,0%,0,0%,0,0,0%,0,0%,0,0,0%,0,0%
492,2025-08-25,D F Flannery,4,0,0%,0,0%,0,0,0%,0,0%,0,0,0%,0,0%,0,0,0%,0,0%,4,0,0%,0,0%
493,2025-08-25,Paul Gallagher,158,30,18.99%,25,15.82%,1,0,0%,1,100.00%,24,3,12.50%,5,20.83%,53,13,24.53%,6,11.32%,80,14,17.50%,13,16.25%
494,2025-08-25,Gemma Gracey-Davison,198,10,5.05%,50,25.25%,0,0,0%,0,0%,20,0,0%,2,10.00%,49,2,4.08%,17,34.69%,129,8,6.20%,31,24.03%
495,2025-08-25,A Bird,17,2,11.76%,2,11.76%,0,0,0%,0,0%,0,0,0%,0,0%,0,0,0%,0,0%,17,2,11.76%,2,11.76%
497,2025-08-25,Mr David Turner,26,1,3.85%,4,15.38%,1,1,100.00%,0,0%,12,0,0%,1,8.33%,5,0,0%,3,60.00%,8,0,0%,0,0%
498,2025-08-25,Mr Daryl Millar,3,0,0%,0,0%,0,0,0%,0,0%,1,0,0%,0,0%,2,0,0%,0,0%,0,0,0%,0,0%
499,2025-08-25,Natasha Eaton,321,23,7.17%,93,28.97%,163,12,7.36%,49,30.06%,157,11,7.01%,44,28.03%,1,0,0%,0,0%,0,0,0%,0,0%
500,2025-08-25,Mr Joseph Akehurst,30,3,10.00%,15,50.00%,0,0,0%,0,0%,1,0,0%,1,100.00%,4,0,0%,1,25.00%,25,3,12.00%,13,52.00%
501,2025-08-25,Miss Jenny Carr,12,0,0%,3,0%,0,0,0%,0,0%,2,0,0%,1,50.00%,5,0,0%,1,20.00%,5,0,0%,1,20.00%
502,2025-08-25,Miss Jessica Lodge,28,1,3.57%,2,7.14%,1,0,0%,0,0%,3,0,0%,0,0%,6,0,0%,1,16.67%,18,1,5.56%,1,5.56%
503,2025-08-25,Mr M Wall,97,15,15.46%,27,27.84%,1,0,0%,1,100.00%,5,0,0%,1,20.00%,89,15,16.85%,25,28.09%,2,0,0%,0,0%
504,2025-08-25,Nathan Moscrop,1591,139,8.74%,518,32.56%,51,10,19.61%,22,43.14%,142,8,5.63%,50,35.21%,336,28,8.33%,127,37.80%,1062,93,8.76%,319,30.04%
505,2025-08-25,Lee Edwards,2253,180,7.99%,673,29.87%,18,0,0%,5,27.78%,140,3,2.14%,32,22.86%,670,66,9.85%,227,33.88%,1425,111,7.79%,409,28.70%
506,2025-08-25,Keith Bowens,0,0,0%,0,0%,0,0,0%,0,0%,0,0,0%,0,0%,0,0,0%,0,0%,0,0,0%,0,0%
507,2025-08-25,J Guerriero,0,0,0%,0,0%,0,0,0%,0,0%,0,0,0%,0,0%,0,0,0%,0,0%,0,0,0%,0,0%
508,2025-08-25,Robert Colgan,18,5,27.78%,3,16.67%,0,0,0%,0,0%,2,1,50.00%,1,50.00%,5,1,20.00%,1,20.00%,11,3,27.27%,1,9.09%
509,2025-08-25,Miss L Alexander,49,4,8.16%,8,16.33%,0,0,0%,0,0%,16,2,12.50%,5,31.25%,16,1,6.25%,2,12.50%,17,1,5.88%,1,5.88%
510,2025-08-25,B R Dalton,1225,54,4.41%,285,23.27%,0,0,0%,0,0%,17,0,0%,2,11.76%,335,22,6.57%,94,28.06%,873,32,3.67%,189,21.65%
511,2025-08-25,Graham Watters,180,11,6.11%,61,33.89%,1,0,0%,0,0%,33,2,6.06%,8,24.24%,58,2,3.45%,23,39.66%,88,7,7.95%,30,34.09%
512,2025-08-25,Mr C M Murphy,61,3,4.92%,9,14.75%,0,0,0%,0,0%,24,1,4.17%,2,8.33%,24,2,8.33%,3,12.50%,13,0,0%,4,30.77%
513,2025-08-25,S Clements,144,15,10.42%,23,15.97%,0,0,0%,0,0%,6,0,0%,1,16.67%,70,11,15.71%,11,15.71%,68,4,5.88%,11,16.18%
514,2025-08-25,M W Bowes,429,22,5.13%,93,21.68%,0,0,0%,0,0%,3,0,0%,0,0%,91,5,5.49%,20,21.98%,335,17,5.07%,73,21.79%
515,2025-08-25,Mr W T Cronin,214,11,5.14%,55,25.70%,0,0,0%,0,0%,105,3,2.86%,35,33.33%,28,2,7.14%,6,21.43%,81,6,7.41%,14,17.28%
516,2025-08-25,Mr D F Bourke,34,0,0%,10,0%,0,0,0%,0,0%,22,0,0%,6,27.27%,5,0,0%,2,40.00%,7,0,0%,2,28.57%
517,2025-08-25,Mr R O Harding,272,16,5.88%,62,22.79%,1,0,0%,1,100.00%,148,4,2.70%,33,22.30%,83,12,14.46%,20,24.10%,40,0,0%,8,20.00%
518,2025-08-25,Mr J P McKeown,242,12,4.96%,53,21.90%,1,0,0%,0,0%,157,7,4.46%,30,19.11%,45,2,4.44%,14,31.11%,39,3,7.69%,9,23.08%
519,2025-08-25,Mr R Kavanagh,18,0,0%,9,0%,0,0,0%,0,0%,3,0,0%,0,0%,15,0,0%,9,60.00%,0,0,0%,0,0%
520,2025-08-25,J J Gerrard,0,0,0%,0,0%,0,0,0%,0,0%,0,0,0%,0,0%,0,0,0%,0,0%,0,0,0%,0,0%
521,2025-08-25,Tom Cannon,4987,614,12.31%,1628,32.64%,62,4,6.45%,24,38.71%,407,49,12.04%,134,32.92%,1558,229,14.70%,509,32.67%,2960,332,11.22%,961,32.47%
522,2025-08-25,Miss Rachel Blackmore,2,0,0%,1,0%,0,0,0%,0,0%,0,0,0%,0,0%,0,0,0%,0,0%,2,0,0%,1,50.00%
523,2025-08-25,Freddie Tylicki,1088,133,12.22%,279,25.64%,322,45,13.98%,101,31.37%,766,88,11.49%,178,23.24%,0,0,0%,0,0%,0,0,0%,0,0%
524,2025-08-25,Mr J Mahot,48,3,6.25%,16,33.33%,0,0,0%,0,0%,1,0,0%,0,0%,28,1,3.57%,7,25.00%,19,2,10.53%,9,47.37%
525,2025-08-25,Harry Challoner,815,61,7.48%,239,29.33%,6,0,0%,3,50.00%,45,1,2.22%,10,22.22%,257,25,9.73%,86,33.46%,507,35,6.90%,140,27.61%
526,2025-08-25,B J Cooper,4023,512,12.73%,1354,33.66%,4,0,0%,3,75.00%,33,1,3.03%,12,36.36%,1301,204,15.68%,440,33.82%,2685,307,11.43%,899,33.48%
527,2025-08-25,I M Carter,0,0,0%,0,0%,0,0,0%,0,0%,0,0,0%,0,0%,0,0,0%,0,0%,0,0,0%,0,0%
528,2025-08-25,B D Murtagh,0,0,0%,0,0%,0,0,0%,0,0%,0,0,0%,0,0%,0,0,0%,0,0%,0,0,0%,0,0%
529,2025-08-25,Mr D Murphy,78,4,5.13%,30,38.46%,0,0,0%,0,0%,48,1,2.08%,24,50.00%,24,2,8.33%,6,25.00%,6,1,16.67%,0,0%
530,2025-08-25,Mr G M Mangan,165,7,4.24%,32,19.39%,0,0,0%,0,0%,106,6,5.66%,17,16.04%,44,0,0%,9,20.45%,15,1,6.67%,6,40.00%
531,2025-08-25,Mr D O'Connor,1059,138,13.03%,398,37.58%,11,3,27.27%,6,54.55%,766,92,12.01%,293,38.25%,204,31,15.20%,78,38.24%,78,12,15.38%,21,26.92%
532,2025-08-25,Miss R Armstrong,1,0,0%,0,0%,0,0,0%,0,0%,0,0,0%,0,0%,1,0,0%,0,0%,0,0,0%,0,0%
533,2025-08-25,Mr D G Prichard,7,0,0%,0,0%,0,0,0%,0,0%,1,0,0%,0,0%,2,0,0%,0,0%,4,0,0%,0,0%
535,2025-08-25,Rachael Green,331,55,16.62%,106,32.02%,14,3,21.43%,4,28.57%,103,19,18.45%,34,33.01%,29,10,34.48%,5,17.24%,185,23,12.43%,63,34.05%
536,2025-08-25,Mr D Pick,0,0,0%,0,0%,0,0,0%,0,0%,0,0,0%,0,0%,0,0,0%,0,0%,0,0,0%,0,0%
537,2025-08-25,Oliver Williams,4,0,0%,0,0%,0,0,0%,0,0%,1,0,0%,0,0%,1,0,0%,0,0%,2,0,0%,0,0%
538,2025-08-25,Jemma Marshall,331,12,3.63%,63,19.03%,226,8,3.54%,45,19.91%,104,4,3.85%,17,16.35%,1,0,0%,1,100.00%,0,0,0%,0,0%
539,2025-08-25,Adam Kirby,1,1,100.00%,0,0.00%,0,0,0%,0,0%,1,1,100.00%,0,0%,0,0,0%,0,0%,0,0,0%,0,0%
540,2025-08-25,A McCarthy,226,5,2.21%,50,22.12%,91,4,4.40%,21,23.08%,135,1,0.74%,29,21.48%,0,0,0%,0,0%,0,0,0%,0,0%
541,2025-08-25,Mr Derek Smith,3,0,0%,1,0%,0,0,0%,0,0%,0,0,0%,0,0%,3,0,0%,1,33.33%,0,0,0%,0,0%
544,2025-08-25,Ciaran McKee,506,29,5.73%,164,32.41%,175,10,5.71%,50,28.57%,185,11,5.95%,58,31.35%,23,1,4.35%,10,43.48%,123,7,5.69%,46,37.40%
545,2025-08-25,Charles Eddery,161,10,6.21%,20,12.42%,109,8,7.34%,12,11.01%,52,2,3.85%,8,15.38%,0,0,0%,0,0%,0,0,0%,0,0%
546,2025-08-25,L Mayor,1,0,0%,0,0%,1,0,0%,0,0%,0,0,0%,0,0%,0,0,0%,0,0%,0,0,0%,0,0%
547,2025-08-25,E C McCarthy,17,0,0%,6,0%,0,0,0%,0,0%,0,0,0%,0,0%,0,0,0%,0,0%,17,0,0%,6,35.29%
548,2025-08-25,Mr G N Fox,0,0,0%,0,0%,0,0,0%,0,0%,0,0,0%,0,0%,0,0,0%,0,0%,0,0,0%,0,0%
549,2025-08-25,J G M Murphy,0,0,0%,0,0%,0,0,0%,0,0%,0,0,0%,0,0%,0,0,0%,0,0%,0,0,0%,0,0%
550,2025-08-25,Mr D Kiely,181,7,3.87%,47,25.97%,0,0,0%,0,0%,143,5,3.50%,34,23.78%,5,0,0%,3,60.00%,32,2,6.25%,10,31.25%
551,2025-08-25,Miss E McCutcheon,103,1,0.97%,22,21.36%,2,0,0%,0,0%,52,1,1.92%,11,21.15%,30,0,0%,8,26.67%,19,0,0%,3,15.79%
552,2025-08-25,Mr A J Walsh,12,0,0%,1,0%,0,0,0%,0,0%,8,0,0%,1,12.50%,3,0,0%,0,0%,1,0,0%,0,0%
553,2025-08-25,Mr M G Cooney,7,0,0%,1,0%,0,0,0%,0,0%,2,0,0%,0,0%,3,0,0%,0,0%,2,0,0%,1,50.00%
554,2025-08-25,R T Dunne,3221,277,8.60%,1053,32.69%,8,0,0%,0,0%,203,10,4.93%,54,26.60%,1142,135,11.82%,407,35.64%,1868,132,7.07%,592,31.69%
555,2025-08-25,Mr A Guerin,4,0,0%,3,0%,0,0,0%,0,0%,0,0,0%,0,0%,1,0,0%,1,100.00%,3,0,0%,2,66.67%
556,2025-08-25,Mr C Hughes,2,0,0%,0,0%,0,0,0%,0,0%,1,0,0%,0,0%,1,0,0%,0,0%,0,0,0%,0,0%
557,2025-08-25,Mr P Prince,46,2,4.35%,0,0.00%,5,0,0%,0,0%,8,1,12.50%,0,0%,19,0,0%,0,0%,14,1,7.14%,0,0%
558,2025-08-25,Mr J P Featherstone,3,0,0%,1,0%,0,0,0%,0,0%,3,0,0%,1,33.33%,0,0,0%,0,0%,0,0,0%,0,0%
559,2025-08-25,P Thomas,9,0,0%,3,0%,2,0,0%,2,100.00%,2,0,0%,0,0%,4,0,0%,1,25.00%,1,0,0%,0,0%
560,2025-08-25,Mr E Sullivan,0,0,0%,0,0%,0,0,0%,0,0%,0,0,0%,0,0%,0,0,0%,0,0%,0,0,0%,0,0%
561,2025-08-25,Miss J C Williams,41,12,29.27%,13,31.71%,0,0,0%,0,0%,2,1,50.00%,1,50.00%,34,11,32.35%,11,32.35%,5,0,0%,1,20.00%
562,2025-08-25,Mr M Price,23,2,8.70%,2,8.70%,6,1,16.67%,0,0%,12,1,8.33%,2,16.67%,3,0,0%,0,0%,2,0,0%,0,0%
563,2025-08-25,Miss S Bradley,1,0,0%,0,0%,0,0,0%,0,0%,1,0,0%,0,0%,0,0,0%,0,0%,0,0,0%,0,0%
564,2025-08-25,Miss R Bastiman,0,0,0%,0,0%,0,0,0%,0,0%,0,0,0%,0,0%,0,0,0%,0,0%,0,0,0%,0,0%
565,2025-08-25,Miss S P Pearce,0,0,0%,0,0%,0,0,0%,0,0%,0,0,0%,0,0%,0,0,0%,0,0%,0,0,0%,0,0%
566,2025-08-25,Miss H Davies,6,1,16.67%,1,16.67%,4,1,25.00%,0,0%,2,0,0%,1,50.00%,0,0,0%,0,0%,0,0,0%,0,0%
567,2025-08-25,Mr M Owen,0,0,0%,0,0%,0,0,0%,0,0%,0,0,0%,0,0%,0,0,0%,0,0%,0,0,0%,0,0%
568,2025-08-25,Miss M Bryant,131,2,1.53%,21,16.03%,91,1,1.10%,17,18.68%,40,1,2.50%,4,10.00%,0,0,0%,0,0%,0,0,0%,0,0%
569,2025-08-25,Miss M Mullineaux,146,6,4.11%,33,22.60%,31,1,3.23%,6,19.35%,115,5,4.35%,27,23.48%,0,0,0%,0,0%,0,0,0%,0,0%
570,2025-08-25,Miss A Wallace,8,0,0%,3,0%,3,0,0%,2,66.67%,5,0,0%,1,20.00%,0,0,0%,0,0%,0,0,0%,0,0%
571,2025-08-25,Miss A Craven,1,0,0%,0,0%,1,0,0%,0,0%,0,0,0%,0,0%,0,0,0%,0,0%,0,0,0%,0,0%
572,2025-08-25,Mr G Oliver,0,0,0%,0,0%,0,0,0%,0,0%,0,0,0%,0,0%,0,0,0%,0,0%,0,0,0%,0,0%
573,2025-08-25,John Fahy,195,22,11.28%,35,17.95%,45,8,17.78%,3,6.67%,150,14,9.33%,32,21.33%,0,0,0%,0,0%,0,0,0%,0,0%
574,2025-08-25,J O'Dwyer,0,0,0%,0,0%,0,0,0%,0,0%,0,0,0%,0,0%,0,0,0%,0,0%,0,0,0%,0,0%
575,2025-08-25,Miss S Brotherton,559,88,15.74%,212,37.92%,155,26,16.77%,64,41.29%,402,62,15.42%,148,36.82%,1,0,0%,0,0%,1,0,0%,0,0%
576,2025-08-25,Mr M Ennis,265,22,8.30%,69,26.04%,25,0,0%,3,12.00%,102,11,10.78%,39,38.24%,64,8,12.50%,14,21.88%,74,3,4.05%,13,17.57%
577,2025-08-25,Miss N Dumelow,10,3,30.00%,1,10.00%,1,1,100.00%,0,0%,9,2,22.22%,1,11.11%,0,0,0%,0,0%,0,0,0%,0,0%
578,2025-08-25,Miss E J Jones,56,1,1.79%,22,39.29%,14,1,7.14%,4,28.57%,42,0,0%,18,42.86%,0,0,0%,0,0%,0,0,0%,0,0%
580,2025-08-25,Mr Ed Glassonbury,41,6,14.63%,7,17.07%,0,0,0%,0,0%,3,0,0%,0,0%,23,2,8.70%,7,30.43%,15,4,26.67%,0,0%
581,2025-08-25,G Supple,4,0,0%,0,0%,0,0,0%,0,0%,0,0,0%,0,0%,0,0,0%,0,0%,4,0,0%,0,0%
582,2025-08-25,T O'Connor,69,4,5.80%,8,11.59%,1,0,0%,0,0%,13,0,0%,3,23.08%,5,0,0%,1,20.00%,50,4,8.00%,4,8.00%
583,2025-08-25,James Banks,1170,77,6.58%,454,38.80%,11,0,0%,1,9.09%,89,3,3.37%,28,31.46%,374,34,9.09%,176,47.06%,696,40,5.75%,249,35.78%
584,2025-08-25,Ross Geraghty,1,0,0%,0,0%,0,0,0%,0,0%,0,0,0%,0,0%,0,0,0%,0,0%,1,0,0%,0,0%
585,2025-08-25,Mr B G Crawford,191,10,5.24%,88,46.07%,0,0,0%,0,0%,92,6,6.52%,40,43.48%,49,1,2.04%,23,46.94%,50,3,6.00%,25,50.00%
586,2025-08-25,Miss J A Kidd,10,0,0%,1,0%,0,0,0%,0,0%,6,0,0%,1,16.67%,1,0,0%,0,0%,3,0,0%,0,0%
587,2025-08-25,Mr M J O'Hare,353,47,13.31%,144,40.79%,1,1,100.00%,0,0%,260,37,14.23%,106,40.77%,74,8,10.81%,28,37.84%,18,1,5.56%,10,55.56%
588,2025-08-25,Mr S C Byrne,0,0,0%,0,0%,0,0,0%,0,0%,0,0,0%,0,0%,0,0,0%,0,0%,0,0,0%,0,0%
589,2025-08-25,Mr M P Kelly,4,0,0%,0,0%,0,0,0%,0,0%,2,0,0%,0,0%,1,0,0%,0,0%,1,0,0%,0,0%
590,2025-08-25,M G Nolan,2410,247,10.25%,786,32.61%,6,0,0%,3,50.00%,176,13,7.39%,58,32.95%,777,90,11.58%,278,35.78%,1451,144,9.92%,447,30.81%
591,2025-08-25,Mr D H Dunsdon,108,17,15.74%,34,31.48%,14,2,14.29%,5,35.71%,71,11,15.49%,23,32.39%,4,3,75.00%,0,0%,19,1,5.26%,6,31.58%
592,2025-08-25,Mr T Ellis,52,9,17.31%,26,50.00%,0,0,0%,0,0%,0,0,0%,0,0%,51,9,17.65%,26,50.98%,1,0,0%,0,0%
593,2025-08-25,Mr O J Murphy,23,4,17.39%,4,17.39%,0,0,0%,0,0%,1,0,0%,0,0%,6,1,16.67%,1,16.67%,16,3,18.75%,3,18.75%
594,2025-08-25,Samuel Drinkwater,18,1,5.56%,2,11.11%,0,0,0%,0,0%,4,0,0%,0,0%,6,1,16.67%,0,0%,8,0,0%,2,25.00%
595,2025-08-25,P McDonald,3858,389,10.08%,1373,35.59%,795,79,9.94%,291,36.60%,3060,310,10.13%,1081,35.33%,1,0,0%,1,100.00%,2,0,0%,0,0%
596,2025-08-25,Connor Hoban,0,0,0%,0,0%,0,0,0%,0,0%,0,0,0%,0,0%,0,0,0%,0,0%,0,0,0%,0,0%
597,2025-08-25,Darren Moffatt,1,0,0%,0,0%,0,0,0%,0,0%,1,0,0%,0,0%,0,0,0%,0,0%,0,0,0%,0,0%
598,2025-08-25,O Nelmes,1,0,0%,0,0%,0,0,0%,0,0%,0,0,0%,0,0%,0,0,0%,0,0%,1,0,0%,0,0%
599,2025-08-25,Mr A J Doyle,42,0,0%,3,0%,0,0,0%,0,0%,17,0,0%,1,5.88%,13,0,0%,1,7.69%,12,0,0%,1,8.33%
600,2025-08-25,Mr M R Rohan,10,0,0%,0,0%,0,0,0%,0,0%,8,0,0%,0,0%,2,0,0%,0,0%,0,0,0%,0,0%
601,2025-08-25,Mr C W Fennessy,58,9,15.52%,16,27.59%,0,0,0%,0,0%,35,4,11.43%,10,28.57%,12,4,33.33%,3,25.00%,11,1,9.09%,3,27.27%
602,2025-08-25,Mr J C Barry,991,61,6.16%,299,30.17%,11,0,0%,5,45.45%,605,23,3.80%,183,30.25%,186,21,11.29%,48,25.81%,184,17,9.24%,60,32.61%
603,2025-08-25,Mr P B Roche,3,0,0%,0,0%,0,0,0%,0,0%,0,0,0%,0,0%,2,0,0%,0,0%,1,0,0%,0,0%
604,2025-08-25,Mr J M O'Connor,0,0,0%,0,0%,0,0,0%,0,0%,0,0,0%,0,0%,0,0,0%,0,0%,0,0,0%,0,0%
605,2025-08-25,S J Drowne,2428,164,6.75%,785,32.33%,983,50,5.09%,266,27.06%,1444,114,7.89%,519,35.94%,1,0,0%,0,0%,0,0,0%,0,0%
606,2025-08-25,Mr R Birkett,248,31,12.50%,94,37.90%,98,13,13.27%,35,35.71%,150,18,12.00%,59,39.33%,0,0,0%,0,0%,0,0,0%,0,0%
607,2025-08-25,Mr S Walker,503,96,19.09%,204,40.56%,217,52,23.96%,84,38.71%,286,44,15.38%,120,41.96%,0,0,0%,0,0%,0,0,0%,0,0%
608,2025-08-25,Miss L C Griffiths,1,0,0%,0,0%,0,0,0%,0,0%,1,0,0%,0,0%,0,0,0%,0,0%,0,0,0%,0,0%
609,2025-08-25,Mr John Ennis,0,0,0%,0,0%,0,0,0%,0,0%,0,0,0%,0,0%,0,0,0%,0,0%,0,0,0%,0,0%
611,2025-08-25,Mr P Millman,212,28,13.21%,68,32.08%,65,10,15.38%,20,30.77%,147,18,12.24%,48,32.65%,0,0,0%,0,0%,0,0,0%,0,0%
612,2025-08-25,Mr F Fairchild,1,0,0%,0,0%,0,0,0%,0,0%,1,0,0%,0,0%,0,0,0%,0,0%,0,0,0%,0,0%
613,2025-08-25,F Tylicki,1921,259,13.48%,738,38.42%,787,115,14.61%,310,39.39%,1133,144,12.71%,428,37.78%,0,0,0%,0,0%,1,0,0%,0,0%
614,2025-08-25,Miss Pernilla Hermansson,19,2,10.53%,3,15.79%,3,1,33.33%,1,33.33%,6,0,0%,1,16.67%,0,0,0%,0,0%,10,1,10.00%,1,10.00%
615,2025-08-25,Mathew Dickinson,0,0,0%,0,0%,0,0,0%,0,0%,0,0,0%,0,0%,0,0,0%,0,0%,0,0,0%,0,0%
616,2025-08-25,Sam Twiston-Davies,8180,1322,16.16%,3067,37.49%,46,4,8.70%,27,58.70%,670,107,15.97%,242,36.12%,3164,529,16.72%,1107,34.99%,4300,682,15.86%,1691,39.33%
617,2025-08-25,Lewis Walsh,93,11,11.83%,23,24.73%,32,4,12.50%,7,21.88%,61,7,11.48%,16,26.23%,0,0,0%,0,0%,0,0,0%,0,0%
618,2025-08-25,P Cosgrave,5387,691,12.83%,1962,36.42%,1939,262,13.51%,742,38.27%,3444,429,12.46%,1218,35.37%,3,0,0%,1,33.33%,1,0,0%,1,100.00%
619,2025-08-25,Mr G Barfoot-Saunt,111,0,0%,7,0%,3,0,0%,0,0%,12,0,0%,0,0%,35,0,0%,4,11.43%,61,0,0%,3,4.92%
620,2025-08-25,Mr M Garnett,8,1,12.50%,2,25.00%,1,0,0%,0,0%,3,1,33.33%,1,33.33%,1,0,0%,0,0%,3,0,0%,1,33.33%
621,2025-08-25,Campell Gillies,160,19,11.88%,34,21.25%,0,0,0%,0,0%,7,0,0%,4,57.14%,64,8,12.50%,11,17.19%,89,11,12.36%,19,21.35%
622,2025-08-25,Mrs V Jackson,1,0,0%,0,0%,0,0,0%,0,0%,0,0,0%,0,0%,1,0,0%,0,0%,0,0,0%,0,0%
623,2025-08-25,Mr J D Moore,13,1,7.69%,0,0.00%,0,0,0%,0,0%,2,0,0%,0,0%,10,1,10.00%,0,0%,1,0,0%,0,0%
624,2025-08-25,Michael Byrne,882,89,10.09%,277,31.41%,6,0,0%,2,33.33%,75,8,10.67%,25,33.33%,200,27,13.50%,76,38.00%,601,54,8.99%,174,28.95%
625,2025-08-25,Mr M Seston,14,0,0%,3,0%,0,0,0%,0,0%,3,0,0%,0,0%,11,0,0%,3,27.27%,0,0,0%,0,0%
626,2025-08-25,Mr A Waugh,2,0,0%,0,0%,0,0,0%,0,0%,0,0,0%,0,0%,2,0,0%,0,0%,0,0,0%,0,0%
627,2025-08-25,Mr F Hutsby,0,0,0%,0,0%,0,0,0%,0,0%,0,0,0%,0,0%,0,0,0%,0,0%,0,0,0%,0,0%
628,2025-08-25,Miss Samantha Drake,35,6,17.14%,11,31.43%,0,0,0%,0,0%,3,0,0%,1,33.33%,10,3,30.00%,3,30.00%,22,3,13.64%,7,31.82%
629,2025-08-25,Mr S P Byrne,65,4,6.15%,20,30.77%,0,0,0%,0,0%,55,4,7.27%,19,34.55%,0,0,0%,0,0%,10,0,0%,1,10.00%
630,2025-08-25,M P Fogarty,1135,94,8.28%,338,29.78%,1,0,0%,1,100.00%,6,2,33.33%,1,16.67%,325,28,8.62%,108,33.23%,803,64,7.97%,228,28.39%
632,2025-08-25,Mr J J Dempsey,6,0,0%,0,0%,0,0,0%,0,0%,0,0,0%,0,0%,1,0,0%,0,0%,5,0,0%,0,0%
633,2025-08-25,Lucy K Barry,334,29,8.68%,93,27.84%,163,11,6.75%,47,28.83%,131,14,10.69%,33,25.19%,4,1,25.00%,1,25.00%,36,3,8.33%,12,33.33%
634,2025-08-25,Mr J M Quinlan,68,9,13.24%,12,17.65%,3,1,33.33%,0,0%,11,1,9.09%,1,9.09%,8,1,12.50%,0,0%,46,6,13.04%,11,23.91%
635,2025-08-25,Miss L Williams,9,0,0%,2,0%,7,0,0%,2,28.57%,2,0,0%,0,0%,0,0,0%,0,0%,0,0,0%,0,0%
636,2025-08-25,F D Silva,0,0,0%,0,0%,0,0,0%,0,0%,0,0,0%,0,0%,0,0,0%,0,0%,0,0,0%,0,0%
637,2025-08-25,G Thomas,12,0,0%,2,0%,1,0,0%,0,0%,2,0,0%,0,0%,0,0,0%,0,0%,9,0,0%,2,22.22%
638,2025-08-25,Mr B M Morris,6,0,0%,0,0%,4,0,0%,0,0%,2,0,0%,0,0%,0,0,0%,0,0%,0,0,0%,0,0%
639,2025-08-25,Peter Hatton,163,11,6.75%,23,14.11%,0,0,0%,0,0%,13,0,0%,1,7.69%,25,3,12.00%,0,0%,125,8,6.40%,22,17.60%
640,2025-08-25,Ross Wishart,6,0,0%,0,0%,0,0,0%,0,0%,2,0,0%,0,0%,0,0,0%,0,0%,4,0,0%,0,0%
641,2025-08-25,Mr M Rimell,0,0,0%,0,0%,0,0,0%,0,0%,0,0,0%,0,0%,0,0,0%,0,0%,0,0,0%,0,0%
642,2025-08-25,James Smith,39,4,10.26%,11,28.21%,0,0,0%,0,0%,1,0,0%,0,0%,10,1,10.00%,4,40.00%,28,3,10.71%,7,25.00%
643,2025-08-25,Miss E Folkes,0,0,0%,0,0%,0,0,0%,0,0%,0,0,0%,0,0%,0,0,0%,0,0%,0,0,0%,0,0%
644,2025-08-25,Miss L Wilson,60,7,11.67%,18,30.00%,8,1,12.50%,1,12.50%,52,6,11.54%,17,32.69%,0,0,0%,0,0%,0,0,0%,0,0%
645,2025-08-25,Mr C Davies,0,0,0%,0,0%,0,0,0%,0,0%,0,0,0%,0,0%,0,0,0%,0,0%,0,0,0%,0,0%
646,2025-08-25,Mr Ashlee Price,0,0,0%,0,0%,0,0,0%,0,0%,0,0,0%,0,0%,0,0,0%,0,0%,0,0,0%,0,0%
647,2025-08-25,Miss Charlotte Holmes,9,0,0%,2,0%,3,0,0%,1,33.33%,6,0,0%,1,16.67%,0,0,0%,0,0%,0,0,0%,0,0%
648,2025-08-25,Mr D Maxwell,365,71,19.45%,137,37.53%,0,0,0%,0,0%,12,2,16.67%,3,25.00%,240,45,18.75%,92,38.33%,113,24,21.24%,42,37.17%
649,2025-08-25,Mr D Mansell,55,3,5.45%,22,40.00%,0,0,0%,0,0%,0,0,0%,0,0%,55,3,5.45%,22,40.00%,0,0,0%,0,0%
650,2025-08-25,Mr J Docker,11,2,18.18%,3,27.27%,0,0,0%,0,0%,0,0,0%,0,0%,11,2,18.18%,3,27.27%,0,0,0%,0,0%
651,2025-08-25,Mr B Furnival,24,0,0%,8,0%,2,0,0%,1,50.00%,2,0,0%,1,50.00%,19,0,0%,6,31.58%,1,0,0%,0,0%
652,2025-08-25,Mr R J Barrett,1,0,0%,0,0%,0,0,0%,0,0%,0,0,0%,0,0%,1,0,0%,0,0%,0,0,0%,0,0%
653,2025-08-25,Mr G Brewer,16,1,6.25%,3,18.75%,0,0,0%,0,0%,0,0,0%,0,0%,16,1,6.25%,3,18.75%,0,0,0%,0,0%
654,2025-08-25,Mr J Monk,0,0,0%,0,0%,0,0,0%,0,0%,0,0,0%,0,0%,0,0,0%,0,0%,0,0,0%,0,0%
655,2025-08-25,Mr W Bissill,0,0,0%,0,0%,0,0,0%,0,0%,0,0,0%,0,0%,0,0,0%,0,0%,0,0,0%,0,0%
656,2025-08-25,P J Benson,3,0,0%,0,0%,0,0,0%,0,0%,0,0,0%,0,0%,1,0,0%,0,0%,2,0,0%,0,0%
657,2025-08-25,Mr D W Cullen,1,0,0%,0,0%,0,0,0%,0,0%,1,0,0%,0,0%,0,0,0%,0,0%,0,0,0%,0,0%
660,2025-08-25,Mr R Hodges,15,0,0%,2,0%,0,0,0%,0,0%,1,0,0%,0,0%,14,0,0%,2,14.29%,0,0,0%,0,0%
661,2025-08-25,Mr J Turner,0,0,0%,0,0%,0,0,0%,0,0%,0,0,0%,0,0%,0,0,0%,0,0%,0,0,0%,0,0%
662,2025-08-25,Mr B J Poste,120,6,5.00%,23,19.17%,2,0,0%,0,0%,10,0,0%,2,20.00%,52,4,7.69%,9,17.31%,56,2,3.57%,12,21.43%
663,2025-08-25,R P Cleary,5454,244,4.47%,1088,19.95%,1550,81,5.23%,353,22.77%,3897,163,4.18%,733,18.81%,2,0,0%,1,50.00%,5,0,0%,1,20.00%
664,2025-08-25,Mr R Bandey,1,0,0%,0,0%,0,0,0%,0,0%,0,0,0%,0,0%,1,0,0%,0,0%,0,0,0%,0,0%
665,2025-08-25,Miss C Allen,0,0,0%,0,0%,0,0,0%,0,0%,0,0,0%,0,0%,0,0,0%,0,0%,0,0,0%,0,0%
666,2025-08-25,Mr R Burton,6,1,16.67%,2,33.33%,0,0,0%,0,0%,0,0,0%,0,0%,6,1,16.67%,2,33.33%,0,0,0%,0,0%
667,2025-08-25,Mrs H Kemp,7,0,0%,1,0%,0,0,0%,0,0%,0,0,0%,0,0%,7,0,0%,1,14.29%,0,0,0%,0,0%
668,2025-08-25,Miss P Gundry,3,0,0%,0,0%,0,0,0%,0,0%,0,0,0%,0,0%,2,0,0%,0,0%,1,0,0%,0,0%
669,2025-08-25,Mr A Vaughan-jones,4,0,0%,2,0%,0,0,0%,0,0%,0,0,0%,0,0%,4,0,0%,2,50.00%,0,0,0%,0,0%
670,2025-08-25,Mr R Clark,0,0,0%,0,0%,0,0,0%,0,0%,0,0,0%,0,0%,0,0,0%,0,0%,0,0,0%,0,0%
671,2025-08-25,F Sweeney,1014,80,7.89%,346,34.12%,380,28,7.37%,131,34.47%,633,52,8.21%,214,33.81%,1,0,0%,1,100.00%,0,0,0%,0,0%
672,2025-08-25,Josh Evans,0,0,0%,0,0%,0,0,0%,0,0%,0,0,0%,0,0%,0,0,0%,0,0%,0,0,0%,0,0%
673,2025-08-25,Mr J P Magnier,10,0,0%,2,0%,0,0,0%,0,0%,10,0,0%,2,20.00%,0,0,0%,0,0%,0,0,0%,0,0%
674,2025-08-25,Miss Stefania Gandola,0,0,0%,0,0%,0,0,0%,0,0%,0,0,0%,0,0%,0,0,0%,0,0%,0,0,0%,0,0%
675,2025-08-25,Miss C E Reid,1,0,0%,0,0%,1,0,0%,0,0%,0,0,0%,0,0%,0,0,0%,0,0%,0,0,0%,0,0%
676,2025-08-25,Mr T Garner,44,1,2.27%,5,11.36%,4,0,0%,1,25.00%,8,0,0%,1,12.50%,12,0,0%,3,25.00%,20,1,5.00%,0,0%
677,2025-08-25,Mr P Collington,42,2,4.76%,16,38.10%,14,0,0%,8,57.14%,28,2,7.14%,8,28.57%,0,0,0%,0,0%,0,0,0%,0,0%
678,2025-08-25,Miss W Gibson,33,2,6.06%,4,12.12%,3,0,0%,1,33.33%,30,2,6.67%,3,10.00%,0,0,0%,0,0%,0,0,0%,0,0%
679,2025-08-25,Mr J Pearce,63,1,1.59%,11,17.46%,3,0,0%,1,33.33%,12,1,8.33%,3,25.00%,10,0,0%,0,0%,38,0,0%,7,18.42%
680,2025-08-25,Miss C Cundall,0,0,0%,0,0%,0,0,0%,0,0%,0,0,0%,0,0%,0,0,0%,0,0%,0,0,0%,0,0%
681,2025-08-25,Mr C Bevan,0,0,0%,0,0%,0,0,0%,0,0%,0,0,0%,0,0%,0,0,0%,0,0%,0,0,0%,0,0%
682,2025-08-25,P Norton,0,0,0%,0,0%,0,0,0%,0,0%,0,0,0%,0,0%,0,0,0%,0,0%,0,0,0%,0,0%
683,2025-08-25,D Bass,889,149,16.76%,312,35.10%,5,1,20.00%,2,40.00%,111,22,19.82%,41,36.94%,266,44,16.54%,85,31.95%,507,82,16.17%,184,36.29%
684,2025-08-25,K Bowens,0,0,0%,0,0%,0,0,0%,0,0%,0,0,0%,0,0%,0,0,0%,0,0%,0,0,0%,0,0%
685,2025-08-25,Mr L R Payter,17,2,11.76%,3,17.65%,0,0,0%,0,0%,1,0,0%,0,0%,16,2,12.50%,3,18.75%,0,0,0%,0,0%
686,2025-08-25,Mr K Cogley,27,1,3.70%,0,0.00%,0,0,0%,0,0%,15,1,6.67%,0,0%,3,0,0%,0,0%,9,0,0%,0,0%
687,2025-08-25,Miss A B O'Connor,572,66,11.54%,163,28.50%,10,0,0%,1,10.00%,341,29,8.50%,96,28.15%,84,14,16.67%,20,23.81%,137,23,16.79%,46,33.58%
688,2025-08-25,Mr A Ring,15,0,0%,0,0%,0,0,0%,0,0%,7,0,0%,0,0%,2,0,0%,0,0%,6,0,0%,0,0%
689,2025-08-25,J Derham,0,0,0%,0,0%,0,0,0%,0,0%,0,0,0%,0,0%,0,0,0%,0,0%,0,0,0%,0,0%
690,2025-08-25,K James,201,18,8.96%,49,24.38%,8,0,0%,3,37.50%,19,2,10.53%,5,26.32%,22,3,13.64%,6,27.27%,152,13,8.55%,35,23.03%
691,2025-08-25,C Timmons,99,5,5.05%,13,13.13%,0,0,0%,0,0%,13,0,0%,2,15.38%,14,0,0%,2,14.29%,72,5,6.94%,9,12.50%
692,2025-08-25,Donal Fahy,282,13,4.61%,75,26.60%,5,0,0%,3,60.00%,19,0,0%,9,47.37%,59,3,5.08%,23,38.98%,199,10,5.03%,40,20.10%
693,2025-08-25,Mr James Davies,0,0,0%,0,0%,0,0,0%,0,0%,0,0,0%,0,0%,0,0,0%,0,0%,0,0,0%,0,0%
694,2025-08-25,F M Berry,2703,332,12.28%,904,33.44%,471,73,15.50%,146,31.00%,2232,259,11.60%,758,33.96%,0,0,0%,0,0%,0,0,0%,0,0%
695,2025-08-25,Mr D Lambe,9,1,11.11%,3,33.33%,0,0,0%,0,0%,3,0,0%,1,33.33%,0,0,0%,0,0%,6,1,16.67%,2,33.33%
696,2025-08-25,Mr M Watson,39,1,2.56%,6,15.38%,1,0,0%,1,100.00%,17,0,0%,2,11.76%,16,1,6.25%,2,12.50%,5,0,0%,1,20.00%
697,2025-08-25,Mr E David,58,5,8.62%,17,29.31%,1,0,0%,1,100.00%,2,0,0%,0,0%,44,5,11.36%,15,34.09%,11,0,0%,1,9.09%
698,2025-08-25,Miss K Squires,0,0,0%,0,0%,0,0,0%,0,0%,0,0,0%,0,0%,0,0,0%,0,0%,0,0,0%,0,0%
699,2025-08-25,Mr J A Best,61,10,16.39%,6,9.84%,0,0,0%,0,0%,8,0,0%,0,0%,37,9,24.32%,6,16.22%,16,1,6.25%,0,0%
700,2025-08-25,B Adams,0,0,0%,0,0%,0,0,0%,0,0%,0,0,0%,0,0%,0,0,0%,0,0%,0,0,0%,0,0%
701,2025-08-25,Shirley Teasdale,796,45,5.65%,242,30.40%,327,16,4.89%,103,31.50%,468,29,6.20%,139,29.70%,1,0,0%,0,0%,0,0,0%,0,0%
702,2025-08-25,Dean Pratt,168,23,13.69%,60,35.71%,0,0,0%,0,0%,9,1,11.11%,3,33.33%,41,5,12.20%,16,39.02%,118,17,14.41%,41,34.75%
703,2025-08-25,Mr J Bewley,5,1,20.00%,1,20.00%,0,0,0%,0,0%,0,0,0%,0,0%,4,1,25.00%,0,0%,1,0,0%,1,100.00%
704,2025-08-25,Leonna Mayor,281,31,11.03%,73,25.98%,179,20,11.17%,54,30.17%,101,11,10.89%,19,18.81%,1,0,0%,0,0%,0,0,0%,0,0%
705,2025-08-25,Mr G Maundrell,1,0,0%,0,0%,0,0,0%,0,0%,0,0,0%,0,0%,1,0,0%,0,0%,0,0,0%,0,0%
706,2025-08-25,Mr A Wadlow,5,0,0%,1,0%,0,0,0%,0,0%,0,0,0%,0,0%,5,0,0%,1,20.00%,0,0,0%,0,0%
707,2025-08-25,Miss L Bell,6,0,0%,0,0%,0,0,0%,0,0%,0,0,0%,0,0%,6,0,0%,0,0%,0,0,0%,0,0%
708,2025-08-25,Adam Wedge,4907,561,11.43%,1574,32.08%,15,1,6.67%,4,26.67%,270,26,9.63%,80,29.63%,1968,266,13.52%,647,32.88%,2654,268,10.10%,843,31.76%
709,2025-08-25,Jack Sherwood,536,57,10.63%,196,36.57%,5,0,0%,1,20.00%,57,8,14.04%,21,36.84%,106,13,12.26%,36,33.96%,368,36,9.78%,138,37.50%
710,2025-08-25,Mr C Dawson,28,3,10.71%,8,28.57%,0,0,0%,0,0%,0,0,0%,0,0%,28,3,10.71%,8,28.57%,0,0,0%,0,0%
711,2025-08-25,Mr R S Brown,0,0,0%,0,0%,0,0,0%,0,0%,0,0,0%,0,0%,0,0,0%,0,0%,0,0,0%,0,0%
712,2025-08-25,Mr N Pearce,1,0,0%,0,0%,0,0,0%,0,0%,0,0,0%,0,0%,1,0,0%,0,0%,0,0,0%,0,0%
713,2025-08-25,Mr G Crow,63,6,9.52%,23,36.51%,0,0,0%,0,0%,1,0,0%,0,0%,61,6,9.84%,23,37.70%,1,0,0%,0,0%
714,2025-08-25,Mr C J Sweeney,55,15,27.27%,22,40.00%,1,0,0%,0,0%,15,3,20.00%,3,20.00%,26,8,30.77%,12,46.15%,13,4,30.77%,7,53.85%
715,2025-08-25,Miss N Murphy,0,0,0%,0,0%,0,0,0%,0,0%,0,0,0%,0,0%,0,0,0%,0,0%,0,0,0%,0,0%
717,2025-08-25,Mr D S Jones,0,0,0%,0,0%,0,0,0%,0,0%,0,0,0%,0,0%,0,0,0%,0,0%,0,0,0%,0,0%
718,2025-08-25,Mr Rhys Hughes,3,0,0%,0,0%,1,0,0%,0,0%,0,0,0%,0,0%,1,0,0%,0,0%,1,0,0%,0,0%
719,2025-08-25,Mr J E Tudor,37,8,21.62%,9,24.32%,0,0,0%,0,0%,0,0,0%,0,0%,35,7,20.00%,9,25.71%,2,1,50.00%,0,0%
720,2025-08-25,Mr N Deakin,4,0,0%,0,0%,0,0,0%,0,0%,0,0,0%,0,0%,4,0,0%,0,0%,0,0,0%,0,0%
721,2025-08-25,Mr D Edwards,98,16,16.33%,37,37.76%,0,0,0%,0,0%,4,1,25.00%,2,50.00%,85,14,16.47%,34,40.00%,9,1,11.11%,1,11.11%
722,2025-08-25,P B Beggy,578,29,5.02%,121,20.93%,142,11,7.75%,23,16.20%,436,18,4.13%,98,22.48%,0,0,0%,0,0%,0,0,0%,0,0%
723,2025-08-25,Brian Harding,1093,124,11.34%,309,28.27%,14,4,28.57%,2,14.29%,78,8,10.26%,23,29.49%,422,54,12.80%,127,30.09%,579,58,10.02%,157,27.12%
724,2025-08-25,Mr J Hamer,56,4,7.14%,10,17.86%,4,0,0%,0,0%,9,0,0%,3,33.33%,29,3,10.34%,6,20.69%,14,1,7.14%,1,7.14%
726,2025-08-25,Jonathon Bewley,964,80,8.30%,294,30.50%,11,0,0%,1,9.09%,66,3,4.55%,19,28.79%,330,41,12.42%,101,30.61%,557,36,6.46%,173,31.06%
727,2025-08-25,Mr T Davidson,32,3,9.38%,9,28.13%,0,0,0%,0,0%,0,0,0%,0,0%,28,3,10.71%,8,28.57%,4,0,0%,1,25.00%
728,2025-08-25,Mr R W Green,0,0,0%,0,0%,0,0,0%,0,0%,0,0,0%,0,0%,0,0,0%,0,0%,0,0,0%,0,0%
729,2025-08-25,Alistair Findlay,164,6,3.66%,33,20.12%,2,0,0%,0,0%,19,0,0%,2,10.53%,55,5,9.09%,12,21.82%,88,1,1.14%,19,21.59%
730,2025-08-25,S Sanders,2057,226,10.99%,648,31.50%,1010,117,11.58%,334,33.07%,1044,109,10.44%,312,29.89%,3,0,0%,2,66.67%,0,0,0%,0,0%
731,2025-08-25,Mrs J E Pugh,8,1,12.50%,0,0.00%,0,0,0%,0,0%,5,1,20.00%,0,0%,2,0,0%,0,0%,1,0,0%,0,0%
732,2025-08-25,Mr D Fehily,3,0,0%,0,0%,0,0,0%,0,0%,0,0,0%,0,0%,0,0,0%,0,0%,3,0,0%,0,0%
733,2025-08-25,Mr J A Jenkins,17,0,0%,2,0%,0,0,0%,0,0%,9,0,0%,1,11.11%,5,0,0%,1,20.00%,3,0,0%,0,0%
734,2025-08-25,Mr J F O'Meara,61,6,9.84%,21,34.43%,0,0,0%,0,0%,61,6,9.84%,21,34.43%,0,0,0%,0,0%,0,0,0%,0,0%
735,2025-08-25,A Hamblett,27,4,14.81%,7,25.93%,1,0,0%,1,100.00%,26,4,15.38%,6,23.08%,0,0,0%,0,0%,0,0,0%,0,0%
736,2025-08-25,I Brennan,0,0,0%,0,0%,0,0,0%,0,0%,0,0,0%,0,0%,0,0,0%,0,0%,0,0,0%,0,0%
737,2025-08-25,Sean Quinlan,4160,474,11.39%,1390,33.41%,65,6,9.23%,20,30.77%,253,15,5.93%,91,35.97%,1479,215,14.54%,480,32.45%,2363,238,10.07%,799,33.81%
738,2025-08-25,Mr Matthew Smith,29,0,0%,1,0%,0,0,0%,0,0%,1,0,0%,0,0%,20,0,0%,1,5.00%,8,0,0%,0,0%
739,2025-08-25,Mr Richard Collinson,52,2,3.85%,12,23.08%,0,0,0%,0,0%,6,0,0%,0,0%,41,2,4.88%,12,29.27%,5,0,0%,0,0%
740,2025-08-25,Heather Kemp,2,0,0%,0,0%,0,0,0%,0,0%,0,0,0%,0,0%,2,0,0%,0,0%,0,0,0%,0,0%
741,2025-08-25,Mr P Bull,7,0,0%,2,0%,0,0,0%,0,0%,0,0,0%,0,0%,7,0,0%,2,28.57%,0,0,0%,0,0%
742,2025-08-25,Capt H A R Wallace,0,0,0%,0,0%,0,0,0%,0,0%,0,0,0%,0,0%,0,0,0%,0,0%,0,0,0%,0,0%
743,2025-08-25,Tpr Lucy Gardner,7,0,0%,4,0%,0,0,0%,0,0%,0,0,0%,0,0%,5,0,0%,3,60.00%,2,0,0%,1,50.00%
744,2025-08-25,Capt T W C Edwards,6,1,16.67%,0,0.00%,0,0,0%,0,0%,0,0,0%,0,0%,4,1,25.00%,0,0%,2,0,0%,0,0%
745,2025-08-25,L bdr Sally Randell,0,0,0%,0,0%,0,0,0%,0,0%,0,0,0%,0,0%,0,0,0%,0,0%,0,0,0%,0,0%
746,2025-08-25,Mr Max Chenery,15,0,0%,9,0%,0,0,0%,0,0%,1,0,0%,1,100.00%,11,0,0%,5,45.45%,3,0,0%,3,100.00%
747,2025-08-25,Maj A Michael,3,0,0%,0,0%,0,0,0%,0,0%,0,0,0%,0,0%,3,0,0%,0,0%,0,0,0%,0,0%
748,2025-08-25,Mr J Sole,30,1,3.33%,10,33.33%,0,0,0%,0,0%,0,0,0%,0,0%,27,1,3.70%,8,29.63%,3,0,0%,2,66.67%
749,2025-08-25,Maj Erica Bridge,3,0,0%,0,0%,0,0,0%,0,0%,0,0,0%,0,0%,2,0,0%,0,0%,1,0,0%,0,0%
750,2025-08-25,Mr Jonathan Bailey,36,6,16.67%,7,19.44%,0,0,0%,0,0%,1,0,0%,0,0%,33,6,18.18%,7,21.21%,2,0,0%,0,0%
751,2025-08-25,Mr R Bliss,1,0,0%,0,0%,0,0,0%,0,0%,0,0,0%,0,0%,1,0,0%,0,0%,0,0,0%,0,0%
752,2025-08-25,Mr W Telfer,17,1,5.88%,2,11.76%,0,0,0%,0,0%,0,0,0%,0,0%,14,1,7.14%,2,14.29%,3,0,0%,0,0%
753,2025-08-25,Mr B Browne,98,7,7.14%,27,27.55%,1,0,0%,0,0%,43,1,2.33%,12,27.91%,23,5,21.74%,5,21.74%,31,1,3.23%,10,32.26%
754,2025-08-25,N Schofield,3,0,0%,0,0%,0,0,0%,0,0%,0,0,0%,0,0%,2,0,0%,0,0%,1,0,0%,0,0%
755,2025-08-25,B S Hughes,6539,1116,17.07%,2431,37.18%,99,21,21.21%,46,46.46%,494,104,21.05%,180,36.44%,2299,391,17.01%,804,34.97%,3647,600,16.45%,1401,38.42%
756,2025-08-25,Jan Faltejsek,260,8,3.08%,67,25.77%,2,0,0%,0,0%,38,0,0%,10,26.32%,86,1,1.16%,25,29.07%,134,7,5.22%,32,23.88%
757,2025-08-25,Mr S Parish,6,0,0%,2,0%,0,0,0%,0,0%,0,0,0%,0,0%,4,0,0%,2,50.00%,2,0,0%,0,0%
758,2025-08-25,Mr J A Richardson,16,0,0%,5,0%,0,0,0%,0,0%,2,0,0%,1,50.00%,11,0,0%,4,36.36%,3,0,0%,0,0%
759,2025-08-25,Mr P York,190,13,6.84%,46,24.21%,3,0,0%,0,0%,11,0,0%,0,0%,98,10,10.20%,31,31.63%,78,3,3.85%,15,19.23%
760,2025-08-25,Mr S F Magee,38,0,0%,7,0%,0,0,0%,0,0%,18,0,0%,3,16.67%,10,0,0%,2,20.00%,10,0,0%,2,20.00%
761,2025-08-25,A J McNulty,4,0,0%,0,0%,0,0,0%,0,0%,0,0,0%,0,0%,0,0,0%,0,0%,4,0,0%,0,0%
762,2025-08-25,Miss K J Harrison,101,3,2.97%,14,13.86%,0,0,0%,0,0%,43,2,4.65%,5,11.63%,0,0,0%,0,0%,58,1,1.72%,9,15.52%
763,2025-08-25,Mr P N O'Brien,29,0,0%,5,0%,0,0,0%,0,0%,13,0,0%,4,30.77%,9,0,0%,0,0%,7,0,0%,1,14.29%
764,2025-08-25,Mr W W McMahon,19,0,0%,1,0%,0,0,0%,0,0%,9,0,0%,1,11.11%,7,0,0%,0,0%,3,0,0%,0,0%
765,2025-08-25,Mr T Addis,2,0,0%,0,0%,0,0,0%,0,0%,1,0,0%,0,0%,0,0,0%,0,0%,1,0,0%,0,0%
766,2025-08-25,Racheal Kneller,525,42,8.00%,137,26.10%,327,23,7.03%,95,29.05%,196,18,9.18%,42,21.43%,1,0,0%,0,0%,1,1,100.00%,0,0%
767,2025-08-25,Mrs M Roberts,21,3,14.29%,9,42.86%,0,0,0%,0,0%,3,0,0%,0,0%,0,0,0%,0,0%,18,3,16.67%,9,50.00%
768,2025-08-25,Miss Sarah-Jane Durman,0,0,0%,0,0%,0,0,0%,0,0%,0,0,0%,0,0%,0,0,0%,0,0%,0,0,0%,0,0%
769,2025-08-25,T Block,69,1,1.45%,5,7.25%,23,1,4.35%,1,4.35%,46,0,0%,4,8.70%,0,0,0%,0,0%,0,0,0%,0,0%
770,2025-08-25,Alice Mills,192,9,4.69%,48,25.00%,19,1,5.26%,4,21.05%,43,2,4.65%,11,25.58%,43,1,2.33%,11,25.58%,87,5,5.75%,22,25.29%
771,2025-08-25,Mr R Hawkins,12,0,0%,1,0%,0,0,0%,0,0%,0,0,0%,0,0%,4,0,0%,0,0%,8,0,0%,1,12.50%
772,2025-08-25,Mark Marris,49,3,6.12%,9,18.37%,1,0,0%,1,100.00%,2,0,0%,0,0%,7,1,14.29%,1,14.29%,39,2,5.13%,7,17.95%
773,2025-08-25,Mr B Brackenbury,16,2,12.50%,6,37.50%,3,0,0%,2,66.67%,9,2,22.22%,4,44.44%,2,0,0%,0,0%,2,0,0%,0,0%
775,2025-08-25,Mr R Woollacott,15,1,6.67%,4,26.67%,0,0,0%,0,0%,0,0,0%,0,0%,14,1,7.14%,4,28.57%,1,0,0%,0,0%
776,2025-08-25,Mr W White,1,0,0%,0,0%,0,0,0%,0,0%,0,0,0%,0,0%,1,0,0%,0,0%,0,0,0%,0,0%
777,2025-08-25,R Mahon,206,27,13.11%,79,38.35%,0,0,0%,0,0%,16,1,6.25%,4,25.00%,59,11,18.64%,20,33.90%,131,15,11.45%,55,41.98%
778,2025-08-25,Mr S Allwood,11,1,9.09%,2,18.18%,0,0,0%,0,0%,0,0,0%,0,0%,11,1,9.09%,2,18.18%,0,0,0%,0,0%
779,2025-08-25,Mr Ben Robarts,0,0,0%,0,0%,0,0,0%,0,0%,0,0,0%,0,0%,0,0,0%,0,0%,0,0,0%,0,0%
780,2025-08-25,Miss J Buck,44,4,9.09%,12,27.27%,0,0,0%,0,0%,2,0,0%,0,0%,33,3,9.09%,7,21.21%,9,1,11.11%,5,55.56%
781,2025-08-25,Lucy Gardner,710,52,7.32%,213,30.00%,4,0,0%,0,0%,96,3,3.13%,25,26.04%,106,9,8.49%,34,32.08%,504,40,7.94%,154,30.56%
782,2025-08-25,Mr T J Beattie,30,0,0%,8,0%,0,0,0%,0,0%,28,0,0%,8,28.57%,2,0,0%,0,0%,0,0,0%,0,0%
783,2025-08-25,Mr R Armson,1,0,0%,0,0%,0,0,0%,0,0%,0,0,0%,0,0%,1,0,0%,0,0%,0,0,0%,0,0%
784,2025-08-25,Mr David Prichard,34,4,11.76%,10,29.41%,1,0,0%,0,0%,4,0,0%,1,25.00%,6,2,33.33%,2,33.33%,23,2,8.70%,7,30.43%
785,2025-08-25,Mr Nicholas Sutton,15,2,13.33%,4,26.67%,0,0,0%,0,0%,0,0,0%,0,0%,15,2,13.33%,4,26.67%,0,0,0%,0,0%
786,2025-08-25,Mr J Flook,25,2,8.00%,7,28.00%,6,1,16.67%,3,50.00%,12,1,8.33%,4,33.33%,1,0,0%,0,0%,6,0,0%,0,0%
787,2025-08-25,Mr P Duggan,0,0,0%,0,0%,0,0,0%,0,0%,0,0,0%,0,0%,0,0,0%,0,0%,0,0,0%,0,0%
788,2025-08-25,Miss S K McCarthy,10,0,0%,0,0%,0,0,0%,0,0%,7,0,0%,0,0%,0,0,0%,0,0%,3,0,0%,0,0%
789,2025-08-25,Mr B Connell,0,0,0%,0,0%,0,0,0%,0,0%,0,0,0%,0,0%,0,0,0%,0,0%,0,0,0%,0,0%
790,2025-08-25,Mr N Carolan,0,0,0%,0,0%,0,0,0%,0,0%,0,0,0%,0,0%,0,0,0%,0,0%,0,0,0%,0,0%
791,2025-08-25,D Holland,954,91,9.54%,229,24.00%,261,32,12.26%,73,27.97%,692,59,8.53%,155,22.40%,1,0,0%,1,100.00%,0,0,0%,0,0%
792,2025-08-25,Miss Carey Williamson,36,7,19.44%,8,22.22%,1,0,0%,0,0%,0,0,0%,0,0%,11,1,9.09%,3,27.27%,24,6,25.00%,5,20.83%
793,2025-08-25,Mr H G Miller,55,0,0%,4,0%,6,0,0%,0,0%,8,0,0%,0,0%,8,0,0%,1,12.50%,33,0,0%,3,9.09%
794,2025-08-25,D Tudhope,8860,1466,16.55%,3299,37.23%,1861,324,17.41%,735,39.49%,6990,1142,16.34%,2562,36.65%,6,0,0%,2,33.33%,3,0,0%,0,0%
795,2025-08-25,Mr D J Byrne,19,0,0%,1,0%,0,0,0%,0,0%,10,0,0%,0,0%,7,0,0%,1,14.29%,2,0,0%,0,0%
796,2025-08-25,Miss H Curran,0,0,0%,0,0%,0,0,0%,0,0%,0,0,0%,0,0%,0,0,0%,0,0%,0,0,0%,0,0%
797,2025-08-25,Miss Nadine Forde,0,0,0%,0,0%,0,0,0%,0,0%,0,0,0%,0,0%,0,0,0%,0,0%,0,0,0%,0,0%
799,2025-08-25,Miss J Foley,8,0,0%,2,0%,0,0,0%,0,0%,7,0,0%,1,14.29%,0,0,0%,0,0%,1,0,0%,1,100.00%
800,2025-08-25,Ms L O'Neill,643,78,12.13%,252,39.19%,9,2,22.22%,1,11.11%,539,67,12.43%,228,42.30%,46,5,10.87%,14,30.43%,49,4,8.16%,9,18.37%
801,2025-08-25,Miss D McCurtin,1,0,0%,1,0%,0,0,0%,0,0%,1,0,0%,1,100.00%,0,0,0%,0,0%,0,0,0%,0,0%
802,2025-08-25,Mr J W O'neill,171,9,5.26%,58,33.92%,1,0,0%,0,0%,90,6,6.67%,31,34.44%,0,0,0%,0,0%,80,3,3.75%,27,33.75%
803,2025-08-25,Mr J R Lalor,29,1,3.45%,11,37.93%,0,0,0%,0,0%,4,0,0%,3,75.00%,15,1,6.67%,5,33.33%,10,0,0%,3,30.00%
804,2025-08-25,Mr R J Hannigan,0,0,0%,0,0%,0,0,0%,0,0%,0,0,0%,0,0%,0,0,0%,0,0%,0,0,0%,0,0%
805,2025-08-25,Mr J D O'Meara,0,0,0%,0,0%,0,0,0%,0,0%,0,0,0%,0,0%,0,0,0%,0,0%,0,0,0%,0,0%
806,2025-08-25,M Lawson,46,4,8.70%,3,6.52%,10,0,0%,0,0%,36,4,11.11%,3,8.33%,0,0,0%,0,0%,0,0,0%,0,0%
807,2025-08-25,Mr Andrew Martin,3,0,0%,1,0%,0,0,0%,0,0%,0,0,0%,0,0%,3,0,0%,1,33.33%,0,0,0%,0,0%
808,2025-08-25,Mr N Slatter,113,9,7.96%,32,28.32%,5,0,0%,5,100.00%,14,1,7.14%,3,21.43%,38,4,10.53%,6,15.79%,56,4,7.14%,18,32.14%
809,2025-08-25,Miss E Donnelly,1,0,0%,0,0%,0,0,0%,0,0%,0,0,0%,0,0%,0,0,0%,0,0%,1,0,0%,0,0%
810,2025-08-25,N M Kelly,150,8,5.33%,53,35.33%,0,0,0%,0,0%,14,0,0%,2,14.29%,14,1,7.14%,4,28.57%,122,7,5.74%,47,38.52%
811,2025-08-25,Mr T Reilly,83,3,3.61%,17,20.48%,1,0,0%,0,0%,55,3,5.45%,11,20.00%,9,0,0%,4,44.44%,18,0,0%,2,11.11%
812,2025-08-25,Mr G Yemm,6,0,0%,0,0%,0,0,0%,0,0%,5,0,0%,0,0%,0,0,0%,0,0%,1,0,0%,0,0%
813,2025-08-25,Mr D J Boland,1,0,0%,0,0%,0,0,0%,0,0%,0,0,0%,0,0%,1,0,0%,0,0%,0,0,0%,0,0%
814,2025-08-25,Mr B P Fahey,23,1,4.35%,6,26.09%,1,0,0%,0,0%,7,0,0%,1,14.29%,2,0,0%,1,50.00%,13,1,7.69%,4,30.77%
815,2025-08-25,Mr R P Geoghegan,78,0,0%,9,0%,0,0,0%,0,0%,53,0,0%,5,9.43%,12,0,0%,3,25.00%,13,0,0%,1,7.69%
816,2025-08-25,Miss N P Delaney,9,0,0%,5,0%,0,0,0%,0,0%,7,0,0%,4,57.14%,1,0,0%,0,0%,1,0,0%,1,100.00%
817,2025-08-25,W M Lordan,7044,726,10.31%,2187,31.05%,1573,164,10.43%,520,33.06%,5471,562,10.27%,1667,30.47%,0,0,0%,0,0%,0,0,0%,0,0%
818,2025-08-25,Kieran T O'Neill,119,14,11.76%,23,19.33%,33,3,9.09%,7,21.21%,86,11,12.79%,16,18.60%,0,0,0%,0,0%,0,0,0%,0,0%
819,2025-08-25,K J Manning,5920,608,10.27%,2032,34.32%,1049,101,9.63%,330,31.46%,4871,507,10.41%,1702,34.94%,0,0,0%,0,0%,0,0,0%,0,0%
820,2025-08-25,D J Moran,27,0,0%,0,0%,6,0,0%,0,0%,21,0,0%,0,0%,0,0,0%,0,0%,0,0,0%,0,0%
821,2025-08-25,B A Curtis,7955,1059,13.31%,2719,34.18%,2692,375,13.93%,968,35.96%,5257,683,12.99%,1748,33.25%,6,1,16.67%,3,50.00%,0,0,0%,0,0%
822,2025-08-25,E J McNamara,1443,89,6.17%,337,23.35%,361,21,5.82%,98,27.15%,910,63,6.92%,213,23.41%,12,0,0%,0,0%,160,5,3.13%,26,16.25%
824,2025-08-25,C P Hoban,3326,206,6.19%,766,23.03%,1193,118,9.89%,311,26.07%,2133,88,4.13%,455,21.33%,0,0,0%,0,0%,0,0,0%,0,0%
825,2025-08-25,J P O'Brien,2038,450,22.08%,671,32.92%,373,76,20.38%,108,28.95%,1660,374,22.53%,561,33.80%,0,0,0%,0,0%,5,0,0%,2,40.00%
826,2025-08-25,S Foley,9335,996,10.67%,3088,33.08%,1907,211,11.06%,660,34.61%,7426,785,10.57%,2427,32.68%,2,0,0%,1,50.00%,0,0,0%,0,0%
827,2025-08-25,P J Smullen,4857,774,15.94%,1748,35.99%,1006,158,15.71%,360,35.79%,3850,616,16.00%,1388,36.05%,1,0,0%,0,0%,0,0,0%,0,0%
828,2025-08-25,Daryl Byrne,210,13,6.19%,66,31.43%,61,6,9.84%,20,32.79%,149,7,4.70%,46,30.87%,0,0,0%,0,0%,0,0,0%,0,0%
829,2025-08-25,D P Harrison,0,0,0%,0,0%,0,0,0%,0,0%,0,0,0%,0,0%,0,0,0%,0,0%,0,0,0%,0,0%
830,2025-08-25,Mr S J O'Donovan,5,1,20.00%,1,20.00%,0,0,0%,0,0%,4,1,25.00%,1,25.00%,0,0,0%,0,0%,1,0,0%,0,0%
831,2025-08-25,K Fallon,2663,361,13.56%,786,29.52%,604,81,13.41%,192,31.79%,2055,280,13.63%,594,28.91%,2,0,0%,0,0%,2,0,0%,0,0%
832,2025-08-25,Stefanie Hofer,0,0,0%,0,0%,0,0,0%,0,0%,0,0,0%,0,0%,0,0,0%,0,0%,0,0,0%,0,0%
834,2025-08-25,Mr J L Llewellyn,0,0,0%,0,0%,0,0,0%,0,0%,0,0,0%,0,0%,0,0,0%,0,0%,0,0,0%,0,0%
835,2025-08-25,Ms Lucy Jones,36,3,8.33%,11,30.56%,0,0,0%,0,0%,0,0,0%,0,0%,17,2,11.76%,4,23.53%,19,1,5.26%,7,36.84%
836,2025-08-25,Mr J Cole,4,0,0%,0,0%,0,0,0%,0,0%,0,0,0%,0,0%,4,0,0%,0,0%,0,0,0%,0,0%
837,2025-08-25,Alan Creighton,28,1,3.57%,4,14.29%,10,0,0%,1,10.00%,11,1,9.09%,3,27.27%,2,0,0%,0,0%,5,0,0%,0,0%
838,2025-08-25,Mr S Crawford,315,42,13.33%,130,41.27%,7,3,42.86%,1,14.29%,220,28,12.73%,93,42.27%,11,1,9.09%,5,45.45%,77,10,12.99%,31,40.26%
839,2025-08-25,Mr J A Kinsella,12,1,8.33%,2,16.67%,0,0,0%,0,0%,6,1,16.67%,1,16.67%,5,0,0%,0,0%,1,0,0%,1,100.00%
840,2025-08-25,Mr A G Bourke,0,0,0%,0,0%,0,0,0%,0,0%,0,0,0%,0,0%,0,0,0%,0,0%,0,0,0%,0,0%
841,2025-08-25,Mr P G Murphy,57,2,3.51%,12,21.05%,0,0,0%,0,0%,57,2,3.51%,12,21.05%,0,0,0%,0,0%,0,0,0%,0,0%
842,2025-08-25,Mr K Tameem,0,0,0%,0,0%,0,0,0%,0,0%,0,0,0%,0,0%,0,0,0%,0,0%,0,0,0%,0,0%
843,2025-08-25,Nathan Cook,17,0,0%,3,0%,0,0,0%,0,0%,2,0,0%,1,50.00%,4,0,0%,0,0%,11,0,0%,2,18.18%
844,2025-08-25,I J Brennan,912,61,6.69%,261,28.62%,234,15,6.41%,61,26.07%,678,46,6.78%,200,29.50%,0,0,0%,0,0%,0,0,0%,0,0%
845,2025-08-25,J Fortune,2527,248,9.81%,852,33.72%,623,74,11.88%,224,35.96%,1904,174,9.14%,628,32.98%,0,0,0%,0,0%,0,0,0%,0,0%
846,2025-08-25,E Creighton,124,3,2.42%,13,10.48%,36,0,0%,6,16.67%,88,3,3.41%,7,7.95%,0,0,0%,0,0%,0,0,0%,0,0%
847,2025-08-25,Miss A Dawson,1,0,0%,0,0%,0,0,0%,0,0%,0,0,0%,0,0%,0,0,0%,0,0%,1,0,0%,0,0%
848,2025-08-25,Miss A Deniel,103,5,4.85%,28,27.18%,9,1,11.11%,0,0%,94,4,4.26%,28,29.79%,0,0,0%,0,0%,0,0,0%,0,0%
849,2025-08-25,Miss B Brougham,0,0,0%,0,0%,0,0,0%,0,0%,0,0,0%,0,0%,0,0,0%,0,0%,0,0,0%,0,0%
850,2025-08-25,Miss E Butterworth,60,4,6.67%,12,20.00%,0,0,0%,0,0%,9,0,0%,1,11.11%,6,0,0%,0,0%,45,4,8.89%,11,24.44%
851,2025-08-25,Mr M Wilesmith,5,0,0%,0,0%,0,0,0%,0,0%,0,0,0%,0,0%,5,0,0%,0,0%,0,0,0%,0,0%
853,2025-08-25,N Garbutt,4,0,0%,0,0%,2,0,0%,0,0%,2,0,0%,0,0%,0,0,0%,0,0%,0,0,0%,0,0%
854,2025-08-25,M Fenton,979,63,6.44%,210,21.45%,286,18,6.29%,52,18.18%,688,45,6.54%,157,22.82%,3,0,0%,1,33.33%,2,0,0%,0,0%
855,2025-08-25,S G Carey,0,0,0%,0,0%,0,0,0%,0,0%,0,0,0%,0,0%,0,0,0%,0,0%,0,0,0%,0,0%
856,2025-08-25,Mr S McGonagle,0,0,0%,0,0%,0,0,0%,0,0%,0,0,0%,0,0%,0,0,0%,0,0%,0,0,0%,0,0%
857,2025-08-25,Mr P J O'Neill,238,5,2.10%,31,13.03%,2,1,50.00%,0,0%,88,2,2.27%,9,10.23%,52,1,1.92%,10,19.23%,96,1,1.04%,12,12.50%
858,2025-08-25,Mr C Cully,41,6,14.63%,7,17.07%,0,0,0%,0,0%,16,3,18.75%,1,6.25%,14,2,14.29%,3,21.43%,11,1,9.09%,3,27.27%
859,2025-08-25,Mr P Magee,25,0,0%,7,0%,0,0,0%,0,0%,20,0,0%,6,30.00%,2,0,0%,0,0%,3,0,0%,1,33.33%
860,2025-08-25,Mark Power,0,0,0%,0,0%,0,0,0%,0,0%,0,0,0%,0,0%,0,0,0%,0,0%,0,0,0%,0,0%
861,2025-08-25,G F Carroll,6244,502,8.04%,1707,27.34%,1279,90,7.04%,336,26.27%,4964,412,8.30%,1371,27.62%,1,0,0%,0,0%,0,0,0%,0,0%
863,2025-08-25,F J Hayes,273,5,1.83%,38,13.92%,7,0,0%,0,0%,9,0,0%,1,11.11%,9,0,0%,1,11.11%,248,5,2.02%,36,14.52%
864,2025-08-25,Ian Burns,252,18,7.14%,68,26.98%,103,9,8.74%,30,29.13%,149,9,6.04%,38,25.50%,0,0,0%,0,0%,0,0,0%,0,0%
865,2025-08-25,Mr J Guerriero,0,0,0%,0,0%,0,0,0%,0,0%,0,0,0%,0,0%,0,0,0%,0,0%,0,0,0%,0,0%
866,2025-08-25,Mr J Park,34,2,5.88%,5,14.71%,0,0,0%,0,0%,5,0,0%,0,0%,7,0,0%,0,0%,22,2,9.09%,5,22.73%
867,2025-08-25,Miss S Sherwood,1,0,0%,0,0%,0,0,0%,0,0%,0,0,0%,0,0%,1,0,0%,0,0%,0,0,0%,0,0%
868,2025-08-25,Mr D Gwyn-Jones,1,0,0%,0,0%,0,0,0%,0,0%,0,0,0%,0,0%,1,0,0%,0,0%,0,0,0%,0,0%
869,2025-08-25,Miss C Metcalfe,0,0,0%,0,0%,0,0,0%,0,0%,0,0,0%,0,0%,0,0,0%,0,0%,0,0,0%,0,0%
870,2025-08-25,Mr Jakub Kocman,19,1,5.26%,5,26.32%,0,0,0%,0,0%,5,0,0%,0,0%,8,1,12.50%,5,62.50%,6,0,0%,0,0%
871,2025-08-25,Mr P D Collins,87,13,14.94%,31,35.63%,0,0,0%,0,0%,58,9,15.52%,20,34.48%,23,3,13.04%,9,39.13%,6,1,16.67%,2,33.33%
872,2025-08-25,Charles Greene,97,9,9.28%,25,25.77%,0,0,0%,0,0%,7,0,0%,1,14.29%,24,1,4.17%,6,25.00%,66,8,12.12%,18,27.27%
873,2025-08-25,Mr T Dowling,12,0,0%,2,0%,0,0,0%,0,0%,10,0,0%,2,20.00%,0,0,0%,0,0%,2,0,0%,0,0%
874,2025-08-25,K T Coleman,78,0,0%,9,0%,0,0,0%,0,0%,0,0,0%,0,0%,15,0,0%,3,20.00%,63,0,0%,6,9.52%
875,2025-08-25,C V Ring,16,0,0%,2,0%,0,0,0%,0,0%,2,0,0%,0,0%,0,0,0%,0,0%,14,0,0%,2,14.29%
876,2025-08-25,William Buick,1509,282,18.69%,465,30.82%,394,88,22.34%,136,34.52%,1115,194,17.40%,329,29.51%,0,0,0%,0,0%,0,0,0%,0,0%
878,2025-08-25,Benjamin Poste,2848,160,5.62%,858,30.13%,8,0,0%,1,12.50%,224,7,3.13%,58,25.89%,998,90,9.02%,363,36.37%,1618,63,3.89%,436,26.95%
880,2025-08-25,Mr Joshua Guerriero,57,3,5.26%,20,35.09%,0,0,0%,0,0%,0,0,0%,0,0%,55,3,5.45%,19,34.55%,2,0,0%,1,50.00%
881,2025-08-25,Miss D L J Sharp,0,0,0%,0,0%,0,0,0%,0,0%,0,0,0%,0,0%,0,0,0%,0,0%,0,0,0%,0,0%
882,2025-08-25,Mr T Cheesman,33,0,0%,3,0%,0,0,0%,0,0%,6,0,0%,1,16.67%,9,0,0%,1,11.11%,18,0,0%,1,5.56%
883,2025-08-25,Kirsty Milczarek,962,78,8.11%,249,25.88%,521,40,7.68%,124,23.80%,438,38,8.68%,123,28.08%,2,0,0%,1,50.00%,1,0,0%,1,100.00%
885,2025-08-25,J Doyle,1341,173,12.90%,380,28.34%,567,68,11.99%,159,28.04%,772,105,13.60%,219,28.37%,2,0,0%,2,100.00%,0,0,0%,0,0%
886,2025-08-25,S De Sousa,10090,1657,16.42%,3516,34.85%,3019,529,17.52%,1083,35.87%,7062,1126,15.94%,2432,34.44%,7,2,28.57%,1,14.29%,2,0,0%,0,0%
887,2025-08-25,Henry Brooke,4999,549,10.98%,1559,31.19%,47,9,19.15%,13,27.66%,326,31,9.51%,85,26.07%,1668,237,14.21%,545,32.67%,2958,272,9.20%,916,30.97%
888,2025-08-25,Mr G R Smith,39,1,2.56%,7,17.95%,2,0,0%,2,100.00%,9,1,11.11%,1,11.11%,19,0,0%,3,15.79%,9,0,0%,1,11.11%
889,2025-08-25,Mr I Smith,3,0,0%,0,0%,0,0,0%,0,0%,0,0,0%,0,0%,3,0,0%,0,0%,0,0,0%,0,0%
890,2025-08-25,Mr Simon Robinson,5,0,0%,0,0%,0,0,0%,0,0%,0,0,0%,0,0%,5,0,0%,0,0%,0,0,0%,0,0%
892,2025-08-25,A D Doyle,2,0,0%,0,0%,0,0,0%,0,0%,0,0,0%,0,0%,0,0,0%,0,0%,2,0,0%,0,0%
893,2025-08-25,O Casey,67,1,1.49%,8,11.94%,30,0,0%,6,20.00%,33,1,3.03%,2,6.06%,0,0,0%,0,0%,4,0,0%,0,0%
894,2025-08-25,Miss M Macaodhain,0,0,0%,0,0%,0,0,0%,0,0%,0,0,0%,0,0%,0,0,0%,0,0%,0,0,0%,0,0%
895,2025-08-25,Mr P J Casey,35,2,5.71%,5,14.29%,0,0,0%,0,0%,34,2,5.88%,5,14.71%,0,0,0%,0,0%,1,0,0%,0,0%
896,2025-08-25,D Fentiman,4663,278,5.96%,1227,26.31%,942,72,7.64%,268,28.45%,3716,206,5.54%,956,25.73%,4,0,0%,3,75.00%,1,0,0%,0,0%
897,2025-08-25,Mr S Coady,1,0,0%,0,0%,0,0,0%,0,0%,0,0,0%,0,0%,1,0,0%,0,0%,0,0,0%,0,0%
898,2025-08-25,Mr T Murray,2,0,0%,1,0%,0,0,0%,0,0%,0,0,0%,0,0%,2,0,0%,1,50.00%,0,0,0%,0,0%
899,2025-08-25,Mr J W Hannon,96,8,8.33%,29,30.21%,0,0,0%,0,0%,53,2,3.77%,13,24.53%,24,4,16.67%,9,37.50%,19,2,10.53%,7,36.84%
900,2025-08-25,Josh Wall,283,19,6.71%,77,27.21%,0,0,0%,0,0%,13,0,0%,0,0%,26,3,11.54%,9,34.62%,244,16,6.56%,68,27.87%
901,2025-08-25,Grant Cockburn,925,73,7.89%,295,31.89%,11,2,18.18%,1,9.09%,66,4,6.06%,19,28.79%,253,33,13.04%,86,33.99%,595,34,5.71%,189,31.76%
902,2025-08-25,Mrs Alex Dunn,108,17,15.74%,38,35.19%,9,0,0%,4,44.44%,6,1,16.67%,2,33.33%,29,7,24.14%,8,27.59%,64,9,14.06%,24,37.50%
903,2025-08-25,Mr S Bowden,2,0,0%,0,0%,0,0,0%,0,0%,0,0,0%,0,0%,2,0,0%,0,0%,0,0,0%,0,0%
904,2025-08-25,Mr G Gallagher,9,2,22.22%,3,33.33%,0,0,0%,0,0%,0,0,0%,0,0%,9,2,22.22%,3,33.33%,0,0,0%,0,0%
905,2025-08-25,Mr J Owen,7,0,0%,1,0%,0,0,0%,0,0%,0,0,0%,0,0%,7,0,0%,1,14.29%,0,0,0%,0,0%
906,2025-08-25,Mr J Hooper,7,0,0%,0,0%,0,0,0%,0,0%,4,0,0%,0,0%,2,0,0%,0,0%,1,0,0%,0,0%
907,2025-08-25,Capt T B White,0,0,0%,0,0%,0,0,0%,0,0%,0,0,0%,0,0%,0,0,0%,0,0%,0,0,0%,0,0%
908,2025-08-25,L/bdr J Sole,0,0,0%,0,0%,0,0,0%,0,0%,0,0,0%,0,0%,0,0,0%,0,0%,0,0,0%,0,0%
909,2025-08-25,L/bdr Sally Randell,0,0,0%,0,0%,0,0,0%,0,0%,0,0,0%,0,0%,0,0,0%,0,0%,0,0,0%,0,0%
910,2025-08-25,Capt Dominic Alers-hankey,0,0,0%,0,0%,0,0,0%,0,0%,0,0,0%,0,0%,0,0,0%,0,0%,0,0,0%,0,0%
911,2025-08-25,Mne Kevin Jones,4,0,0%,2,0%,0,0,0%,0,0%,0,0,0%,0,0%,2,0,0%,1,50.00%,2,0,0%,1,50.00%
912,2025-08-25,Sgt Martin Dennis,1,0,0%,0,0%,0,0,0%,0,0%,0,0,0%,0,0%,1,0,0%,0,0%,0,0,0%,0,0%
913,2025-08-25,Maj Felix Wheeler,7,0,0%,3,0%,0,0,0%,0,0%,0,0,0%,0,0%,5,0,0%,2,40.00%,2,0,0%,1,50.00%
914,2025-08-25,Capt P Harris,0,0,0%,0,0%,0,0,0%,0,0%,0,0,0%,0,0%,0,0,0%,0,0%,0,0,0%,0,0%
915,2025-08-25,Chaplain S Beveridge,0,0,0%,0,0%,0,0,0%,0,0%,0,0,0%,0,0%,0,0,0%,0,0%,0,0,0%,0,0%
916,2025-08-25,O/cdt Oscar Churton,0,0,0%,0,0%,0,0,0%,0,0%,0,0,0%,0,0%,0,0,0%,0,0%,0,0,0%,0,0%
917,2025-08-25,Keith Donoghue,14,2,14.29%,4,28.57%,0,0,0%,0,0%,1,0,0%,0,0%,3,0,0%,2,66.67%,10,2,20.00%,2,20.00%
918,2025-08-25,K Latham,459,32,6.97%,122,26.58%,78,6,7.69%,19,24.36%,381,26,6.82%,103,27.03%,0,0,0%,0,0%,0,0,0%,0,0%
919,2025-08-25,C D Hayes,9242,801,8.67%,2775,30.03%,1929,169,8.76%,566,29.34%,7311,632,8.64%,2209,30.21%,2,0,0%,0,0%,0,0,0%,0,0%
920,2025-08-25,M C Hussey,1537,59,3.84%,262,17.05%,455,21,4.62%,80,17.58%,1082,38,3.51%,182,16.82%,0,0,0%,0,0%,0,0,0%,0,0%
921,2025-08-25,M Harley,5305,662,12.48%,2100,39.59%,2374,343,14.45%,980,41.28%,2925,319,10.91%,1117,38.19%,4,0,0%,1,25.00%,2,0,0%,2,100.00%
922,2025-08-25,C P Geoghegan,101,8,7.92%,18,17.82%,13,0,0%,5,38.46%,39,5,12.82%,6,15.38%,4,0,0%,2,50.00%,45,3,6.67%,5,11.11%
923,2025-08-25,N G McCullagh,4230,231,5.46%,1017,24.04%,1218,59,4.84%,292,23.97%,3011,172,5.71%,725,24.08%,1,0,0%,0,0%,0,0,0%,0,0%
924,2025-08-25,M A Enright,3295,219,6.65%,769,23.34%,272,16,5.88%,53,19.49%,767,37,4.82%,144,18.77%,698,69,9.89%,208,29.80%,1558,97,6.23%,364,23.36%
925,2025-08-25,S M Gorey,199,4,2.01%,25,12.56%,57,1,1.75%,10,17.54%,142,3,2.11%,15,10.56%,0,0,0%,0,0%,0,0,0%,0,0%
926,2025-08-25,P M McCabe,0,0,0%,0,0%,0,0,0%,0,0%,0,0,0%,0,0%,0,0,0%,0,0%,0,0,0%,0,0%
927,2025-08-25,L F Roche,4851,332,6.84%,1102,22.72%,1037,52,5.01%,228,21.99%,3814,280,7.34%,874,22.92%,0,0,0%,0,0%,0,0,0%,0,0%
928,2025-08-25,S M Levey,6946,831,11.96%,2484,35.76%,2682,335,12.49%,1018,37.96%,4256,495,11.63%,1462,34.35%,7,1,14.29%,4,57.14%,1,0,0%,0,0%
929,2025-08-25,Mr K Ford,0,0,0%,0,0%,0,0,0%,0,0%,0,0,0%,0,0%,0,0,0%,0,0%,0,0,0%,0,0%
930,2025-08-25,R L Moore,8076,1765,21.85%,3157,39.09%,1168,331,28.34%,486,41.61%,6897,1431,20.75%,2668,38.68%,8,1,12.50%,3,37.50%,3,2,66.67%,0,0%
931,2025-08-25,P Mulrennan,9737,1203,12.35%,3265,33.53%,2774,328,11.82%,921,33.20%,6955,874,12.57%,2342,33.67%,8,1,12.50%,2,25.00%,0,0,0%,0,0%
933,2025-08-25,Richard Old,29,1,3.45%,6,20.69%,15,1,6.67%,2,13.33%,14,0,0%,4,28.57%,0,0,0%,0,0%,0,0,0%,0,0%
934,2025-08-25,Stephen Mulqueen,12,0,0%,3,0%,1,0,0%,0,0%,0,0,0%,0,0%,1,0,0%,1,100.00%,10,0,0%,2,20.00%
935,2025-08-25,J E Moore,4831,580,12.01%,1588,32.87%,61,3,4.92%,22,36.07%,336,30,8.93%,107,31.85%,1678,246,14.66%,559,33.31%,2756,301,10.92%,900,32.66%
936,2025-08-25,Mr M J Linehan,7,0,0%,0,0%,0,0,0%,0,0%,3,0,0%,0,0%,2,0,0%,0,0%,2,0,0%,0,0%
937,2025-08-25,Mr A P Kelly,1,0,0%,0,0%,0,0,0%,0,0%,0,0,0%,0,0%,0,0,0%,0,0%,1,0,0%,0,0%
938,2025-08-25,Mr D J O'Leary,84,8,9.52%,30,35.71%,1,0,0%,1,100.00%,55,5,9.09%,18,32.73%,19,3,15.79%,5,26.32%,9,0,0%,6,66.67%
939,2025-08-25,J C Tobin,45,3,6.67%,13,28.89%,2,0,0%,1,50.00%,3,0,0%,0,0%,2,0,0%,0,0%,38,3,7.89%,12,31.58%
940,2025-08-25,Miss E Byrne,0,0,0%,0,0%,0,0,0%,0,0%,0,0,0%,0,0%,0,0,0%,0,0%,0,0,0%,0,0%
941,2025-08-25,Miss L A Hourigan,136,10,7.35%,34,25.00%,2,0,0%,0,0%,134,10,7.46%,34,25.37%,0,0,0%,0,0%,0,0,0%,0,0%
942,2025-08-25,Miss E A Lalor,242,14,5.79%,75,30.99%,1,0,0%,0,0%,115,8,6.96%,33,28.70%,70,4,5.71%,17,24.29%,56,2,3.57%,25,44.64%
943,2025-08-25,Miss Seonaid Renton,0,0,0%,0,0%,0,0,0%,0,0%,0,0,0%,0,0%,0,0,0%,0,0%,0,0,0%,0,0%
944,2025-08-25,P Gallagher,1,0,0%,0,0%,0,0,0%,0,0%,0,0,0%,0,0%,0,0,0%,0,0%,1,0,0%,0,0%
945,2025-08-25,Mr S W Drinkwater,21,3,14.29%,3,14.29%,0,0,0%,0,0%,1,0,0%,0,0%,13,2,15.38%,2,15.38%,7,1,14.29%,1,14.29%
946,2025-08-25,D J Howard,105,9,8.57%,27,25.71%,0,0,0%,0,0%,0,0,0%,0,0%,26,1,3.85%,9,34.62%,79,8,10.13%,18,22.78%
947,2025-08-25,Mr B P O'Neill,8,0,0%,0,0%,0,0,0%,0,0%,5,0,0%,0,0%,3,0,0%,0,0%,0,0,0%,0,0%
948,2025-08-25,Mr P H Gerety,1,0,0%,0,0%,0,0,0%,0,0%,1,0,0%,0,0%,0,0,0%,0,0%,0,0,0%,0,0%
949,2025-08-25,Mr S McMahon,0,0,0%,0,0%,0,0,0%,0,0%,0,0,0%,0,0%,0,0,0%,0,0%,0,0,0%,0,0%
950,2025-08-25,Mr G Finegan,0,0,0%,0,0%,0,0,0%,0,0%,0,0,0%,0,0%,0,0,0%,0,0%,0,0,0%,0,0%
951,2025-08-25,Mr Kevin Jones,68,6,8.82%,11,16.18%,1,0,0%,0,0%,10,2,20.00%,2,20.00%,23,1,4.35%,7,30.43%,34,3,8.82%,2,5.88%
952,2025-08-25,Mr J Goss,4,0,0%,1,0%,1,0,0%,1,100.00%,0,0,0%,0,0%,3,0,0%,0,0%,0,0,0%,0,0%
953,2025-08-25,Mr Liam Adams,0,0,0%,0,0%,0,0,0%,0,0%,0,0,0%,0,0%,0,0,0%,0,0%,0,0,0%,0,0%
954,2025-08-25,Natalia Gemelova,156,6,3.85%,26,16.67%,85,3,3.53%,19,22.35%,70,3,4.29%,7,10.00%,1,0,0%,0,0%,0,0,0%,0,0%
955,2025-08-25,Conor Quish,33,2,6.06%,4,12.12%,1,0,0%,0,0%,7,0,0%,1,14.29%,6,1,16.67%,2,33.33%,19,1,5.26%,1,5.26%
956,2025-08-25,Paul Eddery,0,0,0%,0,0%,0,0,0%,0,0%,0,0,0%,0,0%,0,0,0%,0,0%,0,0,0%,0,0%
957,2025-08-25,Ms N Carberry,774,144,18.60%,361,46.64%,8,0,0%,2,25.00%,620,114,18.39%,304,49.03%,106,26,24.53%,39,36.79%,40,4,10.00%,16,40.00%
958,2025-08-25,Mr Derek O'Connor,109,20,18.35%,36,33.03%,0,0,0%,0,0%,20,3,15.00%,11,55.00%,86,16,18.60%,25,29.07%,3,1,33.33%,0,0%
959,2025-08-25,M Ferris,0,0,0%,0,0%,0,0,0%,0,0%,0,0,0%,0,0%,0,0,0%,0,0%,0,0,0%,0,0%
960,2025-08-25,Miss K L Morgan,4,0,0%,2,0%,0,0,0%,0,0%,0,0,0%,0,0%,1,0,0%,0,0%,3,0,0%,2,66.67%
961,2025-08-25,Miss J Foster,7,1,14.29%,1,14.29%,0,0,0%,0,0%,2,0,0%,0,0%,0,0,0%,0,0%,5,1,20.00%,1,20.00%
962,2025-08-25,Mr N de Boinville,118,15,12.71%,35,29.66%,6,2,33.33%,1,16.67%,16,0,0%,6,37.50%,52,7,13.46%,15,28.85%,44,6,13.64%,13,29.55%
963,2025-08-25,Catherine Gannon,2208,199,9.01%,622,28.17%,757,64,8.45%,197,26.02%,1451,135,9.30%,425,29.29%,0,0,0%,0,0%,0,0,0%,0,0%
964,2025-08-25,Louis-Philippe Beuzelin,94,1,1.06%,24,25.53%,21,1,4.76%,2,9.52%,73,0,0%,22,30.14%,0,0,0%,0,0%,0,0,0%,0,0%
965,2025-08-25,Mr N McParlan,872,66,7.57%,279,32.00%,7,0,0%,2,28.57%,411,23,5.60%,136,33.09%,218,23,10.55%,84,38.53%,234,20,8.55%,55,23.50%
966,2025-08-25,Mr D Macauley,0,0,0%,0,0%,0,0,0%,0,0%,0,0,0%,0,0%,0,0,0%,0,0%,0,0,0%,0,0%
967,2025-08-25,Mr N T Slevin,61,2,3.28%,18,29.51%,0,0,0%,0,0%,25,2,8.00%,11,44.00%,21,0,0%,5,23.81%,15,0,0%,2,13.33%
968,2025-08-25,P J Toole,0,0,0%,0,0%,0,0,0%,0,0%,0,0,0%,0,0%,0,0,0%,0,0%,0,0,0%,0,0%
969,2025-08-25,P N O'Brien,95,12,12.63%,39,41.05%,1,0,0%,0,0%,14,0,0%,2,14.29%,18,0,0%,10,55.56%,62,12,19.35%,27,43.55%
970,2025-08-25,Mr E Magee,6,0,0%,0,0%,0,0,0%,0,0%,5,0,0%,0,0%,1,0,0%,0,0%,0,0,0%,0,0%
971,2025-08-25,Mr L Corbally,0,0,0%,0,0%,0,0,0%,0,0%,0,0,0%,0,0%,0,0,0%,0,0%,0,0,0%,0,0%
972,2025-08-25,D R Fox,2886,308,10.67%,985,34.13%,4,0,0%,1,25.00%,132,9,6.82%,34,25.76%,1228,160,13.03%,438,35.67%,1522,139,9.13%,512,33.64%
973,2025-08-25,Rob McCarth,95,8,8.42%,37,38.95%,0,0,0%,0,0%,12,1,8.33%,5,41.67%,29,2,6.90%,12,41.38%,54,5,9.26%,20,37.04%
974,2025-08-25,Kevin Thomas Coleman,3,0,0%,2,0%,0,0,0%,0,0%,0,0,0%,0,0%,0,0,0%,0,0%,3,0,0%,2,66.67%
975,2025-08-25,Mr R N Hennessy,1,0,0%,0,0%,0,0,0%,0,0%,1,0,0%,0,0%,0,0,0%,0,0%,0,0,0%,0,0%
976,2025-08-25,Mr M J McIntyre,7,0,0%,1,0%,1,0,0%,0,0%,3,0,0%,1,33.33%,1,0,0%,0,0%,2,0,0%,0,0%
977,2025-08-25,P M Quinn,496,40,8.06%,97,19.56%,93,6,6.45%,19,20.43%,403,34,8.44%,78,19.35%,0,0,0%,0,0%,0,0,0%,0,0%
978,2025-08-25,Paul Townend,1,0,0%,0,0%,0,0,0%,0,0%,0,0,0%,0,0%,0,0,0%,0,0%,1,0,0%,0,0%
979,2025-08-25,Paul Carberry,69,8,11.59%,22,31.88%,0,0,0%,0,0%,3,0,0%,2,66.67%,22,2,9.09%,8,36.36%,44,6,13.64%,12,27.27%
980,2025-08-25,Mr T Greenall,7,0,0%,0,0%,0,0,0%,0,0%,0,0,0%,0,0%,6,0,0%,0,0%,1,0,0%,0,0%
981,2025-08-25,M J J Murphy,45,4,8.89%,10,22.22%,20,2,10.00%,6,30.00%,25,2,8.00%,4,16.00%,0,0,0%,0,0%,0,0,0%,0,0%
982,2025-08-25,Mr D Queally,1,0,0%,0,0%,0,0,0%,0,0%,0,0,0%,0,0%,1,0,0%,0,0%,0,0,0%,0,0%
983,2025-08-25,Mr B J Tuckey,1,0,0%,0,0%,0,0,0%,0,0%,0,0,0%,0,0%,1,0,0%,0,0%,0,0,0%,0,0%
984,2025-08-25,Miss C Tizzard,4,1,25.00%,0,0.00%,0,0,0%,0,0%,0,0,0%,0,0%,4,1,25.00%,0,0%,0,0,0%,0,0%
985,2025-08-25,Mr M G Miller,3,1,33.33%,0,0.00%,0,0,0%,0,0%,0,0,0%,0,0%,3,1,33.33%,0,0%,0,0,0%,0,0%
986,2025-08-25,Mr C Sands,0,0,0%,0,0%,0,0,0%,0,0%,0,0,0%,0,0%,0,0,0%,0,0%,0,0,0%,0,0%
987,2025-08-25,Mr J Barber,38,8,21.05%,14,36.84%,0,0,0%,0,0%,3,0,0%,1,33.33%,23,6,26.09%,6,26.09%,12,2,16.67%,7,58.33%
988,2025-08-25,Mr N Harris,4,1,25.00%,0,0.00%,0,0,0%,0,0%,0,0,0%,0,0%,4,1,25.00%,0,0%,0,0,0%,0,0%
989,2025-08-25,LBdr Jody Sole,45,15,33.33%,19,42.22%,0,0,0%,0,0%,2,0,0%,2,100.00%,30,11,36.67%,11,36.67%,13,4,30.77%,6,46.15%
990,2025-08-25,Mr D J Griffiths,7,0,0%,2,0%,0,0,0%,0,0%,0,0,0%,0,0%,7,0,0%,2,28.57%,0,0,0%,0,0%
991,2025-08-25,Thomas Dyer,1,0,0%,0,0%,0,0,0%,0,0%,1,0,0%,0,0%,0,0,0%,0,0%,0,0,0%,0,0%
992,2025-08-25,Yann Lerner,0,0,0%,0,0%,0,0,0%,0,0%,0,0,0%,0,0%,0,0,0%,0,0%,0,0,0%,0,0%
993,2025-08-25,Mr S M Tierney,12,0,0%,1,0%,0,0,0%,0,0%,11,0,0%,1,9.09%,1,0,0%,0,0%,0,0,0%,0,0%
994,2025-08-25,Mr M J Scallan,92,2,2.17%,22,23.91%,0,0,0%,0,0%,32,0,0%,4,12.50%,29,1,3.45%,12,41.38%,31,1,3.23%,6,19.35%
995,2025-08-25,Mr P Mason,56,5,8.93%,20,35.71%,0,0,0%,0,0%,1,0,0%,0,0%,44,5,11.36%,16,36.36%,11,0,0%,4,36.36%
996,2025-08-25,Mr T Edwards,9,1,11.11%,2,22.22%,0,0,0%,0,0%,0,0,0%,0,0%,9,1,11.11%,2,22.22%,0,0,0%,0,0%
997,2025-08-25,Miss S J Berry,3,0,0%,1,0%,0,0,0%,0,0%,0,0,0%,0,0%,1,0,0%,1,100.00%,2,0,0%,0,0%
998,2025-08-25,Mr J Harris,2,0,0%,0,0%,0,0,0%,0,0%,0,0,0%,0,0%,2,0,0%,0,0%,0,0,0%,0,0%
999,2025-08-25,Joe Cosgrove,1,0,0%,0,0%,0,0,0%,0,0%,1,0,0%,0,0%,0,0,0%,0,0%,0,0,0%,0,0%
1000,2025-08-25,Mr S J Allen,8,1,12.50%,0,0.00%,0,0,0%,0,0%,4,0,0%,0,0%,1,0,0%,0,0%,3,1,33.33%,0,0%
1001,2025-08-25,Mr J D O'Neill,5,0,0%,0,0%,0,0,0%,0,0%,0,0,0%,0,0%,0,0,0%,0,0%,5,0,0%,0,0%
1002,2025-08-25,J P Murtagh,1009,191,18.93%,306,30.33%,213,33,15.49%,88,41.31%,796,158,19.85%,218,27.39%,0,0,0%,0,0%,0,0,0%,0,0%
1003,2025-08-25,S H James,3857,381,9.88%,1172,30.39%,1278,121,9.47%,396,30.99%,2578,260,10.09%,776,30.10%,1,0,0%,0,0%,0,0,0%,0,0%
1004,2025-08-25,Nicola Walsh,7,0,0%,0,0%,1,0,0%,0,0%,6,0,0%,0,0%,0,0,0%,0,0%,0,0,0%,0,0%
1005,2025-08-25,D A Parkes,529,32,6.05%,171,32.33%,317,26,8.20%,113,35.65%,211,6,2.84%,58,27.49%,1,0,0%,0,0%,0,0,0%,0,0%
1006,2025-08-25,P Shanahan,164,6,3.66%,22,13.41%,22,1,4.55%,2,9.09%,142,5,3.52%,20,14.08%,0,0,0%,0,0%,0,0,0%,0,0%
1007,2025-08-25,R P Whelan,6303,562,8.92%,1766,28.02%,1432,189,13.20%,445,31.08%,4870,373,7.66%,1321,27.13%,1,0,0%,0,0%,0,0,0%,0,0%
1008,2025-08-25,Darren Edward Egan,203,23,11.33%,34,16.75%,113,11,9.73%,21,18.58%,90,12,13.33%,13,14.44%,0,0,0%,0,0%,0,0,0%,0,0%
1009,2025-08-25,R P Walsh,217,10,4.61%,51,23.50%,105,6,5.71%,22,20.95%,112,4,3.57%,29,25.89%,0,0,0%,0,0%,0,0,0%,0,0%
1010,2025-08-25,M A Cleere,87,3,3.45%,12,13.79%,21,1,4.76%,5,23.81%,66,2,3.03%,7,10.61%,0,0,0%,0,0%,0,0,0%,0,0%
1011,2025-08-25,J T Reid,0,0,0%,0,0%,0,0,0%,0,0%,0,0,0%,0,0%,0,0,0%,0,0%,0,0,0%,0,0%
1012,2025-08-25,T Bailey,1,0,0%,0,0%,0,0,0%,0,0%,0,0,0%,0,0%,0,0,0%,0,0%,1,0,0%,0,0%
1013,2025-08-25,P J McDonald,5785,721,12.46%,2083,36.01%,2526,319,12.63%,968,38.32%,3254,401,12.32%,1113,34.20%,5,1,20.00%,2,40.00%,0,0,0%,0,0%
1014,2025-08-25,Miss Caroline Hurley,6,0,0%,0,0%,2,0,0%,0,0%,0,0,0%,0,0%,1,0,0%,0,0%,3,0,0%,0,0%
1015,2025-08-25,Mr D Kemp,24,4,16.67%,7,29.17%,0,0,0%,0,0%,0,0,0%,0,0%,24,4,16.67%,7,29.17%,0,0,0%,0,0%
1016,2025-08-25,Miss Hannah Watson,73,9,12.33%,13,17.81%,2,0,0%,0,0%,5,0,0%,1,20.00%,51,6,11.76%,7,13.73%,15,3,20.00%,5,33.33%
1017,2025-08-25,N Chalmers,302,18,5.96%,35,11.59%,171,8,4.68%,26,15.20%,128,10,7.81%,8,6.25%,3,0,0%,1,33.33%,0,0,0%,0,0%
1018,2025-08-25,Mr S Morris,0,0,0%,0,0%,0,0,0%,0,0%,0,0,0%,0,0%,0,0,0%,0,0%,0,0,0%,0,0%
1020,2025-08-25,Kasey Loftus,0,0,0%,0,0%,0,0,0%,0,0%,0,0,0%,0,0%,0,0,0%,0,0%,0,0,0%,0,0%
1022,2025-08-25,Mr N Henderson,1,0,0%,0,0%,0,0,0%,0,0%,0,0,0%,0,0%,1,0,0%,0,0%,0,0,0%,0,0%
1023,2025-08-25,C O'Donoghue,2106,196,9.31%,636,30.20%,243,14,5.76%,63,25.93%,1863,182,9.77%,573,30.76%,0,0,0%,0,0%,0,0,0%,0,0%
1024,2025-08-25,Johnny Murtagh,130,20,15.38%,47,36.15%,23,3,13.04%,9,39.13%,107,17,15.89%,38,35.51%,0,0,0%,0,0%,0,0,0%,0,0%
1025,2025-08-25,K Kenny,0,0,0%,0,0%,0,0,0%,0,0%,0,0,0%,0,0%,0,0,0%,0,0%,0,0,0%,0,0%
1026,2025-08-25,D Allan,8182,909,11.11%,2805,34.28%,926,101,10.91%,305,32.94%,7248,808,11.15%,2495,34.42%,6,0,0%,4,66.67%,2,0,0%,1,50.00%
1027,2025-08-25,Sophie Silvester,26,1,3.85%,3,11.54%,3,0,0%,0,0%,23,1,4.35%,3,13.04%,0,0,0%,0,0%,0,0,0%,0,0%
1028,2025-08-25,Shane B Kelly,434,32,7.37%,118,27.19%,88,6,6.82%,19,21.59%,346,26,7.51%,99,28.61%,0,0,0%,0,0%,0,0,0%,0,0%
1029,2025-08-25,H Gill,0,0,0%,0,0%,0,0,0%,0,0%,0,0,0%,0,0%,0,0,0%,0,0%,0,0,0%,0,0%
1030,2025-08-25,Rosie Jessop,307,31,10.10%,85,27.69%,115,7,6.09%,29,25.22%,192,24,12.50%,56,29.17%,0,0,0%,0,0%,0,0,0%,0,0%
1031,2025-08-25,T G McLaughlin,929,53,5.71%,245,26.37%,448,22,4.91%,115,25.67%,480,31,6.46%,130,27.08%,1,0,0%,0,0%,0,0,0%,0,0%
1032,2025-08-25,F Keniry,701,54,7.70%,154,21.97%,11,0,0%,4,36.36%,70,5,7.14%,16,22.86%,159,16,10.06%,33,20.75%,461,33,7.16%,101,21.91%
1033,2025-08-25,C J Davies,118,5,4.24%,26,22.03%,0,0,0%,0,0%,9,2,22.22%,2,22.22%,30,1,3.33%,5,16.67%,79,2,2.53%,19,24.05%
1034,2025-08-25,D T Evans,8,0,0%,0,0%,0,0,0%,0,0%,0,0,0%,0,0%,0,0,0%,0,0%,8,0,0%,0,0%
1035,2025-08-25,Luke Strong,12,1,8.33%,0,0.00%,4,0,0%,0,0%,8,1,12.50%,0,0%,0,0,0%,0,0%,0,0,0%,0,0%
1036,2025-08-25,Eleanor McGowan,0,0,0%,0,0%,0,0,0%,0,0%,0,0,0%,0,0%,0,0,0%,0,0%,0,0,0%,0,0%
1037,2025-08-25,R Hills,306,50,16.34%,79,25.82%,33,8,24.24%,10,30.30%,273,42,15.38%,69,25.27%,0,0,0%,0,0%,0,0,0%,0,0%
1038,2025-08-25,L Dettori,3340,658,19.70%,1283,38.41%,329,90,27.36%,147,44.68%,3010,568,18.87%,1135,37.71%,1,0,0%,1,100.00%,0,0,0%,0,0%
1039,2025-08-25,Mr M McConville,61,3,4.92%,11,18.03%,0,0,0%,0,0%,2,0,0%,1,50.00%,24,2,8.33%,6,25.00%,35,1,2.86%,4,11.43%
1040,2025-08-25,Mr B F Brabazon,29,1,3.45%,2,6.90%,0,0,0%,0,0%,10,0,0%,0,0%,13,1,7.69%,1,7.69%,6,0,0%,1,16.67%
1041,2025-08-25,J A Heffernan,6502,649,9.98%,1793,27.58%,1258,117,9.30%,312,24.80%,5241,532,10.15%,1480,28.24%,3,0,0%,1,33.33%,0,0,0%,0,0%
1042,2025-08-25,W J Supple,286,16,5.59%,39,13.64%,63,6,9.52%,6,9.52%,223,10,4.48%,33,14.80%,0,0,0%,0,0%,0,0,0%,0,0%
1043,2025-08-25,S Carson,0,0,0%,0,0%,0,0,0%,0,0%,0,0,0%,0,0%,0,0,0%,0,0%,0,0,0%,0,0%
1044,2025-08-25,Stephanie Thewlis,1,0,0%,0,0%,0,0,0%,0,0%,1,0,0%,0,0%,0,0,0%,0,0%,0,0,0%,0,0%
1045,2025-08-25,A L Voy,405,27,6.67%,63,15.56%,2,0,0%,0,0%,36,1,2.78%,7,19.44%,91,8,8.79%,16,17.58%,276,18,6.52%,40,14.49%
1046,2025-08-25,Giles Hawkins,333,22,6.61%,93,27.93%,1,0,0%,0,0%,30,1,3.33%,5,16.67%,60,5,8.33%,10,16.67%,242,16,6.61%,78,32.23%
1047,2025-08-25,Martin Lane,3525,345,9.79%,1082,30.70%,1737,179,10.31%,557,32.07%,1784,166,9.30%,525,29.43%,2,0,0%,0,0%,2,0,0%,0,0%
1048,2025-08-25,Peter Toole,116,9,7.76%,24,20.69%,0,0,0%,0,0%,8,0,0%,2,25.00%,41,3,7.32%,7,17.07%,67,6,8.96%,15,22.39%
1050,2025-08-25,J Moore,2,0,0%,0,0%,0,0,0%,0,0%,0,0,0%,0,0%,1,0,0%,0,0%,1,0,0%,0,0%
1051,2025-08-25,David Kenny,435,21,4.83%,100,22.99%,223,12,5.38%,51,22.87%,212,9,4.25%,49,23.11%,0,0,0%,0,0%,0,0,0%,0,0%
1052,2025-08-25,Ronan Thomas,1,0,0%,1,0%,0,0,0%,0,0%,1,0,0%,1,100.00%,0,0,0%,0,0%,0,0,0%,0,0%
1053,2025-08-25,Josh Hamer,120,15,12.50%,45,37.50%,0,0,0%,0,0%,4,0,0%,1,25.00%,30,3,10.00%,11,36.67%,86,12,13.95%,33,38.37%
1054,2025-08-25,Hadden Frost,711,52,7.31%,141,19.83%,5,0,0%,3,60.00%,69,2,2.90%,15,21.74%,178,16,8.99%,43,24.16%,459,34,7.41%,80,17.43%
1055,2025-08-25,W Buick,6747,1424,21.11%,2424,35.93%,1350,295,21.85%,560,41.48%,5385,1125,20.89%,1861,34.56%,11,4,36.36%,2,18.18%,1,0,0%,1,100.00%
1056,2025-08-25,Mr A M Keane,31,1,3.23%,6,19.35%,0,0,0%,0,0%,12,0,0%,2,16.67%,2,0,0%,0,0%,17,1,5.88%,4,23.53%
1057,2025-08-25,Mr N J Redmond,55,2,3.64%,15,27.27%,0,0,0%,0,0%,31,0,0%,4,12.90%,4,1,25.00%,1,25.00%,20,1,5.00%,10,50.00%
1058,2025-08-25,D P McDonogh,6564,672,10.24%,2165,32.98%,1391,156,11.21%,482,34.65%,5173,516,9.97%,1683,32.53%,0,0,0%,0,0%,0,0,0%,0,0%
1059,2025-08-25,Fran Berry,1488,138,9.27%,522,35.08%,625,65,10.40%,223,35.68%,861,73,8.48%,298,34.61%,2,0,0%,1,50.00%,0,0,0%,0,0%
1060,2025-08-25,D C Byrne,53,3,5.66%,9,16.98%,11,1,9.09%,3,27.27%,42,2,4.76%,6,14.29%,0,0,0%,0,0%,0,0,0%,0,0%
1061,2025-08-25,Julie Burke,793,61,7.69%,189,23.83%,163,13,7.98%,36,22.09%,629,48,7.63%,152,24.17%,0,0,0%,0,0%,1,0,0%,1,100.00%
1062,2025-08-25,Ben Curtis,244,33,13.52%,54,22.13%,135,16,11.85%,32,23.70%,109,17,15.60%,22,20.18%,0,0,0%,0,0%,0,0,0%,0,0%
1063,2025-08-25,S M McGuinness,0,0,0%,0,0%,0,0,0%,0,0%,0,0,0%,0,0%,0,0,0%,0,0%,0,0,0%,0,0%
1064,2025-08-25,S J Crimin,430,21,4.88%,90,20.93%,2,0,0%,0,0%,15,0,0%,1,6.67%,113,7,6.19%,30,26.55%,300,14,4.67%,59,19.67%
1065,2025-08-25,Miss J Coward,59,9,15.25%,21,35.59%,1,0,0%,1,100.00%,31,6,19.35%,10,32.26%,25,3,12.00%,9,36.00%,2,0,0%,1,50.00%
1066,2025-08-25,Mr H Kinchin,2,0,0%,0,0%,0,0,0%,0,0%,0,0,0%,0,0%,2,0,0%,0,0%,0,0,0%,0,0%
1067,2025-08-25,K T O'Neill,7841,665,8.48%,2239,28.56%,4607,395,8.57%,1311,28.46%,3228,269,8.33%,926,28.69%,2,1,50.00%,0,0%,4,0,0%,2,50.00%
1068,2025-08-25,Katherine S O'Brien,90,5,5.56%,12,13.33%,11,0,0%,3,27.27%,79,5,6.33%,9,11.39%,0,0,0%,0,0%,0,0,0%,0,0%
1069,2025-08-25,Mr B F Cawley,3,0,0%,1,0%,0,0,0%,0,0%,0,0,0%,0,0%,1,0,0%,1,100.00%,2,0,0%,0,0%
1070,2025-08-25,Mr D W O'Regan,0,0,0%,0,0%,0,0,0%,0,0%,0,0,0%,0,0%,0,0,0%,0,0%,0,0,0%,0,0%
1071,2025-08-25,N de Boinville,2325,517,22.24%,675,29.03%,26,5,19.23%,11,42.31%,209,38,18.18%,81,38.76%,663,150,22.62%,157,23.68%,1427,324,22.70%,426,29.85%
1072,2025-08-25,Miss L Allan,24,1,4.17%,7,29.17%,1,0,0%,0,0%,9,0,0%,2,22.22%,10,1,10.00%,4,40.00%,4,0,0%,1,25.00%
1073,2025-08-25,Mr R Stearn,36,3,8.33%,19,52.78%,0,0,0%,0,0%,0,0,0%,0,0%,36,3,8.33%,19,52.78%,0,0,0%,0,0%
1074,2025-08-25,Brian Toomey,187,19,10.16%,38,20.32%,14,1,7.14%,4,28.57%,48,4,8.33%,13,27.08%,11,2,18.18%,0,0%,114,12,10.53%,21,18.42%
1075,2025-08-25,Amy Ryan,818,90,11.00%,236,28.85%,274,26,9.49%,76,27.74%,544,64,11.76%,160,29.41%,0,0,0%,0,0%,0,0,0%,0,0%
1076,2025-08-25,R Ffrench,2206,121,5.49%,618,28.01%,470,24,5.11%,118,25.11%,1735,97,5.59%,500,28.82%,1,0,0%,0,0%,0,0,0%,0,0%
1077,2025-08-25,Mr F O'Connor,3,0,0%,0,0%,0,0,0%,0,0%,3,0,0%,0,0%,0,0,0%,0,0%,0,0,0%,0,0%
1078,2025-08-25,Mr R Deegan,240,14,5.83%,59,24.58%,1,0,0%,0,0%,158,4,2.53%,34,21.52%,28,5,17.86%,10,35.71%,53,5,9.43%,15,28.30%
1079,2025-08-25,Mr T A Dolan,3,0,0%,0,0%,0,0,0%,0,0%,0,0,0%,0,0%,3,0,0%,0,0%,0,0,0%,0,0%
1080,2025-08-25,Mr J J Dullea,0,0,0%,0,0%,0,0,0%,0,0%,0,0,0%,0,0%,0,0,0%,0,0%,0,0,0%,0,0%
1081,2025-08-25,Mr G O'Sullivan,2,0,0%,0,0%,0,0,0%,0,0%,0,0,0%,0,0%,0,0,0%,0,0%,2,0,0%,0,0%
1082,2025-08-25,T P O'Shea,904,86,9.51%,229,25.33%,128,13,10.16%,30,23.44%,776,73,9.41%,199,25.64%,0,0,0%,0,0%,0,0,0%,0,0%
1083,2025-08-25,Mr F J Harford,32,2,6.25%,13,40.63%,0,0,0%,0,0%,13,1,7.69%,6,46.15%,0,0,0%,0,0%,19,1,5.26%,7,36.84%
1084,2025-08-25,Mr J M Barcoe,31,0,0%,3,0%,0,0,0%,0,0%,21,0,0%,3,14.29%,0,0,0%,0,0%,10,0,0%,0,0%
1085,2025-08-25,Mr F A McCurtin,11,0,0%,0,0%,0,0,0%,0,0%,4,0,0%,0,0%,6,0,0%,0,0%,1,0,0%,0,0%
1086,2025-08-25,Miss A Calder,0,0,0%,0,0%,0,0,0%,0,0%,0,0,0%,0,0%,0,0,0%,0,0%,0,0,0%,0,0%
1088,2025-08-25,Neil Farley,1483,103,6.95%,433,29.20%,289,20,6.92%,93,32.18%,1193,83,6.96%,340,28.50%,0,0,0%,0,0%,1,0,0%,0,0%
1089,2025-08-25,P Dobbs,639,85,13.30%,177,27.70%,103,16,15.53%,43,41.75%,535,69,12.90%,134,25.05%,1,0,0%,0,0%,0,0,0%,0,0%
1090,2025-08-25,T E Durcan,2411,301,12.48%,853,35.38%,793,123,15.51%,320,40.35%,1617,178,11.01%,533,32.96%,1,0,0%,0,0%,0,0,0%,0,0%
1091,2025-08-25,Mr F Guy,0,0,0%,0,0%,0,0,0%,0,0%,0,0,0%,0,0%,0,0,0%,0,0%,0,0,0%,0,0%
1092,2025-08-25,Mr R Matej,0,0,0%,0,0%,0,0,0%,0,0%,0,0,0%,0,0%,0,0,0%,0,0%,0,0,0%,0,0%
1093,2025-08-25,Mr M Falk Weissmeier,0,0,0%,0,0%,0,0,0%,0,0%,0,0,0%,0,0%,0,0,0%,0,0%,0,0,0%,0,0%
1094,2025-08-25,Mr M J Lynch,75,5,6.67%,13,17.33%,0,0,0%,0,0%,46,3,6.52%,6,13.04%,19,1,5.26%,6,31.58%,10,1,10.00%,1,10.00%
1095,2025-08-25,Danny Brock,1357,104,7.66%,400,29.48%,847,71,8.38%,262,30.93%,508,33,6.50%,138,27.17%,0,0,0%,0,0%,2,0,0%,0,0%
1096,2025-08-25,Alan Munro,0,0,0%,0,0%,0,0,0%,0,0%,0,0,0%,0,0%,0,0,0%,0,0%,0,0,0%,0,0%
1097,2025-08-25,Mr S Ross,0,0,0%,0,0%,0,0,0%,0,0%,0,0,0%,0,0%,0,0,0%,0,0%,0,0,0%,0,0%
1098,2025-08-25,Mr Luke Morgan,0,0,0%,0,0%,0,0,0%,0,0%,0,0,0%,0,0%,0,0,0%,0,0%,0,0,0%,0,0%
1099,2025-08-25,Mr A Ward-Thomas,1,0,0%,0,0%,0,0,0%,0,0%,0,0,0%,0,0%,1,0,0%,0,0%,0,0,0%,0,0%
1100,2025-08-25,Richard Hills,61,7,11.48%,12,19.67%,2,0,0%,1,50.00%,59,7,11.86%,11,18.64%,0,0,0%,0,0%,0,0,0%,0,0%
1101,2025-08-25,Louis Beuzelin,51,5,9.80%,10,19.61%,7,1,14.29%,0,0%,44,4,9.09%,10,22.73%,0,0,0%,0,0%,0,0,0%,0,0%
1102,2025-08-25,Lindsay White,0,0,0%,0,0%,0,0,0%,0,0%,0,0,0%,0,0%,0,0,0%,0,0%,0,0,0%,0,0%
1103,2025-08-25,Miss Sally Randell,41,8,19.51%,10,24.39%,2,1,50.00%,0,0%,7,1,14.29%,1,14.29%,17,2,11.76%,6,35.29%,15,4,26.67%,3,20.00%
1104,2025-08-25,A E Ryan,0,0,0%,0,0%,0,0,0%,0,0%,0,0,0%,0,0%,0,0,0%,0,0%,0,0,0%,0,0%
1105,2025-08-25,S Hunter,3,0,0%,0,0%,0,0,0%,0,0%,3,0,0%,0,0%,0,0,0%,0,0%,0,0,0%,0,0%
1106,2025-08-25,V R De Souza,12,0,0%,2,0%,2,0,0%,0,0%,10,0,0%,2,20.00%,0,0,0%,0,0%,0,0,0%,0,0%
1107,2025-08-25,Mr M Lurcock,0,0,0%,0,0%,0,0,0%,0,0%,0,0,0%,0,0%,0,0,0%,0,0%,0,0,0%,0,0%
1108,2025-08-25,Mary-Ann Parkin,1,0,0%,1,0%,1,0,0%,1,100.00%,0,0,0%,0,0%,0,0,0%,0,0%,0,0,0%,0,0%
1109,2025-08-25,Thomas Brown,873,106,12.14%,330,37.80%,350,51,14.57%,138,39.43%,522,55,10.54%,191,36.59%,1,0,0%,1,100.00%,0,0,0%,0,0%
1110,2025-08-25,P Mathers,3440,244,7.09%,985,28.63%,1106,77,6.96%,313,28.30%,2332,167,7.16%,672,28.82%,2,0,0%,0,0%,0,0,0%,0,0%
1111,2025-08-25,J Rogers,221,17,7.69%,32,14.48%,92,9,9.78%,10,10.87%,128,8,6.25%,22,17.19%,0,0,0%,0,0%,1,0,0%,0,0%
1112,2025-08-25,Benjamin Stephens,5,0,0%,2,0%,0,0,0%,0,0%,0,0,0%,0,0%,0,0,0%,0,0%,5,0,0%,2,40.00%
1114,2025-08-25,Mr Jamie Alexander,19,2,10.53%,9,47.37%,0,0,0%,0,0%,0,0,0%,0,0%,19,2,10.53%,9,47.37%,0,0,0%,0,0%
1115,2025-08-25,Mr N Kent,0,0,0%,0,0%,0,0,0%,0,0%,0,0,0%,0,0%,0,0,0%,0,0%,0,0,0%,0,0%
1116,2025-08-25,G A Tumelty,0,0,0%,0,0%,0,0,0%,0,0%,0,0,0%,0,0%,0,0,0%,0,0%,0,0,0%,0,0%
1117,2025-08-25,D M Grant,925,64,6.92%,203,21.95%,172,10,5.81%,38,22.09%,753,54,7.17%,165,21.91%,0,0,0%,0,0%,0,0,0%,0,0%
1118,2025-08-25,Samantha Louise Wynne,5,0,0%,0,0%,1,0,0%,0,0%,4,0,0%,0,0%,0,0,0%,0,0%,0,0,0%,0,0%
1119,2025-08-25,Mr E C McCarthy,8,0,0%,1,0%,0,0,0%,0,0%,5,0,0%,1,20.00%,0,0,0%,0,0%,3,0,0%,0,0%
1120,2025-08-25,Mr T Speke,42,0,0%,17,0%,0,0,0%,0,0%,4,0,0%,0,0%,29,0,0%,13,44.83%,9,0,0%,4,44.44%
1121,2025-08-25,Mr Adam Nicol,5,0,0%,0,0%,0,0,0%,0,0%,0,0,0%,0,0%,3,0,0%,0,0%,2,0,0%,0,0%
1122,2025-08-25,Ed Glassonbury,5,1,20.00%,1,20.00%,0,0,0%,0,0%,0,0,0%,0,0%,2,0,0%,0,0%,3,1,33.33%,1,33.33%
1123,2025-08-25,Miss Sarah West,3,0,0%,1,0%,0,0,0%,0,0%,0,0,0%,0,0%,3,0,0%,1,33.33%,0,0,0%,0,0%
1124,2025-08-25,Mr Sam Painting,78,7,8.97%,22,28.21%,0,0,0%,0,0%,12,0,0%,4,33.33%,36,4,11.11%,8,22.22%,30,3,10.00%,10,33.33%
1125,2025-08-25,Mr Joshua Harris,5,0,0%,0,0%,0,0,0%,0,0%,0,0,0%,0,0%,5,0,0%,0,0%,0,0,0%,0,0%
1126,2025-08-25,Lana Chambers,0,0,0%,0,0%,0,0,0%,0,0%,0,0,0%,0,0%,0,0,0%,0,0%,0,0,0%,0,0%
1127,2025-08-25,D T Da Silva,122,8,6.56%,41,33.61%,42,5,11.90%,14,33.33%,80,3,3.75%,27,33.75%,0,0,0%,0,0%,0,0,0%,0,0%
1128,2025-08-25,R Mullen,528,44,8.33%,157,29.73%,78,2,2.56%,16,20.51%,450,42,9.33%,141,31.33%,0,0,0%,0,0%,0,0,0%,0,0%
1129,2025-08-25,Ahmed Ajtebi,260,35,13.46%,69,26.54%,55,9,16.36%,15,27.27%,205,26,12.68%,54,26.34%,0,0,0%,0,0%,0,0,0%,0,0%
1130,2025-08-25,J F Egan,4316,368,8.53%,1505,34.87%,1922,182,9.47%,686,35.69%,2393,186,7.77%,818,34.18%,0,0,0%,0,0%,1,0,0%,1,100.00%
1131,2025-08-25,D J Coyle,0,0,0%,0,0%,0,0,0%,0,0%,0,0,0%,0,0%,0,0,0%,0,0%,0,0,0%,0,0%
1132,2025-08-25,Mr J N Pilkington,2,0,0%,0,0%,2,0,0%,0,0%,0,0,0%,0,0%,0,0,0%,0,0%,0,0,0%,0,0%
1133,2025-08-25,Mr S McCullagh,10,1,10.00%,1,10.00%,0,0,0%,0,0%,7,1,14.29%,0,0%,0,0,0%,0,0%,3,0,0%,1,33.33%
1134,2025-08-25,Mr D Alers-hankey,0,0,0%,0,0%,0,0,0%,0,0%,0,0,0%,0,0%,0,0,0%,0,0%,0,0,0%,0,0%
1135,2025-08-25,Mr Joseph Proctor,0,0,0%,0,0%,0,0,0%,0,0%,0,0,0%,0,0%,0,0,0%,0,0%,0,0,0%,0,0%
1136,2025-08-25,T Weston,7,0,0%,2,0%,0,0,0%,0,0%,1,0,0%,0,0%,4,0,0%,2,50.00%,2,0,0%,0,0%
1137,2025-08-25,Julie-anne Cumine,9,1,11.11%,2,22.22%,7,1,14.29%,1,14.29%,2,0,0%,1,50.00%,0,0,0%,0,0%,0,0,0%,0,0%
1138,2025-08-25,Nathan Alison,414,41,9.90%,110,26.57%,242,23,9.50%,70,28.93%,170,18,10.59%,39,22.94%,2,0,0%,1,50.00%,0,0,0%,0,0%
1139,2025-08-25,R Dawson,216,12,5.56%,57,26.39%,61,5,8.20%,18,29.51%,155,7,4.52%,39,25.16%,0,0,0%,0,0%,0,0,0%,0,0%
1140,2025-08-25,J P Killahena,24,1,4.17%,2,8.33%,7,0,0%,1,14.29%,17,1,5.88%,1,5.88%,0,0,0%,0,0%,0,0,0%,0,0%
1141,2025-08-25,Miriam Fogarty,0,0,0%,0,0%,0,0,0%,0,0%,0,0,0%,0,0%,0,0,0%,0,0%,0,0,0%,0,0%
1142,2025-08-25,Miss J R Richards,125,9,7.20%,42,33.60%,5,0,0%,1,20.00%,52,1,1.92%,18,34.62%,24,5,20.83%,9,37.50%,44,3,6.82%,14,31.82%
1143,2025-08-25,Miss N Vorster,2,0,0%,0,0%,0,0,0%,0,0%,2,0,0%,0,0%,0,0,0%,0,0%,0,0,0%,0,0%
1144,2025-08-25,Miss L E Burke,0,0,0%,0,0%,0,0,0%,0,0%,0,0,0%,0,0%,0,0,0%,0,0%,0,0,0%,0,0%
1145,2025-08-25,Miss Joanna Mason,193,22,11.40%,78,40.41%,22,5,22.73%,8,36.36%,139,14,10.07%,56,40.29%,15,1,6.67%,7,46.67%,17,2,11.76%,7,41.18%
1146,2025-08-25,Miss H Dukes,80,5,6.25%,29,36.25%,15,1,6.67%,3,20.00%,65,4,6.15%,26,40.00%,0,0,0%,0,0%,0,0,0%,0,0%
1147,2025-08-25,Miss V Barr,50,1,2.00%,16,32.00%,4,0,0%,2,50.00%,46,1,2.17%,14,30.43%,0,0,0%,0,0%,0,0,0%,0,0%
1148,2025-08-25,Mrs E Evans,7,0,0%,1,0%,3,0,0%,1,33.33%,4,0,0%,0,0%,0,0,0%,0,0%,0,0,0%,0,0%
1149,2025-08-25,Miss Phillipa Tutty,56,1,1.79%,8,14.29%,4,0,0%,1,25.00%,42,1,2.38%,7,16.67%,3,0,0%,0,0%,7,0,0%,0,0%
1150,2025-08-25,Mrs M Morris,0,0,0%,0,0%,0,0,0%,0,0%,0,0,0%,0,0%,0,0,0%,0,0%,0,0,0%,0,0%
1151,2025-08-25,Miss K Margarson,67,5,7.46%,15,22.39%,20,1,5.00%,8,40.00%,47,4,8.51%,7,14.89%,0,0,0%,0,0%,0,0,0%,0,0%
1152,2025-08-25,Miss K E Cooper,1,0,0%,0,0%,0,0,0%,0,0%,1,0,0%,0,0%,0,0,0%,0,0%,0,0,0%,0,0%
1153,2025-08-25,Miss Kelly Burke,0,0,0%,0,0%,0,0,0%,0,0%,0,0,0%,0,0%,0,0,0%,0,0%,0,0,0%,0,0%
1154,2025-08-25,F F Da Silva,25,0,0%,1,0%,7,0,0%,0,0%,18,0,0%,1,5.56%,0,0,0%,0,0%,0,0,0%,0,0%
1155,2025-08-25,Karen Kenny,157,4,2.55%,13,8.28%,51,0,0%,5,9.80%,106,4,3.77%,8,7.55%,0,0,0%,0,0%,0,0,0%,0,0%
1156,2025-08-25,Mr T M O'Brien,119,3,2.52%,19,15.97%,0,0,0%,0,0%,57,3,5.26%,9,15.79%,23,0,0%,6,26.09%,39,0,0%,4,10.26%
1157,2025-08-25,Miss A O'Brien,15,1,6.67%,3,20.00%,1,0,0%,0,0%,13,1,7.69%,2,15.38%,0,0,0%,0,0%,1,0,0%,1,100.00%
1158,2025-08-25,Mr R Jarrett,97,16,16.49%,23,23.71%,1,0,0%,0,0%,2,0,0%,0,0%,85,16,18.82%,22,25.88%,9,0,0%,1,11.11%
1159,2025-08-25,Mr S Drinkwater,72,6,8.33%,17,23.61%,1,0,0%,0,0%,13,1,7.69%,3,23.08%,33,4,12.12%,8,24.24%,25,1,4.00%,6,24.00%
1160,2025-08-25,Mr D Collins,10,1,10.00%,2,20.00%,0,0,0%,0,0%,1,0,0%,0,0%,8,1,12.50%,2,25.00%,1,0,0%,0,0%
1161,2025-08-25,W J McCarthy,1,0,0%,0,0%,0,0,0%,0,0%,0,0,0%,0,0%,0,0,0%,0,0%,1,0,0%,0,0%
1162,2025-08-25,Mr D M Duggan,0,0,0%,0,0%,0,0,0%,0,0%,0,0,0%,0,0%,0,0,0%,0,0%,0,0,0%,0,0%
1163,2025-08-25,Mr S Charlton,0,0,0%,0,0%,0,0,0%,0,0%,0,0,0%,0,0%,0,0,0%,0,0%,0,0,0%,0,0%
1164,2025-08-25,P J Dobbs,3655,416,11.38%,1399,38.28%,571,65,11.38%,235,41.16%,3081,350,11.36%,1163,37.75%,3,1,33.33%,1,33.33%,0,0,0%,0,0%
1166,2025-08-25,Mr T B White,1,0,0%,0,0%,0,0,0%,0,0%,0,0,0%,0,0%,1,0,0%,0,0%,0,0,0%,0,0%
1167,2025-08-25,Miss G Loughnane,2,0,0%,0,0%,0,0,0%,0,0%,1,0,0%,0,0%,1,0,0%,0,0%,0,0,0%,0,0%
1168,2025-08-25,Mr J P Hartigan,1,0,0%,0,0%,0,0,0%,0,0%,0,0,0%,0,0%,1,0,0%,0,0%,0,0,0%,0,0%
1169,2025-08-25,Mr S Shortall,0,0,0%,0,0%,0,0,0%,0,0%,0,0,0%,0,0%,0,0,0%,0,0%,0,0,0%,0,0%
1170,2025-08-25,Mr A Murphy,74,4,5.41%,27,36.49%,0,0,0%,0,0%,35,3,8.57%,10,28.57%,29,1,3.45%,9,31.03%,10,0,0%,8,80.00%
1171,2025-08-25,Mr P J Flood,8,0,0%,0,0%,0,0,0%,0,0%,4,0,0%,0,0%,2,0,0%,0,0%,2,0,0%,0,0%
1172,2025-08-25,Mr J J Slevin,230,9,3.91%,63,27.39%,0,0,0%,0,0%,128,3,2.34%,30,23.44%,25,0,0%,9,36.00%,77,6,7.79%,24,31.17%
1173,2025-08-25,Mr P Harty,35,0,0%,9,0%,0,0,0%,0,0%,21,0,0%,7,33.33%,0,0,0%,0,0%,13,0,0%,1,7.69%
1174,2025-08-25,Mr R Winks,98,8,8.16%,42,42.86%,0,0,0%,0,0%,5,0,0%,2,40.00%,29,4,13.79%,11,37.93%,64,4,6.25%,29,45.31%
1175,2025-08-25,Miss K Wood,0,0,0%,0,0%,0,0,0%,0,0%,0,0,0%,0,0%,0,0,0%,0,0%,0,0,0%,0,0%
1176,2025-08-25,Mr D Ockenden,7,0,0%,0,0%,0,0,0%,0,0%,0,0,0%,0,0%,6,0,0%,0,0%,1,0,0%,0,0%
1178,2025-08-25,Mr M J Henry,0,0,0%,0,0%,0,0,0%,0,0%,0,0,0%,0,0%,0,0,0%,0,0%,0,0,0%,0,0%
1179,2025-08-25,Mr D J Hagan,9,0,0%,0,0%,0,0,0%,0,0%,7,0,0%,0,0%,2,0,0%,0,0%,0,0,0%,0,0%
1181,2025-08-25,A P Fagan,0,0,0%,0,0%,0,0,0%,0,0%,0,0,0%,0,0%,0,0,0%,0,0%,0,0,0%,0,0%
1182,2025-08-25,Mr J J Walsh,60,5,8.33%,15,25.00%,0,0,0%,0,0%,47,4,8.51%,10,21.28%,8,0,0%,2,25.00%,5,1,20.00%,3,60.00%
1183,2025-08-25,D P Fahy,1,0,0%,0,0%,0,0,0%,0,0%,0,0,0%,0,0%,0,0,0%,0,0%,1,0,0%,0,0%
1184,2025-08-25,Mr Matthew Barber,131,8,6.11%,21,16.03%,2,0,0%,0,0%,25,1,4.00%,3,12.00%,53,4,7.55%,14,26.42%,51,3,5.88%,4,7.84%
1185,2025-08-25,James Davies,977,69,7.06%,184,18.83%,6,0,0%,3,50.00%,61,3,4.92%,7,11.48%,361,40,11.08%,88,24.38%,549,26,4.74%,86,15.66%
1186,2025-08-25,Mr Ben Clarke,4,0,0%,1,0%,0,0,0%,0,0%,1,0,0%,1,100.00%,3,0,0%,0,0%,0,0,0%,0,0%
1187,2025-08-25,Miss A Bush,13,0,0%,8,0%,0,0,0%,0,0%,0,0,0%,0,0%,11,0,0%,8,72.73%,2,0,0%,0,0%
1188,2025-08-25,Mr D Nelmes,0,0,0%,0,0%,0,0,0%,0,0%,0,0,0%,0,0%,0,0,0%,0,0%,0,0,0%,0,0%
1189,2025-08-25,Mr R Lee,0,0,0%,0,0%,0,0,0%,0,0%,0,0,0%,0,0%,0,0,0%,0,0%,0,0,0%,0,0%
1190,2025-08-25,Mr M Woodward,45,9,20.00%,12,26.67%,0,0,0%,0,0%,0,0,0%,0,0%,45,9,20.00%,12,26.67%,0,0,0%,0,0%
1191,2025-08-25,Mr M Atkinson,0,0,0%,0,0%,0,0,0%,0,0%,0,0,0%,0,0%,0,0,0%,0,0%,0,0,0%,0,0%
1192,2025-08-25,Jordan L Dodd,0,0,0%,0,0%,0,0,0%,0,0%,0,0,0%,0,0%,0,0,0%,0,0%,0,0,0%,0,0%
1193,2025-08-25,Ryan Powell,1418,86,6.06%,327,23.06%,796,53,6.66%,184,23.12%,622,33,5.31%,143,22.99%,0,0,0%,0,0%,0,0,0%,0,0%
1194,2025-08-25,Hobie Gill,12,0,0%,2,0%,9,0,0%,1,11.11%,3,0,0%,1,33.33%,0,0,0%,0,0%,0,0,0%,0,0%
1195,2025-08-25,Mr D Whelan,3,0,0%,1,0%,0,0,0%,0,0%,0,0,0%,0,0%,3,0,0%,1,33.33%,0,0,0%,0,0%
1196,2025-08-25,Mr D J Foster,13,0,0%,1,0%,0,0,0%,0,0%,8,0,0%,0,0%,5,0,0%,1,20.00%,0,0,0%,0,0%
1197,2025-08-25,Mr M MacKenzie-Smith,0,0,0%,0,0%,0,0,0%,0,0%,0,0,0%,0,0%,0,0,0%,0,0%,0,0,0%,0,0%
1198,2025-08-25,J J Doyle,118,17,14.41%,47,39.83%,1,0,0%,0,0%,11,1,9.09%,5,45.45%,20,3,15.00%,7,35.00%,86,13,15.12%,35,40.70%
1199,2025-08-25,Ms H Mooney,37,2,5.41%,10,27.03%,1,0,0%,0,0%,23,2,8.70%,9,39.13%,2,0,0%,0,0%,11,0,0%,1,9.09%
1200,2025-08-25,Mr T N Bennett,4,0,0%,0,0%,0,0,0%,0,0%,3,0,0%,0,0%,1,0,0%,0,0%,0,0,0%,0,0%
1201,2025-08-25,Mr Stephen Harrison,3,0,0%,1,0%,0,0,0%,0,0%,3,0,0%,1,33.33%,0,0,0%,0,0%,0,0,0%,0,0%
1202,2025-08-25,Ross Smith,26,1,3.85%,9,34.62%,1,0,0%,1,100.00%,25,1,4.00%,8,32.00%,0,0,0%,0,0%,0,0,0%,0,0%
1203,2025-08-25,Michael Metcalfe,131,17,12.98%,48,36.64%,27,2,7.41%,12,44.44%,104,15,14.42%,36,34.62%,0,0,0%,0,0%,0,0,0%,0,0%
1204,2025-08-25,J P Fahy,2672,212,7.93%,838,31.36%,1143,94,8.22%,363,31.76%,1523,118,7.75%,472,30.99%,4,0,0%,2,50.00%,2,0,0%,1,50.00%
1205,2025-08-25,Iva Milickova,21,1,4.76%,3,14.29%,7,0,0%,2,28.57%,14,1,7.14%,1,7.14%,0,0,0%,0,0%,0,0,0%,0,0%
1206,2025-08-25,D E Egan,537,45,8.38%,176,32.77%,161,13,8.07%,51,31.68%,376,32,8.51%,125,33.24%,0,0,0%,0,0%,0,0,0%,0,0%
1207,2025-08-25,Mr Robert George Henderson,1,0,0%,0,0%,0,0,0%,0,0%,1,0,0%,0,0%,0,0,0%,0,0%,0,0,0%,0,0%
1208,2025-08-25,Mr O J Pimlott,0,0,0%,0,0%,0,0,0%,0,0%,0,0,0%,0,0%,0,0,0%,0,0%,0,0,0%,0,0%
1209,2025-08-25,Mr N Cronin,4,1,25.00%,1,25.00%,0,0,0%,0,0%,4,1,25.00%,1,25.00%,0,0,0%,0,0%,0,0,0%,0,0%
1210,2025-08-25,Miss M Pisarek,6,1,16.67%,1,16.67%,0,0,0%,0,0%,6,1,16.67%,1,16.67%,0,0,0%,0,0%,0,0,0%,0,0%
1211,2025-08-25,Mr P J McLoughlin,2,0,0%,0,0%,0,0,0%,0,0%,2,0,0%,0,0%,0,0,0%,0,0%,0,0,0%,0,0%
1213,2025-08-25,Mr P O'Leary,0,0,0%,0,0%,0,0,0%,0,0%,0,0,0%,0,0%,0,0,0%,0,0%,0,0,0%,0,0%
1214,2025-08-25,Mr E Murray,1,0,0%,0,0%,0,0,0%,0,0%,1,0,0%,0,0%,0,0,0%,0,0%,0,0,0%,0,0%
1215,2025-08-25,Mr D J Dreeling,0,0,0%,0,0%,0,0,0%,0,0%,0,0,0%,0,0%,0,0,0%,0,0%,0,0,0%,0,0%
1216,2025-08-25,Mr S McGuinness,2,0,0%,0,0%,0,0,0%,0,0%,2,0,0%,0,0%,0,0,0%,0,0%,0,0,0%,0,0%
1217,2025-08-25,Ms C O'Rourke,0,0,0%,0,0%,0,0,0%,0,0%,0,0,0%,0,0%,0,0,0%,0,0%,0,0,0%,0,0%
1218,2025-08-25,Miss S O'Connor,1,0,0%,0,0%,0,0,0%,0,0%,1,0,0%,0,0%,0,0,0%,0,0%,0,0,0%,0,0%
1219,2025-08-25,Miss N Flynn,1,0,0%,1,0%,0,0,0%,0,0%,1,0,0%,1,100.00%,0,0,0%,0,0%,0,0,0%,0,0%
1220,2025-08-25,Mr C J Byrne,27,0,0%,5,0%,0,0,0%,0,0%,25,0,0%,4,16.00%,0,0,0%,0,0%,2,0,0%,1,50.00%
1221,2025-08-25,Miss R Teggart,1,0,0%,1,0%,0,0,0%,0,0%,1,0,0%,1,100.00%,0,0,0%,0,0%,0,0,0%,0,0%
1222,2025-08-25,Mr A M Rath,0,0,0%,0,0%,0,0,0%,0,0%,0,0,0%,0,0%,0,0,0%,0,0%,0,0,0%,0,0%
1223,2025-08-25,Miss D McSorley,0,0,0%,0,0%,0,0,0%,0,0%,0,0,0%,0,0%,0,0,0%,0,0%,0,0,0%,0,0%
1224,2025-08-25,Mrs M Brennan,0,0,0%,0,0%,0,0,0%,0,0%,0,0,0%,0,0%,0,0,0%,0,0%,0,0,0%,0,0%
1225,2025-08-25,Mrs G Oliver,0,0,0%,0,0%,0,0,0%,0,0%,0,0,0%,0,0%,0,0,0%,0,0%,0,0,0%,0,0%
1226,2025-08-25,Mrs A McElhone,0,0,0%,0,0%,0,0,0%,0,0%,0,0,0%,0,0%,0,0,0%,0,0%,0,0,0%,0,0%
1227,2025-08-25,Mr M C Finnegan,1,1,100.00%,0,0.00%,0,0,0%,0,0%,1,1,100.00%,0,0%,0,0,0%,0,0%,0,0,0%,0,0%
1228,2025-08-25,Mr R A Cullen,2,0,0%,1,0%,0,0,0%,0,0%,2,0,0%,1,50.00%,0,0,0%,0,0%,0,0,0%,0,0%
1229,2025-08-25,Miss A Lynott,0,0,0%,0,0%,0,0,0%,0,0%,0,0,0%,0,0%,0,0,0%,0,0%,0,0,0%,0,0%
1230,2025-08-25,Mr R Walsh,1,0,0%,0,0%,0,0,0%,0,0%,1,0,0%,0,0%,0,0,0%,0,0%,0,0,0%,0,0%
1231,2025-08-25,Miss V Mannix,0,0,0%,0,0%,0,0,0%,0,0%,0,0,0%,0,0%,0,0,0%,0,0%,0,0,0%,0,0%
1232,2025-08-25,Mr B P Whelan,0,0,0%,0,0%,0,0,0%,0,0%,0,0,0%,0,0%,0,0,0%,0,0%,0,0,0%,0,0%
1233,2025-08-25,Mr Jack Turner,0,0,0%,0,0%,0,0,0%,0,0%,0,0,0%,0,0%,0,0,0%,0,0%,0,0,0%,0,0%
1234,2025-08-25,Mr A Maskill,0,0,0%,0,0%,0,0,0%,0,0%,0,0,0%,0,0%,0,0,0%,0,0%,0,0,0%,0,0%
1235,2025-08-25,Amelia Hegarty,0,0,0%,0,0%,0,0,0%,0,0%,0,0,0%,0,0%,0,0,0%,0,0%,0,0,0%,0,0%
1236,2025-08-25,Maria Quinlan,0,0,0%,0,0%,0,0,0%,0,0%,0,0,0%,0,0%,0,0,0%,0,0%,0,0,0%,0,0%
1237,2025-08-25,R D Egan,0,0,0%,0,0%,0,0,0%,0,0%,0,0,0%,0,0%,0,0,0%,0,0%,0,0,0%,0,0%
1238,2025-08-25,Noel Garbutt,1241,54,4.35%,300,24.17%,492,22,4.47%,104,21.14%,749,32,4.27%,196,26.17%,0,0,0%,0,0%,0,0,0%,0,0%
1239,2025-08-25,M Geran,7,0,0%,1,0%,1,0,0%,1,100.00%,6,0,0%,0,0%,0,0,0%,0,0%,0,0,0%,0,0%
1240,2025-08-25,P Robinson,207,15,7.25%,37,17.87%,29,3,10.34%,8,27.59%,178,12,6.74%,29,16.29%,0,0,0%,0,0%,0,0,0%,0,0%
1241,2025-08-25,Richard Thomas,0,0,0%,0,0%,0,0,0%,0,0%,0,0,0%,0,0%,0,0,0%,0,0%,0,0,0%,0,0%
1242,2025-08-25,Michael Hills,68,4,5.88%,20,29.41%,2,1,50.00%,1,50.00%,66,3,4.55%,19,28.79%,0,0,0%,0,0%,0,0,0%,0,0%
1243,2025-08-25,Miss L Horner,47,4,8.51%,3,6.38%,1,0,0%,0,0%,12,2,16.67%,2,16.67%,9,2,22.22%,0,0%,25,0,0%,1,4.00%
1244,2025-08-25,Mr R H Fowler,7,0,0%,0,0%,0,0,0%,0,0%,6,0,0%,0,0%,1,0,0%,0,0%,0,0,0%,0,0%
1245,2025-08-25,James Doyle,6656,1272,19.11%,2675,40.19%,1731,427,24.67%,799,46.16%,4917,845,17.19%,1873,38.09%,8,0,0%,3,37.50%,0,0,0%,0,0%
1246,2025-08-25,L Betts,60,0,0%,8,0%,5,0,0%,1,20.00%,55,0,0%,7,12.73%,0,0,0%,0,0%,0,0,0%,0,0%
1247,2025-08-25,Mr J M Casey,4,0,0%,0,0%,0,0,0%,0,0%,3,0,0%,0,0%,1,0,0%,0,0%,0,0,0%,0,0%
1249,2025-08-25,G Sheehan,4929,830,16.84%,1703,34.55%,51,8,15.69%,18,35.29%,572,108,18.88%,238,41.61%,1424,234,16.43%,422,29.63%,2882,480,16.66%,1025,35.57%
1250,2025-08-25,Mr K F C O'Brien,11,0,0%,1,0%,0,0,0%,0,0%,4,0,0%,0,0%,1,0,0%,0,0%,6,0,0%,1,16.67%
1251,2025-08-25,Mr B M Linehan,83,2,2.41%,31,37.35%,1,0,0%,1,100.00%,25,0,0%,9,36.00%,45,2,4.44%,19,42.22%,12,0,0%,2,16.67%
1252,2025-08-25,Mr D T Atkinson,26,0,0%,4,0%,0,0,0%,0,0%,8,0,0%,3,37.50%,8,0,0%,0,0%,10,0,0%,1,10.00%
1253,2025-08-25,G J Galligan,79,5,6.33%,33,41.77%,10,2,20.00%,4,40.00%,8,0,0%,0,0%,30,3,10.00%,18,60.00%,31,0,0%,11,35.48%
1254,2025-08-25,Gareth Edwards,3,0,0%,0,0%,1,0,0%,0,0%,2,0,0%,0,0%,0,0,0%,0,0%,0,0,0%,0,0%
1255,2025-08-25,Mrs Freya Brewer,15,2,13.33%,4,26.67%,2,1,50.00%,1,50.00%,7,1,14.29%,0,0%,5,0,0%,3,60.00%,1,0,0%,0,0%
1256,2025-08-25,Mr R M Smith,0,0,0%,0,0%,0,0,0%,0,0%,0,0,0%,0,0%,0,0,0%,0,0%,0,0,0%,0,0%
1257,2025-08-25,Tom David,29,3,10.34%,3,10.34%,0,0,0%,0,0%,4,0,0%,1,25.00%,7,1,14.29%,0,0%,18,2,11.11%,2,11.11%
1258,2025-08-25,C P Lemaire,33,4,12.12%,13,39.39%,0,0,0%,0,0%,33,4,12.12%,13,39.39%,0,0,0%,0,0%,0,0,0%,0,0%
1259,2025-08-25,S Pasquier,36,2,5.56%,8,22.22%,2,0,0%,1,50.00%,34,2,5.88%,7,20.59%,0,0,0%,0,0%,0,0,0%,0,0%
1260,2025-08-25,Mr G O'Loughlin,7,0,0%,3,0%,0,0,0%,0,0%,5,0,0%,1,20.00%,2,0,0%,2,100.00%,0,0,0%,0,0%
1261,2025-08-25,Miss L Probert,0,0,0%,0,0%,0,0,0%,0,0%,0,0,0%,0,0%,0,0,0%,0,0%,0,0,0%,0,0%
1262,2025-08-25,Miss C Nosworthy,2,0,0%,0,0%,0,0,0%,0,0%,2,0,0%,0,0%,0,0,0%,0,0%,0,0,0%,0,0%
1263,2025-08-25,K T Maher,26,0,0%,2,0%,0,0,0%,0,0%,26,0,0%,2,7.69%,0,0,0%,0,0%,0,0,0%,0,0%
1264,2025-08-25,Mr N J Terry,4,0,0%,0,0%,0,0,0%,0,0%,2,0,0%,0,0%,1,0,0%,0,0%,1,0,0%,0,0%
1265,2025-08-25,Miss C L Fahey,24,0,0%,5,0%,1,0,0%,0,0%,12,0,0%,1,8.33%,0,0,0%,0,0%,11,0,0%,4,36.36%
1266,2025-08-25,Mr P V O'Brien,5,0,0%,1,0%,0,0,0%,0,0%,2,0,0%,0,0%,3,0,0%,1,33.33%,0,0,0%,0,0%
1267,2025-08-25,Miss F O'Dwyer,0,0,0%,0,0%,0,0,0%,0,0%,0,0,0%,0,0%,0,0,0%,0,0%,0,0,0%,0,0%
1268,2025-08-25,Joshua Crane,38,9,23.68%,6,15.79%,16,7,43.75%,2,12.50%,22,2,9.09%,4,18.18%,0,0,0%,0,0%,0,0,0%,0,0%
1269,2025-08-25,Mr P D Bohan,2,1,50.00%,0,0.00%,0,0,0%,0,0%,0,0,0%,0,0%,0,0,0%,0,0%,2,1,50.00%,0,0%
1270,2025-08-25,Mr C Motherway,190,10,5.26%,36,18.95%,1,0,0%,0,0%,153,9,5.88%,30,19.61%,23,1,4.35%,4,17.39%,13,0,0%,2,15.38%
1271,2025-08-25,Miss A Pearn,2,0,0%,0,0%,0,0,0%,0,0%,0,0,0%,0,0%,2,0,0%,0,0%,0,0,0%,0,0%
1272,2025-08-25,Mr L Rowe,1,0,0%,0,0%,0,0,0%,0,0%,0,0,0%,0,0%,1,0,0%,0,0%,0,0,0%,0,0%
1275,2025-08-25,Mr G Phillips,0,0,0%,0,0%,0,0,0%,0,0%,0,0,0%,0,0%,0,0,0%,0,0%,0,0,0%,0,0%
1276,2025-08-25,Mr R Mason,0,0,0%,0,0%,0,0,0%,0,0%,0,0,0%,0,0%,0,0,0%,0,0%,0,0,0%,0,0%
1277,2025-08-25,Mr P Blagg,2,0,0%,0,0%,0,0,0%,0,0%,0,0,0%,0,0%,2,0,0%,0,0%,0,0,0%,0,0%
1278,2025-08-25,Miss A E Stirling,9,2,22.22%,2,22.22%,0,0,0%,0,0%,0,0,0%,0,0%,3,0,0%,0,0%,6,2,33.33%,2,33.33%
1279,2025-08-25,Mr E Cameron,5,1,20.00%,0,0.00%,0,0,0%,0,0%,0,0,0%,0,0%,5,1,20.00%,0,0%,0,0,0%,0,0%
1280,2025-08-25,Mr M Heard,57,5,8.77%,11,19.30%,0,0,0%,0,0%,1,0,0%,0,0%,19,0,0%,3,15.79%,37,5,13.51%,8,21.62%
1281,2025-08-25,Miss G Tutty,64,6,9.38%,15,23.44%,12,1,8.33%,3,25.00%,29,4,13.79%,7,24.14%,0,0,0%,0,0%,23,1,4.35%,5,21.74%
1282,2025-08-25,Mr J Barnes,0,0,0%,0,0%,0,0,0%,0,0%,0,0,0%,0,0%,0,0,0%,0,0%,0,0,0%,0,0%
1283,2025-08-25,Mr Robert Hawker,290,15,5.17%,74,25.52%,1,0,0%,0,0%,19,0,0%,6,31.58%,103,5,4.85%,27,26.21%,167,10,5.99%,41,24.55%
1285,2025-08-25,S Jones,1,0,0%,0,0%,0,0,0%,0,0%,0,0,0%,0,0%,0,0,0%,0,0%,1,0,0%,0,0%
1286,2025-08-25,Joseph Young,58,2,3.45%,10,17.24%,29,1,3.45%,6,20.69%,29,1,3.45%,4,13.79%,0,0,0%,0,0%,0,0,0%,0,0%
1287,2025-08-25,Mr J Creswell,24,1,4.17%,2,8.33%,0,0,0%,0,0%,11,0,0%,1,9.09%,10,1,10.00%,1,10.00%,3,0,0%,0,0%
1288,2025-08-25,Mr E McDonagh,0,0,0%,0,0%,0,0,0%,0,0%,0,0,0%,0,0%,0,0,0%,0,0%,0,0,0%,0,0%
1289,2025-08-25,Mr J P Flavin,0,0,0%,0,0%,0,0,0%,0,0%,0,0,0%,0,0%,0,0,0%,0,0%,0,0,0%,0,0%
1290,2025-08-25,Mr P O Bolger,4,0,0%,1,0%,0,0,0%,0,0%,4,0,0%,1,25.00%,0,0,0%,0,0%,0,0,0%,0,0%
1291,2025-08-25,Mr S Nolan,3,0,0%,0,0%,0,0,0%,0,0%,2,0,0%,0,0%,1,0,0%,0,0%,0,0,0%,0,0%
1292,2025-08-25,Mr P Gahan,7,0,0%,1,0%,0,0,0%,0,0%,1,0,0%,0,0%,5,0,0%,1,20.00%,1,0,0%,0,0%
1293,2025-08-25,Mr P Fitzharris,0,0,0%,0,0%,0,0,0%,0,0%,0,0,0%,0,0%,0,0,0%,0,0%,0,0,0%,0,0%
1294,2025-08-25,Mr S A Nolan,0,0,0%,0,0%,0,0,0%,0,0%,0,0,0%,0,0%,0,0,0%,0,0%,0,0,0%,0,0%
1295,2025-08-25,G Mosse,863,99,11.47%,316,36.62%,189,26,13.76%,72,38.10%,674,73,10.83%,244,36.20%,0,0,0%,0,0%,0,0,0%,0,0%
1296,2025-08-25,Miss B Andrews,104,12,11.54%,41,39.42%,4,0,0%,1,25.00%,18,3,16.67%,5,27.78%,26,2,7.69%,10,38.46%,56,7,12.50%,25,44.64%
1297,2025-08-25,Jennifer Ferguson,103,7,6.80%,29,28.16%,88,7,7.95%,24,27.27%,15,0,0%,5,33.33%,0,0,0%,0,0%,0,0,0%,0,0%
1298,2025-08-25,Kieron Fallon,105,16,15.24%,36,34.29%,41,9,21.95%,13,31.71%,64,7,10.94%,23,35.94%,0,0,0%,0,0%,0,0,0%,0,0%
1299,2025-08-25,Luke Morris,1888,211,11.18%,791,41.90%,1131,127,11.23%,514,45.45%,747,83,11.11%,273,36.55%,10,1,10.00%,4,40.00%,0,0,0%,0,0%
1300,2025-08-25,Michael Darcy,2,1,50.00%,0,0.00%,0,0,0%,0,0%,0,0,0%,0,0%,0,0,0%,0,0%,2,1,50.00%,0,0%
1301,2025-08-25,Nicola Jackson,4,0,0%,1,0%,0,0,0%,0,0%,4,0,0%,1,25.00%,0,0,0%,0,0%,0,0,0%,0,0%
1302,2025-08-25,Mr D Symes-Meineck,11,0,0%,4,0%,0,0,0%,0,0%,0,0,0%,0,0%,0,0,0%,0,0%,11,0,0%,4,36.36%
1303,2025-08-25,Thomas Flint,99,8,8.08%,25,25.25%,0,0,0%,0,0%,13,0,0%,2,15.38%,17,0,0%,4,23.53%,69,8,11.59%,19,27.54%
1304,2025-08-25,Mr P G Hall,10,1,10.00%,1,10.00%,0,0,0%,0,0%,0,0,0%,0,0%,10,1,10.00%,1,10.00%,0,0,0%,0,0%
1305,2025-08-25,Donal Devereux,612,63,10.29%,179,29.25%,1,0,0%,1,100.00%,79,10,12.66%,25,31.65%,142,18,12.68%,45,31.69%,390,35,8.97%,108,27.69%
1306,2025-08-25,Mr J Roche,9,0,0%,2,0%,0,0,0%,0,0%,0,0,0%,0,0%,6,0,0%,2,33.33%,3,0,0%,0,0%
1307,2025-08-25,Miss E Crossman,24,0,0%,3,0%,4,0,0%,1,25.00%,6,0,0%,0,0%,0,0,0%,0,0%,14,0,0%,2,14.29%
1308,2025-08-25,Bridget Andrews,1162,151,12.99%,404,34.77%,11,2,18.18%,8,72.73%,97,12,12.37%,44,45.36%,300,47,15.67%,91,30.33%,754,90,11.94%,261,34.62%
1309,2025-08-25,Mr P Finn,0,0,0%,0,0%,0,0,0%,0,0%,0,0,0%,0,0%,0,0,0%,0,0%,0,0,0%,0,0%
1310,2025-08-25,Mr Ben Brisbourne,0,0,0%,0,0%,0,0,0%,0,0%,0,0,0%,0,0%,0,0,0%,0,0%,0,0,0%,0,0%
1311,2025-08-25,Mrs Sarah-Jane Fox,1,0,0%,0,0%,0,0,0%,0,0%,1,0,0%,0,0%,0,0,0%,0,0%,0,0,0%,0,0%
1312,2025-08-25,Miss Rebecca Sparkes,10,0,0%,2,0%,1,0,0%,0,0%,4,0,0%,1,25.00%,0,0,0%,0,0%,5,0,0%,1,20.00%
1313,2025-08-25,Mr C D Thompson,3,0,0%,1,0%,0,0,0%,0,0%,3,0,0%,1,33.33%,0,0,0%,0,0%,0,0,0%,0,0%
1314,2025-08-25,Miss M M McElligott,83,3,3.61%,19,22.89%,0,0,0%,0,0%,29,0,0%,5,17.24%,28,2,7.14%,11,39.29%,26,1,3.85%,3,11.54%
1315,2025-08-25,Mrs L Budds,0,0,0%,0,0%,0,0,0%,0,0%,0,0,0%,0,0%,0,0,0%,0,0%,0,0,0%,0,0%
1316,2025-08-25,Miss M O'Sullivan,480,43,8.96%,149,31.04%,3,0,0%,1,33.33%,242,23,9.50%,77,31.82%,114,11,9.65%,38,33.33%,121,9,7.44%,33,27.27%
1317,2025-08-25,David Prichard,225,27,12.00%,65,28.89%,1,0,0%,0,0%,17,2,11.76%,2,11.76%,39,6,15.38%,12,30.77%,168,19,11.31%,51,30.36%
1318,2025-08-25,E D Linehan,27,1,3.70%,5,18.52%,0,0,0%,0,0%,2,0,0%,1,50.00%,6,0,0%,2,33.33%,19,1,5.26%,2,10.53%
1319,2025-08-25,Miss L Brooke,273,15,5.49%,87,31.87%,1,0,0%,0,0%,9,0,0%,2,22.22%,197,13,6.60%,75,38.07%,66,2,3.03%,10,15.15%
1320,2025-08-25,Robert Havlin,4,1,25.00%,1,25.00%,3,0,0%,1,33.33%,1,1,100.00%,0,0%,0,0,0%,0,0%,0,0,0%,0,0%
1321,2025-08-25,Mr S E O'Rourke,45,3,6.67%,17,37.78%,0,0,0%,0,0%,33,3,9.09%,10,30.30%,4,0,0%,4,100.00%,4,0,0%,1,25.00%
1322,2025-08-25,Talib Hussain,8,1,12.50%,1,12.50%,2,0,0%,1,50.00%,6,1,16.67%,0,0%,0,0,0%,0,0%,0,0,0%,0,0%
1323,2025-08-25,Miss C L Brown,9,0,0%,1,0%,1,0,0%,0,0%,0,0,0%,0,0%,6,0,0%,0,0%,2,0,0%,1,50.00%
1324,2025-08-25,Miss S Phizacklea,3,0,0%,0,0%,0,0,0%,0,0%,0,0,0%,0,0%,1,0,0%,0,0%,2,0,0%,0,0%
1325,2025-08-25,Stephanie Bancroft,0,0,0%,0,0%,0,0,0%,0,0%,0,0,0%,0,0%,0,0,0%,0,0%,0,0,0%,0,0%
1326,2025-08-25,Mr S Clements,313,32,10.22%,97,30.99%,4,0,0%,2,50.00%,212,24,11.32%,72,33.96%,65,8,12.31%,13,20.00%,32,0,0%,10,31.25%
1327,2025-08-25,Mr O Hopkins-fagan,0,0,0%,0,0%,0,0,0%,0,0%,0,0,0%,0,0%,0,0,0%,0,0%,0,0,0%,0,0%
1328,2025-08-25,M J Darcy,0,0,0%,0,0%,0,0,0%,0,0%,0,0,0%,0,0%,0,0,0%,0,0%,0,0,0%,0,0%
1329,2025-08-25,S E Butler,491,31,6.31%,137,27.90%,0,0,0%,0,0%,13,1,7.69%,1,7.69%,76,6,7.89%,23,30.26%,402,24,5.97%,113,28.11%
1330,2025-08-25,Mr R Mahon,9,1,11.11%,3,33.33%,0,0,0%,0,0%,0,0,0%,0,0%,5,0,0%,1,20.00%,4,1,25.00%,2,50.00%
1331,2025-08-25,Quinton Jones,0,0,0%,0,0%,0,0,0%,0,0%,0,0,0%,0,0%,0,0,0%,0,0%,0,0,0%,0,0%
1332,2025-08-25,Miss D Lenge,5,1,20.00%,2,40.00%,3,1,33.33%,1,33.33%,2,0,0%,1,50.00%,0,0,0%,0,0%,0,0,0%,0,0%
1333,2025-08-25,C A Landers,1105,71,6.43%,295,26.70%,3,0,0%,0,0%,25,0,0%,3,12.00%,254,17,6.69%,93,36.61%,823,54,6.56%,199,24.18%
1334,2025-08-25,M O'Connor,5,0,0%,1,0%,0,0,0%,0,0%,0,0,0%,0,0%,1,0,0%,1,100.00%,4,0,0%,0,0%
1335,2025-08-25,Samuel Welton,26,3,11.54%,6,23.08%,0,0,0%,0,0%,3,0,0%,2,66.67%,0,0,0%,0,0%,23,3,13.04%,4,17.39%
1336,2025-08-25,G N Fox,1191,78,6.55%,328,27.54%,0,0,0%,0,0%,28,2,7.14%,6,21.43%,370,29,7.84%,121,32.70%,793,47,5.93%,201,25.35%
1338,2025-08-25,Mr A J Flaherty,28,0,0%,3,0%,0,0,0%,0,0%,24,0,0%,3,12.50%,0,0,0%,0,0%,4,0,0%,0,0%
1339,2025-08-25,Miss Angela Barnes,17,0,0%,3,0%,1,0,0%,0,0%,9,0,0%,3,33.33%,0,0,0%,0,0%,7,0,0%,0,0%
1341,2025-08-25,J F De Sousa,1,0,0%,0,0%,1,0,0%,0,0%,0,0,0%,0,0%,0,0,0%,0,0%,0,0,0%,0,0%
1342,2025-08-25,Cory Parish,0,0,0%,0,0%,0,0,0%,0,0%,0,0,0%,0,0%,0,0,0%,0,0%,0,0,0%,0,0%
1343,2025-08-25,Mrs V Fahey,0,0,0%,0,0%,0,0,0%,0,0%,0,0,0%,0,0%,0,0,0%,0,0%,0,0,0%,0,0%
1344,2025-08-25,Mr Jack Salmon,16,0,0%,1,0%,0,0,0%,0,0%,6,0,0%,1,16.67%,3,0,0%,0,0%,7,0,0%,0,0%
1345,2025-08-25,Mr J Coffill-Brown,16,3,18.75%,2,12.50%,6,2,33.33%,2,33.33%,10,1,10.00%,0,0%,0,0,0%,0,0%,0,0,0%,0,0%
1346,2025-08-25,Mr M T Stanley,20,2,10.00%,4,20.00%,3,0,0%,0,0%,7,0,0%,2,28.57%,3,1,33.33%,1,33.33%,7,1,14.29%,1,14.29%
1347,2025-08-25,Mr C A Harris,0,0,0%,0,0%,0,0,0%,0,0%,0,0,0%,0,0%,0,0,0%,0,0%,0,0,0%,0,0%
1348,2025-08-25,Mr C R Nelson,0,0,0%,0,0%,0,0,0%,0,0%,0,0,0%,0,0%,0,0,0%,0,0%,0,0,0%,0,0%
1349,2025-08-25,Miss S M Staveley,0,0,0%,0,0%,0,0,0%,0,0%,0,0,0%,0,0%,0,0,0%,0,0%,0,0,0%,0,0%
1351,2025-08-25,Robbie Walsh,193,8,4.15%,45,23.32%,127,6,4.72%,35,27.56%,66,2,3.03%,10,15.15%,0,0,0%,0,0%,0,0,0%,0,0%
1352,2025-08-25,D Bouland,0,0,0%,0,0%,0,0,0%,0,0%,0,0,0%,0,0%,0,0,0%,0,0%,0,0,0%,0,0%
1353,2025-08-25,Mr S A Walker,10,3,30.00%,2,20.00%,1,0,0%,0,0%,9,3,33.33%,2,22.22%,0,0,0%,0,0%,0,0,0%,0,0%
1354,2025-08-25,F X Weissmeier,2,0,0%,0,0%,0,0,0%,0,0%,2,0,0%,0,0%,0,0,0%,0,0%,0,0,0%,0,0%
1355,2025-08-25,Miss H I Mullen,1,0,0%,0,0%,0,0,0%,0,0%,0,0,0%,0,0%,0,0,0%,0,0%,1,0,0%,0,0%
1356,2025-08-25,Miss D Goggin,0,0,0%,0,0%,0,0,0%,0,0%,0,0,0%,0,0%,0,0,0%,0,0%,0,0,0%,0,0%
1357,2025-08-25,W Szymczuk,0,0,0%,0,0%,0,0,0%,0,0%,0,0,0%,0,0%,0,0,0%,0,0%,0,0,0%,0,0%
1358,2025-08-25,Mr G Wheeler,5,0,0%,3,0%,0,0,0%,0,0%,0,0,0%,0,0%,5,0,0%,3,60.00%,0,0,0%,0,0%
1359,2025-08-25,Mr J J O'Neill,180,13,7.22%,57,31.67%,6,2,33.33%,1,16.67%,111,7,6.31%,32,28.83%,22,1,4.55%,9,40.91%,41,3,7.32%,15,36.59%
1361,2025-08-25,Mr C B J Weld,3,0,0%,0,0%,0,0,0%,0,0%,3,0,0%,0,0%,0,0,0%,0,0%,0,0,0%,0,0%
1362,2025-08-25,R Jenkins,0,0,0%,0,0%,0,0,0%,0,0%,0,0,0%,0,0%,0,0,0%,0,0%,0,0,0%,0,0%
1363,2025-08-25,J B McDonald,2,0,0%,1,0%,0,0,0%,0,0%,2,0,0%,1,50.00%,0,0,0%,0,0%,0,0,0%,0,0%
1364,2025-08-25,Ted Durcan,239,17,7.11%,95,39.75%,111,9,8.11%,47,42.34%,128,8,6.25%,48,37.50%,0,0,0%,0,0%,0,0,0%,0,0%
1365,2025-08-25,Miss Frances Harper,7,0,0%,2,0%,3,0,0%,1,33.33%,4,0,0%,1,25.00%,0,0,0%,0,0%,0,0,0%,0,0%
1366,2025-08-25,Miss H Cuthbert,25,1,4.00%,2,8.00%,0,0,0%,0,0%,25,1,4.00%,2,8.00%,0,0,0%,0,0%,0,0,0%,0,0%
1367,2025-08-25,Miss A L Murphy,17,1,5.88%,6,35.29%,3,0,0%,1,33.33%,14,1,7.14%,5,35.71%,0,0,0%,0,0%,0,0,0%,0,0%
1368,2025-08-25,Miss J Walker,5,1,20.00%,0,0.00%,0,0,0%,0,0%,5,1,20.00%,0,0%,0,0,0%,0,0%,0,0,0%,0,0%
1369,2025-08-25,D O'Donohoe,0,0,0%,0,0%,0,0,0%,0,0%,0,0,0%,0,0%,0,0,0%,0,0%,0,0,0%,0,0%
1370,2025-08-25,Mr Seb Spencer,10,1,10.00%,3,30.00%,0,0,0%,0,0%,10,1,10.00%,3,30.00%,0,0,0%,0,0%,0,0,0%,0,0%
1371,2025-08-25,Mr A Rawlinson,10,0,0%,2,0%,0,0,0%,0,0%,8,0,0%,2,25.00%,2,0,0%,0,0%,0,0,0%,0,0%
1372,2025-08-25,Mr W Featherstone,10,2,20.00%,1,10.00%,3,1,33.33%,1,33.33%,3,0,0%,0,0%,0,0,0%,0,0%,4,1,25.00%,0,0%
1373,2025-08-25,Ryan Winks,173,18,10.40%,77,44.51%,1,0,0%,0,0%,6,0,0%,2,33.33%,62,8,12.90%,26,41.94%,104,10,9.62%,49,47.12%
1374,2025-08-25,Reverend S Beveridge,0,0,0%,0,0%,0,0,0%,0,0%,0,0,0%,0,0%,0,0,0%,0,0%,0,0,0%,0,0%
1375,2025-08-25,Mr D M White,0,0,0%,0,0%,0,0,0%,0,0%,0,0,0%,0,0%,0,0,0%,0,0%,0,0,0%,0,0%
1376,2025-08-25,Mr P Lawlor,2,0,0%,0,0%,0,0,0%,0,0%,2,0,0%,0,0%,0,0,0%,0,0%,0,0,0%,0,0%
1377,2025-08-25,J D O'Neill,2,0,0%,0,0%,0,0,0%,0,0%,0,0,0%,0,0%,0,0,0%,0,0%,2,0,0%,0,0%
1378,2025-08-25,Steven Clements,0,0,0%,0,0%,0,0,0%,0,0%,0,0,0%,0,0%,0,0,0%,0,0%,0,0,0%,0,0%
1379,2025-08-25,Kevin Jones,828,76,9.18%,306,36.96%,22,4,18.18%,6,27.27%,101,13,12.87%,35,34.65%,176,20,11.36%,69,39.20%,529,39,7.37%,196,37.05%
1380,2025-08-25,Nick Slatter,335,32,9.55%,118,35.22%,6,1,16.67%,3,50.00%,38,3,7.89%,14,36.84%,50,6,12.00%,12,24.00%,241,22,9.13%,89,36.93%
1381,2025-08-25,Mr C Chapman,0,0,0%,0,0%,0,0,0%,0,0%,0,0,0%,0,0%,0,0,0%,0,0%,0,0,0%,0,0%
1382,2025-08-25,Miss Hannah Lewis,34,4,11.76%,14,41.18%,0,0,0%,0,0%,1,0,0%,1,100.00%,32,4,12.50%,12,37.50%,1,0,0%,1,100.00%
1383,2025-08-25,Mr S W Farrell,0,0,0%,0,0%,0,0,0%,0,0%,0,0,0%,0,0%,0,0,0%,0,0%,0,0,0%,0,0%
1384,2025-08-25,Miss Z V Owen,0,0,0%,0,0%,0,0,0%,0,0%,0,0,0%,0,0%,0,0,0%,0,0%,0,0,0%,0,0%
1386,2025-08-25,C Eddery,0,0,0%,0,0%,0,0,0%,0,0%,0,0,0%,0,0%,0,0,0%,0,0%,0,0,0%,0,0%
1387,2025-08-25,Justin Newman,274,28,10.22%,73,26.64%,98,6,6.12%,23,23.47%,175,22,12.57%,49,28.00%,0,0,0%,0,0%,1,0,0%,1,100.00%
1388,2025-08-25,J Moorman,0,0,0%,0,0%,0,0,0%,0,0%,0,0,0%,0,0%,0,0,0%,0,0%,0,0,0%,0,0%
1389,2025-08-25,Joseph Palmowski,110,8,7.27%,34,30.91%,4,0,0%,1,25.00%,20,0,0%,7,35.00%,14,1,7.14%,9,64.29%,72,7,9.72%,17,23.61%
1390,2025-08-25,Fearghal Joseph Davis,0,0,0%,0,0%,0,0,0%,0,0%,0,0,0%,0,0%,0,0,0%,0,0%,0,0,0%,0,0%
1391,2025-08-25,J Mccarthy,1,0,0%,0,0%,0,0,0%,0,0%,0,0,0%,0,0%,0,0,0%,0,0%,1,0,0%,0,0%
1392,2025-08-25,Tom Messenger,0,0,0%,0,0%,0,0,0%,0,0%,0,0,0%,0,0%,0,0,0%,0,0%,0,0,0%,0,0%
1393,2025-08-25,Anthony Betts,0,0,0%,0,0%,0,0,0%,0,0%,0,0,0%,0,0%,0,0,0%,0,0%,0,0,0%,0,0%
1394,2025-08-25,Samantha Bell,446,44,9.87%,144,32.29%,67,1,1.49%,19,28.36%,378,43,11.38%,125,33.07%,0,0,0%,0,0%,1,0,0%,0,0%
1395,2025-08-25,Miss Alice Mills,190,14,7.37%,40,21.05%,9,1,11.11%,0,0%,45,5,11.11%,9,20.00%,50,2,4.00%,13,26.00%,86,6,6.98%,18,20.93%
1396,2025-08-25,Craig Gallagher,152,21,13.82%,57,37.50%,1,0,0%,0,0%,13,4,30.77%,5,38.46%,11,0,0%,6,54.55%,127,17,13.39%,46,36.22%
1397,2025-08-25,Lee Newman,533,50,9.38%,92,17.26%,140,14,10.00%,22,15.71%,392,35,8.93%,70,17.86%,0,0,0%,0,0%,1,1,100.00%,0,0%
1398,2025-08-25,David Simmonson,284,10,3.52%,58,20.42%,71,4,5.63%,12,16.90%,213,6,2.82%,46,21.60%,0,0,0%,0,0%,0,0,0%,0,0%
1399,2025-08-25,J D O'Reilly,3,0,0%,0,0%,1,0,0%,0,0%,2,0,0%,0,0%,0,0,0%,0,0%,0,0,0%,0,0%
1400,2025-08-25,Mr Daniel Burchell,34,0,0%,7,0%,3,0,0%,0,0%,5,0,0%,0,0%,0,0,0%,0,0%,26,0,0%,7,26.92%
1401,2025-08-25,J De Oliveira,0,0,0%,0,0%,0,0,0%,0,0%,0,0,0%,0,0%,0,0,0%,0,0%,0,0,0%,0,0%
1402,2025-08-25,Rob J Fitzpatrick,204,13,6.37%,59,28.92%,31,2,6.45%,8,25.81%,173,11,6.36%,51,29.48%,0,0,0%,0,0%,0,0,0%,0,0%
1403,2025-08-25,M N Doran,319,19,5.96%,60,18.81%,0,0,0%,0,0%,7,0,0%,2,28.57%,88,8,9.09%,14,15.91%,224,11,4.91%,44,19.64%
1404,2025-08-25,Mr Steven E Ryder,4,0,0%,0,0%,0,0,0%,0,0%,4,0,0%,0,0%,0,0,0%,0,0%,0,0,0%,0,0%
1405,2025-08-25,Mr T D Geoghegan,31,0,0%,2,0%,0,0,0%,0,0%,2,0,0%,0,0%,8,0,0%,1,12.50%,21,0,0%,1,4.76%
1406,2025-08-25,Miss L Lynch,2,0,0%,0,0%,0,0,0%,0,0%,1,0,0%,0,0%,0,0,0%,0,0%,1,0,0%,0,0%
1407,2025-08-25,Miss A Walsh,1,0,0%,1,0%,0,0,0%,0,0%,1,0,0%,1,100.00%,0,0,0%,0,0%,0,0,0%,0,0%
1408,2025-08-25,Mr P E Corbett,0,0,0%,0,0%,0,0,0%,0,0%,0,0,0%,0,0%,0,0,0%,0,0%,0,0,0%,0,0%
1409,2025-08-25,Debra England,0,0,0%,0,0%,0,0,0%,0,0%,0,0,0%,0,0%,0,0,0%,0,0%,0,0,0%,0,0%
1410,2025-08-25,Rory Hanley,0,0,0%,0,0%,0,0,0%,0,0%,0,0,0%,0,0%,0,0,0%,0,0%,0,0,0%,0,0%
1411,2025-08-25,Miss T Syddall,5,1,20.00%,0,0.00%,0,0,0%,0,0%,5,1,20.00%,0,0%,0,0,0%,0,0%,0,0,0%,0,0%
1412,2025-08-25,Charlotte Jenner,329,22,6.69%,125,37.99%,208,16,7.69%,78,37.50%,121,6,4.96%,47,38.84%,0,0,0%,0,0%,0,0,0%,0,0%
1413,2025-08-25,S O'Hara,261,14,5.36%,80,30.65%,165,7,4.24%,58,35.15%,94,7,7.45%,20,21.28%,2,0,0%,2,100.00%,0,0,0%,0,0%
1414,2025-08-25,Charles Bishop,5355,535,9.99%,1690,31.56%,2047,178,8.70%,620,30.29%,3304,356,10.77%,1069,32.35%,1,0,0%,0,0%,3,1,33.33%,1,33.33%
1415,2025-08-25,D J O'Donohoe,63,3,4.76%,16,25.40%,20,2,10.00%,4,20.00%,43,1,2.33%,12,27.91%,0,0,0%,0,0%,0,0,0%,0,0%
1416,2025-08-25,R J Fitzpatrick,141,20,14.18%,58,41.13%,64,10,15.63%,28,43.75%,77,10,12.99%,30,38.96%,0,0,0%,0,0%,0,0,0%,0,0%
1417,2025-08-25,Mr C Ward,0,0,0%,0,0%,0,0,0%,0,0%,0,0,0%,0,0%,0,0,0%,0,0%,0,0,0%,0,0%
1418,2025-08-25,G Lavery,4,0,0%,1,0%,0,0,0%,0,0%,0,0,0%,0,0%,0,0,0%,0,0%,4,0,0%,1,25.00%
1419,2025-08-25,Mr Michael J Murphy,22,2,9.09%,8,36.36%,10,1,10.00%,4,40.00%,12,1,8.33%,4,33.33%,0,0,0%,0,0%,0,0,0%,0,0%
1420,2025-08-25,Antioco Murgia,148,13,8.78%,40,27.03%,48,2,4.17%,14,29.17%,100,11,11.00%,26,26.00%,0,0,0%,0,0%,0,0,0%,0,0%
1421,2025-08-25,A J Smith,0,0,0%,0,0%,0,0,0%,0,0%,0,0,0%,0,0%,0,0,0%,0,0%,0,0,0%,0,0%
1422,2025-08-25,J J Behan,0,0,0%,0,0%,0,0,0%,0,0%,0,0,0%,0,0%,0,0,0%,0,0%,0,0,0%,0,0%
1423,2025-08-25,Peter Buchanan,0,0,0%,0,0%,0,0,0%,0,0%,0,0,0%,0,0%,0,0,0%,0,0%,0,0,0%,0,0%
1424,2025-08-25,Miss Katy Squires,7,0,0%,1,0%,0,0,0%,0,0%,0,0,0%,0,0%,5,0,0%,1,20.00%,2,0,0%,0,0%
1425,2025-08-25,S Craine,9,0,0%,2,0%,6,0,0%,1,16.67%,3,0,0%,1,33.33%,0,0,0%,0,0%,0,0,0%,0,0%
1426,2025-08-25,Matt Griffiths,1117,118,10.56%,374,33.48%,3,0,0%,3,100.00%,86,4,4.65%,28,32.56%,318,43,13.52%,117,36.79%,710,71,10.00%,226,31.83%
1427,2025-08-25,O Peslier,126,11,8.73%,46,36.51%,1,0,0%,1,100.00%,125,11,8.80%,45,36.00%,0,0,0%,0,0%,0,0,0%,0,0%
1428,2025-08-25,M Rodd,0,0,0%,0,0%,0,0,0%,0,0%,0,0,0%,0,0%,0,0,0%,0,0%,0,0,0%,0,0%
1429,2025-08-25,Elvis Trujillo,0,0,0%,0,0%,0,0,0%,0,0%,0,0,0%,0,0%,0,0,0%,0,0%,0,0,0%,0,0%
1430,2025-08-25,M Guyon,53,8,15.09%,19,35.85%,4,1,25.00%,2,50.00%,49,7,14.29%,17,34.69%,0,0,0%,0,0%,0,0,0%,0,0%
1431,2025-08-25,A de Vries,27,2,7.41%,9,33.33%,0,0,0%,0,0%,27,2,7.41%,9,33.33%,0,0,0%,0,0%,0,0,0%,0,0%
1432,2025-08-25,Gina Mangan,1324,120,9.06%,300,22.66%,529,35,6.62%,115,21.74%,794,84,10.58%,185,23.30%,1,1,100.00%,0,0%,0,0,0%,0,0%
1433,2025-08-25,Miss Charmaine O'Neill,0,0,0%,0,0%,0,0,0%,0,0%,0,0,0%,0,0%,0,0,0%,0,0%,0,0,0%,0,0%
1434,2025-08-25,C Soumillon,148,15,10.14%,40,27.03%,4,1,25.00%,3,75.00%,144,14,9.72%,37,25.69%,0,0,0%,0,0%,0,0,0%,0,0%
1435,2025-08-25,T Thulliez,2,0,0%,1,0%,0,0,0%,0,0%,2,0,0%,1,50.00%,0,0,0%,0,0%,0,0,0%,0,0%
1436,2025-08-25,Miss C Harty,3,0,0%,1,0%,0,0,0%,0,0%,3,0,0%,1,33.33%,0,0,0%,0,0%,0,0,0%,0,0%
1437,2025-08-25,Mr F J Coonan,0,0,0%,0,0%,0,0,0%,0,0%,0,0,0%,0,0%,0,0,0%,0,0%,0,0,0%,0,0%
1438,2025-08-25,Kosei Miura,0,0,0%,0,0%,0,0,0%,0,0%,0,0,0%,0,0%,0,0,0%,0,0%,0,0,0%,0,0%
1439,2025-08-25,S Davies,0,0,0%,0,0%,0,0,0%,0,0%,0,0,0%,0,0%,0,0,0%,0,0%,0,0,0%,0,0%
1440,2025-08-25,D B Dias,20,1,5.00%,1,5.00%,7,1,14.29%,1,14.29%,13,0,0%,0,0%,0,0,0%,0,0%,0,0,0%,0,0%
1441,2025-08-25,Mrs G Daly,4,0,0%,0,0%,0,0,0%,0,0%,4,0,0%,0,0%,0,0,0%,0,0%,0,0,0%,0,0%
1442,2025-08-25,Miss R Blackmore,142,7,4.93%,34,23.94%,0,0,0%,0,0%,98,4,4.08%,25,25.51%,13,0,0%,1,7.69%,31,3,9.68%,8,25.81%
1443,2025-08-25,D Bonilla,2,1,50.00%,0,0.00%,0,0,0%,0,0%,2,1,50.00%,0,0%,0,0,0%,0,0%,0,0,0%,0,0%
1444,2025-08-25,B Doyle,492,40,8.13%,154,31.30%,204,15,7.35%,70,34.31%,288,25,8.68%,84,29.17%,0,0,0%,0,0%,0,0,0%,0,0%
1445,2025-08-25,T Angland,0,0,0%,0,0%,0,0,0%,0,0%,0,0,0%,0,0%,0,0,0%,0,0%,0,0,0%,0,0%
1446,2025-08-25,D Beadman,0,0,0%,0,0%,0,0,0%,0,0%,0,0,0%,0,0%,0,0,0%,0,0%,0,0,0%,0,0%
1447,2025-08-25,S Mulqueen,1755,111,6.32%,564,32.14%,14,0,0%,1,7.14%,119,4,3.36%,36,30.25%,637,57,8.95%,244,38.30%,985,50,5.08%,283,28.73%
1448,2025-08-25,Mr R J Jones,0,0,0%,0,0%,0,0,0%,0,0%,0,0,0%,0,0%,0,0,0%,0,0%,0,0,0%,0,0%
1449,2025-08-25,Mrs Emma Littmoden,2,0,0%,0,0%,0,0,0%,0,0%,2,0,0%,0,0%,0,0,0%,0,0%,0,0,0%,0,0%
1450,2025-08-25,Liam Lewis-Salter,17,0,0%,8,0%,5,0,0%,3,60.00%,12,0,0%,5,41.67%,0,0,0%,0,0%,0,0,0%,0,0%
1451,2025-08-25,Mr A Jones,23,2,8.70%,7,30.43%,3,0,0%,1,33.33%,20,2,10.00%,6,30.00%,0,0,0%,0,0%,0,0,0%,0,0%
1452,2025-08-25,Mr D Dooyea,0,0,0%,0,0%,0,0,0%,0,0%,0,0,0%,0,0%,0,0,0%,0,0%,0,0,0%,0,0%
1453,2025-08-25,Mr Jamie Jenkinson,22,0,0%,2,0%,1,0,0%,1,100.00%,5,0,0%,0,0%,8,0,0%,1,12.50%,8,0,0%,0,0%
1454,2025-08-25,C M Walsh,230,13,5.65%,51,22.17%,4,0,0%,0,0%,30,1,3.33%,6,20.00%,24,0,0%,5,20.83%,172,12,6.98%,40,23.26%
1455,2025-08-25,Miss Shirley McCarthy,0,0,0%,0,0%,0,0,0%,0,0%,0,0,0%,0,0%,0,0,0%,0,0%,0,0,0%,0,0%
1456,2025-08-25,Christy Mews,7,0,0%,1,0%,5,0,0%,1,20.00%,2,0,0%,0,0%,0,0,0%,0,0%,0,0,0%,0,0%
1457,2025-08-25,Andrew Yoxall,0,0,0%,0,0%,0,0,0%,0,0%,0,0,0%,0,0%,0,0,0%,0,0%,0,0,0%,0,0%
1458,2025-08-25,Frankie Mcdonald,6,1,16.67%,0,0.00%,0,0,0%,0,0%,6,1,16.67%,0,0%,0,0,0%,0,0%,0,0,0%,0,0%
1459,2025-08-25,Mr G Carroll,1,0,0%,0,0%,0,0,0%,0,0%,0,0,0%,0,0%,1,0,0%,0,0%,0,0,0%,0,0%
1460,2025-08-25,S B Kelly,1103,72,6.53%,283,25.66%,332,30,9.04%,102,30.72%,770,42,5.45%,180,23.38%,1,0,0%,1,100.00%,0,0,0%,0,0%
1461,2025-08-25,Mrs C Bartley,171,19,11.11%,58,33.92%,4,1,25.00%,2,50.00%,167,18,10.78%,56,33.53%,0,0,0%,0,0%,0,0,0%,0,0%
1462,2025-08-25,Miss J C Duncan,0,0,0%,0,0%,0,0,0%,0,0%,0,0,0%,0,0%,0,0,0%,0,0%,0,0,0%,0,0%
1463,2025-08-25,Kirsten Smith,17,0,0%,3,0%,12,0,0%,3,25.00%,5,0,0%,0,0%,0,0,0%,0,0%,0,0,0%,0,0%
1464,2025-08-25,Mr L C Murphy,31,3,9.68%,8,25.81%,0,0,0%,0,0%,20,2,10.00%,5,25.00%,10,1,10.00%,2,20.00%,1,0,0%,1,100.00%
1465,2025-08-25,Danielle Mooney,325,12,3.69%,82,25.23%,95,2,2.11%,25,26.32%,230,10,4.35%,57,24.78%,0,0,0%,0,0%,0,0,0%,0,0%
1466,2025-08-25,I Sabol,0,0,0%,0,0%,0,0,0%,0,0%,0,0,0%,0,0%,0,0,0%,0,0%,0,0,0%,0,0%
1467,2025-08-25,N Rawal,0,0,0%,0,0%,0,0,0%,0,0%,0,0,0%,0,0%,0,0,0%,0,0%,0,0,0%,0,0%
1469,2025-08-25,Ryan Raftery,1,0,0%,0,0%,0,0,0%,0,0%,0,0,0%,0,0%,0,0,0%,0,0%,1,0,0%,0,0%
1470,2025-08-25,Sam James,959,106,11.05%,296,30.87%,241,21,8.71%,93,38.59%,718,85,11.84%,203,28.27%,0,0,0%,0,0%,0,0,0%,0,0%
1471,2025-08-25,Miss C Bell,0,0,0%,0,0%,0,0,0%,0,0%,0,0,0%,0,0%,0,0,0%,0,0%,0,0,0%,0,0%
1472,2025-08-25,Jack Quinlan,2749,268,9.75%,931,33.87%,33,3,9.09%,16,48.48%,332,34,10.24%,96,28.92%,608,79,12.99%,195,32.07%,1776,152,8.56%,624,35.14%
1473,2025-08-25,Gerard Galligan,0,0,0%,0,0%,0,0,0%,0,0%,0,0,0%,0,0%,0,0,0%,0,0%,0,0,0%,0,0%
1474,2025-08-25,Charles Perkins,0,0,0%,0,0%,0,0,0%,0,0%,0,0,0%,0,0%,0,0,0%,0,0%,0,0,0%,0,0%
1475,2025-08-25,Mr H G Murphy,13,0,0%,0,0%,0,0,0%,0,0%,10,0,0%,0,0%,2,0,0%,0,0%,1,0,0%,0,0%
1476,2025-08-25,Claire Murray,43,3,6.98%,11,25.58%,13,0,0%,1,7.69%,30,3,10.00%,10,33.33%,0,0,0%,0,0%,0,0,0%,0,0%
1477,2025-08-25,D M Simmonson,191,16,8.38%,49,25.65%,63,7,11.11%,16,25.40%,127,9,7.09%,32,25.20%,1,0,0%,1,100.00%,0,0,0%,0,0%
1478,2025-08-25,Jassim Al Kaabi,0,0,0%,0,0%,0,0,0%,0,0%,0,0,0%,0,0%,0,0,0%,0,0%,0,0,0%,0,0%
1479,2025-08-25,Miss Tina Henriksson,1,0,0%,0,0%,1,0,0%,0,0%,0,0,0%,0,0%,0,0,0%,0,0%,0,0,0%,0,0%
1480,2025-08-25,Miss P Boisgontier,0,0,0%,0,0%,0,0,0%,0,0%,0,0,0%,0,0%,0,0,0%,0,0%,0,0,0%,0,0%
1481,2025-08-25,Miss C Burri,2,0,0%,1,0%,0,0,0%,0,0%,2,0,0%,1,50.00%,0,0,0%,0,0%,0,0,0%,0,0%
1482,2025-08-25,Miss Nina Wagner,0,0,0%,0,0%,0,0,0%,0,0%,0,0,0%,0,0%,0,0,0%,0,0%,0,0,0%,0,0%
1483,2025-08-25,Miss Emma Sayer,102,9,8.82%,34,33.33%,14,0,0%,4,28.57%,60,5,8.33%,23,38.33%,0,0,0%,0,0%,28,4,14.29%,7,25.00%
1484,2025-08-25,B Browne,1101,59,5.36%,254,23.07%,0,0,0%,0,0%,18,2,11.11%,3,16.67%,272,15,5.51%,73,26.84%,811,42,5.18%,178,21.95%
1485,2025-08-25,B Hayes,3726,256,6.87%,927,24.88%,1,0,0%,0,0%,39,3,7.69%,8,20.51%,1023,85,8.31%,314,30.69%,2663,168,6.31%,605,22.72%
1486,2025-08-25,Carlos Lopez,1,0,0%,0,0%,0,0,0%,0,0%,1,0,0%,0,0%,0,0,0%,0,0%,0,0,0%,0,0%
1487,2025-08-25,Mr R M Johnston,9,1,11.11%,2,22.22%,0,0,0%,0,0%,1,0,0%,0,0%,0,0,0%,0,0%,8,1,12.50%,2,25.00%
1488,2025-08-25,Miss E Lynch,0,0,0%,0,0%,0,0,0%,0,0%,0,0,0%,0,0%,0,0,0%,0,0%,0,0,0%,0,0%
1489,2025-08-25,Miss S Gavin,7,0,0%,2,0%,0,0,0%,0,0%,5,0,0%,1,20.00%,1,0,0%,0,0%,1,0,0%,1,100.00%
1490,2025-08-25,Miss T Murray,3,0,0%,0,0%,0,0,0%,0,0%,3,0,0%,0,0%,0,0,0%,0,0%,0,0,0%,0,0%
1491,2025-08-25,J B Hamel,0,0,0%,0,0%,0,0,0%,0,0%,0,0,0%,0,0%,0,0,0%,0,0%,0,0,0%,0,0%
1492,2025-08-25,Laura Simpson,18,0,0%,2,0%,9,0,0%,0,0%,8,0,0%,2,25.00%,1,0,0%,0,0%,0,0,0%,0,0%
1493,2025-08-25,Miss N McCaffrey,5,0,0%,1,0%,2,0,0%,1,50.00%,3,0,0%,0,0%,0,0,0%,0,0%,0,0,0%,0,0%
1494,2025-08-25,W Supple,7,0,0%,1,0%,4,0,0%,1,25.00%,3,0,0%,0,0%,0,0,0%,0,0%,0,0,0%,0,0%
1495,2025-08-25,Tye Angland,0,0,0%,0,0%,0,0,0%,0,0%,0,0,0%,0,0%,0,0,0%,0,0%,0,0,0%,0,0%
1496,2025-08-25,D M Oliver,4,0,0%,2,0%,0,0,0%,0,0%,3,0,0%,1,33.33%,0,0,0%,0,0%,0,0,0%,0,0%
1497,2025-08-25,S J Bourke,0,0,0%,0,0%,0,0,0%,0,0%,0,0,0%,0,0%,0,0,0%,0,0%,0,0,0%,0,0%
1498,2025-08-25,Mr A J Hogan,1,0,0%,0,0%,0,0,0%,0,0%,1,0,0%,0,0%,0,0,0%,0,0%,0,0,0%,0,0%
1499,2025-08-25,Mr R D Conran,4,0,0%,0,0%,0,0,0%,0,0%,4,0,0%,0,0%,0,0,0%,0,0%,0,0,0%,0,0%
1500,2025-08-25,Mr M Monahan,2,0,0%,0,0%,0,0,0%,0,0%,2,0,0%,0,0%,0,0,0%,0,0%,0,0,0%,0,0%
1501,2025-08-25,Philippe Sogorb,0,0,0%,0,0%,0,0,0%,0,0%,0,0,0%,0,0%,0,0,0%,0,0%,0,0,0%,0,0%
1502,2025-08-25,Willie Supple,3,1,33.33%,0,0.00%,0,0,0%,0,0%,3,1,33.33%,0,0%,0,0,0%,0,0%,0,0,0%,0,0%
1503,2025-08-25,Peter Sword,46,2,4.35%,16,34.78%,12,0,0%,3,25.00%,34,2,5.88%,13,38.24%,0,0,0%,0,0%,0,0,0%,0,0%
1504,2025-08-25,Mr S Hanson,8,1,12.50%,3,37.50%,2,1,50.00%,1,50.00%,0,0,0%,0,0%,5,0,0%,2,40.00%,1,0,0%,0,0%
1505,2025-08-25,Mr R W Coffey,7,0,0%,0,0%,0,0,0%,0,0%,7,0,0%,0,0%,0,0,0%,0,0%,0,0,0%,0,0%
1506,2025-08-25,Mr A W Pierce,0,0,0%,0,0%,0,0,0%,0,0%,0,0,0%,0,0%,0,0,0%,0,0%,0,0,0%,0,0%
1507,2025-08-25,Mr B McDonagh,3,0,0%,0,0%,0,0,0%,0,0%,1,0,0%,0,0%,2,0,0%,0,0%,0,0,0%,0,0%
1508,2025-08-25,Chelsey Banks,3,0,0%,1,0%,3,0,0%,1,33.33%,0,0,0%,0,0%,0,0,0%,0,0%,0,0,0%,0,0%
1509,2025-08-25,J P Sullivan,6973,506,7.26%,2038,29.23%,2261,162,7.16%,604,26.71%,4708,344,7.31%,1433,30.44%,2,0,0%,1,50.00%,2,0,0%,0,0%
1510,2025-08-25,Miss C M Woods,34,0,0%,2,0%,0,0,0%,0,0%,22,0,0%,1,4.55%,2,0,0%,0,0%,10,0,0%,1,10.00%
1511,2025-08-25,Mr S Murray,7,0,0%,2,0%,0,0,0%,0,0%,5,0,0%,0,0%,2,0,0%,2,100.00%,0,0,0%,0,0%
1512,2025-08-25,Mr M T Slevin,30,4,13.33%,10,33.33%,0,0,0%,0,0%,8,1,12.50%,3,37.50%,5,1,20.00%,3,60.00%,17,2,11.76%,4,23.53%
1513,2025-08-25,Mr D A Fitzsimons,0,0,0%,0,0%,0,0,0%,0,0%,0,0,0%,0,0%,0,0,0%,0,0%,0,0,0%,0,0%
1514,2025-08-25,T Woodley,0,0,0%,0,0%,0,0,0%,0,0%,0,0,0%,0,0%,0,0,0%,0,0%,0,0,0%,0,0%
1515,2025-08-25,H Goto,0,0,0%,0,0%,0,0,0%,0,0%,0,0,0%,0,0%,0,0,0%,0,0%,0,0,0%,0,0%
1516,2025-08-25,I Pimlott,0,0,0%,0,0%,0,0,0%,0,0%,0,0,0%,0,0%,0,0,0%,0,0%,0,0,0%,0,0%
1517,2025-08-25,JA Harvey,0,0,0%,0,0%,0,0,0%,0,0%,0,0,0%,0,0%,0,0,0%,0,0%,0,0,0%,0,0%
1518,2025-08-25,A Stenhouse,0,0,0%,0,0%,0,0,0%,0,0%,0,0,0%,0,0%,0,0,0%,0,0%,0,0,0%,0,0%
1523,2025-08-25,P Kane Jnr,0,0,0%,0,0%,0,0,0%,0,0%,0,0,0%,0,0%,0,0,0%,0,0%,0,0,0%,0,0%
1525,2025-08-25,B Roche,0,0,0%,0,0%,0,0,0%,0,0%,0,0,0%,0,0%,0,0,0%,0,0%,0,0,0%,0,0%
1526,2025-08-25,P Mather Snr,0,0,0%,0,0%,0,0,0%,0,0%,0,0,0%,0,0%,0,0,0%,0,0%,0,0,0%,0,0%
1528,2025-08-25,Pam Haythornthwaite,0,0,0%,0,0%,0,0,0%,0,0%,0,0,0%,0,0%,0,0,0%,0,0%,0,0,0%,0,0%
1529,2025-08-25,S Henderson,0,0,0%,0,0%,0,0,0%,0,0%,0,0,0%,0,0%,0,0,0%,0,0%,0,0,0%,0,0%
1530,2025-08-25,Miss R Pearson,0,0,0%,0,0%,0,0,0%,0,0%,0,0,0%,0,0%,0,0,0%,0,0%,0,0,0%,0,0%
1531,2025-08-25,W Greenhorn,0,0,0%,0,0%,0,0,0%,0,0%,0,0,0%,0,0%,0,0,0%,0,0%,0,0,0%,0,0%
1532,2025-08-25,H Menzies,0,0,0%,0,0%,0,0,0%,0,0%,0,0,0%,0,0%,0,0,0%,0,0%,0,0,0%,0,0%
1533,2025-08-25,G Menzies,0,0,0%,0,0%,0,0,0%,0,0%,0,0,0%,0,0%,0,0,0%,0,0%,0,0,0%,0,0%
1534,2025-08-25,A Haythornthwaite,0,0,0%,0,0%,0,0,0%,0,0%,0,0,0%,0,0%,0,0,0%,0,0%,0,0,0%,0,0%
1536,2025-08-25,V Gill,0,0,0%,0,0%,0,0,0%,0,0%,0,0,0%,0,0%,0,0,0%,0,0%,0,0,0%,0,0%
1541,2025-08-25,M Lord,0,0,0%,0,0%,0,0,0%,0,0%,0,0,0%,0,0%,0,0,0%,0,0%,0,0,0%,0,0%
1542,2025-08-25,Jonathan Dunne,0,0,0%,0,0%,0,0,0%,0,0%,0,0,0%,0,0%,0,0,0%,0,0%,0,0,0%,0,0%
1543,2025-08-25,R J Thomson,0,0,0%,0,0%,0,0,0%,0,0%,0,0,0%,0,0%,0,0,0%,0,0%,0,0,0%,0,0%
1546,2025-08-25,SW Browell,0,0,0%,0,0%,0,0,0%,0,0%,0,0,0%,0,0%,0,0,0%,0,0%,0,0,0%,0,0%
1547,2025-08-25,W Drysdale,0,0,0%,0,0%,0,0,0%,0,0%,0,0,0%,0,0%,0,0,0%,0,0%,0,0,0%,0,0%
1548,2025-08-25,J Dunne,13,1,7.69%,1,7.69%,0,0,0%,0,0%,10,1,10.00%,1,10.00%,0,0,0%,0,0%,0,0,0%,0,0%
1549,2025-08-25,Ned Stafford,0,0,0%,0,0%,0,0,0%,0,0%,0,0,0%,0,0%,0,0,0%,0,0%,0,0,0%,0,0%
1550,2025-08-25,C Nuttall,0,0,0%,0,0%,0,0,0%,0,0%,0,0,0%,0,0%,0,0,0%,0,0%,0,0,0%,0,0%
1552,2025-08-25,P Haythornthwaite,0,0,0%,0,0%,0,0,0%,0,0%,0,0,0%,0,0%,0,0,0%,0,0%,0,0,0%,0,0%
1554,2025-08-25,G Dunne,0,0,0%,0,0%,0,0,0%,0,0%,0,0,0%,0,0%,0,0,0%,0,0%,0,0,0%,0,0%
1555,2025-08-25,J E Price,0,0,0%,0,0%,0,0,0%,0,0%,0,0,0%,0,0%,0,0,0%,0,0%,0,0,0%,0,0%
1556,2025-08-25,Wm Drysdale,0,0,0%,0,0%,0,0,0%,0,0%,0,0,0%,0,0%,0,0,0%,0,0%,0,0,0%,0,0%
1557,2025-08-25,Danielle McCreery,65,1,1.54%,8,12.31%,26,1,3.85%,3,11.54%,39,0,0%,5,12.82%,0,0,0%,0,0%,0,0,0%,0,0%
1558,2025-08-25,Miss S J Ingrey,0,0,0%,0,0%,0,0,0%,0,0%,0,0,0%,0,0%,0,0,0%,0,0%,0,0,0%,0,0%
1559,2025-08-25,Miss E Thilderkvist,0,0,0%,0,0%,0,0,0%,0,0%,0,0,0%,0,0%,0,0,0%,0,0%,0,0,0%,0,0%
1560,2025-08-25,Miss F M Dowling,0,0,0%,0,0%,0,0,0%,0,0%,0,0,0%,0,0%,0,0,0%,0,0%,0,0,0%,0,0%
1561,2025-08-25,K W De Oliveira,25,0,0%,6,0%,9,0,0%,1,11.11%,16,0,0%,5,31.25%,0,0,0%,0,0%,0,0,0%,0,0%
1562,2025-08-25,Miss Emily-Jane Harbour,5,0,0%,0,0%,0,0,0%,0,0%,2,0,0%,0,0%,1,0,0%,0,0%,2,0,0%,0,0%
1563,2025-08-25,Mr O Garner,75,0,0%,3,0%,10,0,0%,2,20.00%,10,0,0%,0,0%,20,0,0%,0,0%,35,0,0%,1,2.86%
1564,2025-08-25,Miss G Swan,27,0,0%,4,0%,0,0,0%,0,0%,0,0,0%,0,0%,0,0,0%,0,0%,27,0,0%,4,14.81%
1565,2025-08-25,Victor Santos,203,6,2.96%,45,22.17%,98,3,3.06%,25,25.51%,103,3,2.91%,19,18.45%,2,0,0%,1,50.00%,0,0,0%,0,0%
1566,2025-08-25,Miss R Smith,57,3,5.26%,15,26.32%,2,0,0%,0,0%,44,3,6.82%,13,29.55%,0,0,0%,0,0%,11,0,0%,2,18.18%
1568,2025-08-25,F A McCurtin,109,3,2.75%,25,22.94%,0,0,0%,0,0%,1,0,0%,0,0%,15,0,0%,5,33.33%,93,3,3.23%,20,21.51%
1569,2025-08-25,Mr W P McEnery,6,0,0%,0,0%,0,0,0%,0,0%,6,0,0%,0,0%,0,0,0%,0,0%,0,0,0%,0,0%
1570,2025-08-25,Mr K S Norris,2,0,0%,0,0%,0,0,0%,0,0%,2,0,0%,0,0%,0,0,0%,0,0%,0,0,0%,0,0%
1571,2025-08-25,R Moore,0,0,0%,0,0%,0,0,0%,0,0%,0,0,0%,0,0%,0,0,0%,0,0%,0,0,0%,0,0%
1572,2025-08-25,Mr M Herbert,0,0,0%,0,0%,0,0,0%,0,0%,0,0,0%,0,0%,0,0,0%,0,0%,0,0,0%,0,0%
1573,2025-08-25,Mr R J Williams,128,14,10.94%,24,18.75%,5,0,0%,1,20.00%,14,3,21.43%,1,7.14%,15,0,0%,4,26.67%,94,11,11.70%,18,19.15%
1574,2025-08-25,Mr R Pooles,10,0,0%,6,0%,2,0,0%,1,50.00%,8,0,0%,5,62.50%,0,0,0%,0,0%,0,0,0%,0,0%
1575,2025-08-25,Stephen O'Donovan,91,6,6.59%,20,21.98%,0,0,0%,0,0%,6,0,0%,1,16.67%,27,2,7.41%,6,22.22%,58,4,6.90%,13,22.41%
1576,2025-08-25,Mr S O'donovan,0,0,0%,0,0%,0,0,0%,0,0%,0,0,0%,0,0%,0,0,0%,0,0%,0,0,0%,0,0%
1577,2025-08-25,A Murgia,1,0,0%,0,0%,0,0,0%,0,0%,1,0,0%,0,0%,0,0,0%,0,0%,0,0,0%,0,0%
1578,2025-08-25,Mr T Donworth,29,2,6.90%,5,17.24%,0,0,0%,0,0%,14,0,0%,1,7.14%,11,2,18.18%,4,36.36%,4,0,0%,0,0%
1579,2025-08-25,B F Cawley,411,28,6.81%,82,19.95%,0,0,0%,0,0%,20,1,5.00%,5,25.00%,93,10,10.75%,23,24.73%,298,17,5.70%,54,18.12%
1580,2025-08-25,K Milczarek,2,0,0%,1,0%,1,0,0%,1,100.00%,1,0,0%,0,0%,0,0,0%,0,0%,0,0,0%,0,0%
1581,2025-08-25,Josephine Bruning,1,0,0%,0,0%,1,0,0%,0,0%,0,0,0%,0,0%,0,0,0%,0,0%,0,0,0%,0,0%
1582,2025-08-25,Miss K Bannon,9,2,22.22%,0,0.00%,2,1,50.00%,0,0%,5,0,0%,0,0%,0,0,0%,0,0%,2,1,50.00%,0,0%
1583,2025-08-25,Miss M Keegan,6,0,0%,0,0%,1,0,0%,0,0%,5,0,0%,0,0%,0,0,0%,0,0%,0,0,0%,0,0%
1584,2025-08-25,Mr W A Slattery,8,0,0%,0,0%,0,0,0%,0,0%,8,0,0%,0,0%,0,0,0%,0,0%,0,0,0%,0,0%
1585,2025-08-25,Mr S Dolan,1,0,0%,0,0%,0,0,0%,0,0%,1,0,0%,0,0%,0,0,0%,0,0%,0,0,0%,0,0%
1586,2025-08-25,Mr S Harrison,9,0,0%,1,0%,1,0,0%,0,0%,8,0,0%,1,12.50%,0,0,0%,0,0%,0,0,0%,0,0%
1587,2025-08-25,Mr R G Woollard,0,0,0%,0,0%,0,0,0%,0,0%,0,0,0%,0,0%,0,0,0%,0,0%,0,0,0%,0,0%
1588,2025-08-25,Mr M Smith,4,0,0%,0,0%,0,0,0%,0,0%,4,0,0%,0,0%,0,0,0%,0,0%,0,0,0%,0,0%
1589,2025-08-25,S Doyle,0,0,0%,0,0%,0,0,0%,0,0%,0,0,0%,0,0%,0,0,0%,0,0%,0,0,0%,0,0%
1590,2025-08-25,Mr T H E Garner,0,0,0%,0,0%,0,0,0%,0,0%,0,0,0%,0,0%,0,0,0%,0,0%,0,0,0%,0,0%
1591,2025-08-25,K P Locking,0,0,0%,0,0%,0,0,0%,0,0%,0,0,0%,0,0%,0,0,0%,0,0%,0,0,0%,0,0%
1592,2025-08-25,Lauren Shea,0,0,0%,0,0%,0,0,0%,0,0%,0,0,0%,0,0%,0,0,0%,0,0%,0,0,0%,0,0%
1593,2025-08-25,Miss A Zetterholm,8,1,12.50%,0,0.00%,1,0,0%,0,0%,7,1,14.29%,0,0%,0,0,0%,0,0%,0,0,0%,0,0%
1594,2025-08-25,Mr K Apark,0,0,0%,0,0%,0,0,0%,0,0%,0,0,0%,0,0%,0,0,0%,0,0%,0,0,0%,0,0%
1595,2025-08-25,Miss Charlie Jones,1,0,0%,0,0%,0,0,0%,0,0%,1,0,0%,0,0%,0,0,0%,0,0%,0,0,0%,0,0%
1596,2025-08-25,Miss S L Watson,2,0,0%,1,0%,1,0,0%,0,0%,1,0,0%,1,100.00%,0,0,0%,0,0%,0,0,0%,0,0%
1597,2025-08-25,Miss A McGregor,30,0,0%,4,0%,0,0,0%,0,0%,2,0,0%,0,0%,11,0,0%,2,18.18%,17,0,0%,2,11.76%
1598,2025-08-25,Mrs D Bamonte,6,1,16.67%,3,50.00%,3,1,33.33%,2,66.67%,3,0,0%,1,33.33%,0,0,0%,0,0%,0,0,0%,0,0%
1599,2025-08-25,Mr M D Byrne,7,0,0%,1,0%,0,0,0%,0,0%,7,0,0%,1,14.29%,0,0,0%,0,0%,0,0,0%,0,0%
1600,2025-08-25,Mr M Mitchell,3,1,33.33%,0,0.00%,3,1,33.33%,0,0%,0,0,0%,0,0%,0,0,0%,0,0%,0,0,0%,0,0%
1601,2025-08-25,Miss A L Hutchinson,8,1,12.50%,1,12.50%,2,0,0%,0,0%,6,1,16.67%,1,16.67%,0,0,0%,0,0%,0,0,0%,0,0%
1602,2025-08-25,U Rispoli,12,0,0%,5,0%,0,0,0%,0,0%,12,0,0%,5,41.67%,0,0,0%,0,0%,0,0,0%,0,0%
1603,2025-08-25,A Marcus,0,0,0%,0,0%,0,0,0%,0,0%,0,0,0%,0,0%,0,0,0%,0,0%,0,0,0%,0,0%
1605,2025-08-25,Yasunari Iwata,0,0,0%,0,0%,0,0,0%,0,0%,0,0,0%,0,0%,0,0,0%,0,0%,0,0,0%,0,0%
1606,2025-08-25,J Young,0,0,0%,0,0%,0,0,0%,0,0%,0,0,0%,0,0%,0,0,0%,0,0%,0,0,0%,0,0%
1607,2025-08-25,Miss G O'Callaghan,0,0,0%,0,0%,0,0,0%,0,0%,0,0,0%,0,0%,0,0,0%,0,0%,0,0,0%,0,0%
1608,2025-08-25,Miss C Engebretsen,0,0,0%,0,0%,0,0,0%,0,0%,0,0,0%,0,0%,0,0,0%,0,0%,0,0,0%,0,0%
1609,2025-08-25,Miss V Coates,1,0,0%,1,0%,1,0,0%,1,100.00%,0,0,0%,0,0%,0,0,0%,0,0%,0,0,0%,0,0%
1610,2025-08-25,Mr J Harney,1,0,0%,0,0%,0,0,0%,0,0%,1,0,0%,0,0%,0,0,0%,0,0%,0,0,0%,0,0%
1611,2025-08-25,Jacob Butterfield,940,77,8.19%,288,30.64%,330,28,8.48%,110,33.33%,610,49,8.03%,178,29.18%,0,0,0%,0,0%,0,0,0%,0,0%
1612,2025-08-25,Vitor Santos,17,0,0%,4,0%,12,0,0%,3,25.00%,5,0,0%,1,20.00%,0,0,0%,0,0%,0,0,0%,0,0%
1613,2025-08-25,Mr M S M Al Balushi,0,0,0%,0,0%,0,0,0%,0,0%,0,0,0%,0,0%,0,0,0%,0,0%,0,0,0%,0,0%
1614,2025-08-25,Darren Williams,0,0,0%,0,0%,0,0,0%,0,0%,0,0,0%,0,0%,0,0,0%,0,0%,0,0,0%,0,0%
1615,2025-08-25,Miss L Dowdall,15,4,26.67%,3,20.00%,0,0,0%,0,0%,15,4,26.67%,3,20.00%,0,0,0%,0,0%,0,0,0%,0,0%
1616,2025-08-25,Mr Charlie Duckworth,5,1,20.00%,1,20.00%,0,0,0%,0,0%,3,1,33.33%,1,33.33%,2,0,0%,0,0%,0,0,0%,0,0%
1617,2025-08-25,Mr D J Benson,104,13,12.50%,30,28.85%,7,0,0%,0,0%,87,11,12.64%,30,34.48%,0,0,0%,0,0%,10,2,20.00%,0,0%
1618,2025-08-25,D J Benson,322,20,6.21%,55,17.08%,47,2,4.26%,4,8.51%,119,12,10.08%,16,13.45%,15,0,0%,3,20.00%,141,6,4.26%,32,22.70%
1619,2025-08-25,Ryan Crawford,0,0,0%,0,0%,0,0,0%,0,0%,0,0,0%,0,0%,0,0,0%,0,0%,0,0,0%,0,0%
1620,2025-08-25,Miss Becky Brisbourne,60,10,16.67%,13,21.67%,33,8,24.24%,6,18.18%,27,2,7.41%,7,25.93%,0,0,0%,0,0%,0,0,0%,0,0%
1621,2025-08-25,Miss H Bethell,138,15,10.87%,43,31.16%,13,3,23.08%,6,46.15%,47,6,12.77%,7,14.89%,18,1,5.56%,6,33.33%,60,5,8.33%,24,40.00%
1622,2025-08-25,A McCurtin,1326,42,3.17%,241,18.17%,0,0,0%,0,0%,3,0,0%,0,0%,218,7,3.21%,49,22.48%,1105,35,3.17%,192,17.38%
1623,2025-08-25,O Garner,144,5,3.47%,32,22.22%,3,0,0%,0,0%,17,0,0%,0,0%,35,3,8.57%,14,40.00%,89,2,2.25%,18,20.22%
1624,2025-08-25,Chris Ward,373,25,6.70%,83,22.25%,0,0,0%,0,0%,23,0,0%,1,4.35%,77,10,12.99%,26,33.77%,273,15,5.49%,56,20.51%
1625,2025-08-25,Miss S Birkett,23,2,8.70%,5,21.74%,6,1,16.67%,0,0%,17,1,5.88%,5,29.41%,0,0,0%,0,0%,0,0,0%,0,0%
1626,2025-08-25,Adrian Layt,0,0,0%,0,0%,0,0,0%,0,0%,0,0,0%,0,0%,0,0,0%,0,0%,0,0,0%,0,0%
1627,2025-08-25,Mr J J Tobin,0,0,0%,0,0%,0,0,0%,0,0%,0,0,0%,0,0%,0,0,0%,0,0%,0,0,0%,0,0%
1628,2025-08-25,Miss K McGivern,2,0,0%,1,0%,0,0,0%,0,0%,2,0,0%,1,50.00%,0,0,0%,0,0%,0,0,0%,0,0%
1629,2025-08-25,Jeremiah McGrath,265,41,15.47%,62,23.40%,9,1,11.11%,3,33.33%,59,9,15.25%,18,30.51%,42,6,14.29%,10,23.81%,155,25,16.13%,31,20.00%
1630,2025-08-25,Victoria Howell,0,0,0%,0,0%,0,0,0%,0,0%,0,0,0%,0,0%,0,0,0%,0,0%,0,0,0%,0,0%
1631,2025-08-25,J M Moore,1900,128,6.74%,476,25.05%,41,2,4.88%,3,7.32%,29,2,6.90%,4,13.79%,457,23,5.03%,122,26.70%,1373,101,7.36%,347,25.27%
1632,2025-08-25,Mr Jacob Smith,0,0,0%,0,0%,0,0,0%,0,0%,0,0,0%,0,0%,0,0,0%,0,0%,0,0,0%,0,0%
1633,2025-08-25,Mr Mario Baratti,9,0,0%,3,0%,1,0,0%,0,0%,8,0,0%,3,37.50%,0,0,0%,0,0%,0,0,0%,0,0%
1634,2025-08-25,Mr Patrick Deno,1,0,0%,0,0%,0,0,0%,0,0%,1,0,0%,0,0%,0,0,0%,0,0%,0,0,0%,0,0%
1635,2025-08-25,Mr K Kjaer,0,0,0%,0,0%,0,0,0%,0,0%,0,0,0%,0,0%,0,0,0%,0,0%,0,0,0%,0,0%
1636,2025-08-25,Mr Paul Power,1,0,0%,0,0%,1,0,0%,0,0%,0,0,0%,0,0%,0,0,0%,0,0%,0,0,0%,0,0%
1637,2025-08-25,Mr T Degel,0,0,0%,0,0%,0,0,0%,0,0%,0,0,0%,0,0%,0,0,0%,0,0%,0,0,0%,0,0%
1638,2025-08-25,Kieren Fallon,3,0,0%,1,0%,0,0,0%,0,0%,3,0,0%,1,33.33%,0,0,0%,0,0%,0,0,0%,0,0%
1639,2025-08-25,Mrs Andrea Hierer,0,0,0%,0,0%,0,0,0%,0,0%,0,0,0%,0,0%,0,0,0%,0,0%,0,0,0%,0,0%
1640,2025-08-25,Mr J P Boisgontier,2,1,50.00%,0,0.00%,0,0,0%,0,0%,2,1,50.00%,0,0%,0,0,0%,0,0%,0,0,0%,0,0%
1641,2025-08-25,D Allen,1,0,0%,1,0%,0,0,0%,0,0%,1,0,0%,1,100.00%,0,0,0%,0,0%,0,0,0%,0,0%
1642,2025-08-25,L Jones,4,0,0%,2,0%,1,0,0%,1,100.00%,3,0,0%,1,33.33%,0,0,0%,0,0%,0,0,0%,0,0%
1643,2025-08-25,John Lawson,17,1,5.88%,2,11.76%,9,0,0%,2,22.22%,8,1,12.50%,0,0%,0,0,0%,0,0%,0,0,0%,0,0%
1644,2025-08-25,C E Flannelly,8,0,0%,0,0%,0,0,0%,0,0%,8,0,0%,0,0%,0,0,0%,0,0%,0,0,0%,0,0%
1645,2025-08-25,D Da Silva,0,0,0%,0,0%,0,0,0%,0,0%,0,0,0%,0,0%,0,0,0%,0,0%,0,0,0%,0,0%
1647,2025-08-25,Peter Carberry,729,72,9.88%,210,28.81%,6,2,33.33%,1,16.67%,76,8,10.53%,18,23.68%,179,21,11.73%,53,29.61%,468,41,8.76%,138,29.49%
1648,2025-08-25,Conor O'Farrell,462,61,13.20%,136,29.44%,0,0,0%,0,0%,29,7,24.14%,7,24.14%,115,12,10.43%,34,29.57%,318,42,13.21%,95,29.87%
1649,2025-08-25,G Abbas,8,0,0%,0,0%,2,0,0%,0,0%,6,0,0%,0,0%,0,0,0%,0,0%,0,0,0%,0,0%
1652,2025-08-25,Mr J Hodson,42,2,4.76%,7,16.67%,6,0,0%,1,16.67%,5,0,0%,0,0%,19,2,10.53%,4,21.05%,12,0,0%,2,16.67%
1653,2025-08-25,Charlie Swan,4,0,0%,2,0%,0,0,0%,0,0%,4,0,0%,2,50.00%,0,0,0%,0,0%,0,0,0%,0,0%
1654,2025-08-25,Dale Gibson,8,1,12.50%,0,0.00%,0,0,0%,0,0%,8,1,12.50%,0,0%,0,0,0%,0,0%,0,0,0%,0,0%
1655,2025-08-25,Graham Bradley,2,0,0%,0,0%,0,0,0%,0,0%,2,0,0%,0,0%,0,0,0%,0,0%,0,0,0%,0,0%
1656,2025-08-25,Ernie Johnson,1,0,0%,0,0%,0,0,0%,0,0%,1,0,0%,0,0%,0,0,0%,0,0%,0,0,0%,0,0%
1657,2025-08-25,Kevin Darley,5,0,0%,0,0%,0,0,0%,0,0%,5,0,0%,0,0%,0,0,0%,0,0%,0,0,0%,0,0%
1658,2025-08-25,Tony Dobbin,1,0,0%,1,0%,0,0,0%,0,0%,1,0,0%,1,100.00%,0,0,0%,0,0%,0,0,0%,0,0%
1659,2025-08-25,John Francome,0,0,0%,0,0%,0,0,0%,0,0%,0,0,0%,0,0%,0,0,0%,0,0%,0,0,0%,0,0%
1660,2025-08-25,Alex Greaves,0,0,0%,0,0%,0,0,0%,0,0%,0,0,0%,0,0%,0,0,0%,0,0%,0,0,0%,0,0%
1661,2025-08-25,George Duffield,5,0,0%,4,0%,0,0,0%,0,0%,5,0,0%,4,80.00%,0,0,0%,0,0%,0,0,0%,0,0%
1662,2025-08-25,John Reid,2,0,0%,0,0%,0,0,0%,0,0%,2,0,0%,0,0%,0,0,0%,0,0%,0,0,0%,0,0%
1663,2025-08-25,Gary Bardwell,11,1,9.09%,0,0.00%,0,0,0%,0,0%,11,1,9.09%,0,0%,0,0,0%,0,0%,0,0,0%,0,0%
1664,2025-08-25,Steve Smith-Eccles,1,0,0%,0,0%,0,0,0%,0,0%,1,0,0%,0,0%,0,0,0%,0,0%,0,0,0%,0,0%
1665,2025-08-25,Graham Thorner,1,0,0%,0,0%,0,0,0%,0,0%,1,0,0%,0,0%,0,0,0%,0,0%,0,0,0%,0,0%
1667,2025-08-25,Gay Kelleway,8,0,0%,2,0%,0,0,0%,0,0%,8,0,0%,2,25.00%,0,0,0%,0,0%,0,0,0%,0,0%
1668,2025-08-25,Jamie Osborne,3,0,0%,0,0%,0,0,0%,0,0%,3,0,0%,0,0%,0,0,0%,0,0%,0,0,0%,0,0%
1669,2025-08-25,Gilmar Pereira,12,1,8.33%,1,8.33%,6,1,16.67%,1,16.67%,6,0,0%,0,0%,0,0,0%,0,0%,0,0,0%,0,0%
1670,2025-08-25,H Matoba,0,0,0%,0,0%,0,0,0%,0,0%,0,0,0%,0,0%,0,0,0%,0,0%,0,0,0%,0,0%
1671,2025-08-25,Elizabeth Norris,0,0,0%,0,0%,0,0,0%,0,0%,0,0,0%,0,0%,0,0,0%,0,0%,0,0,0%,0,0%
1672,2025-08-25,Mr R J Kiely,244,19,7.79%,74,30.33%,0,0,0%,0,0%,206,19,9.22%,61,29.61%,10,0,0%,4,40.00%,28,0,0%,9,32.14%
1673,2025-08-25,Mr K E Power,181,22,12.15%,55,30.39%,1,0,0%,0,0%,139,16,11.51%,42,30.22%,35,5,14.29%,12,34.29%,6,1,16.67%,1,16.67%
1674,2025-08-25,Mr J J Gerrard,4,1,25.00%,1,25.00%,0,0,0%,0,0%,0,0,0%,0,0%,0,0,0%,0,0%,4,1,25.00%,1,25.00%
1675,2025-08-25,Terence Fury,32,1,3.13%,7,21.88%,1,0,0%,1,100.00%,31,1,3.23%,6,19.35%,0,0,0%,0,0%,0,0,0%,0,0%
1676,2025-08-25,A Guerin,44,5,11.36%,9,20.45%,0,0,0%,0,0%,1,0,0%,0,0%,9,1,11.11%,2,22.22%,34,4,11.76%,7,20.59%
1677,2025-08-25,M Demuro,142,20,14.08%,37,26.06%,30,3,10.00%,11,36.67%,112,17,15.18%,26,23.21%,0,0,0%,0,0%,0,0,0%,0,0%
1678,2025-08-25,Mr M Noone,0,0,0%,0,0%,0,0,0%,0,0%,0,0,0%,0,0%,0,0,0%,0,0%,0,0,0%,0,0%
1679,2025-08-25,Miss R Harney,1,0,0%,0,0%,0,0,0%,0,0%,1,0,0%,0,0%,0,0,0%,0,0%,0,0,0%,0,0%
1680,2025-08-25,R Evans,0,0,0%,0,0%,0,0,0%,0,0%,0,0,0%,0,0%,0,0,0%,0,0%,0,0,0%,0,0%
1681,2025-08-25,G J Phillips,494,29,5.87%,104,21.05%,210,15,7.14%,46,21.90%,284,14,4.93%,58,20.42%,0,0,0%,0,0%,0,0,0%,0,0%
1682,2025-08-25,Daniel Harris,46,1,2.17%,6,13.04%,22,1,4.55%,4,18.18%,24,0,0%,2,8.33%,0,0,0%,0,0%,0,0,0%,0,0%
1683,2025-08-25,Daniel Blackett,0,0,0%,0,0%,0,0,0%,0,0%,0,0,0%,0,0%,0,0,0%,0,0%,0,0,0%,0,0%
1684,2025-08-25,Mr D Cottle,4,0,0%,0,0%,1,0,0%,0,0%,3,0,0%,0,0%,0,0,0%,0,0%,0,0,0%,0,0%
1685,2025-08-25,Miss Stephanie Bowey,0,0,0%,0,0%,0,0,0%,0,0%,0,0,0%,0,0%,0,0,0%,0,0%,0,0,0%,0,0%
1686,2025-08-25,Miss C L Whitehead,3,0,0%,1,0%,0,0,0%,0,0%,3,0,0%,1,33.33%,0,0,0%,0,0%,0,0,0%,0,0%
1687,2025-08-25,Donovan Eldin,0,0,0%,0,0%,0,0,0%,0,0%,0,0,0%,0,0%,0,0,0%,0,0%,0,0,0%,0,0%
1688,2025-08-25,Katie Dowson,18,0,0%,3,0%,3,0,0%,0,0%,15,0,0%,3,20.00%,0,0,0%,0,0%,0,0,0%,0,0%
1689,2025-08-25,Thomas Garner,758,60,7.92%,224,29.55%,28,2,7.14%,8,28.57%,100,6,6.00%,31,31.00%,175,25,14.29%,55,31.43%,455,27,5.93%,130,28.57%
1690,2025-08-25,Philip Prince,1043,70,6.71%,349,33.46%,590,42,7.12%,193,32.71%,445,28,6.29%,155,34.83%,4,0,0%,0,0%,4,0,0%,1,25.00%
1691,2025-08-25,Mr Chris Martin,16,0,0%,4,0%,6,0,0%,1,16.67%,10,0,0%,3,30.00%,0,0,0%,0,0%,0,0,0%,0,0%
1692,2025-08-25,Matthew McGhee,25,0,0%,1,0%,22,0,0%,0,0%,3,0,0%,1,33.33%,0,0,0%,0,0%,0,0,0%,0,0%
1693,2025-08-25,Mr P Power,241,22,9.13%,88,36.51%,0,0,0%,0,0%,113,9,7.96%,41,36.28%,48,4,8.33%,19,39.58%,79,8,10.13%,28,35.44%
1694,2025-08-25,Mr J T Codd,0,0,0%,0,0%,0,0,0%,0,0%,0,0,0%,0,0%,0,0,0%,0,0%,0,0,0%,0,0%
1695,2025-08-25,D J Hand,320,23,7.19%,84,26.25%,0,0,0%,0,0%,34,0,0%,7,20.59%,53,3,5.66%,18,33.96%,233,20,8.58%,59,25.32%
1696,2025-08-25,Mr J G Timmons,0,0,0%,0,0%,0,0,0%,0,0%,0,0,0%,0,0%,0,0,0%,0,0%,0,0,0%,0,0%
1697,2025-08-25,Jack Duern,1087,81,7.45%,369,33.95%,713,51,7.15%,244,34.22%,373,30,8.04%,124,33.24%,1,0,0%,1,100.00%,0,0,0%,0,0%
1698,2025-08-25,Conor Hoban,0,0,0%,0,0%,0,0,0%,0,0%,0,0,0%,0,0%,0,0,0%,0,0%,0,0,0%,0,0%
1699,2025-08-25,Cheryl Armstrong,2,0,0%,0,0%,0,0,0%,0,0%,2,0,0%,0,0%,0,0,0%,0,0%,0,0,0%,0,0%
1700,2025-08-25,Mr F Tett,181,15,8.29%,46,25.41%,39,6,15.38%,10,25.64%,33,4,12.12%,10,30.30%,38,2,5.26%,11,28.95%,71,3,4.23%,15,21.13%
1701,2025-08-25,K Johnson,236,5,2.12%,49,20.76%,3,0,0%,0,0%,12,0,0%,2,16.67%,78,1,1.28%,15,19.23%,143,4,2.80%,32,22.38%
1702,2025-08-25,Mr Joseph Palmowski,1,0,0%,0,0%,0,0,0%,0,0%,0,0,0%,0,0%,0,0,0%,0,0%,1,0,0%,0,0%
1703,2025-08-25,M P Burke,686,23,3.35%,173,25.22%,0,0,0%,0,0%,46,0,0%,14,30.43%,62,4,6.45%,15,24.19%,578,19,3.29%,144,24.91%
1704,2025-08-25,Mr T P Fogarty,2,0,0%,1,0%,0,0,0%,0,0%,2,0,0%,1,50.00%,0,0,0%,0,0%,0,0,0%,0,0%
1705,2025-08-25,D Crosse,985,50,5.08%,236,23.96%,2,0,0%,0,0%,71,2,2.82%,14,19.72%,311,23,7.40%,92,29.58%,601,25,4.16%,130,21.63%
1706,2025-08-25,Mr J M Ridley,81,6,7.41%,22,27.16%,0,0,0%,0,0%,5,0,0%,0,0%,54,5,9.26%,20,37.04%,22,1,4.55%,2,9.09%
1707,2025-08-25,G Fairley,4,0,0%,0,0%,4,0,0%,0,0%,0,0,0%,0,0%,0,0,0%,0,0%,0,0,0%,0,0%
1708,2025-08-25,Miss Robyn Gray,25,1,4.00%,6,24.00%,0,0,0%,0,0%,18,1,5.56%,6,33.33%,0,0,0%,0,0%,7,0,0%,0,0%
1709,2025-08-25,Mr L Michael,8,0,0%,0,0%,6,0,0%,0,0%,2,0,0%,0,0%,0,0,0%,0,0%,0,0,0%,0,0%
1710,2025-08-25,Mr M Allan,4,0,0%,2,0%,1,0,0%,1,100.00%,3,0,0%,1,33.33%,0,0,0%,0,0%,0,0,0%,0,0%
1711,2025-08-25,K Moore,1,0,0%,0,0%,0,0,0%,0,0%,0,0,0%,0,0%,0,0,0%,0,0%,1,0,0%,0,0%
1712,2025-08-25,Mr J M Burke,54,1,1.85%,11,20.37%,0,0,0%,0,0%,53,1,1.89%,11,20.75%,0,0,0%,0,0%,1,0,0%,0,0%
1713,2025-08-25,B J Foley,445,22,4.94%,121,27.19%,0,0,0%,0,0%,13,0,0%,4,30.77%,121,5,4.13%,38,31.40%,311,17,5.47%,79,25.40%
1714,2025-08-25,Miss L Farrell,0,0,0%,0,0%,0,0,0%,0,0%,0,0,0%,0,0%,0,0,0%,0,0%,0,0,0%,0,0%
1715,2025-08-25,Victoria Fletcher,0,0,0%,0,0%,0,0,0%,0,0%,0,0,0%,0,0%,0,0,0%,0,0%,0,0,0%,0,0%
1716,2025-08-25,Miss D O'Neill,2,0,0%,0,0%,0,0,0%,0,0%,2,0,0%,0,0%,0,0,0%,0,0%,0,0,0%,0,0%
1717,2025-08-25,Miss C V Annan,21,0,0%,5,0%,1,0,0%,0,0%,15,0,0%,5,33.33%,0,0,0%,0,0%,5,0,0%,0,0%
1718,2025-08-25,Thomas White,0,0,0%,0,0%,0,0,0%,0,0%,0,0,0%,0,0%,0,0,0%,0,0%,0,0,0%,0,0%
1719,2025-08-25,M M Monaghan,872,75,8.60%,291,33.37%,386,36,9.33%,143,37.05%,486,39,8.02%,148,30.45%,0,0,0%,0,0%,0,0,0%,0,0%
1720,2025-08-25,Miss H Grissell,11,1,9.09%,2,18.18%,1,0,0%,0,0%,1,0,0%,0,0%,6,1,16.67%,2,33.33%,3,0,0%,0,0%
1721,2025-08-25,Ian J Brennan,0,0,0%,0,0%,0,0,0%,0,0%,0,0,0%,0,0%,0,0,0%,0,0%,0,0,0%,0,0%
1722,2025-08-25,Miss S Russell,0,0,0%,0,0%,0,0,0%,0,0%,0,0,0%,0,0%,0,0,0%,0,0%,0,0,0%,0,0%
1723,2025-08-25,A Fernandes,3,0,0%,0,0%,1,0,0%,0,0%,2,0,0%,0,0%,0,0,0%,0,0%,0,0,0%,0,0%
1724,2025-08-25,C T Keane,8980,1305,14.53%,3117,34.71%,1964,310,15.78%,704,35.85%,7016,995,14.18%,2413,34.39%,0,0,0%,0,0%,0,0,0%,0,0%
1725,2025-08-25,W Carson,17,2,11.76%,6,35.29%,11,2,18.18%,4,36.36%,6,0,0%,2,33.33%,0,0,0%,0,0%,0,0,0%,0,0%
1726,2025-08-25,D Elsworth,783,87,11.11%,251,32.06%,22,8,36.36%,7,31.82%,78,4,5.13%,28,35.90%,265,33,12.45%,78,29.43%,418,42,10.05%,138,33.01%
1727,2025-08-25,M M Murphy,9,0,0%,0,0%,1,0,0%,0,0%,8,0,0%,0,0%,0,0,0%,0,0%,0,0,0%,0,0%
1728,2025-08-25,G Malone,179,11,6.15%,39,21.79%,0,0,0%,0,0%,23,1,4.35%,6,26.09%,19,1,5.26%,4,21.05%,137,9,6.57%,29,21.17%
1729,2025-08-25,Reserve 2,29,0,0%,5,0%,5,0,0%,0,0%,10,0,0%,1,10.00%,5,0,0%,1,20.00%,9,0,0%,3,33.33%
1731,2025-08-25,Mr D Lavery,2,0,0%,0,0%,0,0,0%,0,0%,2,0,0%,0,0%,0,0,0%,0,0%,0,0,0%,0,0%
1732,2025-08-25,Mr W Potter,32,3,9.38%,5,15.63%,0,0,0%,0,0%,7,0,0%,0,0%,13,3,23.08%,4,30.77%,12,0,0%,1,8.33%
1733,2025-08-25,Mr K Edgar,32,3,9.38%,8,25.00%,1,0,0%,0,0%,3,2,66.67%,0,0%,8,1,12.50%,2,25.00%,20,0,0%,6,30.00%
1734,2025-08-25,Matt O'Connor,17,0,0%,1,0%,0,0,0%,0,0%,1,0,0%,0,0%,5,0,0%,0,0%,11,0,0%,1,9.09%
1735,2025-08-25,R Coakley,3364,271,8.06%,874,25.98%,1353,124,9.16%,363,26.83%,2009,147,7.32%,511,25.44%,2,0,0%,0,0%,0,0,0%,0,0%
1736,2025-08-25,J P Byrne,12,1,8.33%,3,25.00%,0,0,0%,0,0%,1,0,0%,0,0%,0,0,0%,0,0%,11,1,9.09%,3,27.27%
1737,2025-08-25,Mr R Utley,9,0,0%,2,0%,0,0,0%,0,0%,0,0,0%,0,0%,2,0,0%,0,0%,7,0,0%,2,28.57%
1738,2025-08-25,Mr T Park,0,0,0%,0,0%,0,0,0%,0,0%,0,0,0%,0,0%,0,0,0%,0,0%,0,0,0%,0,0%
1739,2025-08-25,Mr Michael Legg,0,0,0%,0,0%,0,0,0%,0,0%,0,0,0%,0,0%,0,0,0%,0,0%,0,0,0%,0,0%
1740,2025-08-25,Miss J Geraghty,2,0,0%,0,0%,0,0,0%,0,0%,1,0,0%,0,0%,1,0,0%,0,0%,0,0,0%,0,0%
1741,2025-08-25,Y Bonnefoy,0,0,0%,0,0%,0,0,0%,0,0%,0,0,0%,0,0%,0,0,0%,0,0%,0,0,0%,0,0%
1742,2025-08-25,Martin Seidl,1,0,0%,0,0%,0,0,0%,0,0%,1,0,0%,0,0%,0,0,0%,0,0%,0,0,0%,0,0%
1743,2025-08-25,Stefano Mura,0,0,0%,0,0%,0,0,0%,0,0%,0,0,0%,0,0%,0,0,0%,0,0%,0,0,0%,0,0%
1744,2025-08-25,Pasquale Salis,0,0,0%,0,0%,0,0,0%,0,0%,0,0,0%,0,0%,0,0,0%,0,0%,0,0,0%,0,0%
1745,2025-08-25,A Hamelin,19,1,5.26%,8,42.11%,1,0,0%,1,100.00%,18,1,5.56%,7,38.89%,0,0,0%,0,0%,0,0,0%,0,0%
1746,2025-08-25,Patrick Gibson,0,0,0%,0,0%,0,0,0%,0,0%,0,0,0%,0,0%,0,0,0%,0,0%,0,0,0%,0,0%
1747,2025-08-25,Mr J Dawson,103,11,10.68%,44,42.72%,2,0,0%,1,50.00%,12,0,0%,5,41.67%,55,5,9.09%,25,45.45%,34,6,17.65%,13,38.24%
1748,2025-08-25,Ms Lisa O'Neill,41,7,17.07%,10,24.39%,1,1,100.00%,0,0%,17,1,5.88%,9,52.94%,12,1,8.33%,1,8.33%,11,4,36.36%,0,0%
1749,2025-08-25,A G Bourke,10,0,0%,1,0%,0,0,0%,0,0%,0,0,0%,0,0%,0,0,0%,0,0%,10,0,0%,1,10.00%
1750,2025-08-25,Mr A Williams,4,0,0%,1,0%,0,0,0%,0,0%,4,0,0%,1,25.00%,0,0,0%,0,0%,0,0,0%,0,0%
1751,2025-08-25,Mr D Hannig,2,1,50.00%,1,50.00%,0,0,0%,0,0%,2,1,50.00%,1,50.00%,0,0,0%,0,0%,0,0,0%,0,0%
1752,2025-08-25,Mr W Blythe,0,0,0%,0,0%,0,0,0%,0,0%,0,0,0%,0,0%,0,0,0%,0,0%,0,0,0%,0,0%
1753,2025-08-25,Christopher Graham,3,0,0%,1,0%,0,0,0%,0,0%,3,0,0%,1,33.33%,0,0,0%,0,0%,0,0,0%,0,0%
1754,2025-08-25,A Nicol,397,42,10.58%,115,28.97%,9,1,11.11%,3,33.33%,28,0,0%,6,21.43%,60,11,18.33%,16,26.67%,300,30,10.00%,90,30.00%
1755,2025-08-25,Mr C Ellingham,5,0,0%,1,0%,2,0,0%,0,0%,3,0,0%,1,33.33%,0,0,0%,0,0%,0,0,0%,0,0%
1756,2025-08-25,Mr C Vitler,1,0,0%,0,0%,1,0,0%,0,0%,0,0,0%,0,0%,0,0,0%,0,0%,0,0,0%,0,0%
1757,2025-08-25,Mr Tim Donworth,7,0,0%,1,0%,0,0,0%,0,0%,1,0,0%,0,0%,4,0,0%,1,25.00%,2,0,0%,0,0%
1758,2025-08-25,Mr M T Byrne,10,2,20.00%,1,10.00%,0,0,0%,0,0%,5,0,0%,0,0%,1,0,0%,0,0%,4,2,50.00%,1,25.00%
1759,2025-08-25,Miss Susannah Wileman,0,0,0%,0,0%,0,0,0%,0,0%,0,0,0%,0,0%,0,0,0%,0,0%,0,0,0%,0,0%
1760,2025-08-25,Mr Matthew Stanley,23,0,0%,11,0%,1,0,0%,0,0%,4,0,0%,0,0%,5,0,0%,3,60.00%,13,0,0%,8,61.54%
1761,2025-08-25,Mr Tom Flint,28,9,32.14%,11,39.29%,0,0,0%,0,0%,1,0,0%,0,0%,0,0,0%,0,0%,27,9,33.33%,11,40.74%
1762,2025-08-25,Joe Colliver,1090,130,11.93%,354,32.48%,21,2,9.52%,10,47.62%,111,15,13.51%,41,36.94%,176,29,16.48%,47,26.70%,782,84,10.74%,256,32.74%
1763,2025-08-25,M A Carr,2,0,0%,0,0%,0,0,0%,0,0%,2,0,0%,0,0%,0,0,0%,0,0%,0,0,0%,0,0%
1764,2025-08-25,Miss H Mooney,81,4,4.94%,23,28.40%,2,0,0%,2,100.00%,60,3,5.00%,16,26.67%,4,0,0%,0,0%,15,1,6.67%,5,33.33%
1765,2025-08-25,Mr D Kiernan,0,0,0%,0,0%,0,0,0%,0,0%,0,0,0%,0,0%,0,0,0%,0,0%,0,0,0%,0,0%
1766,2025-08-25,Mr Colm McCormack,53,4,7.55%,12,22.64%,2,0,0%,0,0%,7,0,0%,0,0%,26,2,7.69%,7,26.92%,18,2,11.11%,5,27.78%
1767,2025-08-25,Luke Rowe,93,13,13.98%,17,18.28%,49,8,16.33%,7,14.29%,44,5,11.36%,10,22.73%,0,0,0%,0,0%,0,0,0%,0,0%
1769,2025-08-25,Finian O'Toole,623,53,8.51%,197,31.62%,6,0,0%,1,16.67%,32,1,3.13%,7,21.88%,239,20,8.37%,80,33.47%,346,32,9.25%,109,31.50%
1770,2025-08-25,George Chaloner,1379,130,9.43%,485,35.17%,323,31,9.60%,114,35.29%,1055,99,9.38%,370,35.07%,1,0,0%,1,100.00%,0,0,0%,0,0%
1771,2025-08-25,B T Treanor,39,5,12.82%,7,17.95%,5,1,20.00%,1,20.00%,22,2,9.09%,4,18.18%,0,0,0%,0,0%,12,2,16.67%,2,16.67%
1772,2025-08-25,Mr Ryan Clark,15,0,0%,4,0%,0,0,0%,0,0%,2,0,0%,0,0%,2,0,0%,1,50.00%,11,0,0%,3,27.27%
1773,2025-08-25,Mr Kieran Watson,1,0,0%,0,0%,0,0,0%,0,0%,0,0,0%,0,0%,0,0,0%,0,0%,1,0,0%,0,0%
1774,2025-08-25,Mrs A Dunn,0,0,0%,0,0%,0,0,0%,0,0%,0,0,0%,0,0%,0,0,0%,0,0%,0,0,0%,0,0%
1775,2025-08-25,Miss E Sayer,17,3,17.65%,8,47.06%,0,0,0%,0,0%,2,0,0%,0,0%,4,1,25.00%,2,50.00%,11,2,18.18%,6,54.55%
1776,2025-08-25,Mr N C Kelleher,1,0,0%,0,0%,0,0,0%,0,0%,1,0,0%,0,0%,0,0,0%,0,0%,0,0,0%,0,0%
1777,2025-08-25,Laura Barry,183,17,9.29%,46,25.14%,46,3,6.52%,10,21.74%,137,14,10.22%,36,26.28%,0,0,0%,0,0%,0,0,0%,0,0%
1778,2025-08-25,Mr P J Cawley,125,2,1.60%,20,16.00%,0,0,0%,0,0%,68,1,1.47%,10,14.71%,29,1,3.45%,4,13.79%,28,0,0%,6,21.43%
1779,2025-08-25,Thomas Hemsley,30,1,3.33%,8,26.67%,16,1,6.25%,5,31.25%,14,0,0%,3,21.43%,0,0,0%,0,0%,0,0,0%,0,0%
1780,2025-08-25,P M Donnelly,8,0,0%,0,0%,2,0,0%,0,0%,6,0,0%,0,0%,0,0,0%,0,0%,0,0,0%,0,0%
1781,2025-08-25,Seve Brumpton,7,0,0%,2,0%,0,0,0%,0,0%,0,0,0%,0,0%,0,0,0%,0,0%,7,0,0%,2,28.57%
1782,2025-08-25,Mr M J J Smith,7,0,0%,2,0%,3,0,0%,0,0%,4,0,0%,2,50.00%,0,0,0%,0,0%,0,0,0%,0,0%
1783,2025-08-25,Mr T Howell,1,0,0%,0,0%,1,0,0%,0,0%,0,0,0%,0,0%,0,0,0%,0,0%,0,0,0%,0,0%
1784,2025-08-25,Miss S L Brett,0,0,0%,0,0%,0,0,0%,0,0%,0,0,0%,0,0%,0,0,0%,0,0%,0,0,0%,0,0%
1785,2025-08-25,M Hussey,0,0,0%,0,0%,0,0,0%,0,0%,0,0,0%,0,0%,0,0,0%,0,0%,0,0,0%,0,0%
1786,2025-08-25,Mr Danny Burton,25,2,8.00%,12,48.00%,1,0,0%,0,0%,3,0,0%,1,33.33%,15,2,13.33%,8,53.33%,6,0,0%,3,50.00%
1787,2025-08-25,Mr M J Roche,16,0,0%,3,0%,0,0,0%,0,0%,6,0,0%,0,0%,5,0,0%,0,0%,5,0,0%,3,60.00%
1788,2025-08-25,Emma Sayer,289,20,6.92%,98,33.91%,37,2,5.41%,8,21.62%,181,13,7.18%,67,37.02%,0,0,0%,0,0%,71,5,7.04%,23,32.39%
1789,2025-08-25,Mr T Bellamy,13,2,15.38%,3,23.08%,1,0,0%,0,0%,1,0,0%,0,0%,3,2,66.67%,0,0%,8,0,0%,3,37.50%
1790,2025-08-25,Miss Charlotte Evans,23,3,13.04%,8,34.78%,0,0,0%,0,0%,1,0,0%,0,0%,16,3,18.75%,6,37.50%,6,0,0%,2,33.33%
1791,2025-08-25,Darren O'Keeffe,27,2,7.41%,4,14.81%,2,0,0%,0,0%,3,0,0%,0,0%,2,0,0%,0,0%,20,2,10.00%,4,20.00%
1792,2025-08-25,Mr J Mullaney,0,0,0%,0,0%,0,0,0%,0,0%,0,0,0%,0,0%,0,0,0%,0,0%,0,0,0%,0,0%
1793,2025-08-25,A J Fox,99,4,4.04%,25,25.25%,0,0,0%,0,0%,11,1,9.09%,5,45.45%,23,2,8.70%,7,30.43%,65,1,1.54%,13,20.00%
1794,2025-08-25,C Gilles,1,0,0%,0,0%,0,0,0%,0,0%,0,0,0%,0,0%,1,0,0%,0,0%,0,0,0%,0,0%
1795,2025-08-25,Mr Liam Ward,0,0,0%,0,0%,0,0,0%,0,0%,0,0,0%,0,0%,0,0,0%,0,0%,0,0,0%,0,0%
1796,2025-08-25,Miss C Powell,0,0,0%,0,0%,0,0,0%,0,0%,0,0,0%,0,0%,0,0,0%,0,0%,0,0,0%,0,0%
1797,2025-08-25,Shelley Birkett,1244,95,7.64%,450,36.17%,607,48,7.91%,216,35.58%,636,47,7.39%,233,36.64%,1,0,0%,1,100.00%,0,0,0%,0,0%
1798,2025-08-25,Miss S Peacock,25,0,0%,4,0%,17,0,0%,3,17.65%,8,0,0%,1,12.50%,0,0,0%,0,0%,0,0,0%,0,0%
1799,2025-08-25,Hannah Nunn,68,7,10.29%,10,14.71%,28,0,0%,5,17.86%,40,7,17.50%,5,12.50%,0,0,0%,0,0%,0,0,0%,0,0%
1801,2025-08-25,R FitzPatrick,898,47,5.23%,185,20.60%,599,37,6.18%,116,19.37%,295,10,3.39%,68,23.05%,3,0,0%,1,33.33%,1,0,0%,0,0%
1802,2025-08-25,S A Gray,4507,389,8.63%,1299,28.82%,1465,143,9.76%,445,30.38%,3041,246,8.09%,853,28.05%,1,0,0%,1,100.00%,0,0,0%,0,0%
1803,2025-08-25,Matt Cosham,97,7,7.22%,26,26.80%,56,2,3.57%,14,25.00%,41,5,12.20%,12,29.27%,0,0,0%,0,0%,0,0,0%,0,0%
1805,2025-08-25,Mr S O O'Brien,0,0,0%,0,0%,0,0,0%,0,0%,0,0,0%,0,0%,0,0,0%,0,0%,0,0,0%,0,0%
1806,2025-08-25,A J Clifford,1,0,0%,0,0%,0,0,0%,0,0%,0,0,0%,0,0%,0,0,0%,0,0%,1,0,0%,0,0%
1807,2025-08-25,Mr R Lindsay,35,3,8.57%,10,28.57%,1,0,0%,1,100.00%,6,0,0%,4,66.67%,14,0,0%,3,21.43%,14,3,21.43%,2,14.29%
1808,2025-08-25,Mr N Halley,13,1,7.69%,2,15.38%,1,0,0%,0,0%,3,0,0%,0,0%,0,0,0%,0,0%,9,1,11.11%,2,22.22%
1809,2025-08-25,R Schmidlin,0,0,0%,0,0%,0,0,0%,0,0%,0,0,0%,0,0%,0,0,0%,0,0%,0,0,0%,0,0%
1810,2025-08-25,Mr C Greene,23,1,4.35%,3,13.04%,0,0,0%,0,0%,6,1,16.67%,2,33.33%,5,0,0%,0,0%,12,0,0%,1,8.33%
1811,2025-08-25,William Twiston-Davies,2256,196,8.69%,893,39.58%,899,80,8.90%,359,39.93%,1237,108,8.73%,493,39.85%,55,4,7.27%,20,36.36%,65,4,6.15%,21,32.31%
1812,2025-08-25,Mr R Hatch,42,4,9.52%,16,38.10%,0,0,0%,0,0%,4,0,0%,1,25.00%,25,2,8.00%,11,44.00%,13,2,15.38%,4,30.77%
1813,2025-08-25,S Heffernan,1,0,0%,0,0%,0,0,0%,0,0%,1,0,0%,0,0%,0,0,0%,0,0%,0,0,0%,0,0%
1814,2025-08-25,Mr D J Brogan,9,0,0%,1,0%,0,0,0%,0,0%,8,0,0%,1,12.50%,1,0,0%,0,0%,0,0,0%,0,0%
1815,2025-08-25,J Ricou,11,0,0%,8,0%,0,0,0%,0,0%,0,0,0%,0,0%,5,0,0%,3,60.00%,6,0,0%,5,83.33%
1816,2025-08-25,Colin Keane,3,0,0%,0,0%,3,0,0%,0,0%,0,0,0%,0,0%,0,0,0%,0,0%,0,0,0%,0,0%
1817,2025-08-25,Tony Kelly,1055,87,8.25%,398,37.73%,10,0,0%,2,20.00%,70,2,2.86%,23,32.86%,435,50,11.49%,182,41.84%,540,35,6.48%,191,35.37%
1819,2025-08-25,Mr F M McCarthy,5,0,0%,2,0%,0,0,0%,0,0%,5,0,0%,2,40.00%,0,0,0%,0,0%,0,0,0%,0,0%
1820,2025-08-25,Mr D A Fitzsimmons,24,2,8.33%,2,8.33%,0,0,0%,0,0%,10,1,10.00%,1,10.00%,8,1,12.50%,1,12.50%,6,0,0%,0,0%
1821,2025-08-25,Mr A H Wells,26,1,3.85%,1,3.85%,0,0,0%,0,0%,17,1,5.88%,0,0%,2,0,0%,0,0%,7,0,0%,1,14.29%
1822,2025-08-25,Miss K Ferris,31,0,0%,2,0%,0,0,0%,0,0%,17,0,0%,1,5.88%,3,0,0%,0,0%,11,0,0%,1,9.09%
1823,2025-08-25,Mr J G Ivors,4,0,0%,0,0%,0,0,0%,0,0%,2,0,0%,0,0%,2,0,0%,0,0%,0,0,0%,0,0%
1824,2025-08-25,Mr T J Considine,0,0,0%,0,0%,0,0,0%,0,0%,0,0,0%,0,0%,0,0,0%,0,0%,0,0,0%,0,0%
1825,2025-08-25,D A McCormack,357,10,2.80%,67,18.77%,121,4,3.31%,27,22.31%,214,6,2.80%,38,17.76%,5,0,0%,2,40.00%,17,0,0%,0,0%
1826,2025-08-25,Mikey Ennis,273,10,3.66%,105,38.46%,30,1,3.33%,12,40.00%,115,3,2.61%,51,44.35%,45,1,2.22%,16,35.56%,83,5,6.02%,26,31.33%
1827,2025-08-25,Thomas Bellamy,3194,354,11.08%,1038,32.50%,9,2,22.22%,2,22.22%,280,19,6.79%,101,36.07%,1010,132,13.07%,313,30.99%,1895,201,10.61%,622,32.82%
1828,2025-08-25,Mr F Mitchell,93,5,5.38%,29,31.18%,23,1,4.35%,6,26.09%,39,3,7.69%,16,41.03%,10,1,10.00%,2,20.00%,21,0,0%,5,23.81%
1829,2025-08-25,Miss E Hughes,1,0,0%,0,0%,1,0,0%,0,0%,0,0,0%,0,0%,0,0,0%,0,0%,0,0,0%,0,0%
1830,2025-08-25,Miss Amy Appleton,4,0,0%,0,0%,1,0,0%,0,0%,0,0,0%,0,0%,0,0,0%,0,0%,3,0,0%,0,0%
1831,2025-08-25,David Coyle,11,1,9.09%,6,54.55%,4,0,0%,1,25.00%,7,1,14.29%,5,71.43%,0,0,0%,0,0%,0,0,0%,0,0%
1832,2025-08-25,Zachery-James Gaughan,8,0,0%,0,0%,0,0,0%,0,0%,3,0,0%,0,0%,0,0,0%,0,0%,5,0,0%,0,0%
1838,2025-08-25,Mr W Russell,17,0,0%,5,0%,3,0,0%,0,0%,0,0,0%,0,0%,8,0,0%,4,50.00%,6,0,0%,1,16.67%
1843,2025-08-25,L Kasl,1,0,0%,0,0%,0,0,0%,0,0%,1,0,0%,0,0%,0,0,0%,0,0%,0,0,0%,0,0%
1846,2025-08-25,L Bouldoires,1,0,0%,0,0%,0,0,0%,0,0%,0,0,0%,0,0%,1,0,0%,0,0%,0,0,0%,0,0%
1848,2025-08-25,Aaron Chave,18,0,0%,4,0%,13,0,0%,2,15.38%,5,0,0%,2,40.00%,0,0,0%,0,0%,0,0,0%,0,0%
1887,2025-08-25,Richard Johnson,3,1,33.33%,1,33.33%,0,0,0%,0,0%,0,0,0%,0,0%,1,0,0%,0,0%,2,1,50.00%,1,50.00%
1890,2025-08-25,H Poulton,124,9,7.26%,24,19.35%,64,3,4.69%,15,23.44%,60,6,10.00%,9,15.00%,0,0,0%,0,0%,0,0,0%,0,0%
1892,2025-08-25,Mr J Belbin,2,0,0%,0,0%,0,0,0%,0,0%,1,0,0%,0,0%,0,0,0%,0,0%,1,0,0%,0,0%
1894,2025-08-25,Mr P A O'Sullivan,40,0,0%,9,0%,0,0,0%,0,0%,23,0,0%,6,26.09%,2,0,0%,0,0%,15,0,0%,3,20.00%
1895,2025-08-25,Mr W Thompson,34,4,11.76%,13,38.24%,0,0,0%,0,0%,13,2,15.38%,3,23.08%,19,2,10.53%,9,47.37%,2,0,0%,1,50.00%
1896,2025-08-25,Kielan Woods,3539,415,11.73%,1311,37.04%,22,3,13.64%,7,31.82%,381,43,11.29%,136,35.70%,945,132,13.97%,338,35.77%,2191,237,10.82%,830,37.88%
1898,2025-08-25,Bryan J Cooper,26,1,3.85%,2,7.69%,0,0,0%,0,0%,3,0,0%,0,0%,9,0,0%,1,11.11%,14,1,7.14%,1,7.14%
1902,2025-08-25,James Robinson,4,0,0%,0,0%,0,0,0%,0,0%,1,0,0%,0,0%,0,0,0%,0,0%,3,0,0%,0,0%
1909,2025-08-25,Mr J E Reis,2,0,0%,1,0%,0,0,0%,0,0%,2,0,0%,1,50.00%,0,0,0%,0,0%,0,0,0%,0,0%
1910,2025-08-25,Killian Moore,753,72,9.56%,227,30.15%,4,1,25.00%,0,0%,49,2,4.08%,15,30.61%,215,23,10.70%,77,35.81%,485,46,9.48%,135,27.84%
1911,2025-08-25,Mr W Twiston-Davies,17,3,17.65%,9,52.94%,3,0,0%,2,66.67%,3,0,0%,1,33.33%,6,3,50.00%,3,50.00%,5,0,0%,3,60.00%
1912,2025-08-25,Mr R McDowall,3,0,0%,0,0%,0,0,0%,0,0%,1,0,0%,0,0%,1,0,0%,0,0%,1,0,0%,0,0%
1915,2025-08-25,David Warren,12,0,0%,1,0%,5,0,0%,0,0%,7,0,0%,1,14.29%,0,0,0%,0,0%,0,0,0%,0,0%
1916,2025-08-25,Mr T J Nolan,3,0,0%,0,0%,0,0,0%,0,0%,3,0,0%,0,0%,0,0,0%,0,0%,0,0,0%,0,0%
1917,2025-08-25,Miss L Masterton,13,0,0%,3,0%,3,0,0%,1,33.33%,10,0,0%,2,20.00%,0,0,0%,0,0%,0,0,0%,0,0%
1919,2025-08-25,S Bushby,3,0,0%,0,0%,2,0,0%,0,0%,1,0,0%,0,0%,0,0,0%,0,0%,0,0,0%,0,0%
1920,2025-08-25,Mr J R Creswell,1,0,0%,0,0%,0,0,0%,0,0%,1,0,0%,0,0%,0,0,0%,0,0%,0,0,0%,0,0%
1921,2025-08-25,Mr R Wilson,53,0,0%,12,0%,0,0,0%,0,0%,3,0,0%,0,0%,27,0,0%,7,25.93%,23,0,0%,5,21.74%
1922,2025-08-25,Jason Hart,8521,987,11.58%,2697,31.65%,2997,349,11.64%,950,31.70%,5516,635,11.51%,1746,31.65%,7,3,42.86%,1,14.29%,1,0,0%,0,0%
1927,2025-08-25,Corey Jones,2,0,0%,0,0%,1,0,0%,0,0%,1,0,0%,0,0%,0,0,0%,0,0%,0,0,0%,0,0%
1928,2025-08-25,D G Lavery,116,12,10.34%,32,27.59%,0,0,0%,0,0%,11,2,18.18%,1,9.09%,24,4,16.67%,4,16.67%,81,6,7.41%,27,33.33%
1933,2025-08-25,Mr M Peaty,5,0,0%,0,0%,0,0,0%,0,0%,0,0,0%,0,0%,5,0,0%,0,0%,0,0,0%,0,0%
1934,2025-08-25,Miss V Shaw,4,0,0%,0,0%,0,0,0%,0,0%,0,0,0%,0,0%,4,0,0%,0,0%,0,0,0%,0,0%
1935,2025-08-25,Mr J Huxham,1,0,0%,0,0%,0,0,0%,0,0%,0,0,0%,0,0%,1,0,0%,0,0%,0,0,0%,0,0%
1936,2025-08-25,Mr R M Green,3,0,0%,1,0%,0,0,0%,0,0%,0,0,0%,0,0%,1,0,0%,0,0%,2,0,0%,1,50.00%
1937,2025-08-25,Mr K M Roche,1,0,0%,0,0%,0,0,0%,0,0%,0,0,0%,0,0%,1,0,0%,0,0%,0,0,0%,0,0%
1938,2025-08-25,Mr B J Powell,13,1,7.69%,1,7.69%,4,1,25.00%,1,25.00%,5,0,0%,0,0%,2,0,0%,0,0%,2,0,0%,0,0%
1939,2025-08-25,Miss L McGuire,1,0,0%,0,0%,1,0,0%,0,0%,0,0,0%,0,0%,0,0,0%,0,0%,0,0,0%,0,0%
1940,2025-08-25,Mr Aaron James,30,4,13.33%,6,20.00%,12,1,8.33%,3,25.00%,18,3,16.67%,3,16.67%,0,0,0%,0,0%,0,0,0%,0,0%
1941,2025-08-25,Mr Jordan Taylor,1,0,0%,0,0%,1,0,0%,0,0%,0,0,0%,0,0%,0,0,0%,0,0%,0,0,0%,0,0%
1942,2025-08-25,Miss E Clutterbuck,2,0,0%,0,0%,1,0,0%,0,0%,0,0,0%,0,0%,0,0,0%,0,0%,1,0,0%,0,0%
1943,2025-08-25,Miss Carly Frater,9,1,11.11%,1,11.11%,0,0,0%,0,0%,7,1,14.29%,1,14.29%,0,0,0%,0,0%,2,0,0%,0,0%
1944,2025-08-25,Mr N Phillips,10,1,10.00%,3,30.00%,0,0,0%,0,0%,0,0,0%,0,0%,9,1,11.11%,3,33.33%,1,0,0%,0,0%
1945,2025-08-25,Mr S Keating,4,1,25.00%,1,25.00%,0,0,0%,0,0%,0,0,0%,0,0%,4,1,25.00%,1,25.00%,0,0,0%,0,0%
1946,2025-08-25,Mr George Henderson,11,1,9.09%,5,45.45%,0,0,0%,0,0%,2,0,0%,0,0%,9,1,11.11%,5,55.56%,0,0,0%,0,0%
1947,2025-08-25,Stefaan Francois,1,0,0%,0,0%,1,0,0%,0,0%,0,0,0%,0,0%,0,0,0%,0,0%,0,0,0%,0,0%
1948,2025-08-25,Kieron Edgar,727,71,9.77%,244,33.56%,2,0,0%,0,0%,49,3,6.12%,24,48.98%,124,13,10.48%,42,33.87%,552,55,9.96%,178,32.25%
1949,2025-08-25,J McGrath,1327,160,12.06%,507,38.21%,18,1,5.56%,10,55.56%,142,21,14.79%,56,39.44%,337,47,13.95%,137,40.65%,830,91,10.96%,304,36.63%
1950,2025-08-25,T N Bennett,3,0,0%,0,0%,0,0,0%,0,0%,0,0,0%,0,0%,0,0,0%,0,0%,3,0,0%,0,0%
1951,2025-08-25,Mr D P Howard,17,0,0%,1,0%,0,0,0%,0,0%,13,0,0%,1,7.69%,0,0,0%,0,0%,4,0,0%,0,0%
1952,2025-08-25,Ryan Tate,1994,197,9.88%,739,37.06%,960,86,8.96%,357,37.19%,1032,110,10.66%,382,37.02%,2,1,50.00%,0,0%,0,0,0%,0,0%
1953,2025-08-25,S Francois,3,0,0%,1,0%,1,0,0%,0,0%,2,0,0%,1,50.00%,0,0,0%,0,0%,0,0,0%,0,0%
1954,2025-08-25,Daniel Cremin,354,23,6.50%,128,36.16%,120,6,5.00%,30,25.00%,234,17,7.26%,98,41.88%,0,0,0%,0,0%,0,0,0%,0,0%
1955,2025-08-25,P E Corbett,994,38,3.82%,251,25.25%,0,0,0%,0,0%,5,0,0%,1,20.00%,191,8,4.19%,63,32.98%,798,30,3.76%,187,23.43%
1956,2025-08-25,Gemma Elford,4,0,0%,0,0%,4,0,0%,0,0%,0,0,0%,0,0%,0,0,0%,0,0%,0,0,0%,0,0%
1957,2025-08-25,Mr G Greenock,10,1,10.00%,6,60.00%,0,0,0%,0,0%,0,0,0%,0,0%,10,1,10.00%,6,60.00%,0,0,0%,0,0%
1958,2025-08-25,Mr M A Rogan,6,0,0%,0,0%,0,0,0%,0,0%,3,0,0%,0,0%,1,0,0%,0,0%,2,0,0%,0,0%
1959,2025-08-25,Mr M Legg,325,38,11.69%,128,39.38%,3,0,0%,3,100.00%,60,11,18.33%,19,31.67%,117,14,11.97%,48,41.03%,145,13,8.97%,58,40.00%
1960,2025-08-25,Samantha Drake,254,24,9.45%,61,24.02%,2,0,0%,0,0%,8,0,0%,0,0%,120,17,14.17%,38,31.67%,124,7,5.65%,23,18.55%
1961,2025-08-25,Edward Pierce,2,0,0%,0,0%,2,0,0%,0,0%,0,0,0%,0,0%,0,0,0%,0,0%,0,0,0%,0,0%
1962,2025-08-25,Capt Lucy Horner,4,0,0%,1,0%,0,0,0%,0,0%,0,0,0%,0,0%,3,0,0%,1,33.33%,1,0,0%,0,0%
1963,2025-08-25,Lt Col O Ellwood,4,1,25.00%,0,0.00%,0,0,0%,0,0%,0,0,0%,0,0%,3,0,0%,0,0%,1,1,100.00%,0,0%
1964,2025-08-25,Mr Richard Spencer,10,1,10.00%,4,40.00%,0,0,0%,0,0%,1,0,0%,1,100.00%,9,1,11.11%,3,33.33%,0,0,0%,0,0%
1965,2025-08-25,Mr J S Horton,3,0,0%,1,0%,0,0,0%,0,0%,0,0,0%,0,0%,3,0,0%,1,33.33%,0,0,0%,0,0%
1966,2025-08-25,Mr M Slevin,10,1,10.00%,3,30.00%,0,0,0%,0,0%,1,0,0%,0,0%,3,0,0%,0,0%,6,1,16.67%,3,50.00%
1967,2025-08-25,Mr B Bentley,2,0,0%,0,0%,0,0,0%,0,0%,0,0,0%,0,0%,2,0,0%,0,0%,0,0,0%,0,0%
1968,2025-08-25,Mr B Crowley,25,1,4.00%,9,36.00%,0,0,0%,0,0%,7,0,0%,1,14.29%,7,0,0%,4,57.14%,11,1,9.09%,4,36.36%
1969,2025-08-25,Mr J M Thomas,2,0,0%,0,0%,1,0,0%,0,0%,0,0,0%,0,0%,1,0,0%,0,0%,0,0,0%,0,0%
1970,2025-08-25,Mr C Carroll,16,1,6.25%,4,25.00%,5,0,0%,1,20.00%,11,1,9.09%,3,27.27%,0,0,0%,0,0%,0,0,0%,0,0%
1971,2025-08-25,James Cowley,306,28,9.15%,118,38.56%,2,0,0%,1,50.00%,17,2,11.76%,5,29.41%,55,3,5.45%,21,38.18%,232,23,9.91%,91,39.22%
1972,2025-08-25,Mr D Drake,1,0,0%,0,0%,0,0,0%,0,0%,0,0,0%,0,0%,1,0,0%,0,0%,0,0,0%,0,0%
1973,2025-08-25,Mr A Ralph,3,0,0%,2,0%,0,0,0%,0,0%,0,0,0%,0,0%,3,0,0%,2,66.67%,0,0,0%,0,0%
1974,2025-08-25,Mr H Derham,7,2,28.57%,2,28.57%,0,0,0%,0,0%,0,0,0%,0,0%,5,1,20.00%,2,40.00%,2,1,50.00%,0,0%
1975,2025-08-25,Mr B Moorcroft,47,3,6.38%,9,19.15%,0,0,0%,0,0%,9,0,0%,2,22.22%,21,1,4.76%,5,23.81%,17,2,11.76%,2,11.76%
1976,2025-08-25,Mr R McCarthy,4,0,0%,2,0%,0,0,0%,0,0%,0,0,0%,0,0%,4,0,0%,2,50.00%,0,0,0%,0,0%
1977,2025-08-25,Mr R Johnson,1,0,0%,0,0%,0,0,0%,0,0%,0,0,0%,0,0%,0,0,0%,0,0%,1,0,0%,0,0%
1978,2025-08-25,Mr J Hamilton,129,12,9.30%,50,38.76%,5,1,20.00%,2,40.00%,36,3,8.33%,12,33.33%,56,8,14.29%,29,51.79%,32,0,0%,7,21.88%
1979,2025-08-25,G O'Sullivan,32,0,0%,11,0%,0,0,0%,0,0%,5,0,0%,1,20.00%,7,0,0%,3,42.86%,20,0,0%,7,35.00%
1980,2025-08-25,George Bartlett,24,0,0%,11,0%,0,0,0%,0,0%,3,0,0%,1,33.33%,4,0,0%,2,50.00%,17,0,0%,8,47.06%
1981,2025-08-25,R J O'Hare,12,0,0%,1,0%,0,0,0%,0,0%,0,0,0%,0,0%,0,0,0%,0,0%,12,0,0%,1,8.33%
1982,2025-08-25,L Threadwell,1,0,0%,0,0%,0,0,0%,0,0%,1,0,0%,0,0%,0,0,0%,0,0%,0,0,0%,0,0%
1983,2025-08-25,Mr L Oswin,11,1,9.09%,3,27.27%,0,0,0%,0,0%,1,0,0%,0,0%,1,0,0%,0,0%,9,1,11.11%,3,33.33%
1984,2025-08-25,Miss N Sayer,13,0,0%,1,0%,1,0,0%,0,0%,6,0,0%,0,0%,0,0,0%,0,0%,6,0,0%,1,16.67%
1985,2025-08-25,Miss S M Doolan,76,7,9.21%,20,26.32%,5,1,20.00%,3,60.00%,38,5,13.16%,13,34.21%,11,0,0%,1,9.09%,22,1,4.55%,3,13.64%
1986,2025-08-25,Accursio Romeo,11,0,0%,3,0%,6,0,0%,1,16.67%,5,0,0%,2,40.00%,0,0,0%,0,0%,0,0,0%,0,0%
1987,2025-08-25,Mr C S McGuinness,8,0,0%,0,0%,0,0,0%,0,0%,5,0,0%,0,0%,3,0,0%,0,0%,0,0,0%,0,0%
1988,2025-08-25,Jacob Moore,13,1,7.69%,2,15.38%,7,1,14.29%,0,0%,6,0,0%,2,33.33%,0,0,0%,0,0%,0,0,0%,0,0%
1989,2025-08-25,Mr Matthew Hampton,105,7,6.67%,29,27.62%,0,0,0%,0,0%,8,0,0%,1,12.50%,62,6,9.68%,16,25.81%,35,1,2.86%,12,34.29%
1990,2025-08-25,Mr G Humfrey,1,0,0%,0,0%,0,0,0%,0,0%,0,0,0%,0,0%,1,0,0%,0,0%,0,0,0%,0,0%
1991,2025-08-25,Mr P John,59,2,3.39%,14,23.73%,1,0,0%,0,0%,10,0,0%,3,30.00%,23,1,4.35%,7,30.43%,25,1,4.00%,4,16.00%
1993,2025-08-25,Mr A Bradstock,2,0,0%,0,0%,0,0,0%,0,0%,0,0,0%,0,0%,1,0,0%,0,0%,1,0,0%,0,0%
1994,2025-08-25,Miss H Geraghty,3,0,0%,0,0%,0,0,0%,0,0%,3,0,0%,0,0%,0,0,0%,0,0%,0,0,0%,0,0%
1995,2025-08-25,C J Quish,14,0,0%,2,0%,0,0,0%,0,0%,2,0,0%,1,50.00%,1,0,0%,0,0%,11,0,0%,1,9.09%
1996,2025-08-25,Shane Jackson,3,0,0%,1,0%,0,0,0%,0,0%,0,0,0%,0,0%,2,0,0%,0,0%,1,0,0%,1,100.00%
1997,2025-08-25,Miss K L Ayre,1,0,0%,0,0%,0,0,0%,0,0%,1,0,0%,0,0%,0,0,0%,0,0%,0,0,0%,0,0%
1998,2025-08-25,Mr O Wadlow,8,0,0%,0,0%,0,0,0%,0,0%,0,0,0%,0,0%,8,0,0%,0,0%,0,0,0%,0,0%
1999,2025-08-25,Robert McCarth,163,8,4.91%,25,15.34%,1,0,0%,0,0%,12,0,0%,1,8.33%,33,2,6.06%,5,15.15%,117,6,5.13%,19,16.24%
2000,2025-08-25,Mr D G Lavery,739,64,8.66%,241,32.61%,9,1,11.11%,2,22.22%,565,50,8.85%,190,33.63%,87,7,8.05%,25,28.74%,78,6,7.69%,24,30.77%
2001,2025-08-25,Mr K O'Hare,7,0,0%,0,0%,0,0,0%,0,0%,5,0,0%,0,0%,1,0,0%,0,0%,1,0,0%,0,0%
2002,2025-08-25,Mr I Chanin,10,2,20.00%,0,0.00%,0,0,0%,0,0%,1,0,0%,0,0%,8,2,25.00%,0,0%,1,0,0%,0,0%
2003,2025-08-25,Mr Robbie McNamara,1,0,0%,0,0%,0,0,0%,0,0%,0,0,0%,0,0%,0,0,0%,0,0%,1,0,0%,0,0%
2004,2025-08-25,Martin Ferris,1,0,0%,0,0%,0,0,0%,0,0%,0,0,0%,0,0%,1,0,0%,0,0%,0,0,0%,0,0%
2005,2025-08-25,Mr Paul J McMahon,1,0,0%,0,0%,0,0,0%,0,0%,1,0,0%,0,0%,0,0,0%,0,0%,0,0,0%,0,0%
2006,2025-08-25,Lorna Fowler,1,1,100.00%,0,0.00%,0,0,0%,0,0%,1,1,100.00%,0,0%,0,0,0%,0,0%,0,0,0%,0,0%
2007,2025-08-25,Rodger Sargent,1,0,0%,1,0%,0,0,0%,0,0%,1,0,0%,1,100.00%,0,0,0%,0,0%,0,0,0%,0,0%
2008,2025-08-25,Frostie Kelly,1,0,0%,1,0%,0,0,0%,0,0%,1,0,0%,1,100.00%,0,0,0%,0,0%,0,0,0%,0,0%
2009,2025-08-25,Alice Plunkett,1,0,0%,0,0%,0,0,0%,0,0%,1,0,0%,0,0%,0,0,0%,0,0%,0,0,0%,0,0%
2010,2025-08-25,Guy O'Callaghan,1,0,0%,0,0%,0,0,0%,0,0%,1,0,0%,0,0%,0,0,0%,0,0%,0,0,0%,0,0%
2011,2025-08-25,Peter O'Reilly,4,0,0%,1,0%,0,0,0%,0,0%,4,0,0%,1,25.00%,0,0,0%,0,0%,0,0,0%,0,0%
2012,2025-08-25,Niamh Flynn,1,0,0%,0,0%,0,0,0%,0,0%,1,0,0%,0,0%,0,0,0%,0,0%,0,0,0%,0,0%
2013,2025-08-25,Liz Ampairee,1,0,0%,0,0%,0,0,0%,0,0%,1,0,0%,0,0%,0,0,0%,0,0%,0,0,0%,0,0%
2014,2025-08-25,Jamie Insole,1,0,0%,0,0%,0,0,0%,0,0%,1,0,0%,0,0%,0,0,0%,0,0%,0,0,0%,0,0%
2015,2025-08-25,Killian McCarthy,11,1,9.09%,3,27.27%,0,0,0%,0,0%,11,1,9.09%,3,27.27%,0,0,0%,0,0%,0,0,0%,0,0%
2016,2025-08-25,Chloe Bowkett,1,0,0%,0,0%,0,0,0%,0,0%,1,0,0%,0,0%,0,0,0%,0,0%,0,0,0%,0,0%
2017,2025-08-25,Rachel Wyse,1,0,0%,0,0%,0,0,0%,0,0%,1,0,0%,0,0%,0,0,0%,0,0%,0,0,0%,0,0%
2018,2025-08-25,Mr M T Foley,4,0,0%,1,0%,0,0,0%,0,0%,2,0,0%,1,50.00%,2,0,0%,0,0%,0,0,0%,0,0%
2019,2025-08-25,Miss C Ewart,2,0,0%,0,0%,0,0,0%,0,0%,1,0,0%,0,0%,1,0,0%,0,0%,0,0,0%,0,0%
2020,2025-08-25,Mr James Cowley,19,2,10.53%,7,36.84%,0,0,0%,0,0%,0,0,0%,0,0%,11,1,9.09%,4,36.36%,8,1,12.50%,3,37.50%
2021,2025-08-25,Miss C Haydon,8,2,25.00%,3,37.50%,0,0,0%,0,0%,0,0,0%,0,0%,8,2,25.00%,3,37.50%,0,0,0%,0,0%
2022,2025-08-25,Miss C Hobson,5,0,0%,0,0%,0,0,0%,0,0%,0,0,0%,0,0%,5,0,0%,0,0%,0,0,0%,0,0%
2023,2025-08-25,Miss J McGuire,1,0,0%,0,0%,0,0,0%,0,0%,0,0,0%,0,0%,1,0,0%,0,0%,0,0,0%,0,0%
2024,2025-08-25,Mr M Green,1,0,0%,0,0%,0,0,0%,0,0%,0,0,0%,0,0%,1,0,0%,0,0%,0,0,0%,0,0%
2025,2025-08-25,Mr J Legg,6,0,0%,1,0%,0,0,0%,0,0%,0,0,0%,0,0%,3,0,0%,0,0%,3,0,0%,1,33.33%
2026,2025-08-25,D R McCabe,48,1,2.08%,7,14.58%,7,0,0%,1,14.29%,41,1,2.44%,6,14.63%,0,0,0%,0,0%,0,0,0%,0,0%
2027,2025-08-25,Nathan Adams,78,4,5.13%,26,33.33%,6,0,0%,1,16.67%,0,0,0%,0,0%,8,1,12.50%,3,37.50%,64,3,4.69%,22,34.38%
2028,2025-08-25,Mr T Morrison,3,0,0%,0,0%,0,0,0%,0,0%,0,0,0%,0,0%,3,0,0%,0,0%,0,0,0%,0,0%
2030,2025-08-25,Mr J Norman,1,0,0%,0,0%,0,0,0%,0,0%,0,0,0%,0,0%,1,0,0%,0,0%,0,0,0%,0,0%
2032,2025-08-25,M Griffiths,1,0,0%,1,0%,0,0,0%,0,0%,0,0,0%,0,0%,0,0,0%,0,0%,1,0,0%,1,100.00%
2033,2025-08-25,Mr M M O'Connor,75,3,4.00%,10,13.33%,0,0,0%,0,0%,60,1,1.67%,8,13.33%,7,2,28.57%,1,14.29%,8,0,0%,1,12.50%
2034,2025-08-25,Mr E D Linehan,25,4,16.00%,8,32.00%,1,0,0%,1,100.00%,11,0,0%,5,45.45%,1,0,0%,0,0%,12,4,33.33%,2,16.67%
2035,2025-08-25,J P McKeown,3,1,33.33%,0,0.00%,0,0,0%,0,0%,0,0,0%,0,0%,1,1,100.00%,0,0%,2,0,0%,0,0%
2036,2025-08-25,Mr D W Walsh,7,1,14.29%,3,42.86%,0,0,0%,0,0%,0,0,0%,0,0%,7,1,14.29%,3,42.86%,0,0,0%,0,0%
2037,2025-08-25,Mr P McNeilly,27,0,0%,2,0%,0,0,0%,0,0%,15,0,0%,2,13.33%,1,0,0%,0,0%,11,0,0%,0,0%
2038,2025-08-25,Sammy Jo Bell,403,40,9.93%,146,36.23%,82,6,7.32%,43,52.44%,321,34,10.59%,103,32.09%,0,0,0%,0,0%,0,0,0%,0,0%
2039,2025-08-25,Jake Loader,2,0,0%,2,0%,0,0,0%,0,0%,2,0,0%,2,100.00%,0,0,0%,0,0%,0,0,0%,0,0%
2040,2025-08-25,Mr D Burton,2,1,50.00%,0,0.00%,0,0,0%,0,0%,0,0,0%,0,0%,1,0,0%,0,0%,1,1,100.00%,0,0%
2041,2025-08-25,Mr C Roberts,2,1,50.00%,1,50.00%,0,0,0%,0,0%,0,0,0%,0,0%,0,0,0%,0,0%,2,1,50.00%,1,50.00%
2042,2025-08-25,Mr U Wyss,1,0,0%,0,0%,0,0,0%,0,0%,0,0,0%,0,0%,0,0,0%,0,0%,1,0,0%,0,0%
2043,2025-08-25,Mr E Monfort,3,0,0%,2,0%,0,0,0%,0,0%,2,0,0%,2,100.00%,0,0,0%,0,0%,1,0,0%,0,0%
2044,2025-08-25,Mr A F O'Neill,12,0,0%,3,0%,0,0,0%,0,0%,3,0,0%,0,0%,1,0,0%,1,100.00%,8,0,0%,2,25.00%
2045,2025-08-25,Ms N Flynn,2,0,0%,0,0%,0,0,0%,0,0%,2,0,0%,0,0%,0,0,0%,0,0%,0,0,0%,0,0%
2047,2025-08-25,D Swift,2931,263,8.97%,856,29.21%,1348,123,9.12%,404,29.97%,1579,140,8.87%,449,28.44%,4,0,0%,3,75.00%,0,0,0%,0,0%
2048,2025-08-25,M Fahy,1,0,0%,0,0%,0,0,0%,0,0%,1,0,0%,0,0%,0,0,0%,0,0%,0,0,0%,0,0%
2049,2025-08-25,Mr D P Collins,5,0,0%,0,0%,0,0,0%,0,0%,5,0,0%,0,0%,0,0,0%,0,0%,0,0,0%,0,0%
2050,2025-08-25,Daryl Millar,22,0,0%,3,0%,0,0,0%,0,0%,3,0,0%,1,33.33%,7,0,0%,1,14.29%,12,0,0%,1,8.33%
2051,2025-08-25,Mr N Orpwood,66,6,9.09%,25,37.88%,0,0,0%,0,0%,3,0,0%,0,0%,57,6,10.53%,23,40.35%,6,0,0%,2,33.33%
2052,2025-08-25,Mr D Holmes,18,2,11.11%,7,38.89%,0,0,0%,0,0%,0,0,0%,0,0%,18,2,11.11%,7,38.89%,0,0,0%,0,0%
2053,2025-08-25,Miss E Kelly,32,8,25.00%,9,28.13%,0,0,0%,0,0%,3,1,33.33%,2,66.67%,17,2,11.76%,5,29.41%,12,5,41.67%,2,16.67%
2054,2025-08-25,Alex Owen,8,0,0%,2,0%,4,0,0%,1,25.00%,4,0,0%,1,25.00%,0,0,0%,0,0%,0,0,0%,0,0%
2055,2025-08-25,M Kenny,1,0,0%,1,0%,0,0,0%,0,0%,1,0,0%,1,100.00%,0,0,0%,0,0%,0,0,0%,0,0%
2057,2025-08-25,Mr R Hunnisett,1,0,0%,0,0%,0,0,0%,0,0%,0,0,0%,0,0%,1,0,0%,0,0%,0,0,0%,0,0%
2058,2025-08-25,Jason Kiely,75,5,6.67%,19,25.33%,2,0,0%,0,0%,0,0,0%,0,0%,13,1,7.69%,6,46.15%,60,4,6.67%,13,21.67%
2059,2025-08-25,Miss C H Jones,8,1,12.50%,3,37.50%,6,0,0%,3,50.00%,2,1,50.00%,0,0%,0,0,0%,0,0%,0,0,0%,0,0%
2060,2025-08-25,Mr D Rogerson,3,0,0%,0,0%,2,0,0%,0,0%,0,0,0%,0,0%,1,0,0%,0,0%,0,0,0%,0,0%
2061,2025-08-25,Mr Z Baker,196,20,10.20%,72,36.73%,3,0,0%,2,66.67%,34,4,11.76%,8,23.53%,74,8,10.81%,23,31.08%,85,8,9.41%,39,45.88%
2062,2025-08-25,Josh Baudains,282,23,8.16%,92,32.62%,165,18,10.91%,58,35.15%,115,5,4.35%,34,29.57%,2,0,0%,0,0%,0,0,0%,0,0%
2063,2025-08-25,Tayron Devolder,1,0,0%,0,0%,0,0,0%,0,0%,1,0,0%,0,0%,0,0,0%,0,0%,0,0,0%,0,0%
2064,2025-08-25,Nico de Boinville,1248,247,19.79%,426,34.13%,13,7,53.85%,3,23.08%,229,41,17.90%,83,36.24%,324,70,21.60%,102,31.48%,682,129,18.91%,238,34.90%
2065,2025-08-25,Mr Oscar Churton,4,0,0%,0,0%,0,0,0%,0,0%,0,0,0%,0,0%,4,0,0%,0,0%,0,0,0%,0,0%
2066,2025-08-25,Mr R Guiney,12,0,0%,1,0%,0,0,0%,0,0%,9,0,0%,1,11.11%,0,0,0%,0,0%,3,0,0%,0,0%
2067,2025-08-25,Mr R G R Spencer,3,0,0%,1,0%,0,0,0%,0,0%,0,0,0%,0,0%,3,0,0%,1,33.33%,0,0,0%,0,0%
2068,2025-08-25,M Barzalona,1038,169,16.28%,375,36.13%,230,43,18.70%,98,42.61%,806,126,15.63%,275,34.12%,2,0,0%,2,100.00%,0,0,0%,0,0%
2069,2025-08-25,K C Sexton,2419,184,7.61%,653,26.99%,20,1,5.00%,4,20.00%,71,4,5.63%,17,23.94%,570,53,9.30%,188,32.98%,1758,126,7.17%,444,25.26%
2070,2025-08-25,Reserve 1,76,3,3.95%,16,21.05%,13,1,7.69%,3,23.08%,27,2,7.41%,4,14.81%,8,0,0%,2,25.00%,28,0,0%,7,25.00%
2071,2025-08-25,Miss R Heptonstall,10,3,30.00%,3,30.00%,0,0,0%,0,0%,10,3,30.00%,3,30.00%,0,0,0%,0,0%,0,0,0%,0,0%
2072,2025-08-25,Miss R Richardson,18,1,5.56%,4,22.22%,1,0,0%,1,100.00%,17,1,5.88%,3,17.65%,0,0,0%,0,0%,0,0,0%,0,0%
2073,2025-08-25,Miss Hayley Moore,79,7,8.86%,27,34.18%,11,1,9.09%,5,45.45%,61,6,9.84%,20,32.79%,2,0,0%,0,0%,5,0,0%,2,40.00%
2074,2025-08-25,Mr C Bewley,85,8,9.41%,29,34.12%,0,0,0%,0,0%,9,0,0%,1,11.11%,42,6,14.29%,14,33.33%,34,2,5.88%,14,41.18%
2075,2025-08-25,Ryan Hatch,638,72,11.29%,236,36.99%,0,0,0%,0,0%,45,7,15.56%,20,44.44%,232,20,8.62%,75,32.33%,361,45,12.47%,141,39.06%
2076,2025-08-25,Mr Freddie Mitchell,72,4,5.56%,22,30.56%,7,0,0%,4,57.14%,22,2,9.09%,8,36.36%,18,1,5.56%,4,22.22%,25,1,4.00%,6,24.00%
2077,2025-08-25,Miss K Hobbs,5,0,0%,2,0%,0,0,0%,0,0%,0,0,0%,0,0%,1,0,0%,0,0%,4,0,0%,2,50.00%
2078,2025-08-25,Miss L O'Neill,18,0,0%,4,0%,0,0,0%,0,0%,13,0,0%,4,30.77%,0,0,0%,0,0%,5,0,0%,0,0%
2079,2025-08-25,R A Doyle,2105,125,5.94%,473,22.47%,19,0,0%,2,10.53%,114,5,4.39%,17,14.91%,418,32,7.66%,105,25.12%,1554,88,5.66%,349,22.46%
2080,2025-08-25,S C Cronin,28,1,3.57%,4,14.29%,3,0,0%,1,33.33%,20,1,5.00%,2,10.00%,0,0,0%,0,0%,5,0,0%,1,20.00%
2081,2025-08-25,Mr K C Sheehan,14,0,0%,4,0%,0,0,0%,0,0%,10,0,0%,2,20.00%,0,0,0%,0,0%,4,0,0%,2,50.00%
2082,2025-08-25,Mr B Rivett,12,1,8.33%,7,58.33%,0,0,0%,0,0%,0,0,0%,0,0%,12,1,8.33%,7,58.33%,0,0,0%,0,0%
2083,2025-08-25,Miss I T Walsh,2,0,0%,0,0%,0,0,0%,0,0%,0,0,0%,0,0%,1,0,0%,0,0%,1,0,0%,0,0%
2084,2025-08-25,Mr J B Joyce,18,1,5.56%,4,22.22%,0,0,0%,0,0%,6,0,0%,2,33.33%,10,1,10.00%,2,20.00%,2,0,0%,0,0%
2085,2025-08-25,Miss J M Mangan,459,50,10.89%,163,35.51%,7,0,0%,3,42.86%,380,38,10.00%,141,37.11%,21,1,4.76%,6,28.57%,51,11,21.57%,13,25.49%
2086,2025-08-25,Mr E P O'Brien,631,31,4.91%,189,29.95%,4,0,0%,0,0%,438,18,4.11%,131,29.91%,98,5,5.10%,33,33.67%,91,8,8.79%,25,27.47%
2088,2025-08-25,Mr David Jeffreys,4,0,0%,0,0%,0,0,0%,0,0%,0,0,0%,0,0%,3,0,0%,0,0%,1,0,0%,0,0%
2089,2025-08-25,Mr A T Madden,4,1,25.00%,1,25.00%,0,0,0%,0,0%,4,1,25.00%,1,25.00%,0,0,0%,0,0%,0,0,0%,0,0%
2090,2025-08-25,Mr J Winston,4,0,0%,0,0%,0,0,0%,0,0%,4,0,0%,0,0%,0,0,0%,0,0%,0,0,0%,0,0%
2091,2025-08-25,Mr C Alexander,31,3,9.68%,7,22.58%,0,0,0%,0,0%,1,0,0%,0,0%,13,2,15.38%,1,7.69%,17,1,5.88%,6,35.29%
2092,2025-08-25,H D Dunne,114,7,6.14%,23,20.18%,0,0,0%,0,0%,12,0,0%,2,16.67%,18,0,0%,2,11.11%,84,7,8.33%,19,22.62%
2093,2025-08-25,Mr John J Sheridan,1,0,0%,0,0%,0,0,0%,0,0%,1,0,0%,0,0%,0,0,0%,0,0%,0,0,0%,0,0%
2094,2025-08-25,Jordan Nason,456,30,6.58%,145,31.80%,120,3,2.50%,39,32.50%,336,27,8.04%,106,31.55%,0,0,0%,0,0%,0,0,0%,0,0%
2095,2025-08-25,Mr Toby Greenall,3,0,0%,1,0%,0,0,0%,0,0%,0,0,0%,0,0%,3,0,0%,1,33.33%,0,0,0%,0,0%
2096,2025-08-25,Mr J Corbett,6,0,0%,0,0%,0,0,0%,0,0%,1,0,0%,0,0%,2,0,0%,0,0%,3,0,0%,0,0%
2097,2025-08-25,W Saraiva,1,0,0%,0,0%,0,0,0%,0,0%,1,0,0%,0,0%,0,0,0%,0,0%,0,0,0%,0,0%
2098,2025-08-25,Miss E Melbourn,3,0,0%,0,0%,1,0,0%,0,0%,2,0,0%,0,0%,0,0,0%,0,0%,0,0,0%,0,0%
2099,2025-08-25,Tim Clark,850,60,7.06%,231,27.18%,502,33,6.57%,145,28.88%,343,27,7.87%,84,24.49%,0,0,0%,0,0%,5,0,0%,2,40.00%
2100,2025-08-25,Jalon Samuel,1,0,0%,0,0%,0,0,0%,0,0%,1,0,0%,0,0%,0,0,0%,0,0%,0,0,0%,0,0%
2101,2025-08-25,Mr D Summersby,1,0,0%,1,0%,0,0,0%,0,0%,0,0,0%,0,0%,1,0,0%,1,100.00%,0,0,0%,0,0%
2102,2025-08-25,Mr Richard Burton,1,0,0%,0,0%,0,0,0%,0,0%,1,0,0%,0,0%,0,0,0%,0,0%,0,0,0%,0,0%
2103,2025-08-25,Miss D Quinlan,14,0,0%,3,0%,0,0,0%,0,0%,14,0,0%,3,21.43%,0,0,0%,0,0%,0,0,0%,0,0%
2104,2025-08-25,Mr M E Power,1,0,0%,0,0%,0,0,0%,0,0%,1,0,0%,0,0%,0,0,0%,0,0%,0,0,0%,0,0%
2105,2025-08-25,Mr W Hickman,25,0,0%,8,0%,0,0,0%,0,0%,2,0,0%,0,0%,18,0,0%,5,27.78%,5,0,0%,3,60.00%
2106,2025-08-25,Mr M Wills,1,0,0%,0,0%,0,0,0%,0,0%,0,0,0%,0,0%,1,0,0%,0,0%,0,0,0%,0,0%
2108,2025-08-25,Ms H McGahan,1,0,0%,0,0%,0,0,0%,0,0%,0,0,0%,0,0%,1,0,0%,0,0%,0,0,0%,0,0%
2109,2025-08-25,Mr R James,287,25,8.71%,91,31.71%,1,0,0%,0,0%,99,10,10.10%,37,37.37%,130,10,7.69%,33,25.38%,57,5,8.77%,21,36.84%
2110,2025-08-25,Mr M F Hassett,5,0,0%,0,0%,0,0,0%,0,0%,5,0,0%,0,0%,0,0,0%,0,0%,0,0,0%,0,0%
2111,2025-08-25,Mr A Flanagan,3,0,0%,1,0%,0,0,0%,0,0%,3,0,0%,1,33.33%,0,0,0%,0,0%,0,0,0%,0,0%
2112,2025-08-25,Miss A M Couchman,1,0,0%,1,0%,0,0,0%,0,0%,1,0,0%,1,100.00%,0,0,0%,0,0%,0,0,0%,0,0%
2113,2025-08-25,Miss N Ennis,1,0,0%,0,0%,0,0,0%,0,0%,1,0,0%,0,0%,0,0,0%,0,0%,0,0,0%,0,0%
2114,2025-08-25,Mr C O'Dwyer,1,0,0%,0,0%,0,0,0%,0,0%,1,0,0%,0,0%,0,0,0%,0,0%,0,0,0%,0,0%
2115,2025-08-25,Mr D A Cromwell,1,0,0%,0,0%,0,0,0%,0,0%,1,0,0%,0,0%,0,0,0%,0,0%,0,0,0%,0,0%
2117,2025-08-25,Mr P R Murphy,1,0,0%,0,0%,0,0,0%,0,0%,1,0,0%,0,0%,0,0,0%,0,0%,0,0,0%,0,0%
2118,2025-08-25,Mr S Dowling,2,0,0%,0,0%,0,0,0%,0,0%,2,0,0%,0,0%,0,0,0%,0,0%,0,0,0%,0,0%
2119,2025-08-25,Ms T O'Sullivan,1,0,0%,0,0%,0,0,0%,0,0%,1,0,0%,0,0%,0,0,0%,0,0%,0,0,0%,0,0%
2120,2025-08-25,Miss A T O'Brien,1,0,0%,0,0%,0,0,0%,0,0%,1,0,0%,0,0%,0,0,0%,0,0%,0,0,0%,0,0%
2121,2025-08-25,Miss I S Daly,1,0,0%,0,0%,0,0,0%,0,0%,1,0,0%,0,0%,0,0,0%,0,0%,0,0,0%,0,0%
2122,2025-08-25,Mr J J Grogan,1,0,0%,0,0%,0,0,0%,0,0%,1,0,0%,0,0%,0,0,0%,0,0%,0,0,0%,0,0%
2123,2025-08-25,Miss C Simpson,1,0,0%,0,0%,0,0,0%,0,0%,1,0,0%,0,0%,0,0,0%,0,0%,0,0,0%,0,0%
2124,2025-08-25,Miss N L Sell,1,0,0%,0,0%,0,0,0%,0,0%,1,0,0%,0,0%,0,0,0%,0,0%,0,0,0%,0,0%
2125,2025-08-25,Mrs V Considine,1,0,0%,0,0%,0,0,0%,0,0%,1,0,0%,0,0%,0,0,0%,0,0%,0,0,0%,0,0%
2126,2025-08-25,Mr P Delmer,3,0,0%,0,0%,0,0,0%,0,0%,3,0,0%,0,0%,0,0,0%,0,0%,0,0,0%,0,0%
2127,2025-08-25,Miss O J Keenan,2,0,0%,0,0%,0,0,0%,0,0%,2,0,0%,0,0%,0,0,0%,0,0%,0,0,0%,0,0%
2128,2025-08-25,Mr C Cowming,1,0,0%,0,0%,0,0,0%,0,0%,1,0,0%,0,0%,0,0,0%,0,0%,0,0,0%,0,0%
2129,2025-08-25,Mr R F Walsh,2,0,0%,0,0%,0,0,0%,0,0%,2,0,0%,0,0%,0,0,0%,0,0%,0,0,0%,0,0%
2130,2025-08-25,Mr F J Brady,3,0,0%,1,0%,0,0,0%,0,0%,3,0,0%,1,33.33%,0,0,0%,0,0%,0,0,0%,0,0%
2131,2025-08-25,Miss A Blythe,2,0,0%,0,0%,0,0,0%,0,0%,0,0,0%,0,0%,0,0,0%,0,0%,2,0,0%,0,0%
2132,2025-08-25,Miss L Innes,1,0,0%,0,0%,0,0,0%,0,0%,0,0,0%,0,0%,1,0,0%,0,0%,0,0,0%,0,0%
2133,2025-08-25,R Price,6,1,16.67%,0,0.00%,2,0,0%,0,0%,4,1,25.00%,0,0%,0,0,0%,0,0%,0,0,0%,0,0%
2134,2025-08-25,Bradley Bosley,73,3,4.11%,22,30.14%,27,1,3.70%,8,29.63%,46,2,4.35%,14,30.43%,0,0,0%,0,0%,0,0,0%,0,0%
2135,2025-08-25,C Murray,9,0,0%,3,0%,0,0,0%,0,0%,4,0,0%,2,50.00%,0,0,0%,0,0%,5,0,0%,1,20.00%
2136,2025-08-25,Ben Williams,5,0,0%,0,0%,1,0,0%,0,0%,4,0,0%,0,0%,0,0,0%,0,0%,0,0,0%,0,0%
2137,2025-08-25,Mr C L Murphy,83,3,3.61%,8,9.64%,0,0,0%,0,0%,12,0,0%,0,0%,17,1,5.88%,2,11.76%,54,2,3.70%,6,11.11%
2138,2025-08-25,Mr S G Anderson,1,0,0%,0,0%,0,0,0%,0,0%,0,0,0%,0,0%,0,0,0%,0,0%,1,0,0%,0,0%
2139,2025-08-25,Mr J W Spillane,10,0,0%,1,0%,0,0,0%,0,0%,10,0,0%,1,10.00%,0,0,0%,0,0%,0,0,0%,0,0%
2140,2025-08-25,Miss S Dunphy,2,0,0%,0,0%,0,0,0%,0,0%,2,0,0%,0,0%,0,0,0%,0,0%,0,0,0%,0,0%
2141,2025-08-25,Shane Foley,7,0,0%,2,0%,0,0,0%,0,0%,7,0,0%,2,28.57%,0,0,0%,0,0%,0,0,0%,0,0%
2142,2025-08-25,E P Callaghan,3,0,0%,1,0%,0,0,0%,0,0%,3,0,0%,1,33.33%,0,0,0%,0,0%,0,0,0%,0,0%
2143,2025-08-25,F Lynch,1338,126,9.42%,468,34.98%,387,34,8.79%,136,35.14%,951,92,9.67%,332,34.91%,0,0,0%,0,0%,0,0,0%,0,0%
2144,2025-08-25,A F O'Neill,294,18,6.12%,89,30.27%,0,0,0%,0,0%,18,1,5.56%,5,27.78%,75,6,8.00%,25,33.33%,201,11,5.47%,59,29.35%
2145,2025-08-25,Mr S Cavanagh,250,9,3.60%,61,24.40%,0,0,0%,0,0%,130,2,1.54%,24,18.46%,57,5,8.77%,18,31.58%,63,2,3.17%,19,30.16%
2146,2025-08-25,Miss R Black,3,0,0%,0,0%,0,0,0%,0,0%,3,0,0%,0,0%,0,0,0%,0,0%,0,0,0%,0,0%
2147,2025-08-25,C Cogan,4,0,0%,0,0%,0,0,0%,0,0%,4,0,0%,0,0%,0,0,0%,0,0%,0,0,0%,0,0%
2148,2025-08-25,Mr E O'Donnabhain,5,0,0%,0,0%,0,0,0%,0,0%,5,0,0%,0,0%,0,0,0%,0,0%,0,0,0%,0,0%
2149,2025-08-25,Mr M Hamill,19,1,5.26%,7,36.84%,0,0,0%,0,0%,5,0,0%,1,20.00%,2,0,0%,1,50.00%,12,1,8.33%,5,41.67%
2150,2025-08-25,Andreas Suborics,7,1,14.29%,1,14.29%,0,0,0%,0,0%,7,1,14.29%,1,14.29%,0,0,0%,0,0%,0,0,0%,0,0%
2151,2025-08-25,Mr S A Huggan,4,0,0%,0,0%,1,0,0%,0,0%,3,0,0%,0,0%,0,0,0%,0,0%,0,0,0%,0,0%
2152,2025-08-25,Mr Darren O'Keeffe,1,0,0%,0,0%,0,0,0%,0,0%,0,0,0%,0,0%,0,0,0%,0,0%,1,0,0%,0,0%
2153,2025-08-25,Mr B M Wood,1,0,0%,0,0%,0,0,0%,0,0%,1,0,0%,0,0%,0,0,0%,0,0%,0,0,0%,0,0%
2154,2025-08-25,Mr C Nichol,13,0,0%,4,0%,0,0,0%,0,0%,4,0,0%,1,25.00%,4,0,0%,1,25.00%,5,0,0%,2,40.00%
2155,2025-08-25,Mr J Turcan,1,0,0%,0,0%,0,0,0%,0,0%,0,0,0%,0,0%,1,0,0%,0,0%,0,0,0%,0,0%
2156,2025-08-25,Miss C Henderson,7,0,0%,1,0%,2,0,0%,1,50.00%,2,0,0%,0,0%,3,0,0%,0,0%,0,0,0%,0,0%
2157,2025-08-25,P A Carberry,2,0,0%,0,0%,0,0,0%,0,0%,0,0,0%,0,0%,1,0,0%,0,0%,1,0,0%,0,0%
2158,2025-08-25,Miss D Fowkes,1,0,0%,0,0%,0,0,0%,0,0%,1,0,0%,0,0%,0,0,0%,0,0%,0,0,0%,0,0%
2159,2025-08-25,Mr D J Eustace,1,0,0%,0,0%,0,0,0%,0,0%,1,0,0%,0,0%,0,0,0%,0,0%,0,0,0%,0,0%
2160,2025-08-25,Mrs C Hardwick,51,6,11.76%,20,39.22%,0,0,0%,0,0%,1,0,0%,0,0%,41,6,14.63%,15,36.59%,9,0,0%,5,55.56%
2161,2025-08-25,Mrs H McGahan,8,0,0%,0,0%,0,0,0%,0,0%,2,0,0%,0,0%,2,0,0%,0,0%,4,0,0%,0,0%
2162,2025-08-25,Mr P E Turley,5,0,0%,0,0%,0,0,0%,0,0%,2,0,0%,0,0%,1,0,0%,0,0%,2,0,0%,0,0%
2163,2025-08-25,M Mimmocchi,23,0,0%,6,0%,11,0,0%,5,45.45%,12,0,0%,1,8.33%,0,0,0%,0,0%,0,0,0%,0,0%
2164,2025-08-25,P Bohan,81,10,12.35%,30,37.04%,3,0,0%,1,33.33%,14,1,7.14%,8,57.14%,18,3,16.67%,4,22.22%,46,6,13.04%,17,36.96%
2165,2025-08-25,Mr B T Treanor,6,0,0%,1,0%,3,0,0%,1,33.33%,3,0,0%,0,0%,0,0,0%,0,0%,0,0,0%,0,0%
2166,2025-08-25,Miss C M Walsh,3,0,0%,0,0%,0,0,0%,0,0%,3,0,0%,0,0%,0,0,0%,0,0%,0,0,0%,0,0%
2167,2025-08-25,Miss K Reynolds,2,0,0%,1,0%,0,0,0%,0,0%,0,0,0%,0,0%,0,0,0%,0,0%,2,0,0%,1,50.00%
2168,2025-08-25,Mr S Fox,71,5,7.04%,26,36.62%,0,0,0%,0,0%,11,3,27.27%,1,9.09%,36,1,2.78%,15,41.67%,24,1,4.17%,10,41.67%
2169,2025-08-25,Mr D P M Collins,22,0,0%,1,0%,0,0,0%,0,0%,15,0,0%,0,0%,2,0,0%,1,50.00%,5,0,0%,0,0%
2170,2025-08-25,Miss Lucy Ryan,1,0,0%,0,0%,0,0,0%,0,0%,1,0,0%,0,0%,0,0,0%,0,0%,0,0,0%,0,0%
2171,2025-08-25,Miss I New,1,0,0%,0,0%,0,0,0%,0,0%,1,0,0%,0,0%,0,0,0%,0,0%,0,0,0%,0,0%
2172,2025-08-25,Mr F T Moore,1,0,0%,0,0%,0,0,0%,0,0%,1,0,0%,0,0%,0,0,0%,0,0%,0,0,0%,0,0%
2173,2025-08-25,Mr K S Dalton,22,0,0%,8,0%,0,0,0%,0,0%,5,0,0%,2,40.00%,0,0,0%,0,0%,17,0,0%,6,35.29%
2174,2025-08-25,Mr R T Nolan,4,0,0%,0,0%,0,0,0%,0,0%,4,0,0%,0,0%,0,0,0%,0,0%,0,0,0%,0,0%
2175,2025-08-25,Mr Sam Jukes,9,2,22.22%,3,33.33%,0,0,0%,0,0%,0,0,0%,0,0%,8,2,25.00%,3,37.50%,1,0,0%,0,0%
2176,2025-08-25,A Whelan,7,0,0%,0,0%,4,0,0%,0,0%,3,0,0%,0,0%,0,0,0%,0,0%,0,0,0%,0,0%
2177,2025-08-25,Hayley Burton,15,1,6.67%,0,0.00%,6,0,0%,0,0%,9,1,11.11%,0,0%,0,0,0%,0,0%,0,0,0%,0,0%
2178,2025-08-25,Mr E Kingsley,3,0,0%,0,0%,1,0,0%,0,0%,2,0,0%,0,0%,0,0,0%,0,0%,0,0,0%,0,0%
2179,2025-08-25,Mr S Feeney,4,0,0%,1,0%,0,0,0%,0,0%,4,0,0%,1,25.00%,0,0,0%,0,0%,0,0,0%,0,0%
2180,2025-08-25,Georgean Buckell,81,10,12.35%,31,38.27%,54,9,16.67%,20,37.04%,26,1,3.85%,10,38.46%,1,0,0%,1,100.00%,0,0,0%,0,0%
2181,2025-08-25,Ryan O'Hare,5,0,0%,1,0%,0,0,0%,0,0%,0,0,0%,0,0%,0,0,0%,0,0%,5,0,0%,1,20.00%
2182,2025-08-25,Mr G L Murphy,47,2,4.26%,8,17.02%,0,0,0%,0,0%,8,0,0%,0,0%,30,2,6.67%,7,23.33%,9,0,0%,1,11.11%
2183,2025-08-25,Mr L O'Carroll,29,0,0%,11,0%,0,0,0%,0,0%,18,0,0%,9,50.00%,6,0,0%,1,16.67%,5,0,0%,1,20.00%
2184,2025-08-25,Matthew Rochford,3,0,0%,0,0%,0,0,0%,0,0%,1,0,0%,0,0%,0,0,0%,0,0%,2,0,0%,0,0%
2185,2025-08-25,Miss A Blakemore,5,0,0%,0,0%,0,0,0%,0,0%,5,0,0%,0,0%,0,0,0%,0,0%,0,0,0%,0,0%
2186,2025-08-25,Sean P Byrne,22,2,9.09%,4,18.18%,3,0,0%,0,0%,18,2,11.11%,4,22.22%,0,0,0%,0,0%,1,0,0%,0,0%
2187,2025-08-25,Steven Arnold,3,0,0%,2,0%,0,0,0%,0,0%,3,0,0%,2,66.67%,0,0,0%,0,0%,0,0,0%,0,0%
2188,2025-08-25,J Victoire,1,0,0%,0,0%,0,0,0%,0,0%,1,0,0%,0,0%,0,0,0%,0,0%,0,0,0%,0,0%
2189,2025-08-25,John Velazquez,33,2,6.06%,6,18.18%,0,0,0%,0,0%,33,2,6.06%,6,18.18%,0,0,0%,0,0%,0,0,0%,0,0%
2190,2025-08-25,Mike Smith,2,0,0%,0,0%,0,0,0%,0,0%,2,0,0%,0,0%,0,0,0%,0,0%,0,0,0%,0,0%
2191,2025-08-25,I Mendizabal,13,2,15.38%,4,30.77%,0,0,0%,0,0%,13,2,15.38%,4,30.77%,0,0,0%,0,0%,0,0,0%,0,0%
2192,2025-08-25,Jeffrey Sanchez,3,0,0%,0,0%,0,0,0%,0,0%,3,0,0%,0,0%,0,0,0%,0,0%,0,0,0%,0,0%
2193,2025-08-25,Richard Oliver,128,7,5.47%,24,18.75%,40,1,2.50%,10,25.00%,88,6,6.82%,14,15.91%,0,0,0%,0,0%,0,0,0%,0,0%
2194,2025-08-25,Eva Moscrop,151,12,7.95%,48,31.79%,54,3,5.56%,17,31.48%,97,9,9.28%,31,31.96%,0,0,0%,0,0%,0,0,0%,0,0%
2195,2025-08-25,Clare Lindop,5,1,20.00%,3,60.00%,1,0,0%,1,100.00%,4,1,25.00%,2,50.00%,0,0,0%,0,0%,0,0,0%,0,0%
2196,2025-08-25,Martin Leonard,13,2,15.38%,3,23.08%,7,0,0%,1,14.29%,6,2,33.33%,2,33.33%,0,0,0%,0,0%,0,0,0%,0,0%
2197,2025-08-25,J H Bowman,95,6,6.32%,20,21.05%,7,0,0%,2,28.57%,87,6,6.90%,18,20.69%,1,0,0%,0,0%,0,0,0%,0,0%
2198,2025-08-25,Daniel Morgan,1,0,0%,0,0%,0,0,0%,0,0%,1,0,0%,0,0%,0,0,0%,0,0%,0,0,0%,0,0%
2199,2025-08-25,Adrian O'Shea,150,2,1.33%,30,20.00%,22,0,0%,4,18.18%,126,2,1.59%,26,20.63%,0,0,0%,0,0%,2,0,0%,0,0%
2200,2025-08-25,Raul Da Silva,2147,183,8.52%,600,27.95%,1077,98,9.10%,303,28.13%,1067,84,7.87%,296,27.74%,1,0,0%,0,0%,2,1,50.00%,1,50.00%
2201,2025-08-25,Mr R While,3,0,0%,0,0%,1,0,0%,0,0%,2,0,0%,0,0%,0,0,0%,0,0%,0,0,0%,0,0%
2202,2025-08-25,Mr A Al Syabi,1,0,0%,0,0%,0,0,0%,0,0%,1,0,0%,0,0%,0,0,0%,0,0%,0,0,0%,0,0%
2203,2025-08-25,Mr D Turner,2,0,0%,0,0%,0,0,0%,0,0%,2,0,0%,0,0%,0,0,0%,0,0%,0,0,0%,0,0%
2204,2025-08-25,Miss N Hayes,17,2,11.76%,4,23.53%,0,0,0%,0,0%,17,2,11.76%,4,23.53%,0,0,0%,0,0%,0,0,0%,0,0%
2205,2025-08-25,Miss Jessica Holt,2,0,0%,1,0%,0,0,0%,0,0%,2,0,0%,1,50.00%,0,0,0%,0,0%,0,0,0%,0,0%
2206,2025-08-25,Miss K Clark,3,0,0%,0,0%,0,0,0%,0,0%,3,0,0%,0,0%,0,0,0%,0,0%,0,0,0%,0,0%
2207,2025-08-25,G Casu,5,0,0%,0,0%,2,0,0%,0,0%,3,0,0%,0,0%,0,0,0%,0,0%,0,0,0%,0,0%
2208,2025-08-25,Stevie Sanders,13,0,0%,8,0%,4,0,0%,3,75.00%,2,0,0%,1,50.00%,0,0,0%,0,0%,7,0,0%,4,57.14%
2209,2025-08-25,S A Shortall,1024,69,6.74%,311,30.37%,1,0,0%,0,0%,38,2,5.26%,11,28.95%,215,11,5.12%,74,34.42%,770,56,7.27%,226,29.35%
2210,2025-08-25,Miss C Connaghan,2,0,0%,0,0%,0,0,0%,0,0%,2,0,0%,0,0%,0,0,0%,0,0%,0,0,0%,0,0%
2211,2025-08-25,Chris D. Cogan,2,1,50.00%,0,0.00%,0,0,0%,0,0%,2,1,50.00%,0,0%,0,0,0%,0,0%,0,0,0%,0,0%
2212,2025-08-25,Miss Victoria Allers,1,0,0%,1,0%,0,0,0%,0,0%,1,0,0%,1,100.00%,0,0,0%,0,0%,0,0,0%,0,0%
2213,2025-08-25,Miss Jessica Marcialis,1,0,0%,1,0%,0,0,0%,0,0%,1,0,0%,1,100.00%,0,0,0%,0,0%,0,0,0%,0,0%
2214,2025-08-25,Miss Katherine Harrison,1,0,0%,0,0%,0,0,0%,0,0%,1,0,0%,0,0%,0,0,0%,0,0%,0,0,0%,0,0%
2215,2025-08-25,Miss Delphine Garcia-dubois,1,0,0%,0,0%,0,0,0%,0,0%,1,0,0%,0,0%,0,0,0%,0,0%,0,0,0%,0,0%
2216,2025-08-25,Miss Jadey Pietrasiewicz,3,1,33.33%,1,33.33%,0,0,0%,0,0%,3,1,33.33%,1,33.33%,0,0,0%,0,0%,0,0,0%,0,0%
2217,2025-08-25,Miss Berit Weber,1,0,0%,0,0%,0,0,0%,0,0%,1,0,0%,0,0%,0,0,0%,0,0%,0,0,0%,0,0%
2218,2025-08-25,Mr C M Healy,51,1,1.96%,9,17.65%,1,0,0%,0,0%,39,0,0%,6,15.38%,1,1,100.00%,0,0%,10,0,0%,3,30.00%
2219,2025-08-25,Mr J T Keeling,4,0,0%,0,0%,0,0,0%,0,0%,4,0,0%,0,0%,0,0,0%,0,0%,0,0,0%,0,0%
2220,2025-08-25,Mr B Howe,6,0,0%,1,0%,0,0,0%,0,0%,6,0,0%,1,16.67%,0,0,0%,0,0%,0,0,0%,0,0%
2221,2025-08-25,Miss J Gillam,27,1,3.70%,11,40.74%,1,0,0%,0,0%,17,1,5.88%,9,52.94%,5,0,0%,2,40.00%,4,0,0%,0,0%
2222,2025-08-25,Jamie Hamilton,2538,233,9.18%,795,31.32%,34,2,5.88%,13,38.24%,185,11,5.95%,50,27.03%,812,86,10.59%,279,34.36%,1507,134,8.89%,453,30.06%
2223,2025-08-25,Miss N Stead,7,1,14.29%,0,0.00%,1,0,0%,0,0%,6,1,16.67%,0,0%,0,0,0%,0,0%,0,0,0%,0,0%
2225,2025-08-25,T Kelly,141,8,5.67%,41,29.08%,0,0,0%,0,0%,1,0,0%,1,100.00%,31,2,6.45%,5,16.13%,109,6,5.50%,35,32.11%
2226,2025-08-25,Mr R J Curran,6,0,0%,1,0%,0,0,0%,0,0%,6,0,0%,1,16.67%,0,0,0%,0,0%,0,0,0%,0,0%
2228,2025-08-25,Mr J O'Sullivan,14,0,0%,3,0%,0,0,0%,0,0%,14,0,0%,3,21.43%,0,0,0%,0,0%,0,0,0%,0,0%
2229,2025-08-25,Mr G J Fallon,2,0,0%,0,0%,0,0,0%,0,0%,2,0,0%,0,0%,0,0,0%,0,0%,0,0,0%,0,0%
2230,2025-08-25,Chris D Cogan,30,0,0%,1,0%,11,0,0%,0,0%,19,0,0%,1,5.26%,0,0,0%,0,0%,0,0,0%,0,0%
2231,2025-08-25,Miss C Jones,1,0,0%,0,0%,0,0,0%,0,0%,1,0,0%,0,0%,0,0,0%,0,0%,0,0,0%,0,0%
2232,2025-08-25,J S McGarvey,2634,170,6.45%,560,21.26%,0,0,0%,0,0%,13,0,0%,3,23.08%,746,51,6.84%,167,22.39%,1875,119,6.35%,390,20.80%
2233,2025-08-25,Mr Steven Fox,2,1,50.00%,0,0.00%,0,0,0%,0,0%,2,1,50.00%,0,0%,0,0,0%,0,0%,0,0,0%,0,0%
2234,2025-08-25,Mr S M O'Donovan,3,0,0%,0,0%,0,0,0%,0,0%,1,0,0%,0,0%,0,0,0%,0,0%,2,0,0%,0,0%
2235,2025-08-25,Mike Kenny,15,0,0%,2,0%,4,0,0%,1,25.00%,11,0,0%,1,9.09%,0,0,0%,0,0%,0,0,0%,0,0%
2236,2025-08-25,Mr D Lordan,13,0,0%,3,0%,0,0,0%,0,0%,7,0,0%,1,14.29%,6,0,0%,2,33.33%,0,0,0%,0,0%
2237,2025-08-25,Neil Chambers,2,0,0%,1,0%,0,0,0%,0,0%,2,0,0%,1,50.00%,0,0,0%,0,0%,0,0,0%,0,0%
2238,2025-08-25,Mr S T Bradbury,1,0,0%,0,0%,0,0,0%,0,0%,1,0,0%,0,0%,0,0,0%,0,0%,0,0,0%,0,0%
2239,2025-08-25,Miss J Buckley,1,0,0%,0,0%,0,0,0%,0,0%,1,0,0%,0,0%,0,0,0%,0,0%,0,0,0%,0,0%
2240,2025-08-25,FX Bertras,4,1,25.00%,0,0.00%,1,0,0%,0,0%,3,1,33.33%,0,0%,0,0,0%,0,0%,0,0,0%,0,0%
2241,2025-08-25,D Badel,2,0,0%,1,0%,0,0,0%,0,0%,2,0,0%,1,50.00%,0,0,0%,0,0%,0,0,0%,0,0%
2242,2025-08-25,C Nora,2,0,0%,1,0%,0,0,0%,0,0%,2,0,0%,1,50.00%,0,0,0%,0,0%,0,0,0%,0,0%
2244,2025-08-25,Ms S Quirke,4,0,0%,1,0%,0,0,0%,0,0%,4,0,0%,1,25.00%,0,0,0%,0,0%,0,0,0%,0,0%
2245,2025-08-25,Miss S O'Brien,141,30,21.28%,62,43.97%,3,1,33.33%,0,0%,138,29,21.01%,62,44.93%,0,0,0%,0,0%,0,0,0%,0,0%
2246,2025-08-25,Miss J Walsh,1,0,0%,0,0%,0,0,0%,0,0%,1,0,0%,0,0%,0,0,0%,0,0%,0,0,0%,0,0%
2247,2025-08-25,Miss S Lynam,35,0,0%,8,0%,7,0,0%,1,14.29%,28,0,0%,7,25.00%,0,0,0%,0,0%,0,0,0%,0,0%
2248,2025-08-25,Mr E O'Connell,40,4,10.00%,7,17.50%,0,0,0%,0,0%,13,1,7.69%,0,0%,7,0,0%,4,57.14%,20,3,15.00%,3,15.00%
2249,2025-08-25,A Nicholls,9,0,0%,3,0%,5,0,0%,2,40.00%,4,0,0%,1,25.00%,0,0,0%,0,0%,0,0,0%,0,0%
2250,2025-08-25,Brendan Powell,4884,488,9.99%,1602,32.80%,71,4,5.63%,19,26.76%,469,42,8.96%,129,27.51%,1753,232,13.23%,566,32.29%,2591,210,8.10%,888,34.27%
2251,2025-08-25,Mr C Brassil,11,0,0%,0,0%,0,0,0%,0,0%,11,0,0%,0,0%,0,0,0%,0,0%,0,0,0%,0,0%
2252,2025-08-25,Mr A Johns,35,2,5.71%,18,51.43%,0,0,0%,0,0%,4,0,0%,2,50.00%,14,2,14.29%,8,57.14%,17,0,0%,8,47.06%
2253,2025-08-25,Warren Kennedy,1,0,0%,0,0%,0,0,0%,0,0%,0,0,0%,0,0%,0,0,0%,0,0%,1,0,0%,0,0%
2254,2025-08-25,J M Conneely,69,1,1.45%,13,18.84%,14,0,0%,3,21.43%,55,1,1.82%,10,18.18%,0,0,0%,0,0%,0,0,0%,0,0%
2255,2025-08-25,Mr A Gasnier,2,0,0%,1,0%,0,0,0%,0,0%,0,0,0%,0,0%,0,0,0%,0,0%,2,0,0%,1,50.00%
2256,2025-08-25,Mr C Coste,4,0,0%,0,0%,0,0,0%,0,0%,0,0,0%,0,0%,0,0,0%,0,0%,4,0,0%,0,0%
2257,2025-08-25,Mrs Adele Mulrennan,10,0,0%,4,0%,1,0,0%,0,0%,9,0,0%,4,44.44%,0,0,0%,0,0%,0,0,0%,0,0%
2258,2025-08-25,Miss S A Grassick,6,0,0%,2,0%,0,0,0%,0,0%,6,0,0%,2,33.33%,0,0,0%,0,0%,0,0,0%,0,0%
2259,2025-08-25,Miss Joey Ellis,8,0,0%,0,0%,2,0,0%,0,0%,6,0,0%,0,0%,0,0,0%,0,0%,0,0,0%,0,0%
2260,2025-08-25,Miss F Cumani,3,0,0%,1,0%,0,0,0%,0,0%,3,0,0%,1,33.33%,0,0,0%,0,0%,0,0,0%,0,0%
2261,2025-08-25,Miss Victoria Casey,3,0,0%,0,0%,0,0,0%,0,0%,3,0,0%,0,0%,0,0,0%,0,0%,0,0,0%,0,0%
2262,2025-08-25,T Jarnet,11,2,18.18%,6,54.55%,0,0,0%,0,0%,11,2,18.18%,6,54.55%,0,0,0%,0,0%,0,0,0%,0,0%
2263,2025-08-25,Cagri Metin,6,0,0%,0,0%,0,0,0%,0,0%,6,0,0%,0,0%,0,0,0%,0,0%,0,0,0%,0,0%
2264,2025-08-25,Mr S Bushby,3,0,0%,0,0%,0,0,0%,0,0%,3,0,0%,0,0%,0,0,0%,0,0%,0,0,0%,0,0%
2265,2025-08-25,Mr J Eddery,1,0,0%,0,0%,0,0,0%,0,0%,1,0,0%,0,0%,0,0,0%,0,0%,0,0,0%,0,0%
2268,2025-08-25,Miss C Cameron,1,0,0%,0,0%,0,0,0%,0,0%,1,0,0%,0,0%,0,0,0%,0,0%,0,0,0%,0,0%
2270,2025-08-25,D H Bergin,297,28,9.43%,90,30.30%,82,6,7.32%,26,31.71%,215,22,10.23%,64,29.77%,0,0,0%,0,0%,0,0,0%,0,0%
2271,2025-08-25,Martin Harley,442,52,11.76%,92,20.81%,277,34,12.27%,50,18.05%,165,18,10.91%,42,25.45%,0,0,0%,0,0%,0,0,0%,0,0%
2272,2025-08-25,D J Whyte,5,0,0%,2,0%,0,0,0%,0,0%,5,0,0%,2,40.00%,0,0,0%,0,0%,0,0,0%,0,0%
2273,2025-08-25,H Bowman,12,2,16.67%,4,33.33%,0,0,0%,0,0%,11,2,18.18%,3,27.27%,0,0,0%,0,0%,0,0,0%,0,0%
2274,2025-08-25,Y Take,15,1,6.67%,5,33.33%,0,0,0%,0,0%,15,1,6.67%,5,33.33%,0,0,0%,0,0%,0,0,0%,0,0%
2275,2025-08-25,Sean Jackson,10,1,10.00%,1,10.00%,7,1,14.29%,0,0%,3,0,0%,1,33.33%,0,0,0%,0,0%,0,0,0%,0,0%
2276,2025-08-25,Stephen Donohoe,1,0,0%,0,0%,0,0,0%,0,0%,1,0,0%,0,0%,0,0,0%,0,0%,0,0,0%,0,0%
2277,2025-08-25,Ms B Weber,1,0,0%,1,0%,0,0,0%,0,0%,1,0,0%,1,100.00%,0,0,0%,0,0%,0,0,0%,0,0%
2278,2025-08-25,Victoria Allers,1,0,0%,0,0%,0,0,0%,0,0%,1,0,0%,0,0%,0,0,0%,0,0%,0,0,0%,0,0%
2279,2025-08-25,Sarah Leutwiler,1,0,0%,0,0%,0,0,0%,0,0%,1,0,0%,0,0%,0,0,0%,0,0%,0,0,0%,0,0%
2280,2025-08-25,Miss D Garcia-Dubois,2,0,0%,0,0%,0,0,0%,0,0%,2,0,0%,0,0%,0,0,0%,0,0%,0,0,0%,0,0%
2281,2025-08-25,Miss R M King,2,0,0%,0,0%,0,0,0%,0,0%,2,0,0%,0,0%,0,0,0%,0,0%,0,0,0%,0,0%
2282,2025-08-25,D Fatura,1,0,0%,0,0%,0,0,0%,0,0%,1,0,0%,0,0%,0,0,0%,0,0%,0,0,0%,0,0%
2283,2025-08-25,Mr J P Sullivan,6,0,0%,2,0%,0,0,0%,0,0%,6,0,0%,2,33.33%,0,0,0%,0,0%,0,0,0%,0,0%
2284,2025-08-25,Mr N O'Rourke,16,0,0%,2,0%,0,0,0%,0,0%,4,0,0%,1,25.00%,11,0,0%,1,9.09%,1,0,0%,0,0%
2285,2025-08-25,Patrick Hill,1,0,0%,0,0%,0,0,0%,0,0%,1,0,0%,0,0%,0,0,0%,0,0%,0,0,0%,0,0%
2286,2025-08-25,Mr S P O'Brien,3,0,0%,0,0%,0,0,0%,0,0%,3,0,0%,0,0%,0,0,0%,0,0%,0,0,0%,0,0%
2287,2025-08-25,Jordan Uys,245,16,6.53%,74,30.20%,109,7,6.42%,34,31.19%,136,9,6.62%,40,29.41%,0,0,0%,0,0%,0,0,0%,0,0%
2288,2025-08-25,A S A Al Syabi,1,0,0%,0,0%,0,0,0%,0,0%,1,0,0%,0,0%,0,0,0%,0,0%,0,0,0%,0,0%
2289,2025-08-25,Mr K P Locking,1,0,0%,0,0%,0,0,0%,0,0%,1,0,0%,0,0%,0,0,0%,0,0%,0,0,0%,0,0%
2290,2025-08-25,G Benoist,8,3,37.50%,4,50.00%,1,1,100.00%,0,0%,7,2,28.57%,4,57.14%,0,0,0%,0,0%,0,0,0%,0,0%
2291,2025-08-25,Mr R W Barron,466,38,8.15%,119,25.54%,2,0,0%,0,0%,314,26,8.28%,78,24.84%,85,8,9.41%,30,35.29%,65,4,6.15%,11,16.92%
2293,2025-08-25,Mr W Easterby,339,38,11.21%,133,39.23%,16,3,18.75%,3,18.75%,106,12,11.32%,36,33.96%,109,14,12.84%,52,47.71%,108,9,8.33%,42,38.89%
2294,2025-08-25,Mr F O'Toole,17,0,0%,1,0%,0,0,0%,0,0%,16,0,0%,1,6.25%,1,0,0%,0,0%,0,0,0%,0,0%
2295,2025-08-25,Mrs R Wilson,44,5,11.36%,11,25.00%,21,1,4.76%,6,28.57%,23,4,17.39%,5,21.74%,0,0,0%,0,0%,0,0,0%,0,0%
2296,2025-08-25,Miss S Kerswell,8,0,0%,2,0%,6,0,0%,2,33.33%,2,0,0%,0,0%,0,0,0%,0,0%,0,0,0%,0,0%
2298,2025-08-25,N Williamson,1,0,0%,1,0%,0,0,0%,0,0%,1,0,0%,1,100.00%,0,0,0%,0,0%,0,0,0%,0,0%
2300,2025-08-25,J Titley,1,0,0%,0,0%,0,0,0%,0,0%,1,0,0%,0,0%,0,0,0%,0,0%,0,0,0%,0,0%
2301,2025-08-25,G Dowd,1,0,0%,0,0%,0,0,0%,0,0%,1,0,0%,0,0%,0,0,0%,0,0%,0,0,0%,0,0%
2302,2025-08-25,R A Hennessy,1,0,0%,0,0%,0,0,0%,0,0%,1,0,0%,0,0%,0,0,0%,0,0%,0,0,0%,0,0%
2303,2025-08-25,D A McLoughlin,1,0,0%,0,0%,0,0,0%,0,0%,1,0,0%,0,0%,0,0,0%,0,0%,0,0,0%,0,0%
2304,2025-08-25,A Moore,1,0,0%,0,0%,0,0,0%,0,0%,1,0,0%,0,0%,0,0,0%,0,0%,0,0,0%,0,0%
2305,2025-08-25,Miss Siobhan Miller,19,1,5.26%,6,31.58%,5,1,20.00%,2,40.00%,14,0,0%,4,28.57%,0,0,0%,0,0%,0,0,0%,0,0%
2306,2025-08-25,Miss J Sohanta,2,0,0%,0,0%,1,0,0%,0,0%,1,0,0%,0,0%,0,0,0%,0,0%,0,0,0%,0,0%
2307,2025-08-25,Ioritz Mendizabel,1,0,0%,0,0%,0,0,0%,0,0%,1,0,0%,0,0%,0,0,0%,0,0%,0,0,0%,0,0%
2308,2025-08-25,I Poullis,31,1,3.23%,8,25.81%,18,0,0%,4,22.22%,13,1,7.69%,4,30.77%,0,0,0%,0,0%,0,0,0%,0,0%
2309,2025-08-25,Miss Alex Owen,12,1,8.33%,2,16.67%,10,1,10.00%,2,20.00%,2,0,0%,0,0%,0,0,0%,0,0%,0,0,0%,0,0%
2310,2025-08-25,Mr D O'Meara,1,0,0%,0,0%,0,0,0%,0,0%,1,0,0%,0,0%,0,0,0%,0,0%,0,0,0%,0,0%
2311,2025-08-25,L Swift,1,0,0%,0,0%,0,0,0%,0,0%,1,0,0%,0,0%,0,0,0%,0,0%,0,0,0%,0,0%
2312,2025-08-25,Sven Schleppi,2,2,100.00%,0,0.00%,0,0,0%,0,0%,2,2,100.00%,0,0%,0,0,0%,0,0%,0,0,0%,0,0%
2313,2025-08-25,Dennis Schiergen,3,0,0%,1,0%,0,0,0%,0,0%,3,0,0%,1,33.33%,0,0,0%,0,0%,0,0,0%,0,0%
2314,2025-08-25,Ms Gina O'Callaghan,1,0,0%,0,0%,0,0,0%,0,0%,1,0,0%,0,0%,0,0,0%,0,0%,0,0,0%,0,0%
2316,2025-08-25,Andrew Ring,198,11,5.56%,48,24.24%,0,0,0%,0,0%,2,0,0%,0,0%,55,5,9.09%,17,30.91%,141,6,4.26%,31,21.99%
2317,2025-08-25,Mr P J Madden,1,0,0%,1,0%,0,0,0%,0,0%,1,0,0%,1,100.00%,0,0,0%,0,0%,0,0,0%,0,0%
2318,2025-08-25,Mr Niall Kelly,2,0,0%,0,0%,0,0,0%,0,0%,2,0,0%,0,0%,0,0,0%,0,0%,0,0,0%,0,0%
2319,2025-08-25,E J Walsh,1788,139,7.77%,524,29.31%,1131,85,7.52%,331,29.27%,646,54,8.36%,189,29.26%,2,0,0%,1,50.00%,9,0,0%,3,33.33%
2320,2025-08-25,Patrick Corbett,128,21,16.41%,44,34.38%,0,0,0%,0,0%,20,5,25.00%,9,45.00%,26,5,19.23%,6,23.08%,82,11,13.41%,29,35.37%
2321,2025-08-25,Shannon Edmondson,2,0,0%,0,0%,2,0,0%,0,0%,0,0,0%,0,0%,0,0,0%,0,0%,0,0,0%,0,0%
2322,2025-08-25,Mr Graham Carson,24,3,12.50%,8,33.33%,10,3,30.00%,3,30.00%,13,0,0%,5,38.46%,0,0,0%,0,0%,1,0,0%,0,0%
2323,2025-08-25,D Probert,6,0,0%,4,0%,4,0,0%,4,100.00%,2,0,0%,0,0%,0,0,0%,0,0%,0,0,0%,0,0%
2324,2025-08-25,Jade Muggeridge,4,1,25.00%,0,0.00%,3,1,33.33%,0,0%,1,0,0%,0,0%,0,0,0%,0,0%,0,0,0%,0,0%
2325,2025-08-25,Kate McGivern,19,0,0%,7,0%,4,0,0%,0,0%,15,0,0%,7,46.67%,0,0,0%,0,0%,0,0,0%,0,0%
2326,2025-08-25,Mr M P Ryan,15,0,0%,4,0%,0,0,0%,0,0%,15,0,0%,4,26.67%,0,0,0%,0,0%,0,0,0%,0,0%
2327,2025-08-25,Julie Krone,2,1,50.00%,0,0.00%,0,0,0%,0,0%,2,1,50.00%,0,0%,0,0,0%,0,0%,0,0,0%,0,0%
2328,2025-08-25,Ray Cochrane,1,0,0%,0,0%,0,0,0%,0,0%,1,0,0%,0,0%,0,0,0%,0,0%,0,0,0%,0,0%
2329,2025-08-25,Thierry Gillet,1,0,0%,0,0%,0,0,0%,0,0%,1,0,0%,0,0%,0,0,0%,0,0%,0,0,0%,0,0%
2331,2025-08-25,Norman Williamson,2,1,50.00%,0,0.00%,0,0,0%,0,0%,2,1,50.00%,0,0%,0,0,0%,0,0%,0,0,0%,0,0%
2332,2025-08-25,Tom O'Ryan,2,0,0%,0,0%,0,0,0%,0,0%,2,0,0%,0,0%,0,0,0%,0,0%,0,0,0%,0,0%
2333,2025-08-25,Brian Hayes,8,2,25.00%,2,25.00%,0,0,0%,0,0%,0,0,0%,0,0%,2,0,0%,1,50.00%,6,2,33.33%,1,16.67%
2334,2025-08-25,Mr M Grossett,4,0,0%,0,0%,0,0,0%,0,0%,4,0,0%,0,0%,0,0,0%,0,0%,0,0,0%,0,0%
2335,2025-08-25,A Coutier,1,1,100.00%,0,0.00%,0,0,0%,0,0%,1,1,100.00%,0,0%,0,0,0%,0,0%,0,0,0%,0,0%
2336,2025-08-25,M Seidl,1,0,0%,1,0%,0,0,0%,0,0%,1,0,0%,1,100.00%,0,0,0%,0,0%,0,0,0%,0,0%
2337,2025-08-25,Katharina Irmer,1,0,0%,1,0%,0,0,0%,0,0%,1,0,0%,1,100.00%,0,0,0%,0,0%,0,0,0%,0,0%
2338,2025-08-25,Andrea Fresu,1,0,0%,0,0%,0,0,0%,0,0%,1,0,0%,0,0%,0,0,0%,0,0%,0,0,0%,0,0%
2339,2025-08-25,D Migliore,1,0,0%,0,0%,0,0,0%,0,0%,1,0,0%,0,0%,0,0,0%,0,0%,0,0,0%,0,0%
2340,2025-08-25,Lily Le Pemp,1,0,0%,0,0%,0,0,0%,0,0%,1,0,0%,0,0%,0,0,0%,0,0%,0,0,0%,0,0%
2341,2025-08-25,Miss L Foulard,2,0,0%,0,0%,0,0,0%,0,0%,1,0,0%,0,0%,0,0,0%,0,0%,1,0,0%,0,0%
2342,2025-08-25,A Mezzatesta,1,0,0%,0,0%,0,0,0%,0,0%,1,0,0%,0,0%,0,0,0%,0,0%,0,0,0%,0,0%
2343,2025-08-25,T Brown,1,0,0%,0,0%,0,0,0%,0,0%,1,0,0%,0,0%,0,0,0%,0,0%,0,0,0%,0,0%
2344,2025-08-25,Laura Grosso,1,0,0%,0,0%,0,0,0%,0,0%,1,0,0%,0,0%,0,0,0%,0,0%,0,0,0%,0,0%
2345,2025-08-25,Clarissa Werning,1,0,0%,0,0%,0,0,0%,0,0%,1,0,0%,0,0%,0,0,0%,0,0%,0,0,0%,0,0%
2346,2025-08-25,Marinos Kyriakides,1,0,0%,0,0%,1,0,0%,0,0%,0,0,0%,0,0%,0,0,0%,0,0%,0,0,0%,0,0%
2348,2025-08-25,Paul Booth,135,4,2.96%,27,20.00%,95,4,4.21%,20,21.05%,40,0,0%,7,17.50%,0,0,0%,0,0%,0,0,0%,0,0%
2349,2025-08-25,Heidi Holder,1,0,0%,0,0%,1,0,0%,0,0%,0,0,0%,0,0%,0,0,0%,0,0%,0,0,0%,0,0%
2350,2025-08-25,D Fox,253,30,11.86%,54,21.34%,115,14,12.17%,17,14.78%,138,16,11.59%,37,26.81%,0,0,0%,0,0%,0,0,0%,0,0%
2351,2025-08-25,Russell Kennemore,4,0,0%,2,0%,0,0,0%,0,0%,4,0,0%,2,50.00%,0,0,0%,0,0%,0,0,0%,0,0%
2352,2025-08-25,F McDonald,1,0,0%,0,0%,0,0,0%,0,0%,1,0,0%,0,0%,0,0,0%,0,0%,0,0,0%,0,0%
2353,2025-08-25,Wilson Renwick,1,0,0%,0,0%,0,0,0%,0,0%,0,0,0%,0,0%,1,0,0%,0,0%,0,0,0%,0,0%
2354,2025-08-25,Joel Belbin,19,2,10.53%,6,31.58%,0,0,0%,0,0%,1,0,0%,0,0%,0,0,0%,0,0%,18,2,11.11%,6,33.33%
2355,2025-08-25,D Fitzpatrick,33,1,3.03%,5,15.15%,15,1,6.67%,1,6.67%,18,0,0%,4,22.22%,0,0,0%,0,0%,0,0,0%,0,0%
2356,2025-08-25,S A Harding,1,0,0%,0,0%,0,0,0%,0,0%,0,0,0%,0,0%,0,0,0%,0,0%,1,0,0%,0,0%
2357,2025-08-25,Nicole Nordblad,243,33,13.58%,63,25.93%,191,24,12.57%,49,25.65%,51,9,17.65%,14,27.45%,1,0,0%,0,0%,0,0,0%,0,0%
2358,2025-08-25,Terence Hellier,1,0,0%,0,0%,0,0,0%,0,0%,1,0,0%,0,0%,0,0,0%,0,0%,0,0,0%,0,0%
2359,2025-08-25,A M Leeper,3,0,0%,0,0%,0,0,0%,0,0%,3,0,0%,0,0%,0,0,0%,0,0%,0,0,0%,0,0%
2360,2025-08-25,A J Flaherty,44,0,0%,4,0%,0,0,0%,0,0%,2,0,0%,0,0%,2,0,0%,0,0%,40,0,0%,4,10.00%
2361,2025-08-25,Mr P C Bannon,92,7,7.61%,19,20.65%,0,0,0%,0,0%,62,5,8.06%,15,24.19%,23,1,4.35%,3,13.04%,7,1,14.29%,1,14.29%
2362,2025-08-25,Mr D Satalia,1,0,0%,0,0%,0,0,0%,0,0%,1,0,0%,0,0%,0,0,0%,0,0%,0,0,0%,0,0%
2363,2025-08-25,Mr H D Dunne,312,22,7.05%,76,24.36%,1,0,0%,0,0%,158,7,4.43%,38,24.05%,67,6,8.96%,16,23.88%,86,9,10.47%,22,25.58%
2365,2025-08-25,Mr R Hogg,28,2,7.14%,12,42.86%,1,0,0%,0,0%,3,0,0%,1,33.33%,9,1,11.11%,3,33.33%,15,1,6.67%,8,53.33%
2366,2025-08-25,Livia Machalikova,2,0,0%,1,0%,2,0,0%,1,50.00%,0,0,0%,0,0%,0,0,0%,0,0%,0,0,0%,0,0%
2367,2025-08-25,Gavin Sheehan,179,20,11.17%,48,26.82%,0,0,0%,0,0%,7,0,0%,2,28.57%,60,5,8.33%,15,25.00%,112,15,13.39%,31,27.68%
2368,2025-08-25,Fredrik Johansson,1,0,0%,0,0%,0,0,0%,0,0%,1,0,0%,0,0%,0,0,0%,0,0%,0,0,0%,0,0%
2369,2025-08-25,P G Callaghan,10,0,0%,2,0%,0,0,0%,0,0%,0,0,0%,0,0%,0,0,0%,0,0%,10,0,0%,2,20.00%
2370,2025-08-25,Shane Shortall,3,2,66.67%,1,33.33%,0,0,0%,0,0%,0,0,0%,0,0%,0,0,0%,0,0%,3,2,66.67%,1,33.33%
2371,2025-08-25,R J L Butler,1,0,0%,0,0%,0,0,0%,0,0%,1,0,0%,0,0%,0,0,0%,0,0%,0,0,0%,0,0%
2372,2025-08-25,J Grosjean,1,0,0%,0,0%,0,0,0%,0,0%,1,0,0%,0,0%,0,0,0%,0,0%,0,0,0%,0,0%
2373,2025-08-25,Miss Kate McGivern,3,0,0%,1,0%,1,0,0%,0,0%,2,0,0%,1,50.00%,0,0,0%,0,0%,0,0,0%,0,0%
2374,2025-08-25,H G Murphy,36,1,2.78%,5,13.89%,0,0,0%,0,0%,3,0,0%,1,33.33%,2,0,0%,1,50.00%,31,1,3.23%,3,9.68%
2375,2025-08-25,Miss Harriet Dickin,1,0,0%,0,0%,0,0,0%,0,0%,0,0,0%,0,0%,0,0,0%,0,0%,1,0,0%,0,0%
2376,2025-08-25,Liam Browne,129,9,6.98%,40,31.01%,67,6,8.96%,22,32.84%,59,3,5.08%,18,30.51%,0,0,0%,0,0%,3,0,0%,0,0%
2377,2025-08-25,Ryan Duthie,2,0,0%,0,0%,1,0,0%,0,0%,1,0,0%,0,0%,0,0,0%,0,0%,0,0,0%,0,0%
2378,2025-08-25,Garry Lavery,157,11,7.01%,51,32.48%,4,0,0%,1,25.00%,35,2,5.71%,12,34.29%,24,0,0%,8,33.33%,94,9,9.57%,30,31.91%
2379,2025-08-25,Megan Carberry,360,39,10.83%,103,28.61%,87,5,5.75%,13,14.94%,243,23,9.47%,78,32.10%,1,0,0%,0,0%,29,11,37.93%,12,41.38%
2380,2025-08-25,Mr L P Flynn,94,3,3.19%,10,10.64%,1,0,0%,0,0%,56,1,1.79%,10,17.86%,12,0,0%,0,0%,25,2,8.00%,0,0%
2381,2025-08-25,Mr A D Doyle,10,0,0%,0,0%,0,0,0%,0,0%,9,0,0%,0,0%,0,0,0%,0,0%,1,0,0%,0,0%
2382,2025-08-25,Freddie Mitchell,245,27,11.02%,62,25.31%,1,0,0%,0,0%,27,5,18.52%,10,37.04%,68,11,16.18%,11,16.18%,149,11,7.38%,41,27.52%
2383,2025-08-25,Mr A French,66,0,0%,18,0%,17,0,0%,5,29.41%,49,0,0%,13,26.53%,0,0,0%,0,0%,0,0,0%,0,0%
2384,2025-08-25,Mr E Sibbick,6,1,16.67%,1,16.67%,2,1,50.00%,0,0%,4,0,0%,1,25.00%,0,0,0%,0,0%,0,0,0%,0,0%
2385,2025-08-25,Mr B Inglis,2,0,0%,1,0%,0,0,0%,0,0%,1,0,0%,1,100.00%,1,0,0%,0,0%,0,0,0%,0,0%
2386,2025-08-25,Miss M Hooper,3,0,0%,0,0%,0,0,0%,0,0%,2,0,0%,0,0%,0,0,0%,0,0%,1,0,0%,0,0%
2387,2025-08-25,Miss C A Madgin,3,1,33.33%,0,0.00%,2,1,50.00%,0,0%,1,0,0%,0,0%,0,0,0%,0,0%,0,0,0%,0,0%
2388,2025-08-25,Miss H Millward,1,0,0%,0,0%,0,0,0%,0,0%,1,0,0%,0,0%,0,0,0%,0,0%,0,0,0%,0,0%
2389,2025-08-25,Conor Ring,1641,84,5.12%,414,25.23%,5,0,0%,2,40.00%,90,4,4.44%,29,32.22%,459,28,6.10%,129,28.10%,1087,52,4.78%,254,23.37%
2390,2025-08-25,Mr M J Quinlan,2,0,0%,1,0%,0,0,0%,0,0%,0,0,0%,0,0%,1,0,0%,1,100.00%,1,0,0%,0,0%
2391,2025-08-25,Mr D J Smalle,7,0,0%,0,0%,0,0,0%,0,0%,7,0,0%,0,0%,0,0,0%,0,0%,0,0,0%,0,0%
2392,2025-08-25,Maurice Linehan,407,49,12.04%,126,30.96%,0,0,0%,0,0%,24,1,4.17%,9,37.50%,84,7,8.33%,24,28.57%,299,41,13.71%,93,31.10%
2393,2025-08-25,Francesca Woliter,8,1,12.50%,4,50.00%,2,0,0%,1,50.00%,6,1,16.67%,3,50.00%,0,0,0%,0,0%,0,0,0%,0,0%
2394,2025-08-25,Liam McKenna,236,6,2.54%,64,27.12%,1,0,0%,0,0%,12,0,0%,2,16.67%,30,0,0%,9,30.00%,193,6,3.11%,53,27.46%
2395,2025-08-25,Miss Claire Anne O'Brien,1,1,100.00%,0,0.00%,0,0,0%,0,0%,1,1,100.00%,0,0%,0,0,0%,0,0%,0,0,0%,0,0%
2396,2025-08-25,Miss D Neilan,1,0,0%,0,0%,0,0,0%,0,0%,1,0,0%,0,0%,0,0,0%,0,0%,0,0,0%,0,0%
2397,2025-08-25,Miss T O'Sullivan,2,0,0%,0,0%,0,0,0%,0,0%,2,0,0%,0,0%,0,0,0%,0,0%,0,0,0%,0,0%
2398,2025-08-25,Mr Edward McCormack,1,0,0%,0,0%,0,0,0%,0,0%,1,0,0%,0,0%,0,0,0%,0,0%,0,0,0%,0,0%
2399,2025-08-25,Ryan While,573,39,6.81%,172,30.02%,264,17,6.44%,74,28.03%,280,19,6.79%,89,31.79%,1,0,0%,0,0%,28,3,10.71%,9,32.14%
2400,2025-08-25,R Clark,430,29,6.74%,129,30.00%,153,9,5.88%,48,31.37%,277,20,7.22%,81,29.24%,0,0,0%,0,0%,0,0,0%,0,0%
2401,2025-08-25,Mr Martin J Molloy,19,0,0%,5,0%,0,0,0%,0,0%,19,0,0%,5,26.32%,0,0,0%,0,0%,0,0,0%,0,0%
2402,2025-08-25,Mr P J Cosgrave,12,1,8.33%,2,16.67%,1,0,0%,0,0%,1,0,0%,0,0%,1,0,0%,0,0%,9,1,11.11%,2,22.22%
2403,2025-08-25,Mr S Clarke,4,0,0%,0,0%,1,0,0%,0,0%,2,0,0%,0,0%,0,0,0%,0,0%,1,0,0%,0,0%
2404,2025-08-25,Mr C Dowson,35,2,5.71%,19,54.29%,3,0,0%,2,66.67%,6,0,0%,4,66.67%,4,0,0%,1,25.00%,22,2,9.09%,12,54.55%
2405,2025-08-25,Mr Jason Kiely,13,0,0%,2,0%,0,0,0%,0,0%,0,0,0%,0,0%,3,0,0%,1,33.33%,10,0,0%,1,10.00%
2406,2025-08-25,Mr B Gibbs,136,17,12.50%,49,36.03%,1,0,0%,0,0%,5,1,20.00%,2,40.00%,102,13,12.75%,36,35.29%,28,3,10.71%,11,39.29%
2407,2025-08-25,Mr R Cooper,17,3,17.65%,4,23.53%,0,0,0%,0,0%,4,0,0%,2,50.00%,4,1,25.00%,1,25.00%,9,2,22.22%,1,11.11%
2408,2025-08-25,Miss A Ryan,6,1,16.67%,1,16.67%,2,0,0%,0,0%,4,1,25.00%,1,25.00%,0,0,0%,0,0%,0,0,0%,0,0%
2409,2025-08-25,Mr M J Black,1,0,0%,1,0%,0,0,0%,0,0%,1,0,0%,1,100.00%,0,0,0%,0,0%,0,0,0%,0,0%
2410,2025-08-25,Mr P R Whoriskey,3,0,0%,2,0%,0,0,0%,0,0%,3,0,0%,2,66.67%,0,0,0%,0,0%,0,0,0%,0,0%
2411,2025-08-25,Miss N Doyle,43,0,0%,14,0%,0,0,0%,0,0%,43,0,0%,14,32.56%,0,0,0%,0,0%,0,0,0%,0,0%
2412,2025-08-25,Mr R E O'Sullivan,22,2,9.09%,10,45.45%,2,1,50.00%,0,0%,20,1,5.00%,10,50.00%,0,0,0%,0,0%,0,0,0%,0,0%
2413,2025-08-25,Mr Jamie Heavey,4,0,0%,0,0%,0,0,0%,0,0%,4,0,0%,0,0%,0,0,0%,0,0%,0,0,0%,0,0%
2414,2025-08-25,Miss C Daffy,36,0,0%,13,0%,0,0,0%,0,0%,7,0,0%,0,0%,12,0,0%,5,41.67%,17,0,0%,8,47.06%
2415,2025-08-25,Mr C Geoghegan,1,0,0%,0,0%,0,0,0%,0,0%,1,0,0%,0,0%,0,0,0%,0,0%,0,0,0%,0,0%
2416,2025-08-25,Ms S Drake,1,0,0%,0,0%,0,0,0%,0,0%,0,0,0%,0,0%,0,0,0%,0,0%,1,0,0%,0,0%
2417,2025-08-25,Miss J Mason,2,0,0%,0,0%,0,0,0%,0,0%,1,0,0%,0,0%,0,0,0%,0,0%,1,0,0%,0,0%
2418,2025-08-25,J P Kerse,23,0,0%,4,0%,0,0,0%,0,0%,2,0,0%,0,0%,0,0,0%,0,0%,21,0,0%,4,19.05%
2419,2025-08-25,James Best,4243,282,6.65%,1142,26.91%,17,0,0%,2,11.76%,266,5,1.88%,62,23.31%,1576,162,10.28%,508,32.23%,2384,115,4.82%,570,23.91%
2420,2025-08-25,T E Whelan,3362,282,8.39%,923,27.45%,1083,77,7.11%,254,23.45%,1550,139,8.97%,406,26.19%,250,31,12.40%,96,38.40%,479,35,7.31%,167,34.86%
2421,2025-08-25,Miss H M Turner,1,0,0%,0,0%,1,0,0%,0,0%,0,0,0%,0,0%,0,0,0%,0,0%,0,0,0%,0,0%
2422,2025-08-25,Jordan Taylor,4,0,0%,0,0%,1,0,0%,0,0%,3,0,0%,0,0%,0,0,0%,0,0%,0,0,0%,0,0%
2423,2025-08-25,Jean Van Overmeire,19,1,5.26%,4,21.05%,11,1,9.09%,1,9.09%,8,0,0%,3,37.50%,0,0,0%,0,0%,0,0,0%,0,0%
2424,2025-08-25,L A McKenna,879,38,4.32%,185,21.05%,6,1,16.67%,0,0%,38,1,2.63%,17,44.74%,111,3,2.70%,20,18.02%,724,33,4.56%,148,20.44%
2425,2025-08-25,Lee Horner,1,0,0%,0,0%,0,0,0%,0,0%,0,0,0%,0,0%,1,0,0%,0,0%,0,0,0%,0,0%
2426,2025-08-25,Leah-Anne Avery,26,2,7.69%,7,26.92%,14,2,14.29%,3,21.43%,12,0,0%,4,33.33%,0,0,0%,0,0%,0,0,0%,0,0%
2427,2025-08-25,M E Rafferty,13,1,7.69%,2,15.38%,8,1,12.50%,1,12.50%,5,0,0%,1,20.00%,0,0,0%,0,0%,0,0,0%,0,0%
2428,2025-08-25,G P Halpin,1723,90,5.22%,386,22.40%,489,32,6.54%,121,24.74%,1233,58,4.70%,265,21.49%,1,0,0%,0,0%,0,0,0%,0,0%
2429,2025-08-25,Arron Kennedy,9,0,0%,2,0%,0,0,0%,0,0%,3,0,0%,0,0%,0,0,0%,0,0%,6,0,0%,2,33.33%
2430,2025-08-25,Robert Spencer,3,0,0%,1,0%,3,0,0%,1,33.33%,0,0,0%,0,0%,0,0,0%,0,0%,0,0,0%,0,0%
2431,2025-08-25,Diarmuid O'Regan,402,34,8.46%,150,37.31%,8,0,0%,3,37.50%,43,3,6.98%,14,32.56%,92,10,10.87%,31,33.70%,259,21,8.11%,102,39.38%
2432,2025-08-25,Lizzie Kelly,472,61,12.92%,186,39.41%,1,0,0%,0,0%,37,4,10.81%,16,43.24%,122,17,13.93%,42,34.43%,312,40,12.82%,128,41.03%
2433,2025-08-25,Mr D Irving,9,0,0%,5,0%,1,0,0%,0,0%,1,0,0%,1,100.00%,3,0,0%,1,33.33%,4,0,0%,3,75.00%
2434,2025-08-25,Mr R Nichol,12,0,0%,5,0%,1,0,0%,1,100.00%,0,0,0%,0,0%,0,0,0%,0,0%,11,0,0%,4,36.36%
2435,2025-08-25,Mr J Dixon,189,15,7.94%,53,28.04%,2,0,0%,0,0%,9,0,0%,1,11.11%,17,0,0%,0,0%,161,15,9.32%,52,32.30%
2436,2025-08-25,Mr T Greenwood,70,3,4.29%,27,38.57%,4,0,0%,0,0%,21,2,9.52%,8,38.10%,33,1,3.03%,16,48.48%,12,0,0%,3,25.00%
2437,2025-08-25,Miss E L Owen,3,0,0%,0,0%,2,0,0%,0,0%,1,0,0%,0,0%,0,0,0%,0,0%,0,0,0%,0,0%
2438,2025-08-25,Miss M Edden,52,5,9.62%,19,36.54%,18,2,11.11%,7,38.89%,34,3,8.82%,12,35.29%,0,0,0%,0,0%,0,0,0%,0,0%
2439,2025-08-25,Ned Curtis,403,47,11.66%,139,34.49%,140,9,6.43%,39,27.86%,148,23,15.54%,51,34.46%,14,3,21.43%,5,35.71%,101,12,11.88%,44,43.56%
2440,2025-08-25,Gemma Nellist,4,0,0%,0,0%,3,0,0%,0,0%,1,0,0%,0,0%,0,0,0%,0,0%,0,0,0%,0,0%
2441,2025-08-25,Paul McGiff,42,1,2.38%,10,23.81%,8,0,0%,1,12.50%,34,1,2.94%,9,26.47%,0,0,0%,0,0%,0,0,0%,0,0%
2442,2025-08-25,Emma Clutterbuck,2,0,0%,0,0%,0,0,0%,0,0%,1,0,0%,0,0%,0,0,0%,0,0%,1,0,0%,0,0%
2443,2025-08-25,Rosie McKee,2,0,0%,0,0%,0,0,0%,0,0%,1,0,0%,0,0%,0,0,0%,0,0%,1,0,0%,0,0%
2444,2025-08-25,Mr Will Pettis,50,3,6.00%,16,32.00%,16,3,18.75%,4,25.00%,24,0,0%,10,41.67%,0,0,0%,0,0%,10,0,0%,2,20.00%
2445,2025-08-25,Mr A J McCarthy,1,0,0%,0,0%,0,0,0%,0,0%,1,0,0%,0,0%,0,0,0%,0,0%,0,0,0%,0,0%
2446,2025-08-25,Matthew Hopkins,310,27,8.71%,89,28.71%,131,14,10.69%,45,34.35%,179,13,7.26%,44,24.58%,0,0,0%,0,0%,0,0,0%,0,0%
2447,2025-08-25,Mr S Brockbank,8,0,0%,2,0%,0,0,0%,0,0%,3,0,0%,2,66.67%,2,0,0%,0,0%,3,0,0%,0,0%
2448,2025-08-25,Mr D Gannon,13,0,0%,1,0%,3,0,0%,0,0%,5,0,0%,0,0%,1,0,0%,0,0%,4,0,0%,1,25.00%
2449,2025-08-25,Mr E Barrett,21,0,0%,8,0%,0,0,0%,0,0%,0,0,0%,0,0%,7,0,0%,5,71.43%,14,0,0%,3,21.43%
2450,2025-08-25,Kieran O Neill,1,0,0%,0,0%,1,0,0%,0,0%,0,0,0%,0,0%,0,0,0%,0,0%,0,0,0%,0,0%
2451,2025-08-25,Miss M L Evans,2,0,0%,0,0%,2,0,0%,0,0%,0,0,0%,0,0%,0,0,0%,0,0%,0,0,0%,0,0%
2452,2025-08-25,Miss S Lewis,14,0,0%,4,0%,8,0,0%,3,37.50%,3,0,0%,1,33.33%,0,0,0%,0,0%,3,0,0%,0,0%
2453,2025-08-25,Miss B Hampson,164,14,8.54%,49,29.88%,21,2,9.52%,2,9.52%,31,3,9.68%,12,38.71%,26,1,3.85%,10,38.46%,86,8,9.30%,25,29.07%
2454,2025-08-25,Mrs A Guest,13,0,0%,4,0%,6,0,0%,3,50.00%,6,0,0%,1,16.67%,0,0,0%,0,0%,1,0,0%,0,0%
2455,2025-08-25,Mr A Stronge,10,0,0%,3,0%,0,0,0%,0,0%,3,0,0%,0,0%,2,0,0%,0,0%,5,0,0%,3,60.00%
2456,2025-08-25,D M Sweeney,9,0,0%,0,0%,6,0,0%,0,0%,3,0,0%,0,0%,0,0,0%,0,0%,0,0,0%,0,0%
2457,2025-08-25,Daniel Mullins,2,0,0%,0,0%,0,0,0%,0,0%,0,0,0%,0,0%,1,0,0%,0,0%,1,0,0%,0,0%
2458,2025-08-25,Mr E F Linehan,3,0,0%,1,0%,0,0,0%,0,0%,3,0,0%,1,33.33%,0,0,0%,0,0%,0,0,0%,0,0%
2459,2025-08-25,Mr S Connor,202,10,4.95%,61,30.20%,0,0,0%,0,0%,125,8,6.40%,37,29.60%,38,1,2.63%,12,31.58%,39,1,2.56%,12,30.77%
2460,2025-08-25,Paul Hainey,31,2,6.45%,14,45.16%,20,1,5.00%,9,45.00%,11,1,9.09%,5,45.45%,0,0,0%,0,0%,0,0,0%,0,0%
2461,2025-08-25,Mr Joshua Newman,251,29,11.55%,85,33.86%,4,0,0%,1,25.00%,22,2,9.09%,7,31.82%,103,9,8.74%,35,33.98%,122,18,14.75%,42,34.43%
2462,2025-08-25,Mr Nathan Cook,5,0,0%,1,0%,0,0,0%,0,0%,2,0,0%,0,0%,1,0,0%,1,100.00%,2,0,0%,0,0%
2463,2025-08-25,Mr Byron Moorcroft,17,0,0%,4,0%,0,0,0%,0,0%,3,0,0%,1,33.33%,6,0,0%,3,50.00%,8,0,0%,0,0%
2464,2025-08-25,Mr L Kilgarriff,80,2,2.50%,22,27.50%,3,0,0%,2,66.67%,5,0,0%,0,0%,25,0,0%,7,28.00%,47,2,4.26%,13,27.66%
2465,2025-08-25,Mr D J Cogley,10,0,0%,1,0%,0,0,0%,0,0%,7,0,0%,1,14.29%,1,0,0%,0,0%,2,0,0%,0,0%
2466,2025-08-25,Miss Faye Conway,2,0,0%,0,0%,0,0,0%,0,0%,0,0,0%,0,0%,2,0,0%,0,0%,0,0,0%,0,0%
2467,2025-08-25,Mr D T Jones,3,0,0%,0,0%,0,0,0%,0,0%,0,0,0%,0,0%,3,0,0%,0,0%,0,0,0%,0,0%
2468,2025-08-25,J Huxham,27,2,7.41%,12,44.44%,1,0,0%,0,0%,4,0,0%,2,50.00%,9,1,11.11%,3,33.33%,13,1,7.69%,7,53.85%
2469,2025-08-25,Miss J Westwood,1,1,100.00%,0,0.00%,0,0,0%,0,0%,0,0,0%,0,0%,1,1,100.00%,0,0%,0,0,0%,0,0%
2470,2025-08-25,Miss R L Tutton,1,0,0%,0,0%,0,0,0%,0,0%,0,0,0%,0,0%,1,0,0%,0,0%,0,0,0%,0,0%
2471,2025-08-25,Mr W C Roe,5,0,0%,1,0%,0,0,0%,0,0%,5,0,0%,1,20.00%,0,0,0%,0,0%,0,0,0%,0,0%
2472,2025-08-25,Miss A Chadwick,6,0,0%,2,0%,2,0,0%,0,0%,4,0,0%,2,50.00%,0,0,0%,0,0%,0,0,0%,0,0%
2473,2025-08-25,Mr G Cottreau,5,0,0%,2,0%,0,0,0%,0,0%,0,0,0%,0,0%,4,0,0%,1,25.00%,1,0,0%,1,100.00%
2474,2025-08-25,Mr R M O'Dea,10,0,0%,3,0%,0,0,0%,0,0%,6,0,0%,2,33.33%,4,0,0%,1,25.00%,0,0,0%,0,0%
2475,2025-08-25,Mr A D Bustin,40,2,5.00%,5,12.50%,0,0,0%,0,0%,16,0,0%,2,12.50%,1,0,0%,0,0%,23,2,8.70%,3,13.04%
2476,2025-08-25,Mr Matthew Rochford,1,0,0%,0,0%,1,0,0%,0,0%,0,0,0%,0,0%,0,0,0%,0,0%,0,0,0%,0,0%
2477,2025-08-25,P C O'Donnell,343,43,12.54%,106,30.90%,132,20,15.15%,45,34.09%,211,23,10.90%,61,28.91%,0,0,0%,0,0%,0,0,0%,0,0%
2478,2025-08-25,Phoebe Cruse,3,0,0%,1,0%,3,0,0%,1,33.33%,0,0,0%,0,0%,0,0,0%,0,0%,0,0,0%,0,0%
2479,2025-08-25,A Ring,1403,61,4.35%,262,18.67%,3,0,0%,0,0%,37,0,0%,5,13.51%,352,21,5.97%,75,21.31%,1011,40,3.96%,182,18.00%
2480,2025-08-25,J M Quinlan,256,26,10.16%,53,20.70%,0,0,0%,0,0%,32,1,3.13%,5,15.63%,71,6,8.45%,19,26.76%,153,19,12.42%,29,18.95%
2481,2025-08-25,Capt Harry Wallace,12,3,25.00%,6,50.00%,0,0,0%,0,0%,0,0,0%,0,0%,10,3,30.00%,5,50.00%,2,0,0%,1,50.00%
2482,2025-08-25,Bdr Kate Stock,1,0,0%,0,0%,0,0,0%,0,0%,0,0,0%,0,0%,1,0,0%,0,0%,0,0,0%,0,0%
2483,2025-08-25,Miss E Macmahon,9,2,22.22%,3,33.33%,0,0,0%,0,0%,0,0,0%,0,0%,9,2,22.22%,3,33.33%,0,0,0%,0,0%
2484,2025-08-25,Jon Park,37,1,2.70%,13,35.14%,0,0,0%,0,0%,1,0,0%,0,0%,7,0,0%,4,57.14%,29,1,3.45%,9,31.03%
2486,2025-08-25,Mr S O'Reilly,3,0,0%,0,0%,0,0,0%,0,0%,3,0,0%,0,0%,0,0,0%,0,0%,0,0,0%,0,0%
2487,2025-08-25,Mr S D Bohan,19,0,0%,6,0%,0,0,0%,0,0%,9,0,0%,3,33.33%,1,0,0%,0,0%,9,0,0%,3,33.33%
2488,2025-08-25,Mr J Martin,170,10,5.88%,59,34.71%,1,0,0%,0,0%,18,0,0%,4,22.22%,98,9,9.18%,35,35.71%,53,1,1.89%,20,37.74%
2489,2025-08-25,Mr G Gorman,17,1,5.88%,4,23.53%,3,0,0%,0,0%,1,0,0%,0,0%,6,1,16.67%,1,16.67%,7,0,0%,3,42.86%
2490,2025-08-25,Mr B Denvir,4,0,0%,0,0%,0,0,0%,0,0%,0,0,0%,0,0%,4,0,0%,0,0%,0,0,0%,0,0%
2491,2025-08-25,M D Briscoe,6,0,0%,0,0%,0,0,0%,0,0%,0,0,0%,0,0%,1,0,0%,0,0%,5,0,0%,0,0%
2492,2025-08-25,Harvey Mason,1,0,0%,0,0%,1,0,0%,0,0%,0,0,0%,0,0%,0,0,0%,0,0%,0,0,0%,0,0%
2493,2025-08-25,Conor Flannelly,1,0,0%,0,0%,0,0,0%,0,0%,1,0,0%,0,0%,0,0,0%,0,0%,0,0,0%,0,0%
2494,2025-08-25,Mr P Hardy,10,0,0%,0,0%,1,0,0%,0,0%,8,0,0%,0,0%,0,0,0%,0,0%,1,0,0%,0,0%
2495,2025-08-25,Miss R Bockhart,1,0,0%,0,0%,0,0,0%,0,0%,0,0,0%,0,0%,1,0,0%,0,0%,0,0,0%,0,0%
2496,2025-08-25,Mr B Cullinane,1,0,0%,0,0%,0,0,0%,0,0%,1,0,0%,0,0%,0,0,0%,0,0%,0,0,0%,0,0%
2497,2025-08-25,N Looby,1,0,0%,0,0%,1,0,0%,0,0%,0,0,0%,0,0%,0,0,0%,0,0%,0,0,0%,0,0%
2498,2025-08-25,Mr D Levey,21,1,4.76%,9,42.86%,4,1,25.00%,3,75.00%,15,0,0%,4,26.67%,1,0,0%,1,100.00%,1,0,0%,1,100.00%
2499,2025-08-25,Mr Nick Orpwood,43,6,13.95%,11,25.58%,0,0,0%,0,0%,3,0,0%,1,33.33%,39,6,15.38%,10,25.64%,1,0,0%,0,0%
2500,2025-08-25,Craig Nichol,3238,332,10.25%,1077,33.26%,46,1,2.17%,20,43.48%,246,16,6.50%,79,32.11%,1044,133,12.74%,350,33.52%,1902,182,9.57%,628,33.02%
2501,2025-08-25,Joey Haynes,4633,328,7.08%,1366,29.48%,2703,185,6.84%,784,29.00%,1926,142,7.37%,582,30.22%,2,0,0%,0,0%,2,1,50.00%,0,0%
2502,2025-08-25,Mr B Campbell,14,1,7.14%,5,35.71%,0,0,0%,0,0%,1,0,0%,0,0%,6,0,0%,4,66.67%,7,1,14.29%,1,14.29%
2504,2025-08-25,Pte Martin Allan,2,0,0%,0,0%,0,0,0%,0,0%,1,0,0%,0,0%,0,0,0%,0,0%,1,0,0%,0,0%
2505,2025-08-25,Capt Fred Hopkinson,1,0,0%,0,0%,0,0,0%,0,0%,0,0,0%,0,0%,1,0,0%,0,0%,0,0,0%,0,0%
2506,2025-08-25,Capt John Rawdon-Mogg,1,0,0%,0,0%,0,0,0%,0,0%,0,0,0%,0,0%,1,0,0%,0,0%,0,0,0%,0,0%
2507,2025-08-25,Mr J P Dowling,49,3,6.12%,14,28.57%,1,0,0%,0,0%,48,3,6.25%,14,29.17%,0,0,0%,0,0%,0,0,0%,0,0%
2508,2025-08-25,Mr B J Walsh,102,5,4.90%,12,11.76%,0,0,0%,0,0%,29,1,3.45%,2,6.90%,46,4,8.70%,10,21.74%,27,0,0%,0,0%
2509,2025-08-25,Mr M Harding,1,0,0%,0,0%,0,0,0%,0,0%,1,0,0%,0,0%,0,0,0%,0,0%,0,0,0%,0,0%
2510,2025-08-25,Declan Bates,27,2,7.41%,8,29.63%,13,2,15.38%,4,30.77%,12,0,0%,4,33.33%,1,0,0%,0,0%,1,0,0%,0,0%
2511,2025-08-25,Mr A Morley,1,0,0%,0,0%,0,0,0%,0,0%,0,0,0%,0,0%,1,0,0%,0,0%,0,0,0%,0,0%
2512,2025-08-25,Mr J S Day,3,0,0%,0,0%,0,0,0%,0,0%,0,0,0%,0,0%,3,0,0%,0,0%,0,0,0%,0,0%
2513,2025-08-25,Lee Evans,2,0,0%,1,0%,0,0,0%,0,0%,0,0,0%,0,0%,0,0,0%,0,0%,2,0,0%,1,50.00%
2514,2025-08-25,C Brassil,722,45,6.23%,154,21.33%,0,0,0%,0,0%,19,1,5.26%,6,31.58%,138,9,6.52%,34,24.64%,565,35,6.19%,114,20.18%
2515,2025-08-25,Miss H J Moore,2,0,0%,1,0%,0,0,0%,0,0%,2,0,0%,1,50.00%,0,0,0%,0,0%,0,0,0%,0,0%
2516,2025-08-25,Mrs Lucy Pearce Rowsell,2,0,0%,0,0%,0,0,0%,0,0%,0,0,0%,0,0%,2,0,0%,0,0%,0,0,0%,0,0%
2517,2025-08-25,Mr J A Sloan,2,0,0%,1,0%,0,0,0%,0,0%,2,0,0%,1,50.00%,0,0,0%,0,0%,0,0,0%,0,0%
2518,2025-08-25,George Gorman,63,5,7.94%,21,33.33%,0,0,0%,0,0%,0,0,0%,0,0%,13,2,15.38%,2,15.38%,50,3,6.00%,19,38.00%
2519,2025-08-25,Mr Paul John,30,5,16.67%,7,23.33%,0,0,0%,0,0%,3,1,33.33%,0,0%,9,2,22.22%,0,0%,18,2,11.11%,7,38.89%
2520,2025-08-25,C Sewell,4,0,0%,2,0%,2,0,0%,1,50.00%,2,0,0%,1,50.00%,0,0,0%,0,0%,0,0,0%,0,0%
2521,2025-08-25,Mr Nick Williams,18,2,11.11%,9,50.00%,0,0,0%,0,0%,0,0,0%,0,0%,17,1,5.88%,9,52.94%,1,1,100.00%,0,0%
2522,2025-08-25,Mr J A Ponting,9,1,11.11%,2,22.22%,1,0,0%,0,0%,2,1,50.00%,1,50.00%,4,0,0%,1,25.00%,2,0,0%,0,0%
2523,2025-08-25,Mr Marc Barber,1,0,0%,0,0%,0,0,0%,0,0%,0,0,0%,0,0%,1,0,0%,0,0%,0,0,0%,0,0%
2524,2025-08-25,Mr Ryan D Clark,4,0,0%,0,0%,0,0,0%,0,0%,1,0,0%,0,0%,0,0,0%,0,0%,3,0,0%,0,0%
2525,2025-08-25,Mr J Bromley,2,0,0%,0,0%,0,0,0%,0,0%,2,0,0%,0,0%,0,0,0%,0,0%,0,0,0%,0,0%
2526,2025-08-25,Ms J Ryan,2,0,0%,0,0%,0,0,0%,0,0%,2,0,0%,0,0%,0,0,0%,0,0%,0,0,0%,0,0%
2527,2025-08-25,Mr T P Ryan,11,0,0%,0,0%,0,0,0%,0,0%,5,0,0%,0,0%,4,0,0%,0,0%,2,0,0%,0,0%
2528,2025-08-25,Mr M O'Leary,2,0,0%,0,0%,0,0,0%,0,0%,2,0,0%,0,0%,0,0,0%,0,0%,0,0,0%,0,0%
2529,2025-08-25,Mr James Ferguson,14,2,14.29%,4,28.57%,0,0,0%,0,0%,0,0,0%,0,0%,12,2,16.67%,4,33.33%,2,0,0%,0,0%
2530,2025-08-25,Mr J J Smyth,12,6,50.00%,2,16.67%,0,0,0%,0,0%,1,0,0%,0,0%,11,6,54.55%,2,18.18%,0,0,0%,0,0%
2531,2025-08-25,Mr J J Burke,205,18,8.78%,58,28.29%,1,0,0%,0,0%,139,15,10.79%,43,30.94%,26,0,0%,4,15.38%,39,3,7.69%,11,28.21%
2532,2025-08-25,Mr W J Gleeson,86,5,5.81%,15,17.44%,0,0,0%,0,0%,54,4,7.41%,10,18.52%,24,1,4.17%,4,16.67%,8,0,0%,1,12.50%
2533,2025-08-25,Liam Treadwell,1,0,0%,0,0%,0,0,0%,0,0%,0,0,0%,0,0%,1,0,0%,0,0%,0,0,0%,0,0%
2534,2025-08-25,Ms N Di Brita,1,1,100.00%,0,0.00%,0,0,0%,0,0%,1,1,100.00%,0,0%,0,0,0%,0,0%,0,0,0%,0,0%
2535,2025-08-25,Ms E Turner,2,1,50.00%,1,50.00%,0,0,0%,0,0%,2,1,50.00%,1,50.00%,0,0,0%,0,0%,0,0,0%,0,0%
2536,2025-08-25,Mr S Dunphy,1,0,0%,1,0%,0,0,0%,0,0%,1,0,0%,1,100.00%,0,0,0%,0,0%,0,0,0%,0,0%
2537,2025-08-25,Miss E J Flynn,5,0,0%,0,0%,0,0,0%,0,0%,5,0,0%,0,0%,0,0,0%,0,0%,0,0,0%,0,0%
2538,2025-08-25,Miss A Donoghue,2,0,0%,0,0%,0,0,0%,0,0%,2,0,0%,0,0%,0,0,0%,0,0%,0,0,0%,0,0%
2539,2025-08-25,Miss P Monahan,1,0,0%,0,0%,0,0,0%,0,0%,1,0,0%,0,0%,0,0,0%,0,0%,0,0,0%,0,0%
2540,2025-08-25,Miss F McCourt,3,0,0%,0,0%,0,0,0%,0,0%,3,0,0%,0,0%,0,0,0%,0,0%,0,0,0%,0,0%
2541,2025-08-25,Miss M L Brennan,2,0,0%,0,0%,0,0,0%,0,0%,2,0,0%,0,0%,0,0,0%,0,0%,0,0,0%,0,0%
2542,2025-08-25,Miss E Sheridan,1,0,0%,0,0%,0,0,0%,0,0%,1,0,0%,0,0%,0,0,0%,0,0%,0,0,0%,0,0%
2543,2025-08-25,Ms A M O'Connor,1,0,0%,0,0%,0,0,0%,0,0%,1,0,0%,0,0%,0,0,0%,0,0%,0,0,0%,0,0%
2544,2025-08-25,Mr T D Ward,9,2,22.22%,4,44.44%,0,0,0%,0,0%,0,0,0%,0,0%,9,2,22.22%,4,44.44%,0,0,0%,0,0%
2545,2025-08-25,Mr J J Insole,6,0,0%,1,0%,0,0,0%,0,0%,1,0,0%,0,0%,2,0,0%,0,0%,3,0,0%,1,33.33%
2546,2025-08-25,Miss J Walton,232,26,11.21%,83,35.78%,1,0,0%,0,0%,85,5,5.88%,33,38.82%,65,8,12.31%,26,40.00%,81,13,16.05%,24,29.63%
2547,2025-08-25,Mr E G T Wrigley,6,1,16.67%,0,0.00%,0,0,0%,0,0%,0,0,0%,0,0%,6,1,16.67%,0,0%,0,0,0%,0,0%
2548,2025-08-25,C J Elliott,75,5,6.67%,16,21.33%,13,1,7.69%,0,0%,62,4,6.45%,16,25.81%,0,0,0%,0,0%,0,0,0%,0,0%
2549,2025-08-25,James J Doyle,1028,60,5.84%,194,18.87%,289,13,4.50%,62,21.45%,726,45,6.20%,125,17.22%,10,1,10.00%,6,60.00%,3,1,33.33%,1,33.33%
2551,2025-08-25,Mick Kinane,3,2,66.67%,1,33.33%,0,0,0%,0,0%,3,2,66.67%,1,33.33%,0,0,0%,0,0%,0,0,0%,0,0%
2552,2025-08-25,Marcus Armytage,1,0,0%,1,0%,0,0,0%,0,0%,1,0,0%,1,100.00%,0,0,0%,0,0%,0,0,0%,0,0%
2553,2025-08-25,Jimmy Frost,1,0,0%,0,0%,0,0,0%,0,0%,1,0,0%,0,0%,0,0,0%,0,0%,0,0,0%,0,0%
2554,2025-08-25,Ben de Haan,1,0,0%,0,0%,0,0,0%,0,0%,1,0,0%,0,0%,0,0,0%,0,0%,0,0,0%,0,0%
2555,2025-08-25,Adrian Maguire,1,0,0%,0,0%,0,0,0%,0,0%,1,0,0%,0,0%,0,0,0%,0,0%,0,0,0%,0,0%
2556,2025-08-25,Carl Llewellyn,3,0,0%,1,0%,0,0,0%,0,0%,3,0,0%,1,33.33%,0,0,0%,0,0%,0,0,0%,0,0%
2557,2025-08-25,Hywel Davies,1,0,0%,0,0%,0,0,0%,0,0%,1,0,0%,0,0%,0,0,0%,0,0%,0,0,0%,0,0%
2558,2025-08-25,Jim Culloty,4,0,0%,0,0%,0,0,0%,0,0%,4,0,0%,0,0%,0,0,0%,0,0%,0,0,0%,0,0%
2559,2025-08-25,Richard Pitman,1,0,0%,0,0%,0,0,0%,0,0%,1,0,0%,0,0%,0,0,0%,0,0%,0,0,0%,0,0%
2560,2025-08-25,Brendan Powell Snr,1,0,0%,0,0%,0,0,0%,0,0%,1,0,0%,0,0%,0,0,0%,0,0%,0,0,0%,0,0%
2561,2025-08-25,Mr R M P McNally,29,5,17.24%,11,37.93%,0,0,0%,0,0%,1,0,0%,0,0%,3,1,33.33%,2,66.67%,25,4,16.00%,9,36.00%
2562,2025-08-25,Miss M Thornton,2,0,0%,0,0%,0,0,0%,0,0%,2,0,0%,0,0%,0,0,0%,0,0%,0,0,0%,0,0%
2563,2025-08-25,Mr P Tobin,4,0,0%,0,0%,0,0,0%,0,0%,4,0,0%,0,0%,0,0,0%,0,0%,0,0,0%,0,0%
2564,2025-08-25,Reserve 3,16,1,6.25%,2,12.50%,0,0,0%,0,0%,8,0,0%,1,12.50%,4,0,0%,1,25.00%,4,1,25.00%,0,0%
2565,2025-08-25,F Windsor Clive,2,0,0%,0,0%,1,0,0%,0,0%,1,0,0%,0,0%,0,0,0%,0,0%,0,0,0%,0,0%
2566,2025-08-25,Mr T Betambeau,8,0,0%,0,0%,0,0,0%,0,0%,0,0,0%,0,0%,8,0,0%,0,0%,0,0,0%,0,0%
2567,2025-08-25,Mr S R Williams,10,0,0%,3,0%,0,0,0%,0,0%,1,0,0%,0,0%,6,0,0%,1,16.67%,3,0,0%,2,66.67%
2568,2025-08-25,Conor Harrison,7,1,14.29%,1,14.29%,3,1,33.33%,0,0%,4,0,0%,1,25.00%,0,0,0%,0,0%,0,0,0%,0,0%
2570,2025-08-25,Miss Alice Haynes,17,1,5.88%,8,47.06%,9,0,0%,4,44.44%,5,0,0%,2,40.00%,0,0,0%,0,0%,3,1,33.33%,2,66.67%
2571,2025-08-25,Mr J Lyttle,22,1,4.55%,8,36.36%,0,0,0%,0,0%,0,0,0%,0,0%,17,1,5.88%,8,47.06%,5,0,0%,0,0%
2572,2025-08-25,Andrew Glassonbury,1,0,0%,0,0%,0,0,0%,0,0%,0,0,0%,0,0%,1,0,0%,0,0%,0,0,0%,0,0%
2573,2025-08-25,Mr J Linehan,2,0,0%,1,0%,0,0,0%,0,0%,2,0,0%,1,50.00%,0,0,0%,0,0%,0,0,0%,0,0%
2574,2025-08-25,Mr Garry Lavery,37,2,5.41%,13,35.14%,2,0,0%,0,0%,8,0,0%,1,12.50%,3,0,0%,1,33.33%,24,2,8.33%,11,45.83%
2575,2025-08-25,Mr Jake Thomas Coulson,14,0,0%,1,0%,0,0,0%,0,0%,4,0,0%,0,0%,3,0,0%,0,0%,7,0,0%,1,14.29%
2576,2025-08-25,B J Toomey,97,7,7.22%,31,31.96%,6,0,0%,5,83.33%,19,1,5.26%,4,21.05%,17,3,17.65%,7,41.18%,55,3,5.45%,15,27.27%
2577,2025-08-25,Mr P Mann,23,4,17.39%,6,26.09%,0,0,0%,0,0%,1,0,0%,1,100.00%,22,4,18.18%,5,22.73%,0,0,0%,0,0%
2578,2025-08-25,Ms Annabel Roberts,13,0,0%,4,0%,0,0,0%,0,0%,0,0,0%,0,0%,10,0,0%,3,30.00%,3,0,0%,1,33.33%
2581,2025-08-25,Miss C Prichard,22,0,0%,9,0%,0,0,0%,0,0%,0,0,0%,0,0%,21,0,0%,9,42.86%,1,0,0%,0,0%
2582,2025-08-25,Mr T Hampton,3,0,0%,1,0%,0,0,0%,0,0%,0,0,0%,0,0%,2,0,0%,1,50.00%,1,0,0%,0,0%
2583,2025-08-25,Miss Leanda Tickle,53,4,7.55%,22,41.51%,0,0,0%,0,0%,2,1,50.00%,0,0%,47,3,6.38%,22,46.81%,4,0,0%,0,0%
2584,2025-08-25,Alice Cartwright,2,0,0%,0,0%,0,0,0%,0,0%,2,0,0%,0,0%,0,0,0%,0,0%,0,0,0%,0,0%
2585,2025-08-25,Miss Lindsey Metcalfe,1,0,0%,0,0%,0,0,0%,0,0%,1,0,0%,0,0%,0,0,0%,0,0%,0,0,0%,0,0%
2586,2025-08-25,Kevin Stott,4424,633,14.31%,1756,39.69%,1334,203,15.22%,569,42.65%,3085,429,13.91%,1183,38.35%,4,1,25.00%,3,75.00%,1,0,0%,1,100.00%
2587,2025-08-25,Mr J P O'Sullivan,68,1,1.47%,20,29.41%,0,0,0%,0,0%,48,1,2.08%,14,29.17%,5,0,0%,3,60.00%,15,0,0%,3,20.00%
2588,2025-08-25,Mr A Braithwaite,4,0,0%,1,0%,0,0,0%,0,0%,0,0,0%,0,0%,4,0,0%,1,25.00%,0,0,0%,0,0%
2589,2025-08-25,Mr M Durning,1,0,0%,1,0%,0,0,0%,0,0%,1,0,0%,1,100.00%,0,0,0%,0,0%,0,0,0%,0,0%
2590,2025-08-25,Mr K J Fenton,2,0,0%,0,0%,0,0,0%,0,0%,2,0,0%,0,0%,0,0,0%,0,0%,0,0,0%,0,0%
2591,2025-08-25,Mr P J Woods,7,0,0%,0,0%,3,0,0%,0,0%,4,0,0%,0,0%,0,0,0%,0,0%,0,0,0%,0,0%
2592,2025-08-25,Miss K McDonald,1,0,0%,0,0%,0,0,0%,0,0%,1,0,0%,0,0%,0,0,0%,0,0%,0,0,0%,0,0%
2593,2025-08-25,Mr L Grendon,2,0,0%,0,0%,0,0,0%,0,0%,2,0,0%,0,0%,0,0,0%,0,0%,0,0,0%,0,0%
2594,2025-08-25,Miss A Flood,1,0,0%,0,0%,0,0,0%,0,0%,1,0,0%,0,0%,0,0,0%,0,0%,0,0,0%,0,0%
2595,2025-08-25,Miss M Trainor,6,0,0%,0,0%,2,0,0%,0,0%,0,0,0%,0,0%,0,0,0%,0,0%,4,0,0%,0,0%
2596,2025-08-25,Mr A J Clifford,4,0,0%,0,0%,0,0,0%,0,0%,1,0,0%,0,0%,3,0,0%,0,0%,0,0,0%,0,0%
2597,2025-08-25,Mr P Maher,3,0,0%,0,0%,0,0,0%,0,0%,1,0,0%,0,0%,2,0,0%,0,0%,0,0,0%,0,0%
2598,2025-08-25,Gary Mahon,572,53,9.27%,204,35.66%,248,26,10.48%,81,32.66%,323,27,8.36%,123,38.08%,0,0,0%,0,0%,1,0,0%,0,0%
2599,2025-08-25,Miss G O'Keeffe,3,0,0%,0,0%,0,0,0%,0,0%,3,0,0%,0,0%,0,0,0%,0,0%,0,0,0%,0,0%
2600,2025-08-25,Mr M Johnson,17,0,0%,3,0%,0,0,0%,0,0%,4,0,0%,0,0%,11,0,0%,3,27.27%,2,0,0%,0,0%
2601,2025-08-25,Amir Quinn,1,0,0%,0,0%,1,0,0%,0,0%,0,0,0%,0,0%,0,0,0%,0,0%,0,0,0%,0,0%
2602,2025-08-25,P Sirigu,204,12,5.88%,77,37.75%,69,2,2.90%,28,40.58%,135,10,7.41%,49,36.30%,0,0,0%,0,0%,0,0,0%,0,0%
2603,2025-08-25,Daniel Muscutt,6163,727,11.80%,2082,33.78%,3665,478,13.04%,1277,34.84%,2492,248,9.95%,802,32.18%,4,1,25.00%,2,50.00%,2,0,0%,1,50.00%
2604,2025-08-25,Semira Pashai,22,0,0%,9,0%,13,0,0%,3,23.08%,9,0,0%,6,66.67%,0,0,0%,0,0%,0,0,0%,0,0%
2605,2025-08-25,Mr Nicholas Wakefield,2,1,50.00%,1,50.00%,0,0,0%,0,0%,0,0,0%,0,0%,2,1,50.00%,1,50.00%,0,0,0%,0,0%
2606,2025-08-25,Mr O Pimlott,14,0,0%,6,0%,0,0,0%,0,0%,8,0,0%,3,37.50%,2,0,0%,0,0%,4,0,0%,3,75.00%
2607,2025-08-25,Miss E Todd,271,27,9.96%,118,43.54%,3,0,0%,1,33.33%,57,4,7.02%,14,24.56%,112,12,10.71%,50,44.64%,99,11,11.11%,53,53.54%
2608,2025-08-25,Mr J S McGarvey,1,0,0%,0,0%,0,0,0%,0,0%,1,0,0%,0,0%,0,0,0%,0,0%,0,0,0%,0,0%
2609,2025-08-25,Mrs K Goldstein,1,0,0%,0,0%,1,0,0%,0,0%,0,0,0%,0,0%,0,0,0%,0,0%,0,0,0%,0,0%
2610,2025-08-25,Aiden Blakemore,104,3,2.88%,31,29.81%,38,0,0%,14,36.84%,29,2,6.90%,5,17.24%,1,0,0%,0,0%,36,1,2.78%,12,33.33%
2611,2025-08-25,Miss Emma Bedford,30,1,3.33%,10,33.33%,7,0,0%,1,14.29%,22,1,4.55%,9,40.91%,0,0,0%,0,0%,1,0,0%,0,0%
2612,2025-08-25,Mr D T McGrath,46,2,4.35%,12,26.09%,0,0,0%,0,0%,20,0,0%,7,35.00%,15,2,13.33%,3,20.00%,11,0,0%,2,18.18%
2613,2025-08-25,Mr Sam Davis,5,0,0%,3,0%,3,0,0%,1,33.33%,2,0,0%,2,100.00%,0,0,0%,0,0%,0,0,0%,0,0%
2614,2025-08-25,C P Harrison,46,5,10.87%,24,52.17%,20,1,5.00%,10,50.00%,26,4,15.38%,14,53.85%,0,0,0%,0,0%,0,0,0%,0,0%
2615,2025-08-25,Gregory Benoist,26,3,11.54%,7,26.92%,4,1,25.00%,2,50.00%,22,2,9.09%,5,22.73%,0,0,0%,0,0%,0,0,0%,0,0%
2616,2025-08-25,D Williams,1,0,0%,0,0%,0,0,0%,0,0%,1,0,0%,0,0%,0,0,0%,0,0%,0,0,0%,0,0%
2617,2025-08-25,Mr D E Finn,1,0,0%,0,0%,0,0,0%,0,0%,1,0,0%,0,0%,0,0,0%,0,0%,0,0,0%,0,0%
2618,2025-08-25,T E Doran,71,3,4.23%,14,19.72%,0,0,0%,0,0%,4,0,0%,0,0%,4,0,0%,1,25.00%,63,3,4.76%,13,20.63%
2619,2025-08-25,Tabitha Worsley,1337,66,4.94%,304,22.74%,10,2,20.00%,3,30.00%,76,3,3.95%,9,11.84%,492,28,5.69%,143,29.07%,759,33,4.35%,149,19.63%
2620,2025-08-25,K J Quigley,23,0,0%,9,0%,0,0,0%,0,0%,1,0,0%,0,0%,0,0,0%,0,0%,22,0,0%,9,40.91%
2621,2025-08-25,Mr R Honner,10,0,0%,6,0%,0,0,0%,0,0%,10,0,0%,6,60.00%,0,0,0%,0,0%,0,0,0%,0,0%
2623,2025-08-25,Miss K O'Farrell,87,4,4.60%,20,22.99%,0,0,0%,0,0%,41,1,2.44%,9,21.95%,6,0,0%,0,0%,40,3,7.50%,11,27.50%
2624,2025-08-25,Miss A Taylor,3,0,0%,0,0%,0,0,0%,0,0%,0,0,0%,0,0%,3,0,0%,0,0%,0,0,0%,0,0%
2625,2025-08-25,Michael J M Murphy,1037,100,9.64%,393,37.90%,352,32,9.09%,132,37.50%,682,67,9.82%,260,38.12%,3,1,33.33%,1,33.33%,0,0,0%,0,0%
2626,2025-08-25,Mr Liam Jennings,1,0,0%,0,0%,0,0,0%,0,0%,1,0,0%,0,0%,0,0,0%,0,0%,0,0,0%,0,0%
2627,2025-08-25,Mr George Gorman,33,0,0%,17,0%,2,0,0%,1,50.00%,5,0,0%,3,60.00%,6,0,0%,4,66.67%,20,0,0%,9,45.00%
2628,2025-08-25,B P Dawson,16,1,6.25%,3,18.75%,1,0,0%,0,0%,15,1,6.67%,3,20.00%,0,0,0%,0,0%,0,0,0%,0,0%
2629,2025-08-25,Miss Camille Peltier,1,1,100.00%,0,0.00%,0,0,0%,0,0%,1,1,100.00%,0,0%,0,0,0%,0,0%,0,0,0%,0,0%
2630,2025-08-25,Mr Fabrizio Perego,4,0,0%,3,0%,0,0,0%,0,0%,4,0,0%,3,75.00%,0,0,0%,0,0%,0,0,0%,0,0%
2631,2025-08-25,Mr Alessandro Ruiu,1,0,0%,1,0%,0,0,0%,0,0%,1,0,0%,1,100.00%,0,0,0%,0,0%,0,0,0%,0,0%
2632,2025-08-25,Mr Paul Madden,1,0,0%,1,0%,0,0,0%,0,0%,1,0,0%,1,100.00%,0,0,0%,0,0%,0,0,0%,0,0%
2633,2025-08-25,Mr Dennis Schiergen,2,0,0%,1,0%,0,0,0%,0,0%,2,0,0%,1,50.00%,0,0,0%,0,0%,0,0,0%,0,0%
2634,2025-08-25,Mrs Silke Bruggemann,1,0,0%,0,0%,0,0,0%,0,0%,1,0,0%,0,0%,0,0,0%,0,0%,0,0,0%,0,0%
2635,2025-08-25,Mr Mikael Mescam,1,0,0%,0,0%,0,0,0%,0,0%,1,0,0%,0,0%,0,0,0%,0,0%,0,0,0%,0,0%
2636,2025-08-25,Miss Brittany Trimble,1,0,0%,0,0%,0,0,0%,0,0%,1,0,0%,0,0%,0,0,0%,0,0%,0,0,0%,0,0%
2637,2025-08-25,S Fox,62,1,1.61%,24,38.71%,2,0,0%,0,0%,8,1,12.50%,3,37.50%,20,0,0%,8,40.00%,32,0,0%,13,40.63%
2638,2025-08-25,Non Runner,1,0,0%,0,0%,0,0,0%,0,0%,1,0,0%,0,0%,0,0,0%,0,0%,0,0,0%,0,0%
2639,2025-08-25,Robert Tart,1322,152,11.50%,533,40.32%,727,91,12.52%,286,39.34%,592,60,10.14%,247,41.72%,3,1,33.33%,0,0%,0,0,0%,0,0%
2640,2025-08-25,Jordan Hibberd,94,2,2.13%,21,22.34%,25,0,0%,6,24.00%,69,2,2.90%,15,21.74%,0,0,0%,0,0%,0,0,0%,0,0%
2641,2025-08-25,Mr Martin Allan,1,0,0%,0,0%,0,0,0%,0,0%,1,0,0%,0,0%,0,0,0%,0,0%,0,0,0%,0,0%
2642,2025-08-25,Robert Williams,691,51,7.38%,263,38.06%,6,0,0%,2,33.33%,59,5,8.47%,15,25.42%,71,4,5.63%,30,42.25%,555,42,7.57%,216,38.92%
2643,2025-08-25,Mr J Harding,108,14,12.96%,35,32.41%,24,3,12.50%,9,37.50%,78,11,14.10%,24,30.77%,0,0,0%,0,0%,6,0,0%,2,33.33%
2644,2025-08-25,D Robinson,765,64,8.37%,196,25.62%,49,3,6.12%,10,20.41%,83,6,7.23%,23,27.71%,196,16,8.16%,57,29.08%,437,39,8.92%,106,24.26%
2645,2025-08-25,J J Slevin,3404,311,9.14%,926,27.20%,7,0,0%,1,14.29%,43,7,16.28%,7,16.28%,960,97,10.10%,276,28.75%,2394,207,8.65%,642,26.82%
2646,2025-08-25,Shane Kelly,3,0,0%,1,0%,3,0,0%,1,33.33%,0,0,0%,0,0%,0,0,0%,0,0%,0,0,0%,0,0%
2647,2025-08-25,Miss J McLernon,13,0,0%,1,0%,0,0,0%,0,0%,11,0,0%,1,9.09%,0,0,0%,0,0%,2,0,0%,0,0%
2648,2025-08-25,Miss K Mabon,7,0,0%,2,0%,0,0,0%,0,0%,7,0,0%,2,28.57%,0,0,0%,0,0%,0,0,0%,0,0%
2649,2025-08-25,Miss C Hannaford,1,0,0%,0,0%,0,0,0%,0,0%,1,0,0%,0,0%,0,0,0%,0,0%,0,0,0%,0,0%
2650,2025-08-25,P Shea,1,0,0%,0,0%,0,0,0%,0,0%,1,0,0%,0,0%,0,0,0%,0,0%,0,0,0%,0,0%
2651,2025-08-25,Miss Lucy Saunders,3,0,0%,1,0%,1,0,0%,1,100.00%,2,0,0%,0,0%,0,0,0%,0,0%,0,0,0%,0,0%
2652,2025-08-25,Zac Purton,1,1,100.00%,0,0.00%,0,0,0%,0,0%,1,1,100.00%,0,0%,0,0,0%,0,0%,0,0,0%,0,0%
2653,2025-08-25,Craig Williams,26,3,11.54%,5,19.23%,0,0,0%,0,0%,24,2,8.33%,4,16.67%,0,0,0%,0,0%,0,0,0%,0,0%
2654,2025-08-25,Louis Steward,1610,181,11.24%,641,39.81%,647,70,10.82%,259,40.03%,962,111,11.54%,381,39.60%,1,0,0%,1,100.00%,0,0,0%,0,0%
2656,2025-08-25,Nora Richardson,1,0,0%,1,0%,0,0,0%,0,0%,1,0,0%,1,100.00%,0,0,0%,0,0%,0,0,0%,0,0%
2657,2025-08-25,Darren Egan,11,1,9.09%,0,0.00%,0,0,0%,0,0%,11,1,9.09%,0,0%,0,0,0%,0,0%,0,0,0%,0,0%
2658,2025-08-25,April Kitchener,10,0,0%,3,0%,8,0,0%,1,12.50%,2,0,0%,2,100.00%,0,0,0%,0,0%,0,0,0%,0,0%
2659,2025-08-25,Mr F Windsor Clive,29,1,3.45%,7,24.14%,3,0,0%,0,0%,14,1,7.14%,4,28.57%,6,0,0%,2,33.33%,6,0,0%,1,16.67%
2660,2025-08-25,Mr Nicholas Meek,8,0,0%,4,0%,2,0,0%,1,50.00%,3,0,0%,1,33.33%,3,0,0%,2,66.67%,0,0,0%,0,0%
2661,2025-08-25,Mr Edward Sibbick,3,0,0%,1,0%,0,0,0%,0,0%,3,0,0%,1,33.33%,0,0,0%,0,0%,0,0,0%,0,0%
2662,2025-08-25,Mr A T Jones,3,0,0%,0,0%,2,0,0%,0,0%,1,0,0%,0,0%,0,0,0%,0,0%,0,0,0%,0,0%
2663,2025-08-25,Mrs I C Goldie,9,0,0%,4,0%,0,0,0%,0,0%,9,0,0%,4,44.44%,0,0,0%,0,0%,0,0,0%,0,0%
2664,2025-08-25,P Aspel,1,0,0%,1,0%,0,0,0%,0,0%,1,0,0%,1,100.00%,0,0,0%,0,0%,0,0,0%,0,0%
2665,2025-08-25,Megan Whitehead,18,0,0%,6,0%,5,0,0%,1,20.00%,13,0,0%,5,38.46%,0,0,0%,0,0%,0,0,0%,0,0%
2666,2025-08-25,M Matsuoka,3,0,0%,0,0%,0,0,0%,0,0%,3,0,0%,0,0%,0,0,0%,0,0%,0,0,0%,0,0%
2667,2025-08-25,Mr R P Treacy,1,1,100.00%,0,0.00%,0,0,0%,0,0%,1,1,100.00%,0,0%,0,0,0%,0,0%,0,0,0%,0,0%
2668,2025-08-25,Mr P F Casey,20,2,10.00%,2,10.00%,0,0,0%,0,0%,11,2,18.18%,2,18.18%,1,0,0%,0,0%,8,0,0%,0,0%
2669,2025-08-25,M A Gallagher,942,28,2.97%,172,18.26%,293,9,3.07%,61,20.82%,649,19,2.93%,111,17.10%,0,0,0%,0,0%,0,0,0%,0,0%
2670,2025-08-25,Barry Browne,1,0,0%,0,0%,0,0,0%,0,0%,0,0,0%,0,0%,0,0,0%,0,0%,1,0,0%,0,0%
2671,2025-08-25,Miss E H Lyons,5,0,0%,0,0%,0,0,0%,0,0%,3,0,0%,0,0%,2,0,0%,0,0%,0,0,0%,0,0%
2673,2025-08-25,K K Hennessy,353,22,6.23%,60,17.00%,93,5,5.38%,14,15.05%,259,17,6.56%,46,17.76%,0,0,0%,0,0%,1,0,0%,0,0%
2674,2025-08-25,Robert Dodsworth,223,11,4.93%,60,26.91%,32,1,3.13%,10,31.25%,191,10,5.24%,50,26.18%,0,0,0%,0,0%,0,0,0%,0,0%
2675,2025-08-25,Eireann Cagney,18,0,0%,5,0%,7,0,0%,2,28.57%,11,0,0%,3,27.27%,0,0,0%,0,0%,0,0,0%,0,0%
2676,2025-08-25,Mr W T Shanahan,22,0,0%,2,0%,0,0,0%,0,0%,11,0,0%,1,9.09%,1,0,0%,1,100.00%,10,0,0%,0,0%
2677,2025-08-25,Miss J Lambert,4,0,0%,1,0%,0,0,0%,0,0%,4,0,0%,1,25.00%,0,0,0%,0,0%,0,0,0%,0,0%
2678,2025-08-25,Mrs D Cooper,1,0,0%,0,0%,0,0,0%,0,0%,1,0,0%,0,0%,0,0,0%,0,0%,0,0,0%,0,0%
2679,2025-08-25,Steven Fox,339,31,9.14%,157,46.31%,4,1,25.00%,2,50.00%,35,2,5.71%,17,48.57%,105,8,7.62%,59,56.19%,195,20,10.26%,79,40.51%
2680,2025-08-25,Rachel Richardson,1592,122,7.66%,474,29.77%,195,14,7.18%,67,34.36%,1396,108,7.74%,406,29.08%,1,0,0%,1,100.00%,0,0,0%,0,0%
2681,2025-08-25,Y Iwata,8,0,0%,0,0%,0,0,0%,0,0%,8,0,0%,0,0%,0,0,0%,0,0%,0,0,0%,0,0%
2682,2025-08-25,Amelia Green,7,0,0%,3,0%,3,0,0%,1,33.33%,4,0,0%,2,50.00%,0,0,0%,0,0%,0,0,0%,0,0%
2683,2025-08-25,Mr F R O'Brien,7,0,0%,1,0%,0,0,0%,0,0%,6,0,0%,1,16.67%,0,0,0%,0,0%,1,0,0%,0,0%
2684,2025-08-25,A Starke,25,3,12.00%,7,28.00%,1,0,0%,0,0%,24,3,12.50%,7,29.17%,0,0,0%,0,0%,0,0,0%,0,0%
2685,2025-08-25,Miss S M Stack,2,0,0%,0,0%,0,0,0%,0,0%,2,0,0%,0,0%,0,0,0%,0,0%,0,0,0%,0,0%
2686,2025-08-25,Matthew Chadwick,26,2,7.69%,7,26.92%,0,0,0%,0,0%,26,2,7.69%,7,26.92%,0,0,0%,0,0%,0,0,0%,0,0%
2687,2025-08-25,Renato Souza,224,16,7.14%,66,29.46%,130,9,6.92%,45,34.62%,94,7,7.45%,21,22.34%,0,0,0%,0,0%,0,0,0%,0,0%
2688,2025-08-25,Ger Johnson,3,0,0%,1,0%,1,0,0%,0,0%,2,0,0%,1,50.00%,0,0,0%,0,0%,0,0,0%,0,0%
2689,2025-08-25,Luke Leadbitter,151,11,7.28%,47,31.13%,40,3,7.50%,13,32.50%,111,8,7.21%,34,30.63%,0,0,0%,0,0%,0,0,0%,0,0%
2690,2025-08-25,Connor Nichol,24,2,8.33%,7,29.17%,6,0,0%,2,33.33%,18,2,11.11%,5,27.78%,0,0,0%,0,0%,0,0,0%,0,0%
2691,2025-08-25,Tim Carroll,1,0,0%,0,0%,0,0,0%,0,0%,0,0,0%,0,0%,0,0,0%,0,0%,1,0,0%,0,0%
2692,2025-08-25,Mr David Joseph O'leary,1,0,0%,0,0%,0,0,0%,0,0%,0,0,0%,0,0%,0,0,0%,0,0%,1,0,0%,0,0%
2693,2025-08-25,R Vergette,18,0,0%,7,0%,8,0,0%,4,50.00%,10,0,0%,3,30.00%,0,0,0%,0,0%,0,0,0%,0,0%
2695,2025-08-25,Mr S O'Connor,5,0,0%,2,0%,0,0,0%,0,0%,3,0,0%,2,66.67%,1,0,0%,0,0%,1,0,0%,0,0%
2696,2025-08-25,R C Montenegro,2,0,0%,1,0%,0,0,0%,0,0%,2,0,0%,1,50.00%,0,0,0%,0,0%,0,0,0%,0,0%
2697,2025-08-25,Jonathan Willetts,21,1,4.76%,6,28.57%,13,0,0%,4,30.77%,8,1,12.50%,2,25.00%,0,0,0%,0,0%,0,0,0%,0,0%
2698,2025-08-25,Miss L McDermott,1,0,0%,0,0%,0,0,0%,0,0%,1,0,0%,0,0%,0,0,0%,0,0%,0,0,0%,0,0%
2699,2025-08-25,Mr Dean Smith,5,0,0%,0,0%,3,0,0%,0,0%,2,0,0%,0,0%,0,0,0%,0,0%,0,0,0%,0,0%
2700,2025-08-25,Mr J A Savage,2,0,0%,1,0%,0,0,0%,0,0%,1,0,0%,0,0%,0,0,0%,0,0%,1,0,0%,1,100.00%
2701,2025-08-25,Miss A Hesketh,25,3,12.00%,8,32.00%,2,0,0%,0,0%,23,3,13.04%,8,34.78%,0,0,0%,0,0%,0,0,0%,0,0%
2702,2025-08-25,Mrs L Goldie,4,0,0%,0,0%,0,0,0%,0,0%,4,0,0%,0,0%,0,0,0%,0,0%,0,0,0%,0,0%
2703,2025-08-25,Mr P A Harris,3,0,0%,0,0%,0,0,0%,0,0%,3,0,0%,0,0%,0,0,0%,0,0%,0,0,0%,0,0%
2704,2025-08-25,L P Dempsey,2872,185,6.44%,681,23.71%,131,10,7.63%,35,26.72%,182,8,4.40%,41,22.53%,851,68,7.99%,233,27.38%,1708,99,5.80%,372,21.78%
2705,2025-08-25,I T Queally,333,15,4.50%,62,18.62%,86,1,1.16%,10,11.63%,243,14,5.76%,52,21.40%,0,0,0%,0,0%,4,0,0%,0,0%
2706,2025-08-25,George Buckell,350,34,9.71%,116,33.14%,102,7,6.86%,26,25.49%,248,27,10.89%,90,36.29%,0,0,0%,0,0%,0,0,0%,0,0%
2707,2025-08-25,Miss F K Mullins,9,3,33.33%,2,22.22%,2,0,0%,1,50.00%,7,3,42.86%,1,14.29%,0,0,0%,0,0%,0,0,0%,0,0%
2708,2025-08-25,Aaron Gryder,5,1,20.00%,1,20.00%,0,0,0%,0,0%,5,1,20.00%,1,20.00%,0,0,0%,0,0%,0,0,0%,0,0%
2709,2025-08-25,Emma J Wilson,5,0,0%,3,0%,0,0,0%,0,0%,5,0,0%,3,60.00%,0,0,0%,0,0%,0,0,0%,0,0%
2710,2025-08-25,C Demuro,21,2,9.52%,5,23.81%,1,0,0%,1,100.00%,20,2,10.00%,4,20.00%,0,0,0%,0,0%,0,0,0%,0,0%
2711,2025-08-25,Chantal Sutherland,5,0,0%,2,0%,0,0,0%,0,0%,5,0,0%,2,40.00%,0,0,0%,0,0%,0,0,0%,0,0%
2712,2025-08-25,Adam McLean,315,16,5.08%,114,36.19%,213,11,5.16%,81,38.03%,102,5,4.90%,33,32.35%,0,0,0%,0,0%,0,0,0%,0,0%
2713,2025-08-25,Mrs Krista Brown,2,0,0%,0,0%,0,0,0%,0,0%,2,0,0%,0,0%,0,0,0%,0,0%,0,0,0%,0,0%
2714,2025-08-25,Alan Johns,2157,218,10.11%,714,33.10%,11,2,18.18%,5,45.45%,92,4,4.35%,37,40.22%,701,97,13.84%,245,34.95%,1353,115,8.50%,427,31.56%
2715,2025-08-25,Shelley Teasdale,1,0,0%,0,0%,1,0,0%,0,0%,0,0,0%,0,0%,0,0,0%,0,0%,0,0,0%,0,0%
2716,2025-08-25,Jonathan Moore,277,38,13.72%,93,33.57%,1,0,0%,0,0%,31,2,6.45%,14,45.16%,114,22,19.30%,38,33.33%,131,14,10.69%,41,31.30%
2717,2025-08-25,Mr P S Kiely,18,0,0%,3,0%,0,0,0%,0,0%,18,0,0%,3,16.67%,0,0,0%,0,0%,0,0,0%,0,0%
2718,2025-08-25,Josh J Doyle,3,0,0%,0,0%,0,0,0%,0,0%,3,0,0%,0,0%,0,0,0%,0,0%,0,0,0%,0,0%
2719,2025-08-25,Declan McDonogh,1,0,0%,1,0%,0,0,0%,0,0%,1,0,0%,1,100.00%,0,0,0%,0,0%,0,0,0%,0,0%
2720,2025-08-25,Sheree Glover,1,0,0%,0,0%,1,0,0%,0,0%,0,0,0%,0,0%,0,0,0%,0,0%,0,0,0%,0,0%
2721,2025-08-25,Mr Ailbe Ryan,6,0,0%,1,0%,0,0,0%,0,0%,6,0,0%,1,16.67%,0,0,0%,0,0%,0,0,0%,0,0%
2722,2025-08-25,Mr D J McInerney,22,0,0%,4,0%,0,0,0%,0,0%,6,0,0%,1,16.67%,14,0,0%,2,14.29%,2,0,0%,1,50.00%
2723,2025-08-25,Miss Jane Mangan,3,0,0%,0,0%,0,0,0%,0,0%,1,0,0%,0,0%,1,0,0%,0,0%,1,0,0%,0,0%
2725,2025-08-25,Mr D J Mullins,149,13,8.72%,57,38.26%,1,0,0%,1,100.00%,133,12,9.02%,52,39.10%,4,0,0%,1,25.00%,11,1,9.09%,3,27.27%
2726,2025-08-25,Miss J Marcialis,2,2,100.00%,0,0.00%,0,0,0%,0,0%,2,2,100.00%,0,0%,0,0,0%,0,0%,0,0,0%,0,0%
2727,2025-08-25,Miss V Allers,1,0,0%,0,0%,0,0,0%,0,0%,1,0,0%,0,0%,0,0,0%,0,0%,0,0,0%,0,0%
2728,2025-08-25,Ms T Humphreij,1,0,0%,0,0%,0,0,0%,0,0%,1,0,0%,0,0%,0,0,0%,0,0%,0,0,0%,0,0%
2730,2025-08-25,Mr C P Shoemark,59,11,18.64%,17,28.81%,2,0,0%,0,0%,12,1,8.33%,3,25.00%,23,5,21.74%,9,39.13%,22,5,22.73%,5,22.73%
2731,2025-08-25,R P Treacy,1460,73,5.00%,298,20.41%,0,0,0%,0,0%,12,0,0%,4,33.33%,337,32,9.50%,95,28.19%,1111,41,3.69%,199,17.91%
2732,2025-08-25,Dana Zamecnikova,12,2,16.67%,4,33.33%,9,1,11.11%,3,33.33%,3,1,33.33%,1,33.33%,0,0,0%,0,0%,0,0,0%,0,0%
2733,2025-08-25,F Blondel,1,0,0%,0,0%,1,0,0%,0,0%,0,0,0%,0,0%,0,0,0%,0,0%,0,0,0%,0,0%
2734,2025-08-25,Matthew Stanley,14,1,7.14%,4,28.57%,1,0,0%,0,0%,2,0,0%,0,0%,2,0,0%,1,50.00%,9,1,11.11%,3,33.33%
2735,2025-08-25,Tony Clark,3,0,0%,1,0%,0,0,0%,0,0%,3,0,0%,1,33.33%,0,0,0%,0,0%,0,0,0%,0,0%
2736,2025-08-25,Willie Ryan,3,0,0%,1,0%,0,0,0%,0,0%,3,0,0%,1,33.33%,0,0,0%,0,0%,0,0,0%,0,0%
2737,2025-08-25,Nick Connorton,2,0,0%,0,0%,0,0,0%,0,0%,2,0,0%,0,0%,0,0,0%,0,0%,0,0,0%,0,0%
2739,2025-08-25,Allan Mackay,1,0,0%,0,0%,0,0,0%,0,0%,1,0,0%,0,0%,0,0,0%,0,0%,0,0,0%,0,0%
2740,2025-08-25,Sophie Robertson,17,0,0%,4,0%,3,0,0%,0,0%,14,0,0%,4,28.57%,0,0,0%,0,0%,0,0,0%,0,0%
2741,2025-08-25,Saeed Al Mazrooe,1,0,0%,0,0%,0,0,0%,0,0%,1,0,0%,0,0%,0,0,0%,0,0%,0,0,0%,0,0%
2742,2025-08-25,Mr M D Hickey,10,0,0%,3,0%,0,0,0%,0,0%,8,0,0%,1,12.50%,2,0,0%,2,100.00%,0,0,0%,0,0%
2743,2025-08-25,Mr B J Cullinane,3,0,0%,2,0%,0,0,0%,0,0%,2,0,0%,1,50.00%,1,0,0%,1,100.00%,0,0,0%,0,0%
2744,2025-08-25,Kieran Quigley,4,0,0%,1,0%,0,0,0%,0,0%,0,0,0%,0,0%,0,0,0%,0,0%,4,0,0%,1,25.00%
2745,2025-08-25,P K Donovan,1049,52,4.96%,212,20.21%,43,1,2.33%,11,25.58%,79,4,5.06%,13,16.46%,202,13,6.44%,47,23.27%,725,34,4.69%,141,19.45%
2746,2025-08-25,L K Morris,2,0,0%,2,0%,2,0,0%,2,100.00%,0,0,0%,0,0%,0,0,0%,0,0%,0,0,0%,0,0%
2747,2025-08-25,Jordan Vaughan,538,52,9.67%,182,33.83%,200,18,9.00%,71,35.50%,337,34,10.09%,111,32.94%,1,0,0%,0,0%,0,0,0%,0,0%
2748,2025-08-25,M Cleere,2,0,0%,1,0%,0,0,0%,0,0%,2,0,0%,1,50.00%,0,0,0%,0,0%,0,0,0%,0,0%
2749,2025-08-25,Mr J Waggott,13,0,0%,3,0%,1,0,0%,0,0%,5,0,0%,2,40.00%,0,0,0%,0,0%,7,0,0%,1,14.29%
2750,2025-08-25,Paul O'Brien,1737,211,12.15%,530,30.51%,12,0,0%,3,25.00%,142,11,7.75%,41,28.87%,532,77,14.47%,175,32.89%,1051,123,11.70%,311,29.59%
2751,2025-08-25,Kenneth Corbett,1,1,100.00%,0,0.00%,0,0,0%,0,0%,1,1,100.00%,0,0%,0,0,0%,0,0%,0,0,0%,0,0%
2752,2025-08-25,Anastasia O'Brien,781,66,8.45%,213,27.27%,265,18,6.79%,53,20.00%,516,48,9.30%,160,31.01%,0,0,0%,0,0%,0,0,0%,0,0%
2753,2025-08-25,Mr Angelo Gasnier,1,0,0%,0,0%,0,0,0%,0,0%,1,0,0%,0,0%,0,0,0%,0,0%,0,0,0%,0,0%
2754,2025-08-25,Miss S L Bowen,233,14,6.01%,75,32.19%,65,2,3.08%,24,36.92%,132,12,9.09%,41,31.06%,21,0,0%,10,47.62%,15,0,0%,0,0%
2755,2025-08-25,Miss Vicki Wood,3,1,33.33%,0,0.00%,1,0,0%,0,0%,2,1,50.00%,0,0%,0,0,0%,0,0%,0,0,0%,0,0%
2756,2025-08-25,F De Giles,6,1,16.67%,2,33.33%,0,0,0%,0,0%,0,0,0%,0,0%,2,0,0%,0,0%,4,1,25.00%,2,50.00%
2757,2025-08-25,Mr S Shaw,1,0,0%,0,0%,0,0,0%,0,0%,1,0,0%,0,0%,0,0,0%,0,0%,0,0,0%,0,0%
2758,2025-08-25,J Stevenson,27,0,0%,6,0%,0,0,0%,0,0%,1,0,0%,0,0%,12,0,0%,3,25.00%,14,0,0%,3,21.43%
2759,2025-08-25,John J Fitzpatrick,192,5,2.60%,23,11.98%,0,0,0%,0,0%,17,0,0%,1,5.88%,38,0,0%,7,18.42%,137,5,3.65%,15,10.95%
2760,2025-08-25,Sean Fox,2,0,0%,1,0%,0,0,0%,0,0%,1,0,0%,1,100.00%,0,0,0%,0,0%,1,0,0%,0,0%
2761,2025-08-25,Gavin Peter Brouder,11,2,18.18%,3,27.27%,5,1,20.00%,1,20.00%,6,1,16.67%,2,33.33%,0,0,0%,0,0%,0,0,0%,0,0%
2762,2025-08-25,Ms G Andrews,5,0,0%,0,0%,0,0,0%,0,0%,2,0,0%,0,0%,2,0,0%,0,0%,1,0,0%,0,0%
2763,2025-08-25,Mr M J P O'Connor,1,0,0%,0,0%,0,0,0%,0,0%,0,0,0%,0,0%,1,0,0%,0,0%,0,0,0%,0,0%
2764,2025-08-25,Mr Steven Clements,11,2,18.18%,4,36.36%,0,0,0%,0,0%,0,0,0%,0,0%,10,2,20.00%,4,40.00%,1,0,0%,0,0%
2765,2025-08-25,Mr M C O'Donovan,97,11,11.34%,32,32.99%,0,0,0%,0,0%,39,3,7.69%,12,30.77%,24,4,16.67%,12,50.00%,34,4,11.76%,8,23.53%
2766,2025-08-25,D M Redmond,454,34,7.49%,121,26.65%,111,8,7.21%,27,24.32%,343,26,7.58%,94,27.41%,0,0,0%,0,0%,0,0,0%,0,0%
2767,2025-08-25,Siobhan Miller,25,2,8.00%,12,48.00%,10,0,0%,7,70.00%,15,2,13.33%,5,33.33%,0,0,0%,0,0%,0,0,0%,0,0%
2768,2025-08-25,Miss V Wade,50,6,12.00%,18,36.00%,0,0,0%,0,0%,2,0,0%,0,0%,35,5,14.29%,14,40.00%,13,1,7.69%,4,30.77%
2769,2025-08-25,Miss C Twemlow,4,1,25.00%,0,0.00%,0,0,0%,0,0%,0,0,0%,0,0%,1,1,100.00%,0,0%,3,0,0%,0,0%
2770,2025-08-25,Mr S O'keeffe,1,0,0%,0,0%,0,0,0%,0,0%,0,0,0%,0,0%,0,0,0%,0,0%,1,0,0%,0,0%
2771,2025-08-25,Gearoid Patrick Brouder,132,7,5.30%,36,27.27%,36,1,2.78%,10,27.78%,96,6,6.25%,26,27.08%,0,0,0%,0,0%,0,0,0%,0,0%
2772,2025-08-25,Mr A J McNulty,6,1,16.67%,2,33.33%,1,1,100.00%,0,0%,4,0,0%,2,50.00%,0,0,0%,0,0%,1,0,0%,0,0%
2773,2025-08-25,Patrick Eamonn Corbett,59,3,5.08%,12,20.34%,0,0,0%,0,0%,1,0,0%,0,0%,14,3,21.43%,4,28.57%,44,0,0%,8,18.18%
2774,2025-08-25,Miss Natalie Parker,65,16,24.62%,21,32.31%,1,0,0%,0,0%,1,0,0%,1,100.00%,30,11,36.67%,9,30.00%,33,5,15.15%,11,33.33%
2775,2025-08-25,C R King,1897,138,7.27%,596,31.42%,504,33,6.55%,166,32.94%,1223,94,7.69%,369,30.17%,9,1,11.11%,2,22.22%,161,10,6.21%,59,36.65%
2776,2025-08-25,Mr P Queally,2,0,0%,0,0%,0,0,0%,0,0%,2,0,0%,0,0%,0,0,0%,0,0%,0,0,0%,0,0%
2777,2025-08-25,Graham Carson,169,1,0.59%,48,28.40%,5,0,0%,0,0%,29,0,0%,10,34.48%,30,0,0%,8,26.67%,105,1,0.95%,30,28.57%
2778,2025-08-25,Miss R B Ingram,7,0,0%,1,0%,3,0,0%,1,33.33%,4,0,0%,0,0%,0,0,0%,0,0%,0,0,0%,0,0%
2779,2025-08-25,Mr R J Hennebry,2,0,0%,0,0%,0,0,0%,0,0%,1,0,0%,0,0%,1,0,0%,0,0%,0,0,0%,0,0%
2780,2025-08-25,Darryl Horner,4,0,0%,1,0%,0,0,0%,0,0%,2,0,0%,1,50.00%,0,0,0%,0,0%,2,0,0%,0,0%
2781,2025-08-25,Shaun Dobbin,42,7,16.67%,12,28.57%,0,0,0%,0,0%,3,0,0%,2,66.67%,6,1,16.67%,1,16.67%,33,6,18.18%,9,27.27%
2782,2025-08-25,Dylan McDonagh,8,0,0%,3,0%,0,0,0%,0,0%,3,0,0%,1,33.33%,0,0,0%,0,0%,5,0,0%,2,40.00%
2783,2025-08-25,D Hogan,2,0,0%,0,0%,0,0,0%,0,0%,0,0,0%,0,0%,1,0,0%,0,0%,1,0,0%,0,0%
2784,2025-08-25,Mr J Canavan,1,0,0%,0,0%,0,0,0%,0,0%,1,0,0%,0,0%,0,0,0%,0,0%,0,0,0%,0,0%
2785,2025-08-25,D McCormack,1,0,0%,0,0%,0,0,0%,0,0%,1,0,0%,0,0%,0,0,0%,0,0%,0,0,0%,0,0%
2786,2025-08-25,Mr J W Morgan,8,0,0%,2,0%,0,0,0%,0,0%,8,0,0%,2,25.00%,0,0,0%,0,0%,0,0,0%,0,0%
2787,2025-08-25,Robert Hogg,65,7,10.77%,22,33.85%,1,1,100.00%,0,0%,6,0,0%,1,16.67%,11,0,0%,2,18.18%,47,6,12.77%,19,40.43%
2788,2025-08-25,Daryl McLaughlin,11,1,9.09%,2,18.18%,9,1,11.11%,2,22.22%,2,0,0%,0,0%,0,0,0%,0,0%,0,0,0%,0,0%
2789,2025-08-25,Chloe Spong,1,0,0%,0,0%,1,0,0%,0,0%,0,0,0%,0,0%,0,0,0%,0,0%,0,0,0%,0,0%
2790,2025-08-25,S Brockbank,7,0,0%,3,0%,0,0,0%,0,0%,3,0,0%,1,33.33%,2,0,0%,2,100.00%,2,0,0%,0,0%
2791,2025-08-25,Charlie Bennett,2995,179,5.98%,938,31.32%,1682,94,5.59%,529,31.45%,1312,85,6.48%,408,31.10%,1,0,0%,1,100.00%,0,0,0%,0,0%
2792,2025-08-25,Mr E O'Sullivan,3,0,0%,0,0%,0,0,0%,0,0%,3,0,0%,0,0%,0,0,0%,0,0%,0,0,0%,0,0%
2793,2025-08-25,S D Bohan,42,0,0%,10,0%,0,0,0%,0,0%,4,0,0%,1,25.00%,2,0,0%,1,50.00%,36,0,0%,8,22.22%
2794,2025-08-25,Miss S Ahern,210,12,5.71%,63,30.00%,1,0,0%,0,0%,117,6,5.13%,42,35.90%,29,1,3.45%,8,27.59%,63,5,7.94%,13,20.63%
2795,2025-08-25,Josh Quinn,279,16,5.73%,79,28.32%,115,4,3.48%,29,25.22%,164,12,7.32%,50,30.49%,0,0,0%,0,0%,0,0,0%,0,0%
2796,2025-08-25,Aaron Jones,969,78,8.05%,332,34.26%,546,55,10.07%,206,37.73%,423,23,5.44%,126,29.79%,0,0,0%,0,0%,0,0,0%,0,0%
2797,2025-08-25,Miss L M Turner,158,20,12.66%,61,38.61%,0,0,0%,0,0%,3,0,0%,1,33.33%,118,13,11.02%,48,40.68%,37,7,18.92%,12,32.43%
2798,2025-08-25,C J Orr,1006,61,6.06%,290,28.83%,23,0,0%,5,21.74%,57,1,1.75%,14,24.56%,234,27,11.54%,88,37.61%,692,33,4.77%,183,26.45%
2799,2025-08-25,Paddy Bradley,1694,143,8.44%,416,24.56%,1109,101,9.11%,267,24.08%,533,40,7.50%,128,24.02%,1,0,0%,0,0%,51,2,3.92%,21,41.18%
2800,2025-08-25,Miss J Gordon,4,0,0%,1,0%,4,0,0%,1,25.00%,0,0,0%,0,0%,0,0,0%,0,0%,0,0,0%,0,0%
2801,2025-08-25,Mr D S McLaughlin,2,0,0%,0,0%,2,0,0%,0,0%,0,0,0%,0,0%,0,0,0%,0,0%,0,0,0%,0,0%
2802,2025-08-25,Miss R Dorrell,3,0,0%,0,0%,2,0,0%,0,0%,0,0,0%,0,0%,0,0,0%,0,0%,1,0,0%,0,0%
2803,2025-08-25,Miss A M King,9,0,0%,1,0%,4,0,0%,1,25.00%,5,0,0%,0,0%,0,0,0%,0,0%,0,0,0%,0,0%
2804,2025-08-25,Mr J Griffin,3,0,0%,2,0%,0,0,0%,0,0%,3,0,0%,2,66.67%,0,0,0%,0,0%,0,0,0%,0,0%
2805,2025-08-25,Emily Melbourn,9,0,0%,4,0%,7,0,0%,3,42.86%,2,0,0%,1,50.00%,0,0,0%,0,0%,0,0,0%,0,0%
2806,2025-08-25,Conor Shoemark,1015,85,8.37%,331,32.61%,1,0,0%,1,100.00%,93,4,4.30%,36,38.71%,344,34,9.88%,112,32.56%,577,47,8.15%,182,31.54%
2807,2025-08-25,Mr James Jeavons,59,1,1.69%,7,11.86%,0,0,0%,0,0%,10,0,0%,1,10.00%,11,0,0%,1,9.09%,38,1,2.63%,5,13.16%
2808,2025-08-25,Mr H A A Bannister,148,24,16.22%,58,39.19%,3,1,33.33%,2,66.67%,29,6,20.69%,7,24.14%,53,9,16.98%,23,43.40%,63,8,12.70%,26,41.27%
2809,2025-08-25,P Millman,112,11,9.82%,40,35.71%,53,5,9.43%,21,39.62%,59,6,10.17%,19,32.20%,0,0,0%,0,0%,0,0,0%,0,0%
2810,2025-08-25,Mr Richard Mathias Murphy,1,0,0%,0,0%,0,0,0%,0,0%,1,0,0%,0,0%,0,0,0%,0,0%,0,0,0%,0,0%
2811,2025-08-25,A Atzeni,1,0,0%,0,0%,1,0,0%,0,0%,0,0,0%,0,0%,0,0,0%,0,0%,0,0,0%,0,0%
2812,2025-08-25,Chloe Ingram,8,0,0%,3,0%,6,0,0%,2,33.33%,2,0,0%,1,50.00%,0,0,0%,0,0%,0,0,0%,0,0%
2813,2025-08-25,Miss Chelsey Banks,3,0,0%,2,0%,2,0,0%,2,100.00%,1,0,0%,0,0%,0,0,0%,0,0%,0,0,0%,0,0%
2814,2025-08-25,Chris Meehan,105,11,10.48%,28,26.67%,34,0,0%,9,26.47%,40,7,17.50%,11,27.50%,0,0,0%,0,0%,31,4,12.90%,8,25.81%
2815,2025-08-25,J Brennan,31,1,3.23%,6,19.35%,1,0,0%,0,0%,7,1,14.29%,2,28.57%,3,0,0%,1,33.33%,20,0,0%,3,15.00%
2816,2025-08-25,Lisa Todd,21,0,0%,5,0%,12,0,0%,2,16.67%,9,0,0%,3,33.33%,0,0,0%,0,0%,0,0,0%,0,0%
2817,2025-08-25,Harry Bannister,2287,274,11.98%,781,34.15%,15,1,6.67%,9,60.00%,192,19,9.90%,63,32.81%,783,116,14.81%,277,35.38%,1297,138,10.64%,432,33.31%
2818,2025-08-25,Laura Hunter,1,0,0%,1,0%,1,0,0%,1,100.00%,0,0,0%,0,0%,0,0,0%,0,0%,0,0,0%,0,0%
2819,2025-08-25,Mr E P Keating,49,1,2.04%,11,22.45%,0,0,0%,0,0%,6,0,0%,0,0%,7,0,0%,3,42.86%,36,1,2.78%,8,22.22%
2820,2025-08-25,Mr E Murphy,13,0,0%,5,0%,0,0,0%,0,0%,13,0,0%,5,38.46%,0,0,0%,0,0%,0,0,0%,0,0%
2821,2025-08-25,N Sweeney,1,0,0%,1,0%,1,0,0%,1,100.00%,0,0,0%,0,0%,0,0,0%,0,0%,0,0,0%,0,0%
2822,2025-08-25,D Irving,7,1,14.29%,4,57.14%,0,0,0%,0,0%,0,0,0%,0,0%,3,1,33.33%,1,33.33%,4,0,0%,3,75.00%
2823,2025-08-25,Mr Darren Costello,10,0,0%,8,0%,1,0,0%,1,100.00%,8,0,0%,6,75.00%,0,0,0%,0,0%,1,0,0%,1,100.00%
2824,2025-08-25,Mr Kaine Wood,67,10,14.93%,22,32.84%,5,1,20.00%,1,20.00%,21,2,9.52%,8,38.10%,0,0,0%,0,0%,41,7,17.07%,13,31.71%
2825,2025-08-25,Rhiain Ingram,1120,64,5.71%,294,26.25%,704,34,4.83%,184,26.14%,416,30,7.21%,110,26.44%,0,0,0%,0,0%,0,0,0%,0,0%
2826,2025-08-25,Mr R Morgan Murphy,9,0,0%,2,0%,0,0,0%,0,0%,2,0,0%,0,0%,0,0,0%,0,0%,7,0,0%,2,28.57%
2827,2025-08-25,Miss A McCormick,3,0,0%,1,0%,2,0,0%,1,50.00%,0,0,0%,0,0%,0,0,0%,0,0%,1,0,0%,0,0%
2828,2025-08-25,Lauren Hunter,4,0,0%,2,0%,3,0,0%,1,33.33%,1,0,0%,1,100.00%,0,0,0%,0,0%,0,0,0%,0,0%
2829,2025-08-25,Mathieu Carroux,1,0,0%,0,0%,0,0,0%,0,0%,0,0,0%,0,0%,0,0,0%,0,0%,1,0,0%,0,0%
2830,2025-08-25,Michael Doran,1,0,0%,0,0%,0,0,0%,0,0%,0,0,0%,0,0%,0,0,0%,0,0%,1,0,0%,0,0%
2831,2025-08-25,Mr T Murphy,2,0,0%,0,0%,0,0,0%,0,0%,2,0,0%,0,0%,0,0,0%,0,0%,0,0,0%,0,0%
2832,2025-08-25,Kieran Schofield,638,36,5.64%,189,29.62%,168,9,5.36%,49,29.17%,470,27,5.74%,140,29.79%,0,0,0%,0,0%,0,0,0%,0,0%
2833,2025-08-25,G B Watters,564,53,9.40%,219,38.83%,1,0,0%,0,0%,46,3,6.52%,19,41.30%,207,25,12.08%,86,41.55%,310,25,8.06%,114,36.77%
2834,2025-08-25,T Dowling,279,28,10.04%,89,31.90%,3,0,0%,0,0%,6,1,16.67%,2,33.33%,70,10,14.29%,32,45.71%,200,17,8.50%,55,27.50%
2835,2025-08-25,Paige Bolton,25,3,12.00%,9,36.00%,24,3,12.50%,8,33.33%,1,0,0%,1,100.00%,0,0,0%,0,0%,0,0,0%,0,0%
2836,2025-08-25,Jack Jordan,3,0,0%,2,0%,0,0,0%,0,0%,0,0,0%,0,0%,3,0,0%,2,66.67%,0,0,0%,0,0%
2837,2025-08-25,Miss N A Barry,23,0,0%,2,0%,0,0,0%,0,0%,14,0,0%,1,7.14%,1,0,0%,0,0%,8,0,0%,1,12.50%
2838,2025-08-25,Jake Hodson,412,23,5.58%,144,34.95%,1,0,0%,0,0%,34,1,2.94%,8,23.53%,150,11,7.33%,60,40.00%,227,11,4.85%,76,33.48%
2839,2025-08-25,Sophie Ralston,493,31,6.29%,154,31.24%,238,13,5.46%,67,28.15%,255,18,7.06%,87,34.12%,0,0,0%,0,0%,0,0,0%,0,0%
2840,2025-08-25,Mr P Gerety,43,11,25.58%,20,46.51%,0,0,0%,0,0%,0,0,0%,0,0%,43,11,25.58%,20,46.51%,0,0,0%,0,0%
2841,2025-08-25,Mr J Reddington,113,7,6.19%,26,23.01%,10,2,20.00%,4,40.00%,103,5,4.85%,22,21.36%,0,0,0%,0,0%,0,0,0%,0,0%
2843,2025-08-25,Mr S Davies-Thomas,87,17,19.54%,31,35.63%,0,0,0%,0,0%,2,0,0%,2,100.00%,72,14,19.44%,21,29.17%,13,3,23.08%,8,61.54%
2844,2025-08-25,R P Downey,1468,125,8.51%,412,28.07%,536,54,10.07%,171,31.90%,931,71,7.63%,241,25.89%,1,0,0%,0,0%,0,0,0%,0,0%
2845,2025-08-25,Mr A V Pop,1,0,0%,0,0%,0,0,0%,0,0%,1,0,0%,0,0%,0,0,0%,0,0%,0,0,0%,0,0%
2846,2025-08-25,Alice White,1,0,0%,0,0%,1,0,0%,0,0%,0,0,0%,0,0%,0,0,0%,0,0%,0,0,0%,0,0%
2847,2025-08-25,Gary Phillips,3,1,33.33%,1,33.33%,3,1,33.33%,1,33.33%,0,0,0%,0,0%,0,0,0%,0,0%,0,0,0%,0,0%
2848,2025-08-25,Mr Harrison Beswick,19,0,0%,7,0%,0,0,0%,0,0%,0,0,0%,0,0%,7,0,0%,3,42.86%,12,0,0%,4,33.33%
2849,2025-08-25,Jamie Bargary,1098,89,8.11%,364,33.15%,3,1,33.33%,1,33.33%,73,3,4.11%,33,45.21%,445,50,11.24%,149,33.48%,577,35,6.07%,181,31.37%
2850,2025-08-25,Miss Jennifer Powell,10,2,20.00%,3,30.00%,6,1,16.67%,3,50.00%,4,1,25.00%,0,0%,0,0,0%,0,0%,0,0,0%,0,0%
2851,2025-08-25,2nd Preference,5,0,0%,1,0%,1,0,0%,0,0%,1,0,0%,1,100.00%,1,0,0%,0,0%,2,0,0%,0,0%
2852,2025-08-25,Ross Coakley,1,0,0%,0,0%,1,0,0%,0,0%,0,0,0%,0,0%,0,0,0%,0,0%,0,0,0%,0,0%
2853,2025-08-25,Miss Morgan Kerr,4,0,0%,1,0%,1,0,0%,0,0%,3,0,0%,1,33.33%,0,0,0%,0,0%,0,0,0%,0,0%
2854,2025-08-25,Mr R D Potter,4,0,0%,0,0%,0,0,0%,0,0%,0,0,0%,0,0%,4,0,0%,0,0%,0,0,0%,0,0%
2855,2025-08-25,Anthony Fox,42,1,2.38%,19,45.24%,0,0,0%,0,0%,5,0,0%,3,60.00%,9,0,0%,6,66.67%,28,1,3.57%,10,35.71%
2856,2025-08-25,Bryony Frost,1769,276,15.60%,609,34.43%,29,2,6.90%,12,41.38%,135,17,12.59%,59,43.70%,606,115,18.98%,197,32.51%,999,142,14.21%,341,34.13%
2857,2025-08-25,Mr J S O'Reilly,2,0,0%,0,0%,0,0,0%,0,0%,1,0,0%,0,0%,1,0,0%,0,0%,0,0,0%,0,0%
2858,2025-08-25,Ben Ffrench Davis,53,5,9.43%,20,37.74%,3,0,0%,1,33.33%,8,1,12.50%,3,37.50%,11,1,9.09%,6,54.55%,31,3,9.68%,10,32.26%
2859,2025-08-25,J D Smith,10,0,0%,5,0%,6,0,0%,1,16.67%,4,0,0%,4,100.00%,0,0,0%,0,0%,0,0,0%,0,0%
2860,2025-08-25,Mr O Wedmore,31,0,0%,13,0%,0,0,0%,0,0%,0,0,0%,0,0%,28,0,0%,13,46.43%,3,0,0%,0,0%
2861,2025-08-25,Mr L Muspratt,3,0,0%,0,0%,0,0,0%,0,0%,0,0,0%,0,0%,3,0,0%,0,0%,0,0,0%,0,0%
2862,2025-08-25,James Corbett,518,28,5.41%,184,35.52%,16,0,0%,4,25.00%,76,4,5.26%,24,31.58%,57,4,7.02%,20,35.09%,369,20,5.42%,136,36.86%
2863,2025-08-25,Mr E M O'Sullivan,19,0,0%,8,0%,0,0,0%,0,0%,11,0,0%,4,36.36%,4,0,0%,2,50.00%,4,0,0%,2,50.00%
2864,2025-08-25,Mr R M Murphy,2,0,0%,0,0%,0,0,0%,0,0%,2,0,0%,0,0%,0,0,0%,0,0%,0,0,0%,0,0%
2865,2025-08-25,Jordon McMurray,32,4,12.50%,7,21.88%,10,0,0%,2,20.00%,22,4,18.18%,5,22.73%,0,0,0%,0,0%,0,0,0%,0,0%
2866,2025-08-25,Mr Joe Hill,59,10,16.95%,22,37.29%,0,0,0%,0,0%,0,0,0%,0,0%,57,10,17.54%,20,35.09%,2,0,0%,2,100.00%
2867,2025-08-25,Major Alex Michael,11,0,0%,4,0%,0,0,0%,0,0%,0,0,0%,0,0%,8,0,0%,4,50.00%,3,0,0%,0,0%
2868,2025-08-25,Major Erica Bridge,3,0,0%,1,0%,0,0,0%,0,0%,0,0,0%,0,0%,2,0,0%,1,50.00%,1,0,0%,0,0%
2869,2025-08-25,Capt Max Chenery,6,0,0%,4,0%,0,0,0%,0,0%,0,0,0%,0,0%,4,0,0%,3,75.00%,2,0,0%,1,50.00%
2870,2025-08-25,Gary Paul Halpin,620,54,8.71%,179,28.87%,134,15,11.19%,42,31.34%,486,39,8.02%,137,28.19%,0,0,0%,0,0%,0,0,0%,0,0%
2871,2025-08-25,Mr J Cook,2,0,0%,0,0%,0,0,0%,0,0%,0,0,0%,0,0%,2,0,0%,0,0%,0,0,0%,0,0%
2872,2025-08-25,Mr George Crate,16,2,12.50%,4,25.00%,10,2,20.00%,3,30.00%,6,0,0%,1,16.67%,0,0,0%,0,0%,0,0,0%,0,0%
2873,2025-08-25,C D Meehan,117,11,9.40%,34,29.06%,14,0,0%,6,42.86%,16,1,6.25%,7,43.75%,21,0,0%,4,19.05%,66,10,15.15%,17,25.76%
2874,2025-08-25,Dale Irving,743,71,9.56%,264,35.53%,11,2,18.18%,1,9.09%,56,1,1.79%,22,39.29%,242,26,10.74%,89,36.78%,434,42,9.68%,152,35.02%
2875,2025-08-25,E Cookson,146,17,11.64%,47,32.19%,2,0,0%,0,0%,14,2,14.29%,7,50.00%,40,4,10.00%,12,30.00%,90,11,12.22%,28,31.11%
2876,2025-08-25,Mr H Beswick,16,0,0%,4,0%,0,0,0%,0,0%,0,0,0%,0,0%,4,0,0%,1,25.00%,12,0,0%,3,25.00%
2877,2025-08-25,Miss Georgia Henderson,13,0,0%,2,0%,1,0,0%,0,0%,0,0,0%,0,0%,0,0,0%,0,0%,12,0,0%,2,16.67%
2878,2025-08-25,Mr C West,11,0,0%,2,0%,0,0,0%,0,0%,2,0,0%,0,0%,9,0,0%,2,22.22%,0,0,0%,0,0%
2879,2025-08-25,Mr Dominic Sutton,22,1,4.55%,10,45.45%,0,0,0%,0,0%,0,0,0%,0,0%,16,1,6.25%,7,43.75%,6,0,0%,3,50.00%
2880,2025-08-25,Mr J Bargary,31,2,6.45%,8,25.81%,0,0,0%,0,0%,0,0,0%,0,0%,22,1,4.55%,4,18.18%,9,1,11.11%,4,44.44%
2881,2025-08-25,Miss L Egerton,2,1,50.00%,0,0.00%,0,0,0%,0,0%,1,0,0%,0,0%,0,0,0%,0,0%,1,1,100.00%,0,0%
2882,2025-08-25,Miss Becky Smith,788,79,10.03%,298,37.82%,63,6,9.52%,25,39.68%,292,33,11.30%,107,36.64%,118,14,11.86%,48,40.68%,315,26,8.25%,118,37.46%
2883,2025-08-25,Lewis Gordon,86,9,10.47%,33,38.37%,0,0,0%,0,0%,20,5,25.00%,6,30.00%,18,1,5.56%,7,38.89%,48,3,6.25%,20,41.67%
2884,2025-08-25,Jayne Farwell,7,0,0%,2,0%,3,0,0%,1,33.33%,4,0,0%,1,25.00%,0,0,0%,0,0%,0,0,0%,0,0%
2886,2025-08-25,Miss A Stirling,155,16,10.32%,56,36.13%,0,0,0%,0,0%,12,1,8.33%,1,8.33%,82,10,12.20%,27,32.93%,61,5,8.20%,28,45.90%
2887,2025-08-25,Mr Louis Muspratt,24,3,12.50%,8,33.33%,0,0,0%,0,0%,0,0,0%,0,0%,8,2,25.00%,3,37.50%,16,1,6.25%,5,31.25%
2888,2025-08-25,Ms A F Bowles,1,0,0%,0,0%,0,0,0%,0,0%,0,0,0%,0,0%,0,0,0%,0,0%,1,0,0%,0,0%
2889,2025-08-25,Miss S M Doyle,4,0,0%,4,0%,0,0,0%,0,0%,4,0,0%,4,100.00%,0,0,0%,0,0%,0,0,0%,0,0%
2890,2025-08-25,Mr Sam Hanson,13,1,7.69%,7,53.85%,0,0,0%,0,0%,0,0,0%,0,0%,3,0,0%,2,66.67%,10,1,10.00%,5,50.00%
2891,2025-08-25,Harry Burns,882,89,10.09%,239,27.10%,523,54,10.33%,138,26.39%,359,35,9.75%,101,28.13%,0,0,0%,0,0%,0,0,0%,0,0%
2892,2025-08-25,Connor Beasley,5935,650,10.95%,2111,35.57%,1549,174,11.23%,585,37.77%,4380,476,10.87%,1524,34.79%,4,0,0%,2,50.00%,2,0,0%,0,0%
2893,2025-08-25,Mr C Deutsch,8,1,12.50%,2,25.00%,0,0,0%,0,0%,0,0,0%,0,0%,6,1,16.67%,0,0%,2,0,0%,2,100.00%
2894,2025-08-25,Sgt B Moore,2,0,0%,0,0%,0,0,0%,0,0%,0,0,0%,0,0%,1,0,0%,0,0%,1,0,0%,0,0%
2895,2025-08-25,Pte Lucy Gardner,6,0,0%,3,0%,0,0,0%,0,0%,0,0,0%,0,0%,3,0,0%,2,66.67%,3,0,0%,1,33.33%
2896,2025-08-25,Lt Douglas White,1,0,0%,0,0%,0,0,0%,0,0%,0,0,0%,0,0%,1,0,0%,0,0%,0,0,0%,0,0%
2897,2025-08-25,Sac Sam Williams,6,0,0%,2,0%,0,0,0%,0,0%,0,0,0%,0,0%,4,0,0%,2,50.00%,2,0,0%,0,0%
2898,2025-08-25,Flt Lt Camilla Howard,1,0,0%,0,0%,0,0,0%,0,0%,0,0,0%,0,0%,1,0,0%,0,0%,0,0,0%,0,0%
2899,2025-08-25,Steven Pateman,1,0,0%,0,0%,0,0,0%,0,0%,0,0,0%,0,0%,0,0,0%,0,0%,1,0,0%,0,0%
2900,2025-08-25,Miss Josephine Banks,22,5,22.73%,11,50.00%,0,0,0%,0,0%,0,0,0%,0,0%,22,5,22.73%,11,50.00%,0,0,0%,0,0%
2902,2025-08-25,Miss P Elvin,204,10,4.90%,50,24.51%,1,0,0%,0,0%,115,2,1.74%,28,24.35%,20,1,5.00%,8,40.00%,68,7,10.29%,14,20.59%
2903,2025-08-25,J Plouganou,7,2,28.57%,2,28.57%,0,0,0%,0,0%,0,0,0%,0,0%,6,2,33.33%,1,16.67%,1,0,0%,1,100.00%
2905,2025-08-25,Mr N Wakefield,1,0,0%,0,0%,0,0,0%,0,0%,0,0,0%,0,0%,1,0,0%,0,0%,0,0,0%,0,0%
2906,2025-08-25,Mr R D Day,5,0,0%,1,0%,0,0,0%,0,0%,2,0,0%,1,50.00%,2,0,0%,0,0%,1,0,0%,0,0%
2907,2025-08-25,J B Kane,517,33,6.38%,113,21.86%,4,0,0%,1,25.00%,8,1,12.50%,1,12.50%,92,10,10.87%,24,26.09%,413,22,5.33%,87,21.07%
2908,2025-08-25,Mr Thomas Chanin,9,1,11.11%,4,44.44%,0,0,0%,0,0%,0,0,0%,0,0%,9,1,11.11%,4,44.44%,0,0,0%,0,0%
2909,2025-08-25,Mr K M Hanmer,6,0,0%,4,0%,0,0,0%,0,0%,0,0,0%,0,0%,6,0,0%,4,66.67%,0,0,0%,0,0%
2910,2025-08-25,Mr Tom Greenway,4,0,0%,0,0%,0,0,0%,0,0%,3,0,0%,0,0%,0,0,0%,0,0%,1,0,0%,0,0%
2911,2025-08-25,Mr K Locking,31,2,6.45%,5,16.13%,9,0,0%,2,22.22%,22,2,9.09%,3,13.64%,0,0,0%,0,0%,0,0,0%,0,0%
2912,2025-08-25,Mr James Hughes,34,2,5.88%,7,20.59%,15,0,0%,3,20.00%,17,2,11.76%,4,23.53%,0,0,0%,0,0%,2,0,0%,0,0%
2913,2025-08-25,Mr Z Davidson,2,0,0%,0,0%,0,0,0%,0,0%,0,0,0%,0,0%,0,0,0%,0,0%,2,0,0%,0,0%
2914,2025-08-25,Mr Stevie Sanders,1,0,0%,0,0%,0,0,0%,0,0%,0,0,0%,0,0%,0,0,0%,0,0%,1,0,0%,0,0%
2915,2025-08-25,Mr C Gethings,74,7,9.46%,34,45.95%,0,0,0%,0,0%,6,0,0%,3,50.00%,37,4,10.81%,16,43.24%,31,3,9.68%,15,48.39%
2916,2025-08-25,Rowan Scott,3522,274,7.78%,1023,29.05%,977,71,7.27%,277,28.35%,2544,203,7.98%,746,29.32%,1,0,0%,0,0%,0,0,0%,0,0%
2917,2025-08-25,Donagh Meyler,3,0,0%,2,0%,1,0,0%,1,100.00%,0,0,0%,0,0%,0,0,0%,0,0%,2,0,0%,1,50.00%
2918,2025-08-25,P Khvedelidze,4,0,0%,0,0%,0,0,0%,0,0%,4,0,0%,0,0%,0,0,0%,0,0%,0,0,0%,0,0%
2919,2025-08-25,Mr J Conheady,27,1,3.70%,3,11.11%,0,0,0%,0,0%,8,1,12.50%,0,0%,13,0,0%,3,23.08%,6,0,0%,0,0%
2920,2025-08-25,Keiran O'neill,3,0,0%,3,0%,0,0,0%,0,0%,3,0,0%,3,100.00%,0,0,0%,0,0%,0,0,0%,0,0%
2921,2025-08-25,Mr D O'Keeffe,1,0,0%,0,0%,0,0,0%,0,0%,0,0,0%,0,0%,0,0,0%,0,0%,1,0,0%,0,0%
2922,2025-08-25,Mr K G Tobin,1,0,0%,0,0%,0,0,0%,0,0%,0,0,0%,0,0%,0,0,0%,0,0%,1,0,0%,0,0%
2923,2025-08-25,Mr T Hellgren,1,0,0%,0,0%,0,0,0%,0,0%,0,0,0%,0,0%,0,0,0%,0,0%,1,0,0%,0,0%
2924,2025-08-25,Mr J Hurley,66,3,4.55%,19,28.79%,0,0,0%,0,0%,31,1,3.23%,3,9.68%,31,2,6.45%,16,51.61%,4,0,0%,0,0%
2925,2025-08-25,Mr R Tector,20,0,0%,8,0%,0,0,0%,0,0%,17,0,0%,8,47.06%,1,0,0%,0,0%,2,0,0%,0,0%
2926,2025-08-25,Mr D J Hand,17,0,0%,2,0%,1,0,0%,0,0%,8,0,0%,0,0%,4,0,0%,0,0%,4,0,0%,2,50.00%
2927,2025-08-25,Adrian Heskin,1255,180,14.34%,479,38.17%,2,0,0%,2,100.00%,102,18,17.65%,49,48.04%,484,80,16.53%,165,34.09%,667,82,12.29%,263,39.43%
2939,2025-08-25,Mr N P Dempsey,1,0,0%,1,0%,0,0,0%,0,0%,1,0,0%,1,100.00%,0,0,0%,0,0%,0,0,0%,0,0%
2940,2025-08-25,Tomas Harrigan,41,1,2.44%,12,29.27%,28,0,0%,9,32.14%,13,1,7.69%,3,23.08%,0,0,0%,0,0%,0,0,0%,0,0%
2941,2025-08-25,Tom Bellamy,1,1,100.00%,0,0.00%,0,0,0%,0,0%,0,0,0%,0,0%,0,0,0%,0,0%,1,1,100.00%,0,0%
2942,2025-08-25,Mr R Chapman,18,0,0%,3,0%,0,0,0%,0,0%,0,0,0%,0,0%,12,0,0%,2,16.67%,6,0,0%,1,16.67%
2943,2025-08-25,Jack Savage,143,19,13.29%,46,32.17%,0,0,0%,0,0%,15,3,20.00%,4,26.67%,65,10,15.38%,23,35.38%,63,6,9.52%,19,30.16%
2944,2025-08-25,Eddie Linehan,56,4,7.14%,22,39.29%,2,1,50.00%,0,0%,29,2,6.90%,11,37.93%,6,0,0%,3,50.00%,19,1,5.26%,8,42.11%
2945,2025-08-25,T Speke,5,0,0%,1,0%,0,0,0%,0,0%,1,0,0%,0,0%,2,0,0%,0,0%,2,0,0%,1,50.00%
2946,2025-08-25,D Meyler,3016,230,7.63%,821,27.22%,0,0,0%,0,0%,38,1,2.63%,14,36.84%,860,82,9.53%,280,32.56%,2118,147,6.94%,527,24.88%
2947,2025-08-25,Liam Doran,18,2,11.11%,9,50.00%,5,0,0%,2,40.00%,13,2,15.38%,7,53.85%,0,0,0%,0,0%,0,0,0%,0,0%
2948,2025-08-25,Lauren Haigh,6,1,16.67%,2,33.33%,3,0,0%,1,33.33%,3,1,33.33%,1,33.33%,0,0,0%,0,0%,0,0,0%,0,0%
2949,2025-08-25,Mr R Smith,35,4,11.43%,15,42.86%,0,0,0%,0,0%,8,0,0%,1,12.50%,24,4,16.67%,13,54.17%,3,0,0%,1,33.33%
2950,2025-08-25,M Hamill,611,51,8.35%,161,26.35%,1,0,0%,0,0%,42,10,23.81%,13,30.95%,132,18,13.64%,43,32.58%,436,23,5.28%,105,24.08%
2951,2025-08-25,D E Hogan,1623,138,8.50%,549,33.83%,824,67,8.13%,306,37.14%,799,71,8.89%,243,30.41%,0,0,0%,0,0%,0,0,0%,0,0%
2952,2025-08-25,Miss C Swaffield,3,0,0%,1,0%,0,0,0%,0,0%,0,0,0%,0,0%,2,0,0%,1,50.00%,1,0,0%,0,0%
2953,2025-08-25,Will Pettis,22,1,4.55%,8,36.36%,4,0,0%,1,25.00%,17,1,5.88%,7,41.18%,0,0,0%,0,0%,1,0,0%,0,0%
2954,2025-08-25,Mr J J Delaney,2,0,0%,0,0%,0,0,0%,0,0%,2,0,0%,0,0%,0,0,0%,0,0%,0,0,0%,0,0%
2955,2025-08-25,Mr W Kitchman,6,1,16.67%,2,33.33%,0,0,0%,0,0%,1,0,0%,0,0%,5,1,20.00%,2,40.00%,0,0,0%,0,0%
2956,2025-08-25,Miss C Chugg,2,0,0%,0,0%,0,0,0%,0,0%,0,0,0%,0,0%,2,0,0%,0,0%,0,0,0%,0,0%
2957,2025-08-25,Miss N Hambling-Yates,3,0,0%,0,0%,3,0,0%,0,0%,0,0,0%,0,0%,0,0,0%,0,0%,0,0,0%,0,0%
2958,2025-08-25,Mr Ben Ffrench Davis,89,7,7.87%,27,30.34%,6,0,0%,2,33.33%,13,2,15.38%,3,23.08%,12,0,0%,7,58.33%,58,5,8.62%,15,25.86%
2959,2025-08-25,K J Dowling,15,0,0%,3,0%,7,0,0%,1,14.29%,7,0,0%,2,28.57%,0,0,0%,0,0%,1,0,0%,0,0%
2960,2025-08-25,Mr P Collins,9,1,11.11%,6,66.67%,0,0,0%,0,0%,0,0,0%,0,0%,9,1,11.11%,6,66.67%,0,0,0%,0,0%
2961,2025-08-25,Miss R McDonald,92,8,8.70%,40,43.48%,2,0,0%,0,0%,7,0,0%,3,42.86%,42,5,11.90%,22,52.38%,41,3,7.32%,15,36.59%
2962,2025-08-25,Mr C Smith,49,3,6.12%,11,22.45%,0,0,0%,0,0%,8,1,12.50%,2,25.00%,17,1,5.88%,5,29.41%,24,1,4.17%,4,16.67%
2963,2025-08-25,Mr T Hamilton,762,85,11.15%,268,35.17%,14,2,14.29%,9,64.29%,504,57,11.31%,186,36.90%,140,14,10.00%,46,32.86%,102,10,9.80%,27,26.47%
2964,2025-08-25,K M Smith,75,4,5.33%,12,16.00%,1,0,0%,0,0%,2,0,0%,0,0%,1,0,0%,0,0%,71,4,5.63%,12,16.90%
2965,2025-08-25,Josh Doyle,633,56,8.85%,224,35.39%,207,15,7.25%,78,37.68%,424,41,9.67%,144,33.96%,1,0,0%,1,100.00%,1,0,0%,1,100.00%
2966,2025-08-25,Miss S O Oakes,5,0,0%,1,0%,0,0,0%,0,0%,0,0,0%,0,0%,5,0,0%,1,20.00%,0,0,0%,0,0%
2967,2025-08-25,Mr G Ball,4,0,0%,0,0%,0,0,0%,0,0%,0,0,0%,0,0%,3,0,0%,0,0%,1,0,0%,0,0%
2968,2025-08-25,Ms E H Lyons,1,0,0%,0,0%,0,0,0%,0,0%,0,0,0%,0,0%,1,0,0%,0,0%,0,0,0%,0,0%
2969,2025-08-25,D Thomas,1,1,100.00%,0,0.00%,0,0,0%,0,0%,1,1,100.00%,0,0%,0,0,0%,0,0%,0,0,0%,0,0%
2970,2025-08-25,P O'Leary,1,0,0%,1,0%,0,0,0%,0,0%,1,0,0%,1,100.00%,0,0,0%,0,0%,0,0,0%,0,0%
2971,2025-08-25,Alex Butler,1,0,0%,1,0%,0,0,0%,0,0%,1,0,0%,1,100.00%,0,0,0%,0,0%,0,0,0%,0,0%
2972,2025-08-25,Karen Reidy,30,1,3.33%,3,10.00%,8,0,0%,0,0%,22,1,4.55%,3,13.64%,0,0,0%,0,0%,0,0,0%,0,0%
2973,2025-08-25,Mr T Farrell,1,0,0%,1,0%,0,0,0%,0,0%,1,0,0%,1,100.00%,0,0,0%,0,0%,0,0,0%,0,0%
2974,2025-08-25,A Feighery,1,0,0%,0,0%,0,0,0%,0,0%,1,0,0%,0,0%,0,0,0%,0,0%,0,0,0%,0,0%
2975,2025-08-25,Chris Byrne,5,0,0%,1,0%,0,0,0%,0,0%,5,0,0%,1,20.00%,0,0,0%,0,0%,0,0,0%,0,0%
2976,2025-08-25,Kelvin Keane,2,0,0%,0,0%,0,0,0%,0,0%,2,0,0%,0,0%,0,0,0%,0,0%,0,0,0%,0,0%
2977,2025-08-25,Sarah McCrory,2,0,0%,0,0%,0,0,0%,0,0%,2,0,0%,0,0%,0,0,0%,0,0%,0,0,0%,0,0%
2978,2025-08-25,Noel Dooly,1,0,0%,0,0%,0,0,0%,0,0%,1,0,0%,0,0%,0,0,0%,0,0%,0,0,0%,0,0%
2979,2025-08-25,B Wall,1,0,0%,0,0%,0,0,0%,0,0%,1,0,0%,0,0%,0,0,0%,0,0%,0,0,0%,0,0%
2980,2025-08-25,Patricia Monahan,1,0,0%,0,0%,0,0,0%,0,0%,1,0,0%,0,0%,0,0,0%,0,0%,0,0,0%,0,0%
2981,2025-08-25,Graham Ross,1,0,0%,0,0%,0,0,0%,0,0%,1,0,0%,0,0%,0,0,0%,0,0%,0,0,0%,0,0%
2982,2025-08-25,Lucy McLernon,1,0,0%,0,0%,0,0,0%,0,0%,1,0,0%,0,0%,0,0,0%,0,0%,0,0,0%,0,0%
2983,2025-08-25,S Earle,1,0,0%,0,0%,0,0,0%,0,0%,1,0,0%,0,0%,0,0,0%,0,0%,0,0,0%,0,0%
2984,2025-08-25,Mr D Keane,1,0,0%,0,0%,0,0,0%,0,0%,1,0,0%,0,0%,0,0,0%,0,0%,0,0,0%,0,0%
2985,2025-08-25,Paddy Leigh,2,0,0%,0,0%,0,0,0%,0,0%,2,0,0%,0,0%,0,0,0%,0,0%,0,0,0%,0,0%
2986,2025-08-25,Jackie Ring,1,0,0%,0,0%,0,0,0%,0,0%,1,0,0%,0,0%,0,0,0%,0,0%,0,0,0%,0,0%
2987,2025-08-25,D Dolly,1,0,0%,0,0%,0,0,0%,0,0%,1,0,0%,0,0%,0,0,0%,0,0%,0,0,0%,0,0%
2988,2025-08-25,A Byrne,1,0,0%,0,0%,0,0,0%,0,0%,1,0,0%,0,0%,0,0,0%,0,0%,0,0,0%,0,0%
2989,2025-08-25,Alice Fitzgerald,1,0,0%,0,0%,0,0,0%,0,0%,1,0,0%,0,0%,0,0,0%,0,0%,0,0,0%,0,0%
2990,2025-08-25,Ian Kearney,4,0,0%,0,0%,0,0,0%,0,0%,4,0,0%,0,0%,0,0,0%,0,0%,0,0,0%,0,0%
2992,2025-08-25,Mr R Jenkins,1,0,0%,0,0%,0,0,0%,0,0%,0,0,0%,0,0%,1,0,0%,0,0%,0,0,0%,0,0%
2993,2025-08-25,Miss P Fuller,138,16,11.59%,45,32.61%,4,0,0%,0,0%,30,1,3.33%,9,30.00%,34,4,11.76%,9,26.47%,70,11,15.71%,27,38.57%
2994,2025-08-25,C Gethings,2148,199,9.26%,784,36.50%,8,0,0%,3,37.50%,168,12,7.14%,66,39.29%,607,65,10.71%,214,35.26%,1365,122,8.94%,501,36.70%
2995,2025-08-25,Ms S Byrne,1,0,0%,0,0%,0,0,0%,0,0%,1,0,0%,0,0%,0,0,0%,0,0%,0,0,0%,0,0%
2996,2025-08-25,Rachel McDonald,259,27,10.42%,96,37.07%,5,1,20.00%,1,20.00%,14,1,7.14%,4,28.57%,110,19,17.27%,40,36.36%,130,6,4.62%,51,39.23%
2997,2025-08-25,Miss H Doyle,21,3,14.29%,8,38.10%,11,1,9.09%,4,36.36%,10,2,20.00%,4,40.00%,0,0,0%,0,0%,0,0,0%,0,0%
2998,2025-08-25,Miss Katy Lyons,36,2,5.56%,17,47.22%,0,0,0%,0,0%,10,2,20.00%,6,60.00%,11,0,0%,7,63.64%,15,0,0%,4,26.67%
2999,2025-08-25,A Rawlinson,67,15,22.39%,26,38.81%,43,13,30.23%,18,41.86%,24,2,8.33%,8,33.33%,0,0,0%,0,0%,0,0,0%,0,0%
3000,2025-08-25,Mr L Torbitt,2,0,0%,0,0%,0,0,0%,0,0%,2,0,0%,0,0%,0,0,0%,0,0%,0,0,0%,0,0%
3001,2025-08-25,Ms K O'farrell,1,0,0%,0,0%,0,0,0%,0,0%,0,0,0%,0,0%,0,0,0%,0,0%,1,0,0%,0,0%
3002,2025-08-25,Mr T N Brett,55,2,3.64%,19,34.55%,0,0,0%,0,0%,22,0,0%,9,40.91%,11,0,0%,3,27.27%,22,2,9.09%,7,31.82%
3003,2025-08-25,Mr J W Reilly,60,3,5.00%,12,20.00%,0,0,0%,0,0%,20,0,0%,4,20.00%,6,0,0%,0,0%,34,3,8.82%,8,23.53%
3004,2025-08-25,Mr C Dee,1,0,0%,1,0%,0,0,0%,0,0%,0,0,0%,0,0%,0,0,0%,0,0%,1,0,0%,1,100.00%
3005,2025-08-25,Oisin Murphy,9657,1683,17.43%,3774,39.08%,3437,659,19.17%,1419,41.29%,6208,1023,16.48%,2350,37.85%,10,1,10.00%,5,50.00%,2,0,0%,0,0%
3006,2025-08-25,Mr Stuart Robinson,9,1,11.11%,5,55.56%,0,0,0%,0,0%,0,0,0%,0,0%,9,1,11.11%,5,55.56%,0,0,0%,0,0%
3007,2025-08-25,Miss T Worsley,97,5,5.15%,23,23.71%,3,0,0%,0,0%,6,0,0%,1,16.67%,45,3,6.67%,9,20.00%,43,2,4.65%,13,30.23%
3008,2025-08-25,Cameron Hardie,48,3,6.25%,18,37.50%,21,3,14.29%,7,33.33%,26,0,0%,11,42.31%,1,0,0%,0,0%,0,0,0%,0,0%
3009,2025-08-25,Jack Garrity,5,0,0%,1,0%,2,0,0%,0,0%,3,0,0%,1,33.33%,0,0,0%,0,0%,0,0,0%,0,0%
3010,2025-08-25,Michael J Murphy,1,1,100.00%,0,0.00%,0,0,0%,0,0%,1,1,100.00%,0,0%,0,0,0%,0,0%,0,0,0%,0,0%
3011,2025-08-25,Mr S N Styles,1,0,0%,0,0%,0,0,0%,0,0%,1,0,0%,0,0%,0,0,0%,0,0%,0,0,0%,0,0%
3012,2025-08-25,Mr J A McEntee,9,0,0%,0,0%,4,0,0%,0,0%,5,0,0%,0,0%,0,0,0%,0,0%,0,0,0%,0,0%
3013,2025-08-25,Miss Kelly Harrison,3,0,0%,0,0%,0,0,0%,0,0%,0,0,0%,0,0%,1,0,0%,0,0%,2,0,0%,0,0%
3014,2025-08-25,Paul W Flynn,9,1,11.11%,2,22.22%,1,0,0%,0,0%,8,1,12.50%,2,25.00%,0,0,0%,0,0%,0,0,0%,0,0%
3015,2025-08-25,Ms M M Gannon,1,0,0%,0,0%,0,0,0%,0,0%,1,0,0%,0,0%,0,0,0%,0,0%,0,0,0%,0,0%
3016,2025-08-25,Mr O R J Sangster,17,4,23.53%,7,41.18%,2,0,0%,1,50.00%,15,4,26.67%,6,40.00%,0,0,0%,0,0%,0,0,0%,0,0%
3019,2025-08-25,G Braem,1,0,0%,1,0%,0,0,0%,0,0%,1,0,0%,1,100.00%,0,0,0%,0,0%,0,0,0%,0,0%
3020,2025-08-25,Miss B Frost,157,16,10.19%,53,33.76%,0,0,0%,0,0%,8,0,0%,2,25.00%,57,8,14.04%,24,42.11%,92,8,8.70%,27,29.35%
3021,2025-08-25,Miss Charlotte Hawker,4,0,0%,0,0%,0,0,0%,0,0%,0,0,0%,0,0%,1,0,0%,0,0%,3,0,0%,0,0%
3022,2025-08-25,Mr D G Noonan,105,17,16.19%,47,44.76%,2,0,0%,0,0%,7,0,0%,3,42.86%,44,8,18.18%,19,43.18%,52,9,17.31%,25,48.08%
3023,2025-08-25,Rob Hornby,5893,591,10.03%,1862,31.60%,2659,253,9.51%,816,30.69%,3221,335,10.40%,1043,32.38%,11,2,18.18%,3,27.27%,2,1,50.00%,0,0%
3024,2025-08-25,Fergal Lynch,1,0,0%,0,0%,0,0,0%,0,0%,1,0,0%,0,0%,0,0,0%,0,0%,0,0,0%,0,0%
3025,2025-08-25,Mr K Wood,48,7,14.58%,17,35.42%,11,3,27.27%,5,45.45%,33,4,12.12%,11,33.33%,0,0,0%,0,0%,4,0,0%,1,25.00%
3026,2025-08-25,James McDonald,262,37,14.12%,102,38.93%,5,2,40.00%,1,20.00%,256,35,13.67%,100,39.06%,1,0,0%,1,100.00%,0,0,0%,0,0%
3027,2025-08-25,Jane Elliott,1491,128,8.58%,508,34.07%,713,46,6.45%,250,35.06%,778,82,10.54%,258,33.16%,0,0,0%,0,0%,0,0,0%,0,0%
3028,2025-08-25,Miss A Fahey,52,2,3.85%,14,26.92%,0,0,0%,0,0%,52,2,3.85%,14,26.92%,0,0,0%,0,0%,0,0,0%,0,0%
3029,2025-08-25,Mr Oswald Wedmore,6,0,0%,3,0%,0,0,0%,0,0%,0,0,0%,0,0%,6,0,0%,3,50.00%,0,0,0%,0,0%
3030,2025-08-25,Joanna Mason,2467,249,10.09%,672,27.24%,1030,103,10.00%,280,27.18%,1435,146,10.17%,391,27.25%,1,0,0%,0,0%,1,0,0%,1,100.00%
3031,2025-08-25,Rachael Blackmore,4398,569,12.94%,1439,32.72%,26,1,3.85%,3,11.54%,227,12,5.29%,48,21.15%,1412,213,15.08%,492,34.84%,2733,343,12.55%,896,32.78%
3032,2025-08-25,Mr Gary Beaumont,40,3,7.50%,14,35.00%,0,0,0%,0,0%,6,1,16.67%,3,50.00%,11,0,0%,2,18.18%,23,2,8.70%,9,39.13%
3033,2025-08-25,Nicola Grundy,57,0,0%,6,0%,26,0,0%,4,15.38%,31,0,0%,2,6.45%,0,0,0%,0,0%,0,0,0%,0,0%
3034,2025-08-25,Annelie Hollstenius,4,0,0%,2,0%,0,0,0%,0,0%,4,0,0%,2,50.00%,0,0,0%,0,0%,0,0,0%,0,0%
3035,2025-08-25,Cam Hardie,7408,409,5.52%,2115,28.55%,3631,212,5.84%,1083,29.83%,3773,196,5.19%,1032,27.35%,4,1,25.00%,0,0%,0,0,0%,0,0%
3036,2025-08-25,J Garritty,2714,245,9.03%,946,34.86%,867,76,8.77%,293,33.79%,1844,169,9.16%,653,35.41%,1,0,0%,0,0%,2,0,0%,0,0%
3037,2025-08-25,Aaron Fallon,5,0,0%,1,0%,0,0,0%,0,0%,5,0,0%,1,20.00%,0,0,0%,0,0%,0,0,0%,0,0%
3038,2025-08-25,Page Fuller,999,92,9.21%,372,37.24%,7,0,0%,2,28.57%,71,6,8.45%,27,38.03%,327,36,11.01%,149,45.57%,594,50,8.42%,194,32.66%
3039,2025-08-25,Miss L Gould,2,0,0%,0,0%,0,0,0%,0,0%,0,0,0%,0,0%,2,0,0%,0,0%,0,0,0%,0,0%
3040,2025-08-25,Mr A Edwards,19,3,15.79%,5,26.32%,1,0,0%,1,100.00%,5,0,0%,0,0%,9,2,22.22%,4,44.44%,4,1,25.00%,0,0%
3041,2025-08-25,Ms G Ryan,1,0,0%,1,0%,0,0,0%,0,0%,1,0,0%,1,100.00%,0,0,0%,0,0%,0,0,0%,0,0%
3042,2025-08-25,Ms N P Delaney,1,0,0%,0,0%,0,0,0%,0,0%,1,0,0%,0,0%,0,0,0%,0,0%,0,0,0%,0,0%
3043,2025-08-25,Miss S Byrne,2,0,0%,0,0%,0,0,0%,0,0%,2,0,0%,0,0%,0,0,0%,0,0%,0,0,0%,0,0%
3044,2025-08-25,Oliver Wilson,2,0,0%,1,0%,0,0,0%,0,0%,2,0,0%,1,50.00%,0,0,0%,0,0%,0,0,0%,0,0%
3045,2025-08-25,Miss Alison Hutchinson,1,0,0%,0,0%,0,0,0%,0,0%,1,0,0%,0,0%,0,0,0%,0,0%,0,0,0%,0,0%
3046,2025-08-25,Thomas Cheesman,280,18,6.43%,91,32.50%,0,0,0%,0,0%,16,0,0%,4,25.00%,67,5,7.46%,23,34.33%,197,13,6.60%,64,32.49%
3047,2025-08-25,Mikey Hamill,127,7,5.51%,45,35.43%,3,0,0%,0,0%,10,1,10.00%,5,50.00%,25,1,4.00%,10,40.00%,89,5,5.62%,30,33.71%
3048,2025-08-25,Mr Jack Savage,14,1,7.14%,6,42.86%,0,0,0%,0,0%,0,0,0%,0,0%,7,0,0%,4,57.14%,7,1,14.29%,2,28.57%
3049,2025-08-25,P Flynn,1,0,0%,0,0%,0,0,0%,0,0%,1,0,0%,0,0%,0,0,0%,0,0%,0,0,0%,0,0%
3050,2025-08-25,Mr R Colley,8,2,25.00%,0,0.00%,0,0,0%,0,0%,8,2,25.00%,0,0%,0,0,0%,0,0%,0,0,0%,0,0%
3051,2025-08-25,Mr L A Beardsley,1,0,0%,1,0%,0,0,0%,0,0%,1,0,0%,1,100.00%,0,0,0%,0,0%,0,0,0%,0,0%
3052,2025-08-25,Georgina Baxter,17,0,0%,6,0%,5,0,0%,0,0%,12,0,0%,6,50.00%,0,0,0%,0,0%,0,0,0%,0,0%
3053,2025-08-25,P Maloney,1,0,0%,0,0%,0,0,0%,0,0%,0,0,0%,0,0%,0,0,0%,0,0%,1,0,0%,0,0%
3055,2025-08-25,Josephine Gordon,4704,422,8.97%,1589,33.78%,2742,229,8.35%,951,34.68%,1958,191,9.75%,638,32.58%,3,2,66.67%,0,0%,1,0,0%,0,0%
3056,2025-08-25,Jack Garritty,791,85,10.75%,304,38.43%,190,13,6.84%,61,32.11%,600,72,12.00%,242,40.33%,0,0,0%,0,0%,1,0,0%,1,100.00%
3057,2025-08-25,Miss Emily Bullock,115,6,5.22%,42,36.52%,13,0,0%,4,30.77%,102,6,5.88%,38,37.25%,0,0,0%,0,0%,0,0,0%,0,0%
3058,2025-08-25,C Newitt,2,0,0%,1,0%,0,0,0%,0,0%,1,0,0%,0,0%,0,0,0%,0,0%,0,0,0%,0,0%
3059,2025-08-25,Joel Rosario,23,2,8.70%,3,13.04%,0,0,0%,0,0%,23,2,8.70%,3,13.04%,0,0,0%,0,0%,0,0,0%,0,0%
3060,2025-08-25,J P O'Sullivan,1540,67,4.35%,353,22.92%,0,0,0%,0,0%,38,1,2.63%,10,26.32%,264,11,4.17%,72,27.27%,1238,55,4.44%,271,21.89%
3061,2025-08-25,Hector Crouch,4550,623,13.69%,1428,31.38%,2002,270,13.49%,650,32.47%,2538,353,13.91%,774,30.50%,9,0,0%,3,33.33%,1,0,0%,1,100.00%
3062,2025-08-25,E Pedroza,4,0,0%,2,0%,0,0,0%,0,0%,4,0,0%,2,50.00%,0,0,0%,0,0%,0,0,0%,0,0%
3063,2025-08-25,Conor King,1,0,0%,0,0%,0,0,0%,0,0%,1,0,0%,0,0%,0,0,0%,0,0%,0,0,0%,0,0%
3064,2025-08-25,Mr Conor Orr,93,6,6.45%,42,45.16%,0,0,0%,0,0%,11,0,0%,3,27.27%,34,2,5.88%,17,50.00%,48,4,8.33%,22,45.83%
3065,2025-08-25,J Noonan,3,0,0%,1,0%,0,0,0%,0,0%,3,0,0%,1,33.33%,0,0,0%,0,0%,0,0,0%,0,0%
3066,2025-08-25,Mr R M Cody,36,1,2.78%,7,19.44%,1,0,0%,0,0%,23,1,4.35%,3,13.04%,2,0,0%,1,50.00%,10,0,0%,3,30.00%
3067,2025-08-25,Miss A M Feighery,1,0,0%,0,0%,0,0,0%,0,0%,1,0,0%,0,0%,0,0,0%,0,0%,0,0,0%,0,0%
3068,2025-08-25,F Veron,6,0,0%,1,0%,0,0,0%,0,0%,6,0,0%,1,16.67%,0,0,0%,0,0%,0,0,0%,0,0%
3069,2025-08-25,P T Gallagher,1,0,0%,0,0%,0,0,0%,0,0%,0,0,0%,0,0%,0,0,0%,0,0%,1,0,0%,0,0%
3070,2025-08-25,Mr G E O'Leary,3,0,0%,1,0%,0,0,0%,0,0%,3,0,0%,1,33.33%,0,0,0%,0,0%,0,0,0%,0,0%
3071,2025-08-25,Mr M R Byrne,5,0,0%,0,0%,0,0,0%,0,0%,5,0,0%,0,0%,0,0,0%,0,0%,0,0,0%,0,0%
3072,2025-08-25,Mr K J Quigley,14,1,7.14%,5,35.71%,0,0,0%,0,0%,5,1,20.00%,1,20.00%,4,0,0%,3,75.00%,5,0,0%,1,20.00%
3073,2025-08-25,Brodie Hampson,39,2,5.13%,11,28.21%,4,0,0%,1,25.00%,6,0,0%,2,33.33%,5,1,20.00%,1,20.00%,24,1,4.17%,7,29.17%
3074,2025-08-25,Katie Watson,2,0,0%,0,0%,0,0,0%,0,0%,2,0,0%,0,0%,0,0,0%,0,0%,0,0,0%,0,0%
3075,2025-08-25,Casey Wilcox,2,0,0%,0,0%,0,0,0%,0,0%,2,0,0%,0,0%,0,0,0%,0,0%,0,0,0%,0,0%
3076,2025-08-25,Mr Jack Gilligan,4,1,25.00%,2,50.00%,1,0,0%,1,100.00%,3,1,33.33%,1,33.33%,0,0,0%,0,0%,0,0,0%,0,0%
3077,2025-08-25,Becky Brisbourne,23,1,4.35%,10,43.48%,16,1,6.25%,6,37.50%,6,0,0%,4,66.67%,0,0,0%,0,0%,1,0,0%,0,0%
3078,2025-08-25,Anna Hesketh,206,17,8.25%,66,32.04%,41,7,17.07%,14,34.15%,165,10,6.06%,52,31.52%,0,0,0%,0,0%,0,0,0%,0,0%
3079,2025-08-25,G P Brouder,566,22,3.89%,93,16.43%,121,3,2.48%,25,20.66%,161,6,3.73%,20,12.42%,44,2,4.55%,9,20.45%,240,11,4.58%,39,16.25%
3080,2025-08-25,Ahmad Al Subousi,42,3,7.14%,25,59.52%,19,2,10.53%,9,47.37%,23,1,4.35%,16,69.57%,0,0,0%,0,0%,0,0,0%,0,0%
3081,2025-08-25,Miss K Kenwright,4,0,0%,2,0%,0,0,0%,0,0%,4,0,0%,2,50.00%,0,0,0%,0,0%,0,0,0%,0,0%
3082,2025-08-25,Miss R O'Neill,11,0,0%,4,0%,0,0,0%,0,0%,11,0,0%,4,36.36%,0,0,0%,0,0%,0,0,0%,0,0%
3083,2025-08-25,Ryan Holmes,13,1,7.69%,4,30.77%,10,1,10.00%,3,30.00%,3,0,0%,1,33.33%,0,0,0%,0,0%,0,0,0%,0,0%
3084,2025-08-25,Mr G Branton,16,1,6.25%,6,37.50%,1,0,0%,0,0%,5,0,0%,3,60.00%,3,0,0%,2,66.67%,7,1,14.29%,1,14.29%
3085,2025-08-25,D M Melia,159,5,3.14%,23,14.47%,58,3,5.17%,11,18.97%,101,2,1.98%,12,11.88%,0,0,0%,0,0%,0,0,0%,0,0%
3086,2025-08-25,Mr A P Byrne,4,0,0%,0,0%,0,0,0%,0,0%,4,0,0%,0,0%,0,0,0%,0,0%,0,0,0%,0,0%
3087,2025-08-25,Mr G M Treacy,1,0,0%,0,0%,0,0,0%,0,0%,1,0,0%,0,0%,0,0,0%,0,0%,0,0,0%,0,0%
3088,2025-08-25,Ahmad Alsubousi,2,0,0%,0,0%,0,0,0%,0,0%,2,0,0%,0,0%,0,0,0%,0,0%,0,0,0%,0,0%
3089,2025-08-25,Miss Ella Smith,26,5,19.23%,5,19.23%,7,0,0%,2,28.57%,19,5,26.32%,3,15.79%,0,0,0%,0,0%,0,0,0%,0,0%
3090,2025-08-25,Mrs V Davies,20,1,5.00%,8,40.00%,0,0,0%,0,0%,20,1,5.00%,8,40.00%,0,0,0%,0,0%,0,0,0%,0,0%
3091,2025-08-25,Mr D Delahunt,57,1,1.75%,9,15.79%,0,0,0%,0,0%,5,0,0%,0,0%,26,1,3.85%,5,19.23%,26,0,0%,4,15.38%
3092,2025-08-25,Mr D M Cast,2,0,0%,0,0%,0,0,0%,0,0%,2,0,0%,0,0%,0,0,0%,0,0%,0,0,0%,0,0%
3093,2025-08-25,Mr W Hogg,18,0,0%,7,0%,1,0,0%,0,0%,17,0,0%,7,41.18%,0,0,0%,0,0%,0,0,0%,0,0%
3094,2025-08-25,Charlie Deutsch,2453,328,13.37%,805,32.82%,4,1,25.00%,2,50.00%,142,14,9.86%,43,30.28%,1269,212,16.71%,410,32.31%,1038,101,9.73%,350,33.72%
3095,2025-08-25,D J Hickey,35,1,2.86%,3,8.57%,0,0,0%,0,0%,10,0,0%,1,10.00%,1,0,0%,0,0%,24,1,4.17%,2,8.33%
3096,2025-08-25,Mr D Thomas,4,1,25.00%,0,0.00%,0,0,0%,0,0%,2,1,50.00%,0,0%,0,0,0%,0,0%,2,0,0%,0,0%
3097,2025-08-25,Mr I D Corrigan,15,0,0%,4,0%,0,0,0%,0,0%,13,0,0%,2,15.38%,2,0,0%,2,100.00%,0,0,0%,0,0%
3098,2025-08-25,Miss N Fahey,40,4,10.00%,16,40.00%,0,0,0%,0,0%,35,3,8.57%,16,45.71%,0,0,0%,0,0%,5,1,20.00%,0,0%
3099,2025-08-25,Miss K Howden,1,0,0%,0,0%,0,0,0%,0,0%,1,0,0%,0,0%,0,0,0%,0,0%,0,0,0%,0,0%
3100,2025-08-25,Mr W Degnan,8,0,0%,1,0%,2,0,0%,0,0%,5,0,0%,1,20.00%,0,0,0%,0,0%,1,0,0%,0,0%
3101,2025-08-25,Mr A R D Ferguson,1,1,100.00%,0,0.00%,0,0,0%,0,0%,1,1,100.00%,0,0%,0,0,0%,0,0%,0,0,0%,0,0%
3102,2025-08-25,J C Piggott,5,0,0%,1,0%,0,0,0%,0,0%,5,0,0%,1,20.00%,0,0,0%,0,0%,0,0,0%,0,0%
3103,2025-08-25,S J McCarthy,2,0,0%,0,0%,0,0,0%,0,0%,2,0,0%,0,0%,0,0,0%,0,0%,0,0,0%,0,0%
3104,2025-08-25,Samuel Clarke,51,7,13.73%,14,27.45%,17,3,17.65%,5,29.41%,34,4,11.76%,9,26.47%,0,0,0%,0,0%,0,0,0%,0,0%
3105,2025-08-25,Miss H Ljungqvist,1,0,0%,1,0%,0,0,0%,0,0%,1,0,0%,1,100.00%,0,0,0%,0,0%,0,0,0%,0,0%
3106,2025-08-25,Miss B Guenet,2,1,50.00%,1,50.00%,0,0,0%,0,0%,2,1,50.00%,1,50.00%,0,0,0%,0,0%,0,0,0%,0,0%
3107,2025-08-25,Miss S Bruggemann,1,0,0%,1,0%,0,0,0%,0,0%,1,0,0%,1,100.00%,0,0,0%,0,0%,0,0,0%,0,0%
3108,2025-08-25,Miss M Slamanig,2,0,0%,2,0%,0,0,0%,0,0%,2,0,0%,2,100.00%,0,0,0%,0,0%,0,0,0%,0,0%
3109,2025-08-25,Miss S Storen,2,0,0%,1,0%,0,0,0%,0,0%,2,0,0%,1,50.00%,0,0,0%,0,0%,0,0,0%,0,0%
3110,2025-08-25,Miss D Fatura,1,0,0%,0,0%,0,0,0%,0,0%,1,0,0%,0,0%,0,0,0%,0,0%,0,0,0%,0,0%
3111,2025-08-25,Miss C Buesa,2,0,0%,1,0%,0,0,0%,0,0%,2,0,0%,1,50.00%,0,0,0%,0,0%,0,0,0%,0,0%
3112,2025-08-25,Miss F Hickman,3,0,0%,0,0%,0,0,0%,0,0%,1,0,0%,0,0%,1,0,0%,0,0%,1,0,0%,0,0%
3113,2025-08-25,Mr T W Wheeler,19,1,5.26%,2,10.53%,0,0,0%,0,0%,2,0,0%,0,0%,3,0,0%,1,33.33%,14,1,7.14%,1,7.14%
3114,2025-08-25,Mr T Burke,4,0,0%,2,0%,2,0,0%,2,100.00%,2,0,0%,0,0%,0,0,0%,0,0%,0,0,0%,0,0%
3115,2025-08-25,Mr P A Noonan,1,0,0%,0,0%,0,0,0%,0,0%,1,0,0%,0,0%,0,0,0%,0,0%,0,0,0%,0,0%
3116,2025-08-25,Miss Anna Hesketh,77,6,7.79%,19,24.68%,15,2,13.33%,6,40.00%,62,4,6.45%,13,20.97%,0,0,0%,0,0%,0,0,0%,0,0%
3117,2025-08-25,Mr Kit Alexander,300,29,9.67%,112,37.33%,3,0,0%,1,33.33%,19,1,5.26%,6,31.58%,118,10,8.47%,40,33.90%,160,18,11.25%,65,40.63%
3118,2025-08-25,Mr P Dennis,34,3,8.82%,12,35.29%,4,0,0%,3,75.00%,19,3,15.79%,6,31.58%,3,0,0%,0,0%,8,0,0%,3,37.50%
3119,2025-08-25,Mr Alex Ferguson,174,19,10.92%,45,25.86%,14,2,14.29%,3,21.43%,69,9,13.04%,21,30.43%,19,2,10.53%,5,26.32%,72,6,8.33%,16,22.22%
3120,2025-08-25,Miss M Bishop-Peck,5,0,0%,3,0%,4,0,0%,3,75.00%,1,0,0%,0,0%,0,0,0%,0,0%,0,0,0%,0,0%
3121,2025-08-25,Miss Anne-sophie Crombez,2,0,0%,0,0%,0,0,0%,0,0%,2,0,0%,0,0%,0,0,0%,0,0%,0,0,0%,0,0%
3122,2025-08-25,Ms A Fitzgerald,6,0,0%,0,0%,0,0,0%,0,0%,6,0,0%,0,0%,0,0,0%,0,0%,0,0,0%,0,0%
3123,2025-08-25,Joao Moreira,5,1,20.00%,2,40.00%,0,0,0%,0,0%,5,1,20.00%,2,40.00%,0,0,0%,0,0%,0,0,0%,0,0%
3124,2025-08-25,Rosie Napravnik,5,0,0%,2,0%,0,0,0%,0,0%,5,0,0%,2,40.00%,0,0,0%,0,0%,0,0,0%,0,0%
3125,2025-08-25,Gary Stevens,5,1,20.00%,1,20.00%,0,0,0%,0,0%,5,1,20.00%,1,20.00%,0,0,0%,0,0%,0,0,0%,0,0%
3126,2025-08-25,Lisa Allpress,5,0,0%,2,0%,0,0,0%,0,0%,5,0,0%,2,40.00%,0,0,0%,0,0%,0,0,0%,0,0%
3127,2025-08-25,Eoin Walsh,9,0,0%,2,0%,6,0,0%,2,33.33%,2,0,0%,0,0%,0,0,0%,0,0%,1,0,0%,0,0%
3128,2025-08-25,Stephen King,2,0,0%,1,0%,0,0,0%,0,0%,2,0,0%,1,50.00%,0,0,0%,0,0%,0,0,0%,0,0%
3129,2025-08-25,Mr J L Baker,2,0,0%,1,0%,0,0,0%,0,0%,2,0,0%,1,50.00%,0,0,0%,0,0%,0,0,0%,0,0%
3130,2025-08-25,Sinead Alderman,3,1,33.33%,0,0.00%,2,0,0%,0,0%,1,1,100.00%,0,0%,0,0,0%,0,0%,0,0,0%,0,0%
3131,2025-08-25,Miss S McGrath,2,0,0%,1,0%,0,0,0%,0,0%,1,0,0%,0,0%,1,0,0%,1,100.00%,0,0,0%,0,0%
3132,2025-08-25,Mr S G Higgins,2,0,0%,0,0%,0,0,0%,0,0%,2,0,0%,0,0%,0,0,0%,0,0%,0,0,0%,0,0%
3133,2025-08-25,Martin McIntyre,51,7,13.73%,23,45.10%,0,0,0%,0,0%,2,1,50.00%,0,0%,19,4,21.05%,8,42.11%,30,2,6.67%,15,50.00%
3134,2025-08-25,Nicola Currie,2881,241,8.37%,874,30.34%,1547,123,7.95%,471,30.45%,1332,118,8.86%,403,30.26%,1,0,0%,0,0%,1,0,0%,0,0%
3135,2025-08-25,Joe Doyle,1190,124,10.42%,431,36.22%,277,31,11.19%,110,39.71%,913,93,10.19%,321,35.16%,0,0,0%,0,0%,0,0,0%,0,0%
3136,2025-08-25,Derek Fox,3,1,33.33%,1,33.33%,0,0,0%,0,0%,0,0,0%,0,0%,1,0,0%,1,100.00%,2,1,50.00%,0,0%
3137,2025-08-25,Mr R Asquith,4,0,0%,1,0%,1,0,0%,0,0%,3,0,0%,1,33.33%,0,0,0%,0,0%,0,0,0%,0,0%
3139,2025-08-25,A J Grange,2,0,0%,0,0%,0,0,0%,0,0%,2,0,0%,0,0%,0,0,0%,0,0%,0,0,0%,0,0%
3140,2025-08-25,David O'Meara,1,0,0%,0,0%,0,0,0%,0,0%,1,0,0%,0,0%,0,0,0%,0,0%,0,0,0%,0,0%
3141,2025-08-25,John Lowe,1,0,0%,0,0%,0,0,0%,0,0%,1,0,0%,0,0%,0,0,0%,0,0%,0,0,0%,0,0%
3142,2025-08-25,Willie Newton,1,0,0%,0,0%,0,0,0%,0,0%,1,0,0%,0,0%,0,0,0%,0,0%,0,0,0%,0,0%
3143,2025-08-25,N Scholfield,31,6,19.35%,9,29.03%,0,0,0%,0,0%,1,0,0%,1,100.00%,13,3,23.08%,4,30.77%,17,3,17.65%,4,23.53%
3144,2025-08-25,New Jockey,5,0,0%,0,0%,1,0,0%,0,0%,3,0,0%,0,0%,0,0,0%,0,0%,1,0,0%,0,0%
3145,2025-08-25,Jack Osborn,173,14,8.09%,44,25.43%,98,6,6.12%,24,24.49%,75,8,10.67%,20,26.67%,0,0,0%,0,0%,0,0,0%,0,0%
3146,2025-08-25,Jamie Gormley,1460,129,8.84%,491,33.63%,396,38,9.60%,122,30.81%,1062,91,8.57%,368,34.65%,0,0,0%,0,0%,2,0,0%,1,50.00%
3147,2025-08-25,Alex Hopkinson,21,1,4.76%,11,52.38%,7,0,0%,4,57.14%,14,1,7.14%,7,50.00%,0,0,0%,0,0%,0,0,0%,0,0%
3148,2025-08-25,Louis Muspratt,25,3,12.00%,14,56.00%,0,0,0%,0,0%,0,0,0%,0,0%,6,0,0%,4,66.67%,19,3,15.79%,10,52.63%
3149,2025-08-25,S King,5,0,0%,1,0%,0,0,0%,0,0%,5,0,0%,1,20.00%,0,0,0%,0,0%,0,0,0%,0,0%
3150,2025-08-25,Stacey Kidd,6,0,0%,2,0%,3,0,0%,1,33.33%,3,0,0%,1,33.33%,0,0,0%,0,0%,0,0,0%,0,0%
3151,2025-08-25,Kristy French,2,0,0%,0,0%,2,0,0%,0,0%,0,0,0%,0,0%,0,0,0%,0,0%,0,0,0%,0,0%
3152,2025-08-25,Tom Cheesman,224,7,3.13%,77,34.38%,0,0,0%,0,0%,18,0,0%,4,22.22%,60,1,1.67%,25,41.67%,146,6,4.11%,48,32.88%
3153,2025-08-25,Kenegan Deniel,1,0,0%,1,0%,0,0,0%,0,0%,1,0,0%,1,100.00%,0,0,0%,0,0%,0,0,0%,0,0%
3154,2025-08-25,Mr J Teal,41,2,4.88%,17,41.46%,0,0,0%,0,0%,17,1,5.88%,10,58.82%,24,1,4.17%,7,29.17%,0,0,0%,0,0%
3155,2025-08-25,Eilish McCall,5,0,0%,2,0%,2,0,0%,0,0%,3,0,0%,2,66.67%,0,0,0%,0,0%,0,0,0%,0,0%
3156,2025-08-25,Jonathan Park,1,1,100.00%,0,0.00%,0,0,0%,0,0%,0,0,0%,0,0%,1,1,100.00%,0,0%,0,0,0%,0,0%
3157,2025-08-25,Miss M Nicholls,21,3,14.29%,9,42.86%,3,0,0%,2,66.67%,17,2,11.76%,7,41.18%,1,1,100.00%,0,0%,0,0,0%,0,0%
3158,2025-08-25,Mr Stan Sheppard,4,0,0%,0,0%,0,0,0%,0,0%,1,0,0%,0,0%,1,0,0%,0,0%,2,0,0%,0,0%
3159,2025-08-25,Miss P Jeffrey,2,0,0%,0,0%,0,0,0%,0,0%,2,0,0%,0,0%,0,0,0%,0,0%,0,0,0%,0,0%
3160,2025-08-25,Callum Bewley,2148,142,6.61%,744,34.64%,32,0,0%,10,31.25%,180,12,6.67%,54,30.00%,632,56,8.86%,254,40.19%,1304,74,5.67%,426,32.67%
3161,2025-08-25,Mr Antonio Ferramosca,1,1,100.00%,0,0.00%,0,0,0%,0,0%,1,1,100.00%,0,0%,0,0,0%,0,0%,0,0,0%,0,0%
3162,2025-08-25,Mr Kevin Tobin,5,0,0%,3,0%,0,0,0%,0,0%,3,0,0%,1,33.33%,0,0,0%,0,0%,2,0,0%,2,100.00%
3163,2025-08-25,Mr Y Mergirie,1,0,0%,1,0%,0,0,0%,0,0%,1,0,0%,1,100.00%,0,0,0%,0,0%,0,0,0%,0,0%
3164,2025-08-25,Miss Eilidh Grant,2,1,50.00%,1,50.00%,0,0,0%,0,0%,2,1,50.00%,1,50.00%,0,0,0%,0,0%,0,0,0%,0,0%
3165,2025-08-25,Miss Lena Maria Mattes,1,0,0%,0,0%,0,0,0%,0,0%,1,0,0%,0,0%,0,0,0%,0,0%,0,0,0%,0,0%
3166,2025-08-25,Mr Kyle Walker,1,0,0%,0,0%,0,0,0%,0,0%,1,0,0%,0,0%,0,0,0%,0,0%,0,0,0%,0,0%
3167,2025-08-25,T P Madden,2050,113,5.51%,445,21.71%,617,39,6.32%,136,22.04%,1432,74,5.17%,309,21.58%,1,0,0%,0,0%,0,0,0%,0,0%
3168,2025-08-25,W Renwick,4,0,0%,3,0%,0,0,0%,0,0%,0,0,0%,0,0%,3,0,0%,3,100.00%,1,0,0%,0,0%
3169,2025-08-25,Mr T P McGettigan,2,1,50.00%,0,0.00%,0,0,0%,0,0%,2,1,50.00%,0,0%,0,0,0%,0,0%,0,0,0%,0,0%
3170,2025-08-25,Miss M de Souza-Wearen,1,0,0%,1,0%,0,0,0%,0,0%,1,0,0%,1,100.00%,0,0,0%,0,0%,0,0,0%,0,0%
3171,2025-08-25,Miss T A Maguire,1,0,0%,1,0%,0,0,0%,0,0%,1,0,0%,1,100.00%,0,0,0%,0,0%,0,0,0%,0,0%
3172,2025-08-25,Mr B C Brindley,2,0,0%,2,0%,0,0,0%,0,0%,2,0,0%,2,100.00%,0,0,0%,0,0%,0,0,0%,0,0%
3173,2025-08-25,Mr K Fanning,3,0,0%,1,0%,1,0,0%,0,0%,2,0,0%,1,50.00%,0,0,0%,0,0%,0,0,0%,0,0%
3174,2025-08-25,Mr G Coyle,1,0,0%,0,0%,0,0,0%,0,0%,1,0,0%,0,0%,0,0,0%,0,0%,0,0,0%,0,0%
3175,2025-08-25,Mr B O'Shaughnessy,2,0,0%,0,0%,0,0,0%,0,0%,2,0,0%,0,0%,0,0,0%,0,0%,0,0,0%,0,0%
3176,2025-08-25,Mr J O Mahon,2,0,0%,0,0%,0,0,0%,0,0%,2,0,0%,0,0%,0,0,0%,0,0%,0,0,0%,0,0%
3177,2025-08-25,Mr T P Duffy,1,0,0%,0,0%,0,0,0%,0,0%,1,0,0%,0,0%,0,0,0%,0,0%,0,0,0%,0,0%
3178,2025-08-25,Miss T Morrissey,2,0,0%,0,0%,0,0,0%,0,0%,2,0,0%,0,0%,0,0,0%,0,0%,0,0,0%,0,0%
3179,2025-08-25,Mr C Barber,8,0,0%,2,0%,0,0,0%,0,0%,2,0,0%,1,50.00%,3,0,0%,1,33.33%,3,0,0%,0,0%
3180,2025-08-25,Mr S D Fenton,1,0,0%,0,0%,0,0,0%,0,0%,1,0,0%,0,0%,0,0,0%,0,0%,0,0,0%,0,0%
3181,2025-08-25,Mr P J O'Connor,3,0,0%,0,0%,0,0,0%,0,0%,3,0,0%,0,0%,0,0,0%,0,0%,0,0,0%,0,0%
3182,2025-08-25,Miss Megan Harris,5,0,0%,0,0%,3,0,0%,0,0%,2,0,0%,0,0%,0,0,0%,0,0%,0,0,0%,0,0%
3183,2025-08-25,James O'Neill,9,0,0%,2,0%,0,0,0%,0,0%,0,0,0%,0,0%,1,0,0%,0,0%,8,0,0%,2,25.00%
3184,2025-08-25,Donna Caldwell,11,1,9.09%,0,0.00%,9,1,11.11%,0,0%,2,0,0%,0,0%,0,0,0%,0,0%,0,0,0%,0,0%
3185,2025-08-25,Mr M J P Kendrick,150,10,6.67%,63,42.00%,4,1,25.00%,1,25.00%,16,3,18.75%,7,43.75%,50,1,2.00%,20,40.00%,80,5,6.25%,35,43.75%
3186,2025-08-25,Mr Chester Williams,35,3,8.57%,16,45.71%,0,0,0%,0,0%,0,0,0%,0,0%,4,0,0%,1,25.00%,31,3,9.68%,15,48.39%
3187,2025-08-25,Ryan Lynam,2,0,0%,0,0%,0,0,0%,0,0%,2,0,0%,0,0%,0,0,0%,0,0%,0,0,0%,0,0%
3188,2025-08-25,Soufiane Saadi,1,0,0%,1,0%,0,0,0%,0,0%,1,0,0%,1,100.00%,0,0,0%,0,0%,0,0,0%,0,0%
3189,2025-08-25,J Moisan,1,0,0%,1,0%,0,0,0%,0,0%,1,0,0%,1,100.00%,0,0,0%,0,0%,0,0,0%,0,0%
3190,2025-08-25,Alexandra Vilmar,2,0,0%,0,0%,1,0,0%,0,0%,1,0,0%,0,0%,0,0,0%,0,0%,0,0,0%,0,0%
3191,2025-08-25,Dylan Robinson,1,0,0%,0,0%,0,0,0%,0,0%,1,0,0%,0,0%,0,0,0%,0,0%,0,0,0%,0,0%
3192,2025-08-25,B Panicucci,1,0,0%,0,0%,0,0,0%,0,0%,1,0,0%,0,0%,0,0,0%,0,0%,0,0,0%,0,0%
3193,2025-08-25,Esther Ruth Weissmeier,1,0,0%,0,0%,0,0,0%,0,0%,1,0,0%,0,0%,0,0,0%,0,0%,0,0,0%,0,0%
3194,2025-08-25,Ms P Feld,2,0,0%,0,0%,1,0,0%,0,0%,1,0,0%,0,0%,0,0,0%,0,0%,0,0,0%,0,0%
3195,2025-08-25,Miss A-S Crombez,5,0,0%,0,0%,1,0,0%,0,0%,4,0,0%,0,0%,0,0,0%,0,0%,0,0,0%,0,0%
3196,2025-08-25,Thomas M O'brien,22,0,0%,11,0%,0,0,0%,0,0%,1,0,0%,1,100.00%,4,0,0%,3,75.00%,17,0,0%,7,41.18%
3197,2025-08-25,Mr L Drowne,79,4,5.06%,30,37.97%,2,0,0%,0,0%,6,0,0%,2,33.33%,13,0,0%,5,38.46%,58,4,6.90%,23,39.66%
3198,2025-08-25,Mr J M Earls,1,0,0%,0,0%,0,0,0%,0,0%,1,0,0%,0,0%,0,0,0%,0,0%,0,0,0%,0,0%
3199,2025-08-25,G B Noonan,957,52,5.43%,183,19.12%,0,0,0%,0,0%,26,3,11.54%,6,23.08%,176,10,5.68%,32,18.18%,755,39,5.17%,145,19.21%
3200,2025-08-25,Mr A M J King,3,0,0%,0,0%,0,0,0%,0,0%,3,0,0%,0,0%,0,0,0%,0,0%,0,0,0%,0,0%
3201,2025-08-25,M J Stenson,68,5,7.35%,19,27.94%,0,0,0%,0,0%,8,1,12.50%,4,50.00%,19,1,5.26%,7,36.84%,41,3,7.32%,8,19.51%
3202,2025-08-25,Tom Eaves,1,0,0%,1,0%,1,0,0%,1,100.00%,0,0,0%,0,0%,0,0,0%,0,0%,0,0,0%,0,0%
3203,2025-08-25,Mr Alex Lemarie,2,0,0%,0,0%,0,0,0%,0,0%,1,0,0%,0,0%,0,0,0%,0,0%,1,0,0%,0,0%
3204,2025-08-25,S M O'Donovan,10,0,0%,0,0%,0,0,0%,0,0%,0,0,0%,0,0%,0,0,0%,0,0%,10,0,0%,0,0%
3205,2025-08-25,Andreas Helfenbein,1,0,0%,0,0%,1,0,0%,0,0%,0,0,0%,0,0%,0,0,0%,0,0%,0,0,0%,0,0%
3206,2025-08-25,Toby Wheeler,55,10,18.18%,22,40.00%,0,0,0%,0,0%,2,0,0%,0,0%,7,1,14.29%,1,14.29%,46,9,19.57%,21,45.65%
3207,2025-08-25,W Featherstone,284,24,8.45%,94,33.10%,1,0,0%,0,0%,10,1,10.00%,5,50.00%,58,2,3.45%,21,36.21%,215,21,9.77%,68,31.63%
3208,2025-08-25,E Sayer,1,0,0%,1,0%,0,0,0%,0,0%,0,0,0%,0,0%,0,0,0%,0,0%,1,0,0%,1,100.00%
3209,2025-08-25,Alfie Warwick,18,1,5.56%,3,16.67%,15,1,6.67%,3,20.00%,3,0,0%,0,0%,0,0,0%,0,0%,0,0,0%,0,0%
3210,2025-08-25,Natalie Hambling-Yates,8,0,0%,2,0%,6,0,0%,2,33.33%,2,0,0%,0,0%,0,0,0%,0,0%,0,0,0%,0,0%
3211,2025-08-25,Patrick Cowley,526,56,10.65%,177,33.65%,3,0,0%,1,33.33%,33,3,9.09%,10,30.30%,137,22,16.06%,50,36.50%,353,31,8.78%,116,32.86%
3212,2025-08-25,Mr J Nuttall,8,0,0%,1,0%,1,0,0%,0,0%,4,0,0%,1,25.00%,0,0,0%,0,0%,3,0,0%,0,0%
3213,2025-08-25,Luke Watson,3,0,0%,2,0%,0,0,0%,0,0%,0,0,0%,0,0%,1,0,0%,1,100.00%,2,0,0%,1,50.00%
3214,2025-08-25,S M Quinlan,6,1,16.67%,0,0.00%,0,0,0%,0,0%,1,0,0%,0,0%,0,0,0%,0,0%,5,1,20.00%,0,0%
3215,2025-08-25,Miss S Larkin,58,1,1.72%,17,29.31%,0,0,0%,0,0%,33,0,0%,9,27.27%,7,0,0%,4,57.14%,18,1,5.56%,4,22.22%
3216,2025-08-25,Melissa Thompson,17,0,0%,4,0%,10,0,0%,2,20.00%,7,0,0%,2,28.57%,0,0,0%,0,0%,0,0,0%,0,0%
3217,2025-08-25,Mr J Nixon,71,6,8.45%,23,32.39%,0,0,0%,0,0%,4,0,0%,1,25.00%,40,4,10.00%,14,35.00%,27,2,7.41%,8,29.63%
3218,2025-08-25,Mr T Squire,6,0,0%,1,0%,2,0,0%,1,50.00%,0,0,0%,0,0%,1,0,0%,0,0%,3,0,0%,0,0%
3219,2025-08-25,Lewis Stones,664,66,9.94%,196,29.52%,27,1,3.70%,8,29.63%,41,4,9.76%,12,29.27%,132,16,12.12%,36,27.27%,464,45,9.70%,140,30.17%
3220,2025-08-25,R P McNally,33,2,6.06%,5,15.15%,0,0,0%,0,0%,0,0,0%,0,0%,9,0,0%,0,0%,24,2,8.33%,5,20.83%
3221,2025-08-25,Mr R J Condon,4,0,0%,0,0%,0,0,0%,0,0%,4,0,0%,0,0%,0,0,0%,0,0%,0,0,0%,0,0%
3222,2025-08-25,Miss L Dempster,7,1,14.29%,5,71.43%,3,1,33.33%,1,33.33%,4,0,0%,4,100.00%,0,0,0%,0,0%,0,0,0%,0,0%
3223,2025-08-25,Miss K A Randall,4,0,0%,0,0%,3,0,0%,0,0%,1,0,0%,0,0%,0,0,0%,0,0%,0,0,0%,0,0%
3224,2025-08-25,Mr P Pilley,3,0,0%,0,0%,3,0,0%,0,0%,0,0,0%,0,0%,0,0,0%,0,0%,0,0,0%,0,0%
3225,2025-08-25,J S Knox,1,1,100.00%,0,0.00%,0,0,0%,0,0%,0,0,0%,0,0%,0,0,0%,0,0%,1,1,100.00%,0,0%
3226,2025-08-25,S D Torrens,2311,138,5.97%,513,22.20%,17,1,5.88%,3,17.65%,41,2,4.88%,9,21.95%,666,50,7.51%,174,26.13%,1587,85,5.36%,327,20.60%
3227,2025-08-25,C M Banahan,12,0,0%,3,0%,5,0,0%,2,40.00%,7,0,0%,1,14.29%,0,0,0%,0,0%,0,0,0%,0,0%
3228,2025-08-25,S Corby,620,61,9.84%,178,28.71%,186,18,9.68%,51,27.42%,352,33,9.38%,98,27.84%,9,0,0%,2,22.22%,73,10,13.70%,27,36.99%
3229,2025-08-25,Mr Charlie Deutsch,12,0,0%,3,0%,1,0,0%,0,0%,1,0,0%,0,0%,4,0,0%,1,25.00%,6,0,0%,2,33.33%
3230,2025-08-25,Kaine Wood,40,8,20.00%,13,32.50%,3,0,0%,1,33.33%,24,8,33.33%,8,33.33%,0,0,0%,0,0%,13,0,0%,4,30.77%
3231,2025-08-25,Jake Holliday,11,0,0%,1,0%,0,0,0%,0,0%,2,0,0%,0,0%,0,0,0%,0,0%,9,0,0%,1,11.11%
3232,2025-08-25,Caroline Murtagh,100,7,7.00%,32,32.00%,38,2,5.26%,15,39.47%,62,5,8.06%,17,27.42%,0,0,0%,0,0%,0,0,0%,0,0%
3233,2025-08-25,G G De Melo,1,0,0%,0,0%,1,0,0%,0,0%,0,0,0%,0,0%,0,0,0%,0,0%,0,0,0%,0,0%
3234,2025-08-25,Mr D I J Andrews,31,3,9.68%,10,32.26%,0,0,0%,0,0%,3,1,33.33%,0,0%,23,2,8.70%,8,34.78%,5,0,0%,2,40.00%
3235,2025-08-25,K P Darcy,99,2,2.02%,12,12.12%,0,0,0%,0,0%,0,0,0%,0,0%,14,0,0%,2,14.29%,85,2,2.35%,10,11.76%
3236,2025-08-25,Stephanie Joannides,12,2,16.67%,3,25.00%,10,1,10.00%,3,30.00%,2,1,50.00%,0,0%,0,0,0%,0,0%,0,0,0%,0,0%
3237,2025-08-25,Richie O'Dea,37,3,8.11%,13,35.14%,0,0,0%,0,0%,4,0,0%,2,50.00%,7,0,0%,2,28.57%,26,3,11.54%,9,34.62%
3238,2025-08-25,Jack Gilligan,218,34,15.60%,49,22.48%,118,19,16.10%,22,18.64%,95,15,15.79%,27,28.42%,0,0,0%,0,0%,5,0,0%,0,0%
3239,2025-08-25,M Carroux,1,0,0%,0,0%,0,0,0%,0,0%,0,0,0%,0,0%,0,0,0%,0,0%,1,0,0%,0,0%
3240,2025-08-25,Miss C A Greenway,33,2,6.06%,15,45.45%,9,0,0%,7,77.78%,24,2,8.33%,8,33.33%,0,0,0%,0,0%,0,0,0%,0,0%
3241,2025-08-25,Mr J Morris,8,1,12.50%,1,12.50%,3,1,33.33%,0,0%,2,0,0%,0,0%,1,0,0%,0,0%,2,0,0%,1,50.00%
3243,2025-08-25,Mr Dave Williams,1,0,0%,0,0%,0,0,0%,0,0%,0,0,0%,0,0%,0,0,0%,0,0%,1,0,0%,0,0%
3244,2025-08-25,Max Kendrick,795,72,9.06%,242,30.44%,4,1,25.00%,0,0%,83,6,7.23%,32,38.55%,206,18,8.74%,71,34.47%,502,47,9.36%,139,27.69%
3245,2025-08-25,Paul John,53,8,15.09%,18,33.96%,0,0,0%,0,0%,3,0,0%,0,0%,13,6,46.15%,3,23.08%,37,2,5.41%,15,40.54%
3246,2025-08-25,Mr G Treacy,74,2,2.70%,29,39.19%,0,0,0%,0,0%,3,0,0%,1,33.33%,21,2,9.52%,7,33.33%,50,0,0%,21,42.00%
3247,2025-08-25,Mr S P Bowen,27,2,7.41%,13,48.15%,5,0,0%,4,80.00%,5,0,0%,3,60.00%,8,0,0%,3,37.50%,9,2,22.22%,3,33.33%
3248,2025-08-25,Mr S Sheppard,97,9,9.28%,43,44.33%,2,0,0%,1,50.00%,8,0,0%,3,37.50%,32,4,12.50%,13,40.63%,55,5,9.09%,26,47.27%
3249,2025-08-25,Mr C Griffin,5,1,20.00%,1,20.00%,0,0,0%,0,0%,5,1,20.00%,1,20.00%,0,0,0%,0,0%,0,0,0%,0,0%
3250,2025-08-25,Ms K Hassett,7,0,0%,0,0%,0,0,0%,0,0%,7,0,0%,0,0%,0,0,0%,0,0%,0,0,0%,0,0%
3251,2025-08-25,Mr S T Roche,1,0,0%,0,0%,0,0,0%,0,0%,1,0,0%,0,0%,0,0,0%,0,0%,0,0,0%,0,0%
3252,2025-08-25,Alistair Rawlinson,3199,324,10.13%,1005,31.42%,1973,227,11.51%,662,33.55%,1225,97,7.92%,342,27.92%,1,0,0%,1,100.00%,0,0,0%,0,0%
3253,2025-08-25,Mr P T Finn,3,0,0%,0,0%,0,0,0%,0,0%,3,0,0%,0,0%,0,0,0%,0,0%,0,0,0%,0,0%
3255,2025-08-25,Mr M J Walsh,1,0,0%,1,0%,0,0,0%,0,0%,0,0,0%,0,0%,0,0,0%,0,0%,1,0,0%,1,100.00%
3256,2025-08-25,Mr J P Murphy,1,0,0%,0,0%,0,0,0%,0,0%,1,0,0%,0,0%,0,0,0%,0,0%,0,0,0%,0,0%
3257,2025-08-25,L Hall,8,0,0%,2,0%,0,0,0%,0,0%,3,0,0%,1,33.33%,0,0,0%,0,0%,5,0,0%,1,20.00%
3258,2025-08-25,Jamie Coates,2,0,0%,1,0%,2,0,0%,1,50.00%,0,0,0%,0,0%,0,0,0%,0,0%,0,0,0%,0,0%
3259,2025-08-25,Kieran Shoemark,677,77,11.37%,288,42.54%,258,27,10.47%,107,41.47%,418,50,11.96%,180,43.06%,1,0,0%,1,100.00%,0,0,0%,0,0%
3260,2025-08-25,Mr J S Knox,19,1,5.26%,5,26.32%,0,0,0%,0,0%,0,0,0%,0,0%,15,1,6.67%,4,26.67%,4,0,0%,1,25.00%
3261,2025-08-25,Mr J Russell,6,1,16.67%,4,66.67%,0,0,0%,0,0%,0,0,0%,0,0%,6,1,16.67%,4,66.67%,0,0,0%,0,0%
3262,2025-08-25,Frankie Penford,34,4,11.76%,10,29.41%,1,0,0%,0,0%,0,0,0%,0,0%,14,1,7.14%,6,42.86%,19,3,15.79%,4,21.05%
3263,2025-08-25,David Parkes,1,0,0%,0,0%,1,0,0%,0,0%,0,0,0%,0,0%,0,0,0%,0,0%,0,0,0%,0,0%
3264,2025-08-25,Miss Alexandra Wilson,3,0,0%,1,0%,0,0,0%,0,0%,3,0,0%,1,33.33%,0,0,0%,0,0%,0,0,0%,0,0%
3265,2025-08-25,Miss Charlotte Cooper,3,0,0%,0,0%,3,0,0%,0,0%,0,0,0%,0,0%,0,0,0%,0,0%,0,0,0%,0,0%
3266,2025-08-25,Phil Dennis,3622,267,7.37%,1132,31.25%,1615,115,7.12%,523,32.38%,2001,151,7.55%,607,30.33%,1,1,100.00%,0,0%,5,0,0%,2,40.00%
3267,2025-08-25,Paige Ranger,3,0,0%,3,0%,3,0,0%,3,100.00%,0,0,0%,0,0%,0,0,0%,0,0%,0,0,0%,0,0%
3268,2025-08-25,Richard O'Dea,8,1,12.50%,2,25.00%,0,0,0%,0,0%,0,0,0%,0,0%,1,0,0%,0,0%,7,1,14.29%,2,28.57%
3269,2025-08-25,Luke Ingram,13,0,0%,2,0%,3,0,0%,0,0%,1,0,0%,0,0%,0,0,0%,0,0%,9,0,0%,2,22.22%
3270,2025-08-25,Christina Simpson,66,3,4.55%,12,18.18%,32,1,3.13%,6,18.75%,34,2,5.88%,6,17.65%,0,0,0%,0,0%,0,0,0%,0,0%
3271,2025-08-25,Mr W H R Reed,100,6,6.00%,32,32.00%,0,0,0%,0,0%,7,1,14.29%,1,14.29%,52,5,9.62%,18,34.62%,41,0,0%,13,31.71%
3272,2025-08-25,K Cogley,4,0,0%,0,0%,0,0,0%,0,0%,0,0,0%,0,0%,0,0,0%,0,0%,4,0,0%,0,0%
3273,2025-08-25,Mr D T Kelly,62,1,1.61%,18,29.03%,0,0,0%,0,0%,41,1,2.44%,15,36.59%,0,0,0%,0,0%,21,0,0%,3,14.29%
3274,2025-08-25,Miss H Heal,22,1,4.55%,6,27.27%,9,0,0%,3,33.33%,13,1,7.69%,3,23.08%,0,0,0%,0,0%,0,0,0%,0,0%
3275,2025-08-25,Mr T R F Strawson,7,0,0%,2,0%,0,0,0%,0,0%,0,0,0%,0,0%,7,0,0%,2,28.57%,0,0,0%,0,0%
3276,2025-08-25,James Merrett,3,0,0%,1,0%,1,0,0%,0,0%,2,0,0%,1,50.00%,0,0,0%,0,0%,0,0,0%,0,0%
3277,2025-08-25,Mr W Maskill,7,0,0%,1,0%,0,0,0%,0,0%,0,0,0%,0,0%,7,0,0%,1,14.29%,0,0,0%,0,0%
3278,2025-08-25,Mr Ben Jay,5,0,0%,2,0%,0,0,0%,0,0%,0,0,0%,0,0%,5,0,0%,2,40.00%,0,0,0%,0,0%
3279,2025-08-25,Miss E Dunkley,2,0,0%,0,0%,0,0,0%,0,0%,0,0,0%,0,0%,2,0,0%,0,0%,0,0,0%,0,0%
3280,2025-08-25,Shane Gray,3,0,0%,0,0%,1,0,0%,0,0%,2,0,0%,0,0%,0,0,0%,0,0%,0,0,0%,0,0%
3281,2025-08-25,Mr R G Spencer,6,1,16.67%,2,33.33%,0,0,0%,0,0%,0,0,0%,0,0%,6,1,16.67%,2,33.33%,0,0,0%,0,0%
3282,2025-08-25,Mr L J Murphy,71,10,14.08%,18,25.35%,0,0,0%,0,0%,51,8,15.69%,11,21.57%,9,1,11.11%,4,44.44%,8,1,12.50%,2,25.00%
3283,2025-08-25,Mr M J Molloy,5,0,0%,1,0%,0,0,0%,0,0%,3,0,0%,1,33.33%,0,0,0%,0,0%,2,0,0%,0,0%
3284,2025-08-25,Alex Chadwick,14,4,28.57%,4,28.57%,1,0,0%,1,100.00%,1,0,0%,1,100.00%,2,1,50.00%,0,0%,10,3,30.00%,2,20.00%
3285,2025-08-25,Mr Richard Patrick,61,9,14.75%,24,39.34%,2,1,50.00%,0,0%,2,0,0%,1,50.00%,35,5,14.29%,14,40.00%,22,3,13.64%,9,40.91%
3286,2025-08-25,Mr C J Miller,12,1,8.33%,3,25.00%,0,0,0%,0,0%,2,0,0%,1,50.00%,10,1,10.00%,2,20.00%,0,0,0%,0,0%
3287,2025-08-25,K Shoemark,4373,516,11.80%,1365,31.21%,1883,239,12.69%,590,31.33%,2487,277,11.14%,773,31.08%,3,0,0%,2,66.67%,0,0,0%,0,0%
3288,2025-08-25,Mr H R L Cornock,6,0,0%,2,0%,0,0,0%,0,0%,0,0,0%,0,0%,0,0,0%,0,0%,6,0,0%,2,33.33%
3289,2025-08-25,Mr N Condron,5,1,20.00%,1,20.00%,3,1,33.33%,1,33.33%,2,0,0%,0,0%,0,0,0%,0,0%,0,0,0%,0,0%
3290,2025-08-25,Souza Wearan,1,1,100.00%,0,0.00%,0,0,0%,0,0%,1,1,100.00%,0,0%,0,0,0%,0,0%,0,0,0%,0,0%
3291,2025-08-25,Ms L Graham,1,0,0%,1,0%,0,0,0%,0,0%,1,0,0%,1,100.00%,0,0,0%,0,0%,0,0,0%,0,0%
3292,2025-08-25,Mr C A Murphy,1,0,0%,0,0%,0,0,0%,0,0%,1,0,0%,0,0%,0,0,0%,0,0%,0,0,0%,0,0%
3293,2025-08-25,Mr N O'Reilly,1,0,0%,0,0%,0,0,0%,0,0%,1,0,0%,0,0%,0,0,0%,0,0%,0,0,0%,0,0%
3294,2025-08-25,F Stack,1,0,0%,0,0%,0,0,0%,0,0%,1,0,0%,0,0%,0,0,0%,0,0%,0,0,0%,0,0%
3295,2025-08-25,Mr J Codd,1,0,0%,0,0%,0,0,0%,0,0%,1,0,0%,0,0%,0,0,0%,0,0%,0,0,0%,0,0%
3296,2025-08-25,Mr P Leigh,1,0,0%,0,0%,0,0,0%,0,0%,1,0,0%,0,0%,0,0,0%,0,0%,0,0,0%,0,0%
3297,2025-08-25,Mr P Costelloe,1,0,0%,0,0%,0,0,0%,0,0%,1,0,0%,0,0%,0,0,0%,0,0%,0,0,0%,0,0%
3298,2025-08-25,Mr B M Brooks,4,0,0%,0,0%,0,0,0%,0,0%,4,0,0%,0,0%,0,0,0%,0,0%,0,0,0%,0,0%
3300,2025-08-25,Hollie Doyle,7761,1046,13.48%,2667,34.36%,4034,561,13.91%,1426,35.35%,3720,484,13.01%,1240,33.33%,7,1,14.29%,1,14.29%,0,0,0%,0,0%
3301,2025-08-25,Mrs V Sollitt,1,0,0%,0,0%,0,0,0%,0,0%,0,0,0%,0,0%,0,0,0%,0,0%,1,0,0%,0,0%
3302,2025-08-25,Mr D Renney,1,0,0%,1,0%,0,0,0%,0,0%,0,0,0%,0,0%,1,0,0%,1,100.00%,0,0,0%,0,0%
3303,2025-08-25,Miss A Dalton,31,0,0%,14,0%,0,0,0%,0,0%,3,0,0%,1,33.33%,11,0,0%,6,54.55%,17,0,0%,7,41.18%
3304,2025-08-25,Callum Shepherd,5835,621,10.64%,1866,31.98%,3188,353,11.07%,1097,34.41%,2645,268,10.13%,769,29.07%,2,0,0%,0,0%,0,0,0%,0,0%
3305,2025-08-25,Mr H Stock,27,4,14.81%,11,40.74%,0,0,0%,0,0%,12,0,0%,8,66.67%,1,0,0%,0,0%,14,4,28.57%,3,21.43%
3306,2025-08-25,Stan Sheppard,1578,236,14.96%,506,32.07%,6,1,16.67%,2,33.33%,107,11,10.28%,40,37.38%,538,96,17.84%,174,32.34%,927,128,13.81%,290,31.28%
3307,2025-08-25,Sean Bowen,932,166,17.81%,384,41.20%,0,0,0%,0,0%,99,15,15.15%,51,51.52%,342,74,21.64%,130,38.01%,491,77,15.68%,203,41.34%
3308,2025-08-25,Mr T A McClorey,32,9,28.13%,12,37.50%,0,0,0%,0,0%,2,0,0%,1,50.00%,27,9,33.33%,10,37.04%,3,0,0%,1,33.33%
3309,2025-08-25,Lt Col Erica Bridge,12,2,16.67%,4,33.33%,0,0,0%,0,0%,0,0,0%,0,0%,5,1,20.00%,0,0%,7,1,14.29%,4,57.14%
3310,2025-08-25,Major Felix Wheeler,4,0,0%,2,0%,0,0,0%,0,0%,0,0,0%,0,0%,2,0,0%,0,0%,2,0,0%,2,100.00%
3311,2025-08-25,LBdr Sally Randell,2,1,50.00%,1,50.00%,0,0,0%,0,0%,0,0,0%,0,0%,1,1,100.00%,0,0%,1,0,0%,1,100.00%
3312,2025-08-25,Csgt Robert Skinner,3,0,0%,0,0%,0,0,0%,0,0%,0,0,0%,0,0%,3,0,0%,0,0%,0,0,0%,0,0%
3313,2025-08-25,R Aguiar,96,2,2.08%,33,34.38%,44,2,4.55%,17,38.64%,52,0,0%,16,30.77%,0,0,0%,0,0%,0,0,0%,0,0%
3314,2025-08-25,Mr Noel William O'Driscoll,1,0,0%,0,0%,0,0,0%,0,0%,1,0,0%,0,0%,0,0,0%,0,0%,0,0,0%,0,0%
3315,2025-08-25,Mr J Jackson-Stops,11,3,27.27%,4,36.36%,0,0,0%,0,0%,0,0,0%,0,0%,11,3,27.27%,4,36.36%,0,0,0%,0,0%
3316,2025-08-25,Miss Immy Robinson,62,8,12.90%,18,29.03%,0,0,0%,0,0%,0,0,0%,0,0%,58,8,13.79%,17,29.31%,4,0,0%,1,25.00%
3317,2025-08-25,Jennifer Powell,7,3,42.86%,2,28.57%,6,3,50.00%,2,33.33%,1,0,0%,0,0%,0,0,0%,0,0%,0,0,0%,0,0%
3318,2025-08-25,H Terrien,1,0,0%,0,0%,0,0,0%,0,0%,0,0,0%,0,0%,0,0,0%,0,0%,1,0,0%,0,0%
3319,2025-08-25,Leroy Lynch,7,1,14.29%,3,42.86%,3,0,0%,2,66.67%,1,0,0%,0,0%,0,0,0%,0,0%,3,1,33.33%,1,33.33%
3320,2025-08-25,Mr M Walton,8,1,12.50%,1,12.50%,0,0,0%,0,0%,0,0,0%,0,0%,7,0,0%,1,14.29%,1,1,100.00%,0,0%
3321,2025-08-25,Jack Budge,19,2,10.53%,6,31.58%,11,0,0%,4,36.36%,8,2,25.00%,2,25.00%,0,0,0%,0,0%,0,0,0%,0,0%
3322,2025-08-25,M P Flanagan,160,15,9.38%,47,29.38%,0,0,0%,0,0%,8,0,0%,3,37.50%,17,3,17.65%,8,47.06%,135,12,8.89%,36,26.67%
3323,2025-08-25,Antonio Fresu,140,16,11.43%,44,31.43%,48,7,14.58%,18,37.50%,92,9,9.78%,26,28.26%,0,0,0%,0,0%,0,0,0%,0,0%
3324,2025-08-25,Mr V Adam,1,0,0%,1,0%,0,0,0%,0,0%,0,0,0%,0,0%,0,0,0%,0,0%,1,0,0%,1,100.00%
3325,2025-08-25,T Bachelot,9,2,22.22%,5,55.56%,8,2,25.00%,4,50.00%,1,0,0%,1,100.00%,0,0,0%,0,0%,0,0,0%,0,0%
3326,2025-08-25,Mr D Sansom,25,0,0%,11,0%,0,0,0%,0,0%,2,0,0%,1,50.00%,5,0,0%,2,40.00%,18,0,0%,8,44.44%
3327,2025-08-25,Ryan Nichol,14,1,7.14%,2,14.29%,0,0,0%,0,0%,2,0,0%,1,50.00%,1,0,0%,0,0%,11,1,9.09%,1,9.09%
3328,2025-08-25,Donna Aspell,6,0,0%,2,0%,6,0,0%,2,33.33%,0,0,0%,0,0%,0,0,0%,0,0%,0,0,0%,0,0%
3329,2025-08-25,Max Chenery,1,0,0%,0,0%,0,0,0%,0,0%,0,0,0%,0,0%,1,0,0%,0,0%,0,0,0%,0,0%
3330,2025-08-25,Mr Robert Skinner,1,0,0%,0,0%,0,0,0%,0,0%,0,0,0%,0,0%,1,0,0%,0,0%,0,0,0%,0,0%
3331,2025-08-25,Capt Charles O'shea,1,0,0%,0,0%,0,0,0%,0,0%,0,0,0%,0,0%,1,0,0%,0,0%,0,0,0%,0,0%
3332,2025-08-25,Mr C M O'mahony,4,0,0%,1,0%,0,0,0%,0,0%,1,0,0%,0,0%,3,0,0%,1,33.33%,0,0,0%,0,0%
3333,2025-08-25,Jenny Powell,313,33,10.54%,111,35.46%,88,8,9.09%,27,30.68%,225,25,11.11%,84,37.33%,0,0,0%,0,0%,0,0,0%,0,0%
3334,2025-08-25,Paula Muir,1188,84,7.07%,336,28.28%,438,27,6.16%,127,29.00%,750,57,7.60%,209,27.87%,0,0,0%,0,0%,0,0,0%,0,0%
3335,2025-08-25,Mr Martin McIntyre,160,10,6.25%,39,24.38%,0,0,0%,0,0%,19,2,10.53%,6,31.58%,85,7,8.24%,14,16.47%,56,1,1.79%,19,33.93%
3336,2025-08-25,Katie O'Farrell,479,31,6.47%,150,31.32%,1,0,0%,0,0%,40,5,12.50%,18,45.00%,69,4,5.80%,20,28.99%,369,22,5.96%,112,30.35%
3337,2025-08-25,Mr H Hunt,105,13,12.38%,32,30.48%,17,0,0%,8,47.06%,39,6,15.38%,12,30.77%,16,2,12.50%,6,37.50%,33,5,15.15%,6,18.18%
3338,2025-08-25,James Reveley,2,0,0%,0,0%,0,0,0%,0,0%,0,0,0%,0,0%,2,0,0%,0,0%,0,0,0%,0,0%
3339,2025-08-25,Lemos De Souza,226,13,5.75%,74,32.74%,94,7,7.45%,32,34.04%,132,6,4.55%,42,31.82%,0,0,0%,0,0%,0,0,0%,0,0%
3340,2025-08-25,Mr Leo Mahon,30,4,13.33%,13,43.33%,0,0,0%,0,0%,4,2,50.00%,1,25.00%,26,2,7.69%,12,46.15%,0,0,0%,0,0%
3341,2025-08-25,Louise Day,11,0,0%,2,0%,8,0,0%,0,0%,3,0,0%,2,66.67%,0,0,0%,0,0%,0,0,0%,0,0%
3342,2025-08-25,Mr A Wright,22,2,9.09%,10,45.45%,0,0,0%,0,0%,0,0,0%,0,0%,22,2,9.09%,10,45.45%,0,0,0%,0,0%
3343,2025-08-25,Miss S L Klug,9,0,0%,5,0%,0,0,0%,0,0%,0,0,0%,0,0%,6,0,0%,3,50.00%,3,0,0%,2,66.67%
3344,2025-08-25,Mr M Denuault,1,1,100.00%,0,0.00%,0,0,0%,0,0%,0,0,0%,0,0%,0,0,0%,0,0%,1,1,100.00%,0,0%
3345,2025-08-25,Miss L Docker,2,0,0%,0,0%,0,0,0%,0,0%,0,0,0%,0,0%,2,0,0%,0,0%,0,0,0%,0,0%
3346,2025-08-25,Mr S Fitzgerald,35,1,2.86%,8,22.86%,0,0,0%,0,0%,17,1,5.88%,3,17.65%,16,0,0%,4,25.00%,2,0,0%,1,50.00%
3347,2025-08-25,Mr P A O'Donnell,13,2,15.38%,4,30.77%,0,0,0%,0,0%,13,2,15.38%,4,30.77%,0,0,0%,0,0%,0,0,0%,0,0%
3348,2025-08-25,C Lee,3977,514,12.92%,1250,31.43%,1729,217,12.55%,588,34.01%,2240,296,13.21%,661,29.51%,8,1,12.50%,1,12.50%,0,0,0%,0,0%
3349,2025-08-25,Mr J Launchbury,8,1,12.50%,3,37.50%,0,0,0%,0,0%,0,0,0%,0,0%,6,1,16.67%,2,33.33%,2,0,0%,1,50.00%
3350,2025-08-25,Dr E Smee,2,0,0%,0,0%,0,0,0%,0,0%,0,0,0%,0,0%,2,0,0%,0,0%,0,0,0%,0,0%
3351,2025-08-25,Mr T Martin,4,0,0%,3,0%,0,0,0%,0,0%,0,0,0%,0,0%,4,0,0%,3,75.00%,0,0,0%,0,0%
3352,2025-08-25,Miss L Scott,7,0,0%,5,0%,0,0,0%,0,0%,0,0,0%,0,0%,6,0,0%,4,66.67%,1,0,0%,1,100.00%
3353,2025-08-25,Mr I Hargreaves,1,0,0%,0,0%,0,0,0%,0,0%,0,0,0%,0,0%,1,0,0%,0,0%,0,0,0%,0,0%
3354,2025-08-25,Mr Thomas Viel,2,1,50.00%,1,50.00%,0,0,0%,0,0%,0,0,0%,0,0%,0,0,0%,0,0%,2,1,50.00%,1,50.00%
3355,2025-08-25,Mr F Maguire,960,89,9.27%,332,34.58%,17,2,11.76%,5,29.41%,821,80,9.74%,292,35.57%,69,2,2.90%,19,27.54%,53,5,9.43%,16,30.19%
3356,2025-08-25,Gianluca Sanna,267,28,10.49%,77,28.84%,116,12,10.34%,39,33.62%,151,16,10.60%,38,25.17%,0,0,0%,0,0%,0,0,0%,0,0%
3357,2025-08-25,M Monaghan,1,0,0%,0,0%,0,0,0%,0,0%,1,0,0%,0,0%,0,0,0%,0,0%,0,0,0%,0,0%
3358,2025-08-25,Mr F Campbell,4,0,0%,1,0%,0,0,0%,0,0%,0,0,0%,0,0%,4,0,0%,1,25.00%,0,0,0%,0,0%
3359,2025-08-25,Paul G Fahey,1,1,100.00%,0,0.00%,0,0,0%,0,0%,1,1,100.00%,0,0%,0,0,0%,0,0%,0,0,0%,0,0%
3360,2025-08-25,Gerard O'Neill,2,0,0%,1,0%,0,0,0%,0,0%,2,0,0%,1,50.00%,0,0,0%,0,0%,0,0,0%,0,0%
3361,2025-08-25,Claire O'Brien,2,0,0%,2,0%,0,0,0%,0,0%,2,0,0%,2,100.00%,0,0,0%,0,0%,0,0,0%,0,0%
3362,2025-08-25,Derek Tobin,2,0,0%,1,0%,0,0,0%,0,0%,2,0,0%,1,50.00%,0,0,0%,0,0%,0,0,0%,0,0%
3363,2025-08-25,Sarah Dempsey,2,0,0%,1,0%,0,0,0%,0,0%,2,0,0%,1,50.00%,0,0,0%,0,0%,0,0,0%,0,0%
3364,2025-08-25,Alan Jordan,2,0,0%,1,0%,0,0,0%,0,0%,2,0,0%,1,50.00%,0,0,0%,0,0%,0,0,0%,0,0%
3366,2025-08-25,Emma Allen,1,0,0%,0,0%,0,0,0%,0,0%,1,0,0%,0,0%,0,0,0%,0,0%,0,0,0%,0,0%
3367,2025-08-25,Paddy Woods,13,2,15.38%,5,38.46%,0,0,0%,0,0%,13,2,15.38%,5,38.46%,0,0,0%,0,0%,0,0,0%,0,0%
3368,2025-08-25,Kate Hassett,1,0,0%,0,0%,0,0,0%,0,0%,1,0,0%,0,0%,0,0,0%,0,0%,0,0,0%,0,0%
3369,2025-08-25,Jennifer Dooly,1,0,0%,0,0%,0,0,0%,0,0%,1,0,0%,0,0%,0,0,0%,0,0%,0,0,0%,0,0%
3370,2025-08-25,Joanna Rossiter,1,0,0%,0,0%,0,0,0%,0,0%,1,0,0%,0,0%,0,0,0%,0,0%,0,0,0%,0,0%
3371,2025-08-25,Lisa Collins,1,0,0%,0,0%,0,0,0%,0,0%,1,0,0%,0,0%,0,0,0%,0,0%,0,0,0%,0,0%
3372,2025-08-25,Paul Costello,2,0,0%,0,0%,0,0,0%,0,0%,2,0,0%,0,0%,0,0,0%,0,0%,0,0,0%,0,0%
3373,2025-08-25,Syed Asmin Shah,1,0,0%,0,0%,0,0,0%,0,0%,1,0,0%,0,0%,0,0,0%,0,0%,0,0,0%,0,0%
3374,2025-08-25,Eddie Tobin,2,0,0%,1,0%,0,0,0%,0,0%,2,0,0%,1,50.00%,0,0,0%,0,0%,0,0,0%,0,0%
3375,2025-08-25,Eamon Phillips,1,0,0%,0,0%,0,0,0%,0,0%,1,0,0%,0,0%,0,0,0%,0,0%,0,0,0%,0,0%
3376,2025-08-25,Donal Fennessy,1,0,0%,0,0%,0,0,0%,0,0%,1,0,0%,0,0%,0,0,0%,0,0%,0,0,0%,0,0%
3377,2025-08-25,Anne Widger,4,0,0%,2,0%,0,0,0%,0,0%,4,0,0%,2,50.00%,0,0,0%,0,0%,0,0,0%,0,0%
3378,2025-08-25,Thomas McGettigan,2,0,0%,0,0%,0,0,0%,0,0%,2,0,0%,0,0%,0,0,0%,0,0%,0,0,0%,0,0%
3379,2025-08-25,Richard Lombard,6,0,0%,2,0%,0,0,0%,0,0%,6,0,0%,2,33.33%,0,0,0%,0,0%,0,0,0%,0,0%
3380,2025-08-25,Frank Brady,6,0,0%,0,0%,0,0,0%,0,0%,6,0,0%,0,0%,0,0,0%,0,0%,0,0,0%,0,0%
3381,2025-08-25,Miss M Wall,1,0,0%,1,0%,0,0,0%,0,0%,1,0,0%,1,100.00%,0,0,0%,0,0%,0,0,0%,0,0%
3382,2025-08-25,Miss L West,6,0,0%,2,0%,1,0,0%,0,0%,5,0,0%,2,40.00%,0,0,0%,0,0%,0,0,0%,0,0%
3383,2025-08-25,Conor Orr,23,1,4.35%,8,34.78%,0,0,0%,0,0%,1,0,0%,0,0%,11,1,9.09%,3,27.27%,11,0,0%,5,45.45%
3384,2025-08-25,Matthew Bowes,1,0,0%,1,0%,0,0,0%,0,0%,1,0,0%,1,100.00%,0,0,0%,0,0%,0,0,0%,0,0%
3385,2025-08-25,M J McIntyre,2,0,0%,0,0%,0,0,0%,0,0%,0,0,0%,0,0%,2,0,0%,0,0%,0,0,0%,0,0%
3386,2025-08-25,D Porcu,3,1,33.33%,0,0.00%,0,0,0%,0,0%,3,1,33.33%,0,0%,0,0,0%,0,0%,0,0,0%,0,0%
3387,2025-08-25,Miss J M Cook,80,3,3.75%,20,25.00%,1,0,0%,0,0%,23,0,0%,7,30.43%,13,1,7.69%,1,7.69%,43,2,4.65%,12,27.91%
3388,2025-08-25,Mr B Wood,2,0,0%,1,0%,0,0,0%,0,0%,1,0,0%,1,100.00%,0,0,0%,0,0%,1,0,0%,0,0%
3389,2025-08-25,Miss L Akinci,6,0,0%,2,0%,0,0,0%,0,0%,0,0,0%,0,0%,5,0,0%,2,40.00%,1,0,0%,0,0%
3390,2025-08-25,Mr R P Defago,1,0,0%,0,0%,0,0,0%,0,0%,0,0,0%,0,0%,1,0,0%,0,0%,0,0,0%,0,0%
3392,2025-08-25,Mr Charlie Marshall,28,2,7.14%,7,25.00%,0,0,0%,0,0%,4,0,0%,1,25.00%,23,2,8.70%,6,26.09%,1,0,0%,0,0%
3393,2025-08-25,Miss S Kelk,6,0,0%,3,0%,0,0,0%,0,0%,0,0,0%,0,0%,1,0,0%,1,100.00%,5,0,0%,2,40.00%
3394,2025-08-25,Georgia Cox,556,65,11.69%,187,33.63%,241,19,7.88%,90,37.34%,315,46,14.60%,97,30.79%,0,0,0%,0,0%,0,0,0%,0,0%
3395,2025-08-25,Patrick Pilley,696,54,7.76%,275,39.51%,244,18,7.38%,94,38.52%,451,36,7.98%,181,40.13%,1,0,0%,0,0%,0,0,0%,0,0%
3396,2025-08-25,M J Kenneally,28,2,7.14%,7,25.00%,8,1,12.50%,3,37.50%,20,1,5.00%,4,20.00%,0,0,0%,0,0%,0,0,0%,0,0%
3397,2025-08-25,Natalie Hambling,154,15,9.74%,46,29.87%,71,6,8.45%,24,33.80%,83,9,10.84%,22,26.51%,0,0,0%,0,0%,0,0,0%,0,0%
3398,2025-08-25,Clifford Lee,285,43,15.09%,109,38.25%,71,11,15.49%,35,49.30%,214,32,14.95%,74,34.58%,0,0,0%,0,0%,0,0,0%,0,0%
3399,2025-08-25,Miss Emma Jack,11,0,0%,1,0%,7,0,0%,1,14.29%,4,0,0%,0,0%,0,0,0%,0,0%,0,0,0%,0,0%
3400,2025-08-25,A Sandesh,3,0,0%,2,0%,0,0,0%,0,0%,3,0,0%,2,66.67%,0,0,0%,0,0%,0,0,0%,0,0%
3401,2025-08-25,Miss A P Banks,9,4,44.44%,2,22.22%,0,0,0%,0,0%,0,0,0%,0,0%,9,4,44.44%,2,22.22%,0,0,0%,0,0%
3402,2025-08-25,Rachael Grant,57,4,7.02%,17,29.82%,5,1,20.00%,1,20.00%,51,3,5.88%,15,29.41%,1,0,0%,1,100.00%,0,0,0%,0,0%
3403,2025-08-25,Jessica Westgate,1,0,0%,0,0%,1,0,0%,0,0%,0,0,0%,0,0%,0,0,0%,0,0%,0,0,0%,0,0%
3404,2025-08-25,Miss Katie Ayres,1,0,0%,0,0%,0,0,0%,0,0%,0,0,0%,0,0%,0,0,0%,0,0%,1,0,0%,0,0%
3405,2025-08-25,Mr M Stanley,2,1,50.00%,0,0.00%,0,0,0%,0,0%,2,1,50.00%,0,0%,0,0,0%,0,0%,0,0,0%,0,0%
3406,2025-08-25,J J Burke,4303,502,11.67%,1506,35.00%,22,2,9.09%,11,50.00%,297,36,12.12%,108,36.36%,1541,195,12.65%,531,34.46%,2443,269,11.01%,856,35.04%
3407,2025-08-25,D Muscutt,2,1,50.00%,1,50.00%,0,0,0%,0,0%,2,1,50.00%,1,50.00%,0,0,0%,0,0%,0,0,0%,0,0%
3408,2025-08-25,Mr H Morshead,34,4,11.76%,16,47.06%,1,1,100.00%,0,0%,5,0,0%,2,40.00%,12,0,0%,6,50.00%,16,3,18.75%,8,50.00%
3409,2025-08-25,C J McGovern,807,68,8.43%,221,27.39%,363,37,10.19%,92,25.34%,433,31,7.16%,122,28.18%,0,0,0%,0,0%,11,0,0%,7,63.64%
3410,2025-08-25,Michael Kenneally,40,1,2.50%,9,22.50%,14,0,0%,4,28.57%,26,1,3.85%,5,19.23%,0,0,0%,0,0%,0,0,0%,0,0%
3411,2025-08-25,Mr J Smith-Maxwell,30,0,0%,7,0%,0,0,0%,0,0%,0,0,0%,0,0%,24,0,0%,5,20.83%,6,0,0%,2,33.33%
3412,2025-08-25,Miss N Currie,1,0,0%,0,0%,0,0,0%,0,0%,1,0,0%,0,0%,0,0,0%,0,0%,0,0,0%,0,0%
3414,2025-08-25,Harrison Beswick,360,32,8.89%,131,36.39%,1,0,0%,0,0%,32,1,3.13%,15,46.88%,110,14,12.73%,39,35.45%,217,17,7.83%,77,35.48%
3415,2025-08-25,Mr N Gault,167,2,1.20%,23,13.77%,0,0,0%,0,0%,63,0,0%,4,6.35%,26,0,0%,5,19.23%,78,2,2.56%,14,17.95%
3416,2025-08-25,Mr D Reddan,1,0,0%,0,0%,0,0,0%,0,0%,1,0,0%,0,0%,0,0,0%,0,0%,0,0,0%,0,0%
3417,2025-08-25,Miss L T Masterson,2,0,0%,0,0%,0,0,0%,0,0%,2,0,0%,0,0%,0,0,0%,0,0%,0,0,0%,0,0%
3418,2025-08-25,M D Jones,6,0,0%,0,0%,1,0,0%,0,0%,5,0,0%,0,0%,0,0,0%,0,0%,0,0,0%,0,0%
3419,2025-08-25,T M O'Brien,11,0,0%,1,0%,0,0,0%,0,0%,1,0,0%,0,0%,3,0,0%,0,0%,7,0,0%,1,14.29%
3420,2025-08-25,Abie Knowles,2,0,0%,0,0%,0,0,0%,0,0%,2,0,0%,0,0%,0,0,0%,0,0%,0,0,0%,0,0%
3421,2025-08-25,Alfie Davies,8,0,0%,2,0%,6,0,0%,1,16.67%,2,0,0%,1,50.00%,0,0,0%,0,0%,0,0,0%,0,0%
3422,2025-08-25,Mr H F Nugent,74,4,5.41%,32,43.24%,1,0,0%,0,0%,12,0,0%,2,16.67%,25,3,12.00%,14,56.00%,36,1,2.78%,16,44.44%
3423,2025-08-25,Jason Nuttall,67,3,4.48%,23,34.33%,6,0,0%,0,0%,16,1,6.25%,6,37.50%,1,0,0%,0,0%,44,2,4.55%,17,38.64%
3424,2025-08-25,Ryan Day,373,37,9.92%,156,41.82%,2,1,50.00%,0,0%,28,5,17.86%,10,35.71%,89,9,10.11%,41,46.07%,254,22,8.66%,105,41.34%
3425,2025-08-25,Oscar Pereira,56,0,0%,16,0%,23,0,0%,11,47.83%,33,0,0%,5,15.15%,0,0,0%,0,0%,0,0,0%,0,0%
3426,2025-08-25,Kimberley Van Der Vegt,7,0,0%,2,0%,3,0,0%,1,33.33%,4,0,0%,1,25.00%,0,0,0%,0,0%,0,0,0%,0,0%
3427,2025-08-25,K P Moriarty,246,9,3.66%,52,21.14%,77,4,5.19%,19,24.68%,169,5,2.96%,33,19.53%,0,0,0%,0,0%,0,0,0%,0,0%
3428,2025-08-25,Sophie Killoran,232,20,8.62%,81,34.91%,146,16,10.96%,54,36.99%,86,4,4.65%,27,31.40%,0,0,0%,0,0%,0,0,0%,0,0%
3429,2025-08-25,Victor Espinoza,5,1,20.00%,2,40.00%,0,0,0%,0,0%,5,1,20.00%,2,40.00%,0,0,0%,0,0%,0,0,0%,0,0%
3430,2025-08-25,S Bowen,4847,911,18.80%,1459,30.10%,15,1,6.67%,8,53.33%,437,65,14.87%,149,34.10%,1897,386,20.35%,524,27.62%,2498,459,18.37%,778,31.14%
3431,2025-08-25,John Storey,3,0,0%,0,0%,1,0,0%,0,0%,1,0,0%,0,0%,0,0,0%,0,0%,1,0,0%,0,0%
3432,2025-08-25,Fabio Branca,3,0,0%,1,0%,0,0,0%,0,0%,3,0,0%,1,33.33%,0,0,0%,0,0%,0,0,0%,0,0%
3433,2025-08-25,Mr P W O'Reilly,1,0,0%,0,0%,0,0,0%,0,0%,1,0,0%,0,0%,0,0,0%,0,0%,0,0,0%,0,0%
3434,2025-08-25,Mr A McMahon,77,10,12.99%,33,42.86%,0,0,0%,0,0%,47,8,17.02%,18,38.30%,3,0,0%,2,66.67%,27,2,7.41%,13,48.15%
3435,2025-08-25,Mr N Bashford,58,3,5.17%,19,32.76%,1,0,0%,0,0%,53,3,5.66%,18,33.96%,3,0,0%,1,33.33%,1,0,0%,0,0%
3436,2025-08-25,Phillip Dennis,22,2,9.09%,8,36.36%,1,0,0%,0,0%,10,1,10.00%,4,40.00%,1,0,0%,0,0%,10,1,10.00%,4,40.00%
3437,2025-08-25,Miss K F Begley,13,2,15.38%,6,46.15%,5,0,0%,4,80.00%,8,2,25.00%,2,25.00%,0,0,0%,0,0%,0,0,0%,0,0%
3438,2025-08-25,Conor Smith,194,21,10.82%,76,39.18%,0,0,0%,0,0%,20,2,10.00%,4,20.00%,35,2,5.71%,16,45.71%,139,17,12.23%,56,40.29%
3440,2025-08-25,Mr Ryan Duthie,1,0,0%,1,0%,0,0,0%,0,0%,1,0,0%,1,100.00%,0,0,0%,0,0%,0,0,0%,0,0%
3441,2025-08-25,Holly Farrell,1,0,0%,1,0%,0,0,0%,0,0%,1,0,0%,1,100.00%,0,0,0%,0,0%,0,0,0%,0,0%
3442,2025-08-25,James Kendrick,2,0,0%,1,0%,0,0,0%,0,0%,2,0,0%,1,50.00%,0,0,0%,0,0%,0,0,0%,0,0%
3443,2025-08-25,Mr Dylan McDonagh,11,2,18.18%,2,18.18%,0,0,0%,0,0%,11,2,18.18%,2,18.18%,0,0,0%,0,0%,0,0,0%,0,0%
3444,2025-08-25,Miss F Nimmo,1,0,0%,0,0%,0,0,0%,0,0%,0,0,0%,0,0%,0,0,0%,0,0%,1,0,0%,0,0%
3445,2025-08-25,J Mulvihill,33,1,3.03%,8,24.24%,0,0,0%,0,0%,1,0,0%,1,100.00%,0,0,0%,0,0%,32,1,3.13%,7,21.88%
3446,2025-08-25,Miss E M Nagle,5,0,0%,0,0%,0,0,0%,0,0%,5,0,0%,0,0%,0,0,0%,0,0%,0,0,0%,0,0%
3447,2025-08-25,Mr M A Galligan,3,0,0%,0,0%,0,0,0%,0,0%,1,0,0%,0,0%,0,0,0%,0,0%,2,0,0%,0,0%
3448,2025-08-25,Miss S Bell,3,0,0%,0,0%,0,0,0%,0,0%,3,0,0%,0,0%,0,0,0%,0,0%,0,0,0%,0,0%
3449,2025-08-25,Tyler Saunders,359,31,8.64%,136,37.88%,166,10,6.02%,58,34.94%,193,21,10.88%,78,40.41%,0,0,0%,0,0%,0,0,0%,0,0%
3450,2025-08-25,Mr Aiden Blakemore,125,6,4.80%,30,24.00%,20,1,5.00%,4,20.00%,35,2,5.71%,6,17.14%,6,0,0%,1,16.67%,64,3,4.69%,19,29.69%
3451,2025-08-25,Sam Spratt,3,0,0%,2,0%,0,0,0%,0,0%,3,0,0%,2,66.67%,0,0,0%,0,0%,0,0,0%,0,0%
3452,2025-08-25,J L Joyce,24,0,0%,2,0%,9,0,0%,1,11.11%,15,0,0%,1,6.67%,0,0,0%,0,0%,0,0,0%,0,0%
3453,2025-08-25,Megan Nicholls,1035,102,9.86%,365,35.27%,357,33,9.24%,123,34.45%,678,69,10.18%,242,35.69%,0,0,0%,0,0%,0,0,0%,0,0%
3454,2025-08-25,Miss T Sutherland,2,0,0%,0,0%,0,0,0%,0,0%,2,0,0%,0,0%,0,0,0%,0,0%,0,0,0%,0,0%
3455,2025-08-25,R Marchelli,2,0,0%,1,0%,1,0,0%,0,0%,1,0,0%,1,100.00%,0,0,0%,0,0%,0,0,0%,0,0%
3457,2025-08-25,Irene Goncalves,17,1,5.88%,3,17.65%,7,0,0%,1,14.29%,10,1,10.00%,2,20.00%,0,0,0%,0,0%,0,0,0%,0,0%
3458,2025-08-25,Miss G Friswell,16,2,12.50%,4,25.00%,7,2,28.57%,0,0%,9,0,0%,4,44.44%,0,0,0%,0,0%,0,0,0%,0,0%
3459,2025-08-25,Mr A Guerrini,1,0,0%,0,0%,1,0,0%,0,0%,0,0,0%,0,0%,0,0,0%,0,0%,0,0,0%,0,0%
3460,2025-08-25,Miss R Horne,1,0,0%,0,0%,0,0,0%,0,0%,1,0,0%,0,0%,0,0,0%,0,0%,0,0,0%,0,0%
3461,2025-08-25,D A Murphy,5,0,0%,0,0%,1,0,0%,0,0%,4,0,0%,0,0%,0,0,0%,0,0%,0,0,0%,0,0%
3462,2025-08-25,Jordan Swarbrick,8,0,0%,3,0%,4,0,0%,2,50.00%,4,0,0%,1,25.00%,0,0,0%,0,0%,0,0,0%,0,0%
3463,2025-08-25,Paul Cooley,2,0,0%,1,0%,1,0,0%,1,100.00%,1,0,0%,0,0%,0,0,0%,0,0%,0,0,0%,0,0%
3464,2025-08-25,Joshua Browning,9,0,0%,4,0%,5,0,0%,3,60.00%,4,0,0%,1,25.00%,0,0,0%,0,0%,0,0,0%,0,0%
3465,2025-08-25,Michelle Blumenauer,1,0,0%,1,0%,0,0,0%,0,0%,1,0,0%,1,100.00%,0,0,0%,0,0%,0,0,0%,0,0%
3466,2025-08-25,Nicole Schlatter,1,0,0%,0,0%,0,0,0%,0,0%,1,0,0%,0,0%,0,0,0%,0,0%,0,0,0%,0,0%
3467,2025-08-25,Miss J Kelly,1,0,0%,0,0%,0,0,0%,0,0%,1,0,0%,0,0%,0,0,0%,0,0%,0,0,0%,0,0%
3468,2025-08-25,Miss A Yeager,1,0,0%,0,0%,0,0,0%,0,0%,1,0,0%,0,0%,0,0,0%,0,0%,0,0,0%,0,0%
3469,2025-08-25,Lamorna Bardwell,13,0,0%,1,0%,9,0,0%,1,11.11%,4,0,0%,0,0%,0,0,0%,0,0%,0,0,0%,0,0%
3470,2025-08-25,Mr T P Broughton,9,0,0%,2,0%,0,0,0%,0,0%,3,0,0%,0,0%,1,0,0%,0,0%,5,0,0%,2,40.00%
3471,2025-08-25,Mr J Drinkwater,19,2,10.53%,6,31.58%,0,0,0%,0,0%,3,0,0%,1,33.33%,9,1,11.11%,4,44.44%,7,1,14.29%,1,14.29%
3472,2025-08-25,Mr Gregory Walters,12,0,0%,0,0%,0,0,0%,0,0%,1,0,0%,0,0%,3,0,0%,0,0%,8,0,0%,0,0%
3473,2025-08-25,Miss A Broome,11,0,0%,3,0%,0,0,0%,0,0%,1,0,0%,0,0%,5,0,0%,3,60.00%,5,0,0%,0,0%
3474,2025-08-25,Miss K Lyons,69,4,5.80%,24,34.78%,2,0,0%,0,0%,18,2,11.11%,5,27.78%,30,2,6.67%,12,40.00%,19,0,0%,7,36.84%
3475,2025-08-25,Jordan Williams,604,46,7.62%,174,28.81%,275,23,8.36%,72,26.18%,177,16,9.04%,46,25.99%,12,1,8.33%,6,50.00%,140,6,4.29%,50,35.71%
3476,2025-08-25,Katherine Glenister,74,8,10.81%,28,37.84%,32,3,9.38%,10,31.25%,42,5,11.90%,18,42.86%,0,0,0%,0,0%,0,0,0%,0,0%
3477,2025-08-25,"D O'Brien,",1,0,0%,0,0%,0,0,0%,0,0%,1,0,0%,0,0%,0,0,0%,0,0%,0,0,0%,0,0%
3478,2025-08-25,D O'Brien,2001,397,19.84%,843,42.13%,406,81,19.95%,168,41.38%,1595,316,19.81%,675,42.32%,0,0,0%,0,0%,0,0,0%,0,0%
3479,2025-08-25,Mr R Timby,1,0,0%,1,0%,0,0,0%,0,0%,1,0,0%,1,100.00%,0,0,0%,0,0%,0,0,0%,0,0%
3480,2025-08-25,Mr Anthony Fox,18,3,16.67%,4,22.22%,0,0,0%,0,0%,5,0,0%,0,0%,5,1,20.00%,2,40.00%,6,2,33.33%,2,33.33%
3481,2025-08-25,Harry Stock,223,26,11.66%,64,28.70%,4,1,25.00%,1,25.00%,39,5,12.82%,11,28.21%,21,0,0%,5,23.81%,159,20,12.58%,47,29.56%
3482,2025-08-25,Mr Robert Hooper,6,1,16.67%,2,33.33%,2,0,0%,0,0%,4,1,25.00%,2,50.00%,0,0,0%,0,0%,0,0,0%,0,0%
3483,2025-08-25,Miss C Watling,4,0,0%,0,0%,0,0,0%,0,0%,4,0,0%,0,0%,0,0,0%,0,0%,0,0,0%,0,0%
3484,2025-08-25,Russell Harris,135,8,5.93%,34,25.19%,77,7,9.09%,22,28.57%,58,1,1.72%,12,20.69%,0,0,0%,0,0%,0,0,0%,0,0%
3485,2025-08-25,Miss Megan Nicholls,17,3,17.65%,9,52.94%,2,0,0%,0,0%,14,3,21.43%,8,57.14%,0,0,0%,0,0%,1,0,0%,1,100.00%
3486,2025-08-25,Thomas Henderson,2,0,0%,1,0%,0,0,0%,0,0%,2,0,0%,1,50.00%,0,0,0%,0,0%,0,0,0%,0,0%
3487,2025-08-25,Mr J Doe,18,1,5.56%,10,55.56%,4,0,0%,3,75.00%,14,1,7.14%,7,50.00%,0,0,0%,0,0%,0,0,0%,0,0%
3488,2025-08-25,Mr J P Williams,29,4,13.79%,8,27.59%,5,1,20.00%,1,20.00%,9,2,22.22%,2,22.22%,1,0,0%,0,0%,14,1,7.14%,5,35.71%
3489,2025-08-25,Miss Christina Buesa,1,1,100.00%,0,0.00%,0,0,0%,0,0%,1,1,100.00%,0,0%,0,0,0%,0,0%,0,0,0%,0,0%
3490,2025-08-25,Miss Helen Cuthbert,41,1,2.44%,9,21.95%,0,0,0%,0,0%,41,1,2.44%,9,21.95%,0,0,0%,0,0%,0,0,0%,0,0%
3491,2025-08-25,Miss Annie Yeager,1,0,0%,1,0%,0,0,0%,0,0%,1,0,0%,1,100.00%,0,0,0%,0,0%,0,0,0%,0,0%
3492,2025-08-25,Miss Silja Storen,1,0,0%,0,0%,0,0,0%,0,0%,1,0,0%,0,0%,0,0,0%,0,0%,0,0,0%,0,0%
3493,2025-08-25,Mrs Michelle Blumenauer,2,0,0%,0,0%,0,0,0%,0,0%,2,0,0%,0,0%,0,0,0%,0,0%,0,0,0%,0,0%
3494,2025-08-25,Miss Nicole Schlatter,1,0,0%,0,0%,0,0,0%,0,0%,1,0,0%,0,0%,0,0,0%,0,0%,0,0,0%,0,0%
3495,2025-08-25,Miss Molly King,15,3,20.00%,6,40.00%,4,0,0%,1,25.00%,11,3,27.27%,5,45.45%,0,0,0%,0,0%,0,0,0%,0,0%
3496,2025-08-25,Miss Barbara Guenet,4,0,0%,2,0%,0,0,0%,0,0%,3,0,0%,1,33.33%,0,0,0%,0,0%,1,0,0%,1,100.00%
3497,2025-08-25,Miss K Rowntree,2,0,0%,0,0%,0,0,0%,0,0%,1,0,0%,0,0%,1,0,0%,0,0%,0,0,0%,0,0%
3498,2025-08-25,Mrs Pauline Condon,9,1,11.11%,4,44.44%,2,0,0%,2,100.00%,7,1,14.29%,2,28.57%,0,0,0%,0,0%,0,0,0%,0,0%
3499,2025-08-25,K Noonan,2,0,0%,0,0%,0,0,0%,0,0%,2,0,0%,0,0%,0,0,0%,0,0%,0,0,0%,0,0%
3500,2025-08-25,S Khumalo,5,0,0%,2,0%,0,0,0%,0,0%,5,0,0%,2,40.00%,0,0,0%,0,0%,0,0,0%,0,0%
3501,2025-08-25,Steffi Hofer,5,0,0%,3,0%,0,0,0%,0,0%,5,0,0%,3,60.00%,0,0,0%,0,0%,0,0,0%,0,0%
3502,2025-08-25,Yuichi Fukunaga,5,0,0%,3,0%,0,0,0%,0,0%,5,0,0%,3,60.00%,0,0,0%,0,0%,0,0,0%,0,0%
3503,2025-08-25,Emma Jayne Wilson,25,4,16.00%,8,32.00%,0,0,0%,0,0%,25,4,16.00%,8,32.00%,0,0,0%,0,0%,0,0,0%,0,0%
3504,2025-08-25,Conor Walsh,2,1,50.00%,1,50.00%,0,0,0%,0,0%,1,1,100.00%,0,0%,0,0,0%,0,0%,1,0,0%,1,100.00%
3505,2025-08-25,Miss A Willmott,1,0,0%,0,0%,0,0,0%,0,0%,1,0,0%,0,0%,0,0,0%,0,0%,0,0,0%,0,0%
3506,2025-08-25,Miss Francesca Nimmo,5,2,40.00%,0,0.00%,0,0,0%,0,0%,1,0,0%,0,0%,3,1,33.33%,0,0%,1,1,100.00%,0,0%
3507,2025-08-25,Mr D McDonagh,11,0,0%,7,0%,0,0,0%,0,0%,5,0,0%,4,80.00%,0,0,0%,0,0%,6,0,0%,3,50.00%
3508,2025-08-25,Mr M Haddock,1,1,100.00%,0,0.00%,0,0,0%,0,0%,1,1,100.00%,0,0%,0,0,0%,0,0%,0,0,0%,0,0%
3509,2025-08-25,C L Murphy,27,0,0%,1,0%,0,0,0%,0,0%,0,0,0%,0,0%,6,0,0%,0,0%,21,0,0%,1,4.76%
3510,2025-08-25,Mr A W Short,1,0,0%,0,0%,0,0,0%,0,0%,1,0,0%,0,0%,0,0,0%,0,0%,0,0,0%,0,0%
3511,2025-08-25,Mr C Hammond,7,0,0%,2,0%,0,0,0%,0,0%,1,0,0%,1,100.00%,3,0,0%,1,33.33%,3,0,0%,0,0%
3512,2025-08-25,Miss A M Keighley,2,0,0%,1,0%,1,0,0%,1,100.00%,1,0,0%,0,0%,0,0,0%,0,0%,0,0,0%,0,0%
3513,2025-08-25,Miss G Cochrane,6,0,0%,1,0%,0,0,0%,0,0%,3,0,0%,0,0%,2,0,0%,0,0%,1,0,0%,1,100.00%
3514,2025-08-25,R D Day,561,62,11.05%,189,33.69%,5,0,0%,2,40.00%,42,8,19.05%,16,38.10%,180,28,15.56%,69,38.33%,334,26,7.78%,102,30.54%
3515,2025-08-25,Mr T McKeown,5,0,0%,2,0%,0,0,0%,0,0%,1,0,0%,0,0%,1,0,0%,0,0%,3,0,0%,2,66.67%
3516,2025-08-25,Miss A O'Sullivan,57,1,1.75%,14,24.56%,0,0,0%,0,0%,17,0,0%,4,23.53%,26,1,3.85%,6,23.08%,14,0,0%,4,28.57%
3517,2025-08-25,J Duern,2,0,0%,1,0%,2,0,0%,1,50.00%,0,0,0%,0,0%,0,0,0%,0,0%,0,0,0%,0,0%
3518,2025-08-25,Miss D Hannaford,1,0,0%,0,0%,0,0,0%,0,0%,1,0,0%,0,0%,0,0,0%,0,0%,0,0,0%,0,0%
3519,2025-08-25,Gerald Steven Quinn,2,0,0%,0,0%,0,0,0%,0,0%,0,0,0%,0,0%,0,0,0%,0,0%,2,0,0%,0,0%
3520,2025-08-25,Mr M O'Connor,1,0,0%,1,0%,0,0,0%,0,0%,1,0,0%,1,100.00%,0,0,0%,0,0%,0,0,0%,0,0%
3521,2025-08-25,Mr T Eley,12,1,8.33%,1,8.33%,7,1,14.29%,0,0%,3,0,0%,0,0%,1,0,0%,0,0%,1,0,0%,1,100.00%
3522,2025-08-25,Irineu Goncalves,66,7,10.61%,15,22.73%,41,7,17.07%,11,26.83%,25,0,0%,4,16.00%,0,0,0%,0,0%,0,0,0%,0,0%
3523,2025-08-25,Mr Jordan Swarbrick,7,0,0%,0,0%,3,0,0%,0,0%,4,0,0%,0,0%,0,0,0%,0,0%,0,0,0%,0,0%
3524,2025-08-25,Mr L A Murtagh,25,2,8.00%,6,24.00%,1,0,0%,0,0%,15,1,6.67%,4,26.67%,1,0,0%,0,0%,8,1,12.50%,2,25.00%
3525,2025-08-25,Billy Newnes,3,0,0%,2,0%,0,0,0%,0,0%,3,0,0%,2,66.67%,0,0,0%,0,0%,0,0,0%,0,0%
3526,2025-08-25,Rodney Lappin,3,0,0%,0,0%,0,0,0%,0,0%,3,0,0%,0,0%,0,0,0%,0,0%,0,0,0%,0,0%
3527,2025-08-25,J P Hamel,1,0,0%,1,0%,0,0,0%,0,0%,1,0,0%,1,100.00%,0,0,0%,0,0%,0,0,0%,0,0%
3528,2025-08-25,A Faddoul,1,0,0%,1,0%,0,0,0%,0,0%,1,0,0%,1,100.00%,0,0,0%,0,0%,0,0,0%,0,0%
3529,2025-08-25,Mr T Dowson,52,4,7.69%,18,34.62%,0,0,0%,0,0%,0,0,0%,0,0%,20,3,15.00%,6,30.00%,32,1,3.13%,12,37.50%
3530,2025-08-25,K T Noonan,2,0,0%,0,0%,1,0,0%,0,0%,1,0,0%,0,0%,0,0,0%,0,0%,0,0,0%,0,0%
3531,2025-08-25,Mr Z Garrod,1,0,0%,0,0%,0,0,0%,0,0%,1,0,0%,0,0%,0,0,0%,0,0%,0,0,0%,0,0%
3532,2025-08-25,Keely Phillips,2,0,0%,1,0%,1,0,0%,0,0%,1,0,0%,1,100.00%,0,0,0%,0,0%,0,0,0%,0,0%
3533,2025-08-25,Miss P Bridgwater,55,3,5.45%,25,45.45%,20,1,5.00%,10,50.00%,35,2,5.71%,15,42.86%,0,0,0%,0,0%,0,0,0%,0,0%
3534,2025-08-25,Manuel Fernandes,124,20,16.13%,34,27.42%,55,7,12.73%,15,27.27%,69,13,18.84%,19,27.54%,0,0,0%,0,0%,0,0,0%,0,0%
3535,2025-08-25,Gavin Faulkner,46,0,0%,4,0%,26,0,0%,3,11.54%,20,0,0%,1,5.00%,0,0,0%,0,0%,0,0,0%,0,0%
3536,2025-08-25,Michael Heard,338,28,8.28%,107,31.66%,0,0,0%,0,0%,11,0,0%,4,36.36%,86,5,5.81%,28,32.56%,241,23,9.54%,75,31.12%
3537,2025-08-25,Mr James King,497,58,11.67%,164,33.00%,10,1,10.00%,2,20.00%,69,4,5.80%,27,39.13%,241,36,14.94%,75,31.12%,177,17,9.60%,60,33.90%
3538,2025-08-25,S J Cummins,94,4,4.26%,30,31.91%,40,1,2.50%,14,35.00%,54,3,5.56%,16,29.63%,0,0,0%,0,0%,0,0,0%,0,0%
3539,2025-08-25,Mr Philip Sonsteby,1,0,0%,1,0%,0,0,0%,0,0%,1,0,0%,1,100.00%,0,0,0%,0,0%,0,0,0%,0,0%
3540,2025-08-25,Mr Q Foulon,2,0,0%,2,0%,0,0,0%,0,0%,2,0,0%,2,100.00%,0,0,0%,0,0%,0,0,0%,0,0%
3541,2025-08-25,Mr Daniele Zucca,1,0,0%,0,0%,0,0,0%,0,0%,1,0,0%,0,0%,0,0,0%,0,0%,0,0,0%,0,0%
3542,2025-08-25,Mr Vinzenz Schiergen,2,0,0%,0,0%,0,0,0%,0,0%,2,0,0%,0,0%,0,0,0%,0,0%,0,0,0%,0,0%
3543,2025-08-25,K A Quinn,58,4,6.90%,16,27.59%,25,2,8.00%,8,32.00%,33,2,6.06%,8,24.24%,0,0,0%,0,0%,0,0,0%,0,0%
3544,2025-08-25,Raymond O'Brien,8,1,12.50%,3,37.50%,0,0,0%,0,0%,0,0,0%,0,0%,4,1,25.00%,1,25.00%,4,0,0%,2,50.00%
3545,2025-08-25,Mr F Penford,1,0,0%,1,0%,0,0,0%,0,0%,0,0,0%,0,0%,1,0,0%,1,100.00%,0,0,0%,0,0%
3546,2025-08-25,Mr T Gillard,64,2,3.13%,15,23.44%,5,0,0%,1,20.00%,5,0,0%,1,20.00%,20,0,0%,3,15.00%,34,2,5.88%,10,29.41%
3547,2025-08-25,Mr Neil Gault,20,1,5.00%,6,30.00%,0,0,0%,0,0%,10,1,10.00%,3,30.00%,0,0,0%,0,0%,10,0,0%,3,30.00%
3548,2025-08-25,O J Orr,3969,417,10.51%,1136,28.62%,1022,117,11.45%,273,26.71%,2946,300,10.18%,863,29.29%,1,0,0%,0,0%,0,0,0%,0,0%
3549,2025-08-25,Mr Ryan Holmes,30,1,3.33%,12,40.00%,21,1,4.76%,8,38.10%,9,0,0%,4,44.44%,0,0,0%,0,0%,0,0,0%,0,0%
3550,2025-08-25,Shane Quinlan,575,43,7.48%,151,26.26%,1,0,0%,0,0%,25,3,12.00%,4,16.00%,240,25,10.42%,74,30.83%,309,15,4.85%,73,23.62%
3551,2025-08-25,Poppy Bridgwater,377,37,9.81%,125,33.16%,200,18,9.00%,71,35.50%,175,19,10.86%,54,30.86%,1,0,0%,0,0%,1,0,0%,0,0%
3552,2025-08-25,Mr H J F Cruickshank,2,0,0%,1,0%,0,0,0%,0,0%,1,0,0%,0,0%,1,0,0%,1,100.00%,0,0,0%,0,0%
3553,2025-08-25,Mr W R Clarke,6,0,0%,3,0%,0,0,0%,0,0%,2,0,0%,0,0%,3,0,0%,2,66.67%,1,0,0%,1,100.00%
3554,2025-08-25,Jack Dinsmore,23,2,8.70%,7,30.43%,18,1,5.56%,5,27.78%,5,1,20.00%,2,40.00%,0,0,0%,0,0%,0,0,0%,0,0%
3555,2025-08-25,Mr H Teal,19,2,10.53%,7,36.84%,4,1,25.00%,0,0%,3,0,0%,3,100.00%,3,0,0%,0,0%,9,1,11.11%,4,44.44%
3556,2025-08-25,Mr L Ferguson,9,1,11.11%,3,33.33%,1,0,0%,0,0%,1,0,0%,0,0%,3,1,33.33%,1,33.33%,4,0,0%,2,50.00%
3557,2025-08-25,Trevor Ryan,49,6,12.24%,20,40.82%,1,0,0%,0,0%,2,0,0%,1,50.00%,11,2,18.18%,6,54.55%,35,4,11.43%,13,37.14%
3558,2025-08-25,Mr D Bartlett,8,1,12.50%,2,25.00%,0,0,0%,0,0%,4,0,0%,1,25.00%,3,1,33.33%,1,33.33%,1,0,0%,0,0%
3559,2025-08-25,Miss R M Taylor,4,0,0%,0,0%,0,0,0%,0,0%,4,0,0%,0,0%,0,0,0%,0,0%,0,0,0%,0,0%
3560,2025-08-25,Mr B Catton,5,0,0%,0,0%,0,0,0%,0,0%,0,0,0%,0,0%,4,0,0%,0,0%,1,0,0%,0,0%
3561,2025-08-25,Miss L L Jenkins,5,0,0%,1,0%,0,0,0%,0,0%,1,0,0%,0,0%,0,0,0%,0,0%,4,0,0%,1,25.00%
3562,2025-08-25,Mr Shane Quinlan,160,12,7.50%,57,35.63%,3,0,0%,2,66.67%,10,0,0%,3,30.00%,89,9,10.11%,34,38.20%,58,3,5.17%,18,31.03%
3563,2025-08-25,Mr S P Kelly,54,2,3.70%,16,29.63%,0,0,0%,0,0%,12,0,0%,3,25.00%,8,0,0%,2,25.00%,34,2,5.88%,11,32.35%
3564,2025-08-25,William Clarke,79,6,7.59%,30,37.97%,0,0,0%,0,0%,3,0,0%,1,33.33%,32,1,3.13%,13,40.63%,44,5,11.36%,16,36.36%
3565,2025-08-25,Lorcan Murtagh,1238,79,6.38%,383,30.94%,14,0,0%,4,28.57%,87,7,8.05%,27,31.03%,324,28,8.64%,112,34.57%,813,44,5.41%,240,29.52%
3566,2025-08-25,Mr Nicolas De Julian,1,0,0%,1,0%,0,0,0%,0,0%,1,0,0%,1,100.00%,0,0,0%,0,0%,0,0,0%,0,0%
3567,2025-08-25,Mr Jindrich Fabris,1,0,0%,1,0%,0,0,0%,0,0%,1,0,0%,1,100.00%,0,0,0%,0,0%,0,0,0%,0,0%
3568,2025-08-25,Vinzenz Schiergen,1,0,0%,1,0%,0,0,0%,0,0%,1,0,0%,1,100.00%,0,0,0%,0,0%,0,0,0%,0,0%
3569,2025-08-25,Mr A Ferramosca,1,0,0%,0,0%,0,0,0%,0,0%,1,0,0%,0,0%,0,0,0%,0,0%,0,0,0%,0,0%
3570,2025-08-25,Mr Maxime Denault,1,0,0%,0,0%,0,0,0%,0,0%,1,0,0%,0,0%,0,0,0%,0,0%,0,0,0%,0,0%
3571,2025-08-25,Miss E Bushe,11,0,0%,7,0%,8,0,0%,5,62.50%,2,0,0%,1,50.00%,0,0,0%,0,0%,1,0,0%,1,100.00%
3572,2025-08-25,Mr B Paris-Crofts,67,0,0%,23,0%,0,0,0%,0,0%,6,0,0%,3,50.00%,13,0,0%,6,46.15%,48,0,0%,14,29.17%
3573,2025-08-25,James Nixon,219,19,8.68%,67,30.59%,0,0,0%,0,0%,15,0,0%,6,40.00%,68,5,7.35%,23,33.82%,136,14,10.29%,38,27.94%
3574,2025-08-25,Tom Marquand,9165,1230,13.42%,3136,34.22%,3399,428,12.59%,1270,37.36%,5758,799,13.88%,1866,32.41%,8,3,37.50%,0,0%,0,0,0%,0,0%
3575,2025-08-25,Billy Gleeson,1,0,0%,1,0%,0,0,0%,0,0%,0,0,0%,0,0%,0,0,0%,0,0%,1,0,0%,1,100.00%
3576,2025-08-25,Mr Jamie Coates,2,0,0%,0,0%,1,0,0%,0,0%,1,0,0%,0,0%,0,0,0%,0,0%,0,0,0%,0,0%
3577,2025-08-25,Ryan Holley,3,0,0%,0,0%,3,0,0%,0,0%,0,0,0%,0,0%,0,0,0%,0,0%,0,0,0%,0,0%
3578,2025-08-25,A W Short,1849,70,3.79%,416,22.50%,6,0,0%,2,33.33%,27,0,0%,4,14.81%,524,29,5.53%,158,30.15%,1292,41,3.17%,252,19.50%
3579,2025-08-25,Keith Cogley,1,0,0%,0,0%,0,0,0%,0,0%,0,0,0%,0,0%,1,0,0%,0,0%,0,0,0%,0,0%
3580,2025-08-25,Miss S A Coll,16,0,0%,9,0%,4,0,0%,2,50.00%,12,0,0%,7,58.33%,0,0,0%,0,0%,0,0,0%,0,0%
3581,2025-08-25,Miss L Sanders,4,0,0%,0,0%,1,0,0%,0,0%,3,0,0%,0,0%,0,0,0%,0,0%,0,0,0%,0,0%
3582,2025-08-25,Mr Joe Wright,126,15,11.90%,45,35.71%,0,0,0%,0,0%,25,1,4.00%,8,32.00%,68,10,14.71%,24,35.29%,33,4,12.12%,13,39.39%
3583,2025-08-25,Milly Naseb,273,23,8.42%,98,35.90%,139,13,9.35%,53,38.13%,134,10,7.46%,45,33.58%,0,0,0%,0,0%,0,0,0%,0,0%
3584,2025-08-25,Patrick Vaughan,324,20,6.17%,114,35.19%,159,14,8.81%,54,33.96%,165,6,3.64%,60,36.36%,0,0,0%,0,0%,0,0,0%,0,0%
3585,2025-08-25,Mr S W Coltherd,105,10,9.52%,35,33.33%,0,0,0%,0,0%,8,1,12.50%,2,25.00%,32,2,6.25%,11,34.38%,65,7,10.77%,22,33.85%
3586,2025-08-25,Mr Ross Turner,13,0,0%,5,0%,3,0,0%,1,33.33%,10,0,0%,4,40.00%,0,0,0%,0,0%,0,0,0%,0,0%
3587,2025-08-25,Mr A J Alonso,3,0,0%,1,0%,1,0,0%,0,0%,2,0,0%,1,50.00%,0,0,0%,0,0%,0,0,0%,0,0%
3588,2025-08-25,Mr J Wailes,2,0,0%,0,0%,2,0,0%,0,0%,0,0,0%,0,0%,0,0,0%,0,0%,0,0,0%,0,0%
3589,2025-08-25,Mr Jordan Williams,15,0,0%,10,0%,1,0,0%,0,0%,8,0,0%,6,75.00%,0,0,0%,0,0%,6,0,0%,4,66.67%
3590,2025-08-25,David Cogley,1,0,0%,0,0%,0,0,0%,0,0%,0,0,0%,0,0%,1,0,0%,0,0%,0,0,0%,0,0%
3591,2025-08-25,Mr D Allen,194,17,8.76%,61,31.44%,0,0,0%,0,0%,117,10,8.55%,40,34.19%,24,1,4.17%,6,25.00%,53,6,11.32%,15,28.30%
3592,2025-08-25,F Tahir,14,0,0%,1,0%,10,0,0%,0,0%,4,0,0%,1,25.00%,0,0,0%,0,0%,0,0,0%,0,0%
3593,2025-08-25,Blair Campbell,580,61,10.52%,233,40.17%,8,0,0%,1,12.50%,58,4,6.90%,28,48.28%,131,16,12.21%,58,44.27%,383,41,10.70%,146,38.12%
3594,2025-08-25,T B Lyons,17,1,5.88%,5,29.41%,2,0,0%,0,0%,2,0,0%,1,50.00%,0,0,0%,0,0%,13,1,7.69%,4,30.77%
3595,2025-08-25,Mr A Bellamy,3,0,0%,2,0%,0,0,0%,0,0%,0,0,0%,0,0%,0,0,0%,0,0%,3,0,0%,2,66.67%
3596,2025-08-25,Miss E Chaston,15,1,6.67%,4,26.67%,3,0,0%,1,33.33%,9,1,11.11%,2,22.22%,2,0,0%,0,0%,1,0,0%,1,100.00%
3597,2025-08-25,Mr W Gordon,21,1,4.76%,7,33.33%,0,0,0%,0,0%,1,0,0%,1,100.00%,9,1,11.11%,3,33.33%,11,0,0%,3,27.27%
3598,2025-08-25,Mr T S Allen,3,0,0%,0,0%,0,0,0%,0,0%,3,0,0%,0,0%,0,0,0%,0,0%,0,0,0%,0,0%
3599,2025-08-25,B J Reynolds,46,0,0%,8,0%,0,0,0%,0,0%,3,0,0%,1,33.33%,8,0,0%,2,25.00%,35,0,0%,5,14.29%
3600,2025-08-25,D J Mullins,1717,209,12.17%,587,34.19%,1,0,0%,1,100.00%,30,6,20.00%,13,43.33%,497,73,14.69%,164,33.00%,1189,130,10.93%,409,34.40%
3601,2025-08-25,Mr I O'Connor,7,0,0%,0,0%,0,0,0%,0,0%,7,0,0%,0,0%,0,0,0%,0,0%,0,0,0%,0,0%
3602,2025-08-25,Ms B Hampson,46,7,15.22%,19,41.30%,11,0,0%,7,63.64%,23,3,13.04%,10,43.48%,2,1,50.00%,0,0%,10,3,30.00%,2,20.00%
3603,2025-08-25,Sam Coltherd,1644,122,7.42%,482,29.32%,29,1,3.45%,3,10.34%,85,5,5.88%,19,22.35%,682,78,11.44%,218,31.96%,848,38,4.48%,242,28.54%
3604,2025-08-25,Adam J McNamara,1302,138,10.60%,514,39.48%,503,46,9.15%,211,41.95%,799,92,11.51%,303,37.92%,0,0,0%,0,0%,0,0,0%,0,0%
3605,2025-08-25,Ryan M Moore,1,0,0%,0,0%,1,0,0%,0,0%,0,0,0%,0,0%,0,0,0%,0,0%,0,0,0%,0,0%
3606,2025-08-25,D Brassil,1,0,0%,1,0%,0,0,0%,0,0%,0,0,0%,0,0%,0,0,0%,0,0%,1,0,0%,1,100.00%
3607,2025-08-25,Mr T Greatrex,57,6,10.53%,19,33.33%,10,1,10.00%,4,40.00%,14,3,21.43%,4,28.57%,7,0,0%,0,0%,26,2,7.69%,11,42.31%
3608,2025-08-25,David Noonan,3307,243,7.35%,950,28.73%,12,0,0%,1,8.33%,183,16,8.74%,48,26.23%,1116,92,8.24%,353,31.63%,1996,135,6.76%,548,27.45%
3609,2025-08-25,Chester Williams,381,58,15.22%,152,39.90%,0,0,0%,0,0%,26,3,11.54%,9,34.62%,117,14,11.97%,45,38.46%,238,41,17.23%,98,41.18%
3610,2025-08-25,Pat Cosgrave,2,0,0%,1,0%,2,0,0%,1,50.00%,0,0,0%,0,0%,0,0,0%,0,0%,0,0,0%,0,0%
3611,2025-08-25,Mr E Halford,12,0,0%,1,0%,3,0,0%,0,0%,9,0,0%,1,11.11%,0,0,0%,0,0%,0,0,0%,0,0%
3612,2025-08-25,Chloe Cahalan,4,0,0%,1,0%,2,0,0%,1,50.00%,2,0,0%,0,0%,0,0,0%,0,0%,0,0,0%,0,0%
3613,2025-08-25,J Canavan,1,0,0%,0,0%,0,0,0%,0,0%,0,0,0%,0,0%,0,0,0%,0,0%,1,0,0%,0,0%
3618,2025-08-25,Mr S M Houlihan,7,1,14.29%,3,42.86%,0,0,0%,0,0%,1,0,0%,0,0%,4,1,25.00%,1,25.00%,2,0,0%,2,100.00%
3619,2025-08-25,Mathew Still,27,1,3.70%,10,37.04%,21,1,4.76%,7,33.33%,6,0,0%,3,50.00%,0,0,0%,0,0%,0,0,0%,0,0%
3620,2025-08-25,Ryan M. Moore,8,0,0%,1,0%,7,0,0%,1,14.29%,1,0,0%,0,0%,0,0,0%,0,0%,0,0,0%,0,0%
3621,2025-08-25,Theo Gillard,1023,93,9.09%,317,30.99%,16,1,6.25%,5,31.25%,36,1,2.78%,8,22.22%,287,32,11.15%,73,25.44%,684,59,8.63%,231,33.77%
3622,2025-08-25,Thomas Greatrex,1016,96,9.45%,308,30.31%,492,47,9.55%,151,30.69%,466,46,9.87%,135,28.97%,7,0,0%,5,71.43%,51,3,5.88%,17,33.33%
3623,2025-08-25,Daniel Sansom,649,54,8.32%,232,35.75%,6,1,16.67%,1,16.67%,62,3,4.84%,18,29.03%,125,10,8.00%,45,36.00%,456,40,8.77%,168,36.84%
3624,2025-08-25,Mr Ryan Nichol,51,6,11.76%,17,33.33%,0,0,0%,0,0%,8,2,25.00%,2,25.00%,22,1,4.55%,11,50.00%,21,3,14.29%,4,19.05%
3625,2025-08-25,Thomas Dowson,632,53,8.39%,203,32.12%,8,0,0%,1,12.50%,66,1,1.52%,14,21.21%,175,18,10.29%,72,41.14%,383,34,8.88%,116,30.29%
3626,2025-08-25,Harry Reed,1590,142,8.93%,497,31.26%,7,0,0%,4,57.14%,114,6,5.26%,33,28.95%,422,47,11.14%,136,32.23%,1047,89,8.50%,324,30.95%
3627,2025-08-25,Miss Anne Eddery,2,0,0%,1,0%,1,0,0%,1,100.00%,1,0,0%,0,0%,0,0,0%,0,0%,0,0,0%,0,0%
3628,2025-08-25,Mr M S Johnson,30,2,6.67%,10,33.33%,13,2,15.38%,2,15.38%,17,0,0%,8,47.06%,0,0,0%,0,0%,0,0,0%,0,0%
3629,2025-08-25,Mr D P G Nagle,1,0,0%,0,0%,0,0,0%,0,0%,1,0,0%,0,0%,0,0,0%,0,0%,0,0,0%,0,0%
3630,2025-08-25,Mr John J Fitzpatrick,14,3,21.43%,1,7.14%,0,0,0%,0,0%,8,0,0%,0,0%,5,2,40.00%,1,20.00%,1,1,100.00%,0,0%
3631,2025-08-25,Lulu Stanford,259,37,14.29%,83,32.05%,138,21,15.22%,49,35.51%,121,16,13.22%,34,28.10%,0,0,0%,0,0%,0,0,0%,0,0%
3632,2025-08-25,Edward Greatrex,2286,282,12.34%,759,33.20%,1000,117,11.70%,336,33.60%,1284,164,12.77%,423,32.94%,1,1,100.00%,0,0%,1,0,0%,0,0%
3633,2025-08-25,K J Brouder,818,89,10.88%,247,30.20%,0,0,0%,0,0%,13,2,15.38%,3,23.08%,215,20,9.30%,74,34.42%,590,67,11.36%,170,28.81%
3634,2025-08-25,Mr A Ryan,5,0,0%,0,0%,0,0,0%,0,0%,3,0,0%,0,0%,1,0,0%,0,0%,1,0,0%,0,0%
3635,2025-08-25,Archie Bellamy,193,16,8.29%,73,37.82%,0,0,0%,0,0%,7,0,0%,2,28.57%,47,5,10.64%,15,31.91%,139,11,7.91%,56,40.29%
3636,2025-08-25,Miss Liz Lalor,14,1,7.14%,4,28.57%,0,0,0%,0,0%,7,1,14.29%,2,28.57%,4,0,0%,2,50.00%,3,0,0%,0,0%
3637,2025-08-25,J C Canavan,96,4,4.17%,14,14.58%,0,0,0%,0,0%,3,0,0%,0,0%,20,2,10.00%,2,10.00%,73,2,2.74%,12,16.44%
3638,2025-08-25,Capt Guy Disney,5,0,0%,5,0%,0,0,0%,0,0%,0,0,0%,0,0%,3,0,0%,3,100.00%,2,0,0%,2,100.00%
3639,2025-08-25,Gnr Grace Gostelow,3,0,0%,0,0%,0,0,0%,0,0%,0,0,0%,0,0%,2,0,0%,0,0%,1,0,0%,0,0%
3640,2025-08-25,Mr D M Lavery,3,0,0%,1,0%,0,0,0%,0,0%,3,0,0%,1,33.33%,0,0,0%,0,0%,0,0,0%,0,0%
3641,2025-08-25,Toby Eley,438,26,5.94%,123,28.08%,228,13,5.70%,64,28.07%,209,13,6.22%,59,28.23%,1,0,0%,0,0%,0,0,0%,0,0%
3642,2025-08-25,Miss R Dagge,6,0,0%,1,0%,3,0,0%,0,0%,1,0,0%,0,0%,0,0,0%,0,0%,2,0,0%,1,50.00%
3643,2025-08-25,H F Nugent,211,27,12.80%,68,32.23%,1,0,0%,1,100.00%,19,2,10.53%,6,31.58%,82,13,15.85%,24,29.27%,109,12,11.01%,37,33.94%
3644,2025-08-25,Mr C Grant,3,0,0%,0,0%,0,0,0%,0,0%,1,0,0%,0,0%,2,0,0%,0,0%,0,0,0%,0,0%
3645,2025-08-25,Mr Thomas M O'Brien,130,19,14.62%,29,22.31%,2,0,0%,0,0%,22,4,18.18%,6,27.27%,35,3,8.57%,8,22.86%,71,12,16.90%,15,21.13%
3646,2025-08-25,Mr James Smith,20,1,5.00%,2,10.00%,1,0,0%,0,0%,4,0,0%,0,0%,2,0,0%,0,0%,13,1,7.69%,2,15.38%
3647,2025-08-25,Mitch Godwin,788,60,7.61%,275,34.90%,344,23,6.69%,119,34.59%,443,37,8.35%,156,35.21%,1,0,0%,0,0%,0,0,0%,0,0%
3648,2025-08-25,Niamh Kelly,1,1,100.00%,0,0.00%,0,0,0%,0,0%,1,1,100.00%,0,0%,0,0,0%,0,0%,0,0,0%,0,0%
3649,2025-08-25,Graham Atkinson,5,1,20.00%,3,60.00%,0,0,0%,0,0%,5,1,20.00%,3,60.00%,0,0,0%,0,0%,0,0,0%,0,0%
3650,2025-08-25,Marina Hamilton,6,0,0%,4,0%,0,0,0%,0,0%,6,0,0%,4,66.67%,0,0,0%,0,0%,0,0,0%,0,0%
3651,2025-08-25,Rachel O'Neill,1,0,0%,1,0%,0,0,0%,0,0%,1,0,0%,1,100.00%,0,0,0%,0,0%,0,0,0%,0,0%
3652,2025-08-25,Alan Duggan,1,0,0%,1,0%,0,0,0%,0,0%,1,0,0%,1,100.00%,0,0,0%,0,0%,0,0,0%,0,0%
3653,2025-08-25,Anthony Kehoe,1,0,0%,0,0%,0,0,0%,0,0%,1,0,0%,0,0%,0,0,0%,0,0%,0,0,0%,0,0%
3654,2025-08-25,Elizabeth Lynch,1,0,0%,0,0%,0,0,0%,0,0%,1,0,0%,0,0%,0,0,0%,0,0%,0,0,0%,0,0%
3655,2025-08-25,Nanina Di Brita,2,0,0%,0,0%,0,0,0%,0,0%,2,0,0%,0,0%,0,0,0%,0,0%,0,0,0%,0,0%
3656,2025-08-25,Francisca Carton,1,0,0%,0,0%,0,0,0%,0,0%,1,0,0%,0,0%,0,0,0%,0,0%,0,0,0%,0,0%
3657,2025-08-25,Kevin Fanning,1,0,0%,0,0%,0,0,0%,0,0%,1,0,0%,0,0%,0,0,0%,0,0%,0,0,0%,0,0%
3658,2025-08-25,Ms K Ferris,58,1,1.72%,13,22.41%,0,0,0%,0,0%,20,0,0%,5,25.00%,10,0,0%,2,20.00%,28,1,3.57%,6,21.43%
3659,2025-08-25,D P Linehan,530,43,8.11%,134,25.28%,196,16,8.16%,49,25.00%,334,27,8.08%,85,25.45%,0,0,0%,0,0%,0,0,0%,0,0%
3660,2025-08-25,H Thompson Brown,41,5,12.20%,13,31.71%,0,0,0%,0,0%,3,0,0%,1,33.33%,2,0,0%,1,50.00%,36,5,13.89%,11,30.56%
3661,2025-08-25,Callum Rodriguez,3460,504,14.57%,1181,34.13%,1091,162,14.85%,394,36.11%,2365,341,14.42%,786,33.23%,4,1,25.00%,1,25.00%,0,0,0%,0,0%
3662,2025-08-25,Mr S Croft,2,0,0%,0,0%,0,0,0%,0,0%,0,0,0%,0,0%,2,0,0%,0,0%,0,0,0%,0,0%
3663,2025-08-25,Harry Cobden,426,92,21.60%,156,36.62%,1,0,0%,1,100.00%,32,4,12.50%,17,53.13%,148,30,20.27%,59,39.86%,245,58,23.67%,79,32.24%
3664,2025-08-25,Charlie Hammond,2039,215,10.54%,617,30.26%,5,1,20.00%,0,0%,111,7,6.31%,26,23.42%,733,80,10.91%,232,31.65%,1190,127,10.67%,359,30.17%
3665,2025-08-25,Capt James Rawdon-mogg,2,0,0%,0,0%,0,0,0%,0,0%,0,0,0%,0,0%,2,0,0%,0,0%,0,0,0%,0,0%
3666,2025-08-25,George Blackwell,100,13,13.00%,32,32.00%,9,0,0%,4,44.44%,19,1,5.26%,8,42.11%,12,1,8.33%,4,33.33%,60,11,18.33%,16,26.67%
3667,2025-08-25,D Skelly,1,0,0%,0,0%,0,0,0%,0,0%,0,0,0%,0,0%,1,0,0%,0,0%,0,0,0%,0,0%
3668,2025-08-25,Nathan Evans,2012,167,8.30%,660,32.80%,552,47,8.51%,225,40.76%,1458,119,8.16%,434,29.77%,1,0,0%,1,100.00%,1,1,100.00%,0,0%
3669,2025-08-25,Ryan Timby,52,1,1.92%,12,23.08%,23,1,4.35%,5,21.74%,29,0,0%,7,24.14%,0,0,0%,0,0%,0,0,0%,0,0%
3670,2025-08-25,Mr G Spain,1,0,0%,0,0%,0,0,0%,0,0%,0,0,0%,0,0%,1,0,0%,0,0%,0,0,0%,0,0%
3671,2025-08-25,Mr A Barlow,3,0,0%,1,0%,0,0,0%,0,0%,0,0,0%,0,0%,3,0,0%,1,33.33%,0,0,0%,0,0%
3672,2025-08-25,Mr N Lawton,31,0,0%,8,0%,0,0,0%,0,0%,1,0,0%,0,0%,24,0,0%,8,33.33%,6,0,0%,0,0%
3673,2025-08-25,Mr K J Brouder,1,0,0%,0,0%,0,0,0%,0,0%,1,0,0%,0,0%,0,0,0%,0,0%,0,0,0%,0,0%
3674,2025-08-25,Miss M E Spencer,7,0,0%,2,0%,2,0,0%,1,50.00%,2,0,0%,0,0%,0,0,0%,0,0%,3,0,0%,1,33.33%
3675,2025-08-25,Miss A J Clarke,10,0,0%,1,0%,0,0,0%,0,0%,10,0,0%,1,10.00%,0,0,0%,0,0%,0,0,0%,0,0%
3676,2025-08-25,C McCormack,1,0,0%,0,0%,0,0,0%,0,0%,0,0,0%,0,0%,0,0,0%,0,0%,1,0,0%,0,0%
3677,2025-08-25,Alexander Thorne,351,39,11.11%,118,33.62%,10,2,20.00%,0,0%,20,1,5.00%,7,35.00%,90,12,13.33%,32,35.56%,231,24,10.39%,79,34.20%
3678,2025-08-25,Mr Ryan Bird,15,4,26.67%,4,26.67%,6,2,33.33%,1,16.67%,5,2,40.00%,1,20.00%,4,0,0%,2,50.00%,0,0,0%,0,0%
3679,2025-08-25,Mr E Austin,3,0,0%,2,0%,0,0,0%,0,0%,1,0,0%,0,0%,0,0,0%,0,0%,2,0,0%,2,100.00%
3680,2025-08-25,Mr Benjamin Stephens,20,0,0%,8,0%,1,0,0%,0,0%,18,0,0%,7,38.89%,1,0,0%,1,100.00%,0,0,0%,0,0%
3681,2025-08-25,Miss P Glanville,18,1,5.56%,3,16.67%,0,0,0%,0,0%,0,0,0%,0,0%,13,1,7.69%,2,15.38%,5,0,0%,1,20.00%
3682,2025-08-25,Mr H Cobden,10,1,10.00%,6,60.00%,1,0,0%,0,0%,0,0,0%,0,0%,5,1,20.00%,3,60.00%,4,0,0%,3,75.00%
3683,2025-08-25,D J Cogley,1,0,0%,0,0%,0,0,0%,0,0%,0,0,0%,0,0%,0,0,0%,0,0%,1,0,0%,0,0%
3684,2025-08-25,J J Insole,21,2,9.52%,14,66.67%,0,0,0%,0,0%,1,0,0%,1,100.00%,0,0,0%,0,0%,20,2,10.00%,13,65.00%
3685,2025-08-25,Mr C M Collins,1,0,0%,0,0%,0,0,0%,0,0%,1,0,0%,0,0%,0,0,0%,0,0%,0,0,0%,0,0%
3687,2025-08-25,Mr R A Devine,22,0,0%,5,0%,0,0,0%,0,0%,19,0,0%,5,26.32%,1,0,0%,0,0%,2,0,0%,0,0%
3688,2025-08-25,Miss A Bowles,1,0,0%,1,0%,0,0,0%,0,0%,0,0,0%,0,0%,1,0,0%,1,100.00%,0,0,0%,0,0%
3689,2025-08-25,Mr G A Spain,13,3,23.08%,1,7.69%,0,0,0%,0,0%,2,2,100.00%,0,0%,11,1,9.09%,1,9.09%,0,0,0%,0,0%
3690,2025-08-25,Mr L J McGuinness,177,14,7.91%,60,33.90%,1,0,0%,0,0%,146,14,9.59%,51,34.93%,18,0,0%,6,33.33%,12,0,0%,3,25.00%
3691,2025-08-25,Lynda Tara Masterson,8,0,0%,0,0%,1,0,0%,0,0%,7,0,0%,0,0%,0,0,0%,0,0%,0,0,0%,0,0%
3692,2025-08-25,C D Maher,1,0,0%,1,0%,0,0,0%,0,0%,0,0,0%,0,0%,0,0,0%,0,0%,1,0,0%,1,100.00%
3693,2025-08-25,C M Collins,133,10,7.52%,36,27.07%,0,0,0%,0,0%,7,1,14.29%,3,42.86%,9,0,0%,0,0%,117,9,7.69%,33,28.21%
3694,2025-08-25,R M Burke,26,2,7.69%,11,42.31%,4,0,0%,3,75.00%,22,2,9.09%,8,36.36%,0,0,0%,0,0%,0,0,0%,0,0%
3695,2025-08-25,Mr F Gregory,6,0,0%,3,0%,4,0,0%,2,50.00%,1,0,0%,0,0%,1,0,0%,1,100.00%,0,0,0%,0,0%
3696,2025-08-25,Mr M S Bastyan,13,1,7.69%,5,38.46%,3,0,0%,1,33.33%,1,0,0%,0,0%,3,1,33.33%,1,33.33%,6,0,0%,3,50.00%
3697,2025-08-25,R D Dolan,103,6,5.83%,22,21.36%,21,0,0%,2,9.52%,82,6,7.32%,20,24.39%,0,0,0%,0,0%,0,0,0%,0,0%
3698,2025-08-25,Mr T Bishop,2,0,0%,2,0%,0,0,0%,0,0%,0,0,0%,0,0%,2,0,0%,2,100.00%,0,0,0%,0,0%
3699,2025-08-25,Miss C T Wyatt,2,0,0%,0,0%,0,0,0%,0,0%,0,0,0%,0,0%,0,0,0%,0,0%,2,0,0%,0,0%
3700,2025-08-25,Mr A J Hyland,2,0,0%,0,0%,0,0,0%,0,0%,2,0,0%,0,0%,0,0,0%,0,0%,0,0,0%,0,0%
3701,2025-08-25,Wayne Lordan,1,0,0%,0,0%,0,0,0%,0,0%,1,0,0%,0,0%,0,0,0%,0,0%,0,0,0%,0,0%
3702,2025-08-25,Miss L Wheeler,6,0,0%,2,0%,0,0,0%,0,0%,0,0,0%,0,0%,5,0,0%,1,20.00%,1,0,0%,1,100.00%
3703,2025-08-25,Mr J L Thomas,15,2,13.33%,7,46.67%,0,0,0%,0,0%,0,0,0%,0,0%,14,2,14.29%,7,50.00%,1,0,0%,0,0%
3704,2025-08-25,Mr G Disney,28,4,14.29%,12,42.86%,0,0,0%,0,0%,2,1,50.00%,0,0%,16,2,12.50%,7,43.75%,10,1,10.00%,5,50.00%
3705,2025-08-25,Miss A Galliers-Pratt,5,0,0%,1,0%,0,0,0%,0,0%,2,0,0%,0,0%,1,0,0%,0,0%,2,0,0%,1,50.00%
3706,2025-08-25,J Greenall,1,0,0%,1,0%,0,0,0%,0,0%,0,0,0%,0,0%,1,0,0%,1,100.00%,0,0,0%,0,0%
3707,2025-08-25,Mr J R Doyle,2,0,0%,0,0%,0,0,0%,0,0%,0,0,0%,0,0%,2,0,0%,0,0%,0,0,0%,0,0%
3708,2025-08-25,Richard Condon,20,3,15.00%,2,10.00%,3,0,0%,1,33.33%,4,1,25.00%,0,0%,2,0,0%,0,0%,11,2,18.18%,1,9.09%
3709,2025-08-25,Mr E Cronin,1,0,0%,0,0%,0,0,0%,0,0%,0,0,0%,0,0%,1,0,0%,0,0%,0,0,0%,0,0%
3710,2025-08-25,Miss B O'Neill,10,0,0%,0,0%,0,0,0%,0,0%,8,0,0%,0,0%,0,0,0%,0,0%,2,0,0%,0,0%
3711,2025-08-25,Paul O'Leary,1,1,100.00%,0,0.00%,0,0,0%,0,0%,1,1,100.00%,0,0%,0,0,0%,0,0%,0,0,0%,0,0%
3712,2025-08-25,Rory Slevin,1,0,0%,1,0%,0,0,0%,0,0%,1,0,0%,1,100.00%,0,0,0%,0,0%,0,0,0%,0,0%
3713,2025-08-25,Paddy Hayes,1,0,0%,1,0%,0,0,0%,0,0%,1,0,0%,1,100.00%,0,0,0%,0,0%,0,0,0%,0,0%
3714,2025-08-25,Paul Dempsey,2,0,0%,0,0%,0,0,0%,0,0%,2,0,0%,0,0%,0,0,0%,0,0%,0,0,0%,0,0%
3715,2025-08-25,Niall Flynn,1,0,0%,0,0%,0,0,0%,0,0%,1,0,0%,0,0%,0,0,0%,0,0%,0,0,0%,0,0%
3716,2025-08-25,Ruth Murphy,1,0,0%,0,0%,0,0,0%,0,0%,1,0,0%,0,0%,0,0,0%,0,0%,0,0,0%,0,0%
3717,2025-08-25,Charlie Coonan,1,0,0%,0,0%,0,0,0%,0,0%,1,0,0%,0,0%,0,0,0%,0,0%,0,0,0%,0,0%
3718,2025-08-25,Eamonn Phillips,1,0,0%,0,0%,0,0,0%,0,0%,1,0,0%,0,0%,0,0,0%,0,0%,0,0,0%,0,0%
3719,2025-08-25,James Hughes,1,0,0%,0,0%,0,0,0%,0,0%,1,0,0%,0,0%,0,0,0%,0,0%,0,0,0%,0,0%
3720,2025-08-25,Jeanne Kennedy,1,0,0%,0,0%,0,0,0%,0,0%,1,0,0%,0,0%,0,0,0%,0,0%,0,0,0%,0,0%
3721,2025-08-25,Cathal Gorman,1,0,0%,0,0%,0,0,0%,0,0%,1,0,0%,0,0%,0,0,0%,0,0%,0,0,0%,0,0%
3722,2025-08-25,Ben Brookhouse,1,0,0%,0,0%,0,0,0%,0,0%,1,0,0%,0,0%,0,0,0%,0,0%,0,0,0%,0,0%
3723,2025-08-25,Aileen Dwyer,1,0,0%,0,0%,0,0,0%,0,0%,1,0,0%,0,0%,0,0,0%,0,0%,0,0,0%,0,0%
3724,2025-08-25,Alan Redmond,3,0,0%,0,0%,0,0,0%,0,0%,3,0,0%,0,0%,0,0,0%,0,0%,0,0,0%,0,0%
3725,2025-08-25,Kieran Ryan,1,0,0%,0,0%,0,0,0%,0,0%,1,0,0%,0,0%,0,0,0%,0,0%,0,0,0%,0,0%
3726,2025-08-25,Zoe Bates,1,0,0%,0,0%,0,0,0%,0,0%,1,0,0%,0,0%,0,0,0%,0,0%,0,0,0%,0,0%
3727,2025-08-25,Glen Norris,2,1,50.00%,0,0.00%,0,0,0%,0,0%,2,1,50.00%,0,0%,0,0,0%,0,0%,0,0,0%,0,0%
3728,2025-08-25,C Schofield,40,2,5.00%,15,37.50%,7,0,0%,3,42.86%,33,2,6.06%,12,36.36%,0,0,0%,0,0%,0,0,0%,0,0%
3729,2025-08-25,Miss C Robinson,12,3,25.00%,5,41.67%,0,0,0%,0,0%,12,3,25.00%,5,41.67%,0,0,0%,0,0%,0,0,0%,0,0%
3730,2025-08-25,Miss Tannya Bagoban,11,0,0%,3,0%,1,0,0%,0,0%,10,0,0%,3,30.00%,0,0,0%,0,0%,0,0,0%,0,0%
3731,2025-08-25,Miss M Nash-Steer,2,0,0%,0,0%,1,0,0%,0,0%,1,0,0%,0,0%,0,0,0%,0,0%,0,0,0%,0,0%
3732,2025-08-25,Mr B C O'shaughnessy,1,0,0%,0,0%,0,0,0%,0,0%,0,0,0%,0,0%,0,0,0%,0,0%,1,0,0%,0,0%
3733,2025-08-25,Ciaran Gethings,320,33,10.31%,82,25.63%,1,0,0%,1,100.00%,16,2,12.50%,2,12.50%,99,14,14.14%,28,28.28%,204,17,8.33%,51,25.00%
3734,2025-08-25,Mr C H G Davies,10,0,0%,3,0%,0,0,0%,0,0%,0,0,0%,0,0%,9,0,0%,3,33.33%,1,0,0%,0,0%
3735,2025-08-25,Stephen McCarthy,31,1,3.23%,14,45.16%,0,0,0%,0,0%,3,0,0%,1,33.33%,4,0,0%,3,75.00%,24,1,4.17%,10,41.67%
3736,2025-08-25,Jack Kennedy,2,0,0%,1,0%,0,0,0%,0,0%,1,0,0%,1,100.00%,0,0,0%,0,0%,1,0,0%,0,0%
3737,2025-08-25,Miss K Markwalder,1,0,0%,1,0%,0,0,0%,0,0%,1,0,0%,1,100.00%,0,0,0%,0,0%,0,0,0%,0,0%
3738,2025-08-25,Miss J M Olliver,12,0,0%,0,0%,8,0,0%,0,0%,4,0,0%,0,0%,0,0,0%,0,0%,0,0,0%,0,0%
3739,2025-08-25,J W Kennedy,3761,644,17.12%,1358,36.11%,16,1,6.25%,2,12.50%,86,10,11.63%,34,39.53%,1097,195,17.78%,388,35.37%,2562,438,17.10%,934,36.46%
3740,2025-08-25,Miss C Banham,7,0,0%,1,0%,4,0,0%,1,25.00%,3,0,0%,0,0%,0,0,0%,0,0%,0,0,0%,0,0%
3741,2025-08-25,Mr A T O'Connell,3,0,0%,0,0%,2,0,0%,0,0%,1,0,0%,0,0%,0,0,0%,0,0%,0,0,0%,0,0%
3742,2025-08-25,Fergus Gregory,844,105,12.44%,289,34.24%,8,2,25.00%,2,25.00%,76,15,19.74%,31,40.79%,162,16,9.88%,55,33.95%,598,72,12.04%,201,33.61%
3744,2025-08-25,Ms M O'Sullivan,1,0,0%,0,0%,0,0,0%,0,0%,1,0,0%,0,0%,0,0,0%,0,0%,0,0,0%,0,0%
3745,2025-08-25,Mr J Andrews,54,8,14.81%,23,42.59%,0,0,0%,0,0%,4,0,0%,2,50.00%,36,3,8.33%,16,44.44%,14,5,35.71%,5,35.71%
3746,2025-08-25,Miss Susannah Gill,1,0,0%,0,0%,0,0,0%,0,0%,0,0,0%,0,0%,1,0,0%,0,0%,0,0,0%,0,0%
3747,2025-08-25,Miss Rose Grissell,2,0,0%,1,0%,0,0,0%,0,0%,0,0,0%,0,0%,2,0,0%,1,50.00%,0,0,0%,0,0%
3748,2025-08-25,Mr G F Bingham,1,0,0%,0,0%,0,0,0%,0,0%,0,0,0%,0,0%,1,0,0%,0,0%,0,0,0%,0,0%
3749,2025-08-25,Mr J J Carden,1,0,0%,0,0%,0,0,0%,0,0%,0,0,0%,0,0%,1,0,0%,0,0%,0,0,0%,0,0%
3750,2025-08-25,Mr Dara D O'Shea,2,0,0%,0,0%,0,0,0%,0,0%,2,0,0%,0,0%,0,0,0%,0,0%,0,0,0%,0,0%
3751,2025-08-25,A J Breslin,216,7,3.24%,27,12.50%,62,1,1.61%,4,6.45%,154,6,3.90%,23,14.94%,0,0,0%,0,0%,0,0,0%,0,0%
3752,2025-08-25,A Lemaitre,4,1,25.00%,0,0.00%,0,0,0%,0,0%,4,1,25.00%,0,0%,0,0,0%,0,0%,0,0,0%,0,0%
3753,2025-08-25,H Cobden,4156,900,21.66%,1329,31.98%,21,3,14.29%,10,47.62%,335,73,21.79%,115,34.33%,1580,327,20.70%,463,29.30%,2220,497,22.39%,741,33.38%
3754,2025-08-25,C Shoemark,1,0,0%,1,0%,0,0,0%,0,0%,0,0,0%,0,0%,0,0,0%,0,0%,1,0,0%,1,100.00%
3755,2025-08-25,George Wood,2829,278,9.83%,891,31.50%,1296,139,10.73%,399,30.79%,1531,138,9.01%,492,32.14%,2,1,50.00%,0,0%,0,0,0%,0,0%
3756,2025-08-25,Miss Alice Kent,4,0,0%,2,0%,0,0,0%,0,0%,4,0,0%,2,50.00%,0,0,0%,0,0%,0,0,0%,0,0%
3757,2025-08-25,C J Maher,33,3,9.09%,11,33.33%,0,0,0%,0,0%,0,0,0%,0,0%,6,1,16.67%,3,50.00%,27,2,7.41%,8,29.63%
3758,2025-08-25,Miss Emma Moseley,3,0,0%,1,0%,0,0,0%,0,0%,0,0,0%,0,0%,1,0,0%,0,0%,2,0,0%,1,50.00%
3759,2025-08-25,Mr S Lee,56,4,7.14%,21,37.50%,3,0,0%,0,0%,5,0,0%,2,40.00%,26,3,11.54%,8,30.77%,22,1,4.55%,11,50.00%
3760,2025-08-25,Mr H J Kinder,7,1,14.29%,3,42.86%,2,0,0%,2,100.00%,2,0,0%,1,50.00%,0,0,0%,0,0%,3,1,33.33%,0,0%
3761,2025-08-25,Miss H Stuckey,2,0,0%,0,0%,1,0,0%,0,0%,0,0,0%,0,0%,0,0,0%,0,0%,1,0,0%,0,0%
3762,2025-08-25,Miss Kate Gowing,6,0,0%,3,0%,0,0,0%,0,0%,0,0,0%,0,0%,4,0,0%,2,50.00%,2,0,0%,1,50.00%
3763,2025-08-25,Chris Kelly,13,0,0%,3,0%,9,0,0%,3,33.33%,4,0,0%,0,0%,0,0,0%,0,0%,0,0,0%,0,0%
3764,2025-08-25,D Mylonas,12,0,0%,6,0%,5,0,0%,3,60.00%,7,0,0%,3,42.86%,0,0,0%,0,0%,0,0,0%,0,0%
3765,2025-08-25,Mr J J Dixon,4,0,0%,0,0%,0,0,0%,0,0%,4,0,0%,0,0%,0,0,0%,0,0%,0,0,0%,0,0%
3766,2025-08-25,Mr J McInerney,2,0,0%,1,0%,1,0,0%,0,0%,1,0,0%,1,100.00%,0,0,0%,0,0%,0,0,0%,0,0%
3767,2025-08-25,W J Boyes,17,0,0%,8,0%,0,0,0%,0,0%,1,0,0%,0,0%,0,0,0%,0,0%,16,0,0%,8,50.00%
3768,2025-08-25,K J Leonard,2613,124,4.75%,599,22.92%,792,33,4.17%,192,24.24%,1820,91,5.00%,407,22.36%,1,0,0%,0,0%,0,0,0%,0,0%
3769,2025-08-25,Mr B James,39,7,17.95%,9,23.08%,9,1,11.11%,1,11.11%,30,6,20.00%,8,26.67%,0,0,0%,0,0%,0,0,0%,0,0%
3770,2025-08-25,Mr T Quaid,6,0,0%,0,0%,0,0,0%,0,0%,6,0,0%,0,0%,0,0,0%,0,0%,0,0,0%,0,0%
3771,2025-08-25,Miss A D Law,2,0,0%,0,0%,0,0,0%,0,0%,2,0,0%,0,0%,0,0,0%,0,0%,0,0,0%,0,0%
3773,2025-08-25,Miss A M Slattery,9,0,0%,0,0%,0,0,0%,0,0%,9,0,0%,0,0%,0,0,0%,0,0%,0,0,0%,0,0%
3774,2025-08-25,Mr D O'Shea,3,0,0%,0,0%,0,0,0%,0,0%,2,0,0%,0,0%,0,0,0%,0,0%,1,0,0%,0,0%
3775,2025-08-25,Miss F McSharry,13,0,0%,4,0%,0,0,0%,0,0%,11,0,0%,4,36.36%,1,0,0%,0,0%,1,0,0%,0,0%
3776,2025-08-25,J Moreira,13,2,15.38%,5,38.46%,0,0,0%,0,0%,13,2,15.38%,5,38.46%,0,0,0%,0,0%,0,0,0%,0,0%
3777,2025-08-25,J Auge,2,0,0%,1,0%,1,0,0%,1,100.00%,1,0,0%,0,0%,0,0,0%,0,0%,0,0,0%,0,0%
3778,2025-08-25,N De Souza,1,0,0%,0,0%,0,0,0%,0,0%,1,0,0%,0,0%,0,0,0%,0,0%,0,0,0%,0,0%
3779,2025-08-25,H Kitamura,1,0,0%,0,0%,0,0,0%,0,0%,1,0,0%,0,0%,0,0,0%,0,0%,0,0,0%,0,0%
3780,2025-08-25,Mr S Prendergast,8,0,0%,1,0%,0,0,0%,0,0%,8,0,0%,1,12.50%,0,0,0%,0,0%,0,0,0%,0,0%
3781,2025-08-25,Mr C Moran,1,0,0%,0,0%,0,0,0%,0,0%,1,0,0%,0,0%,0,0,0%,0,0%,0,0,0%,0,0%
3782,2025-08-25,Mr C J Coonan,7,0,0%,1,0%,1,0,0%,1,100.00%,6,0,0%,0,0%,0,0,0%,0,0%,0,0,0%,0,0%
3783,2025-08-25,P J O'Hanlon,1174,61,5.20%,229,19.51%,28,1,3.57%,6,21.43%,57,0,0%,16,28.07%,285,24,8.42%,73,25.61%,804,36,4.48%,134,16.67%
3784,2025-08-25,Mr C R Murphy,6,0,0%,0,0%,0,0,0%,0,0%,4,0,0%,0,0%,2,0,0%,0,0%,0,0,0%,0,0%
3785,2025-08-25,Miss Olivia Hutchings,2,0,0%,0,0%,0,0,0%,0,0%,0,0,0%,0,0%,1,0,0%,0,0%,1,0,0%,0,0%
3786,2025-08-25,Tommy O'Connor,9,0,0%,4,0%,2,0,0%,0,0%,7,0,0%,4,57.14%,0,0,0%,0,0%,0,0,0%,0,0%
3787,2025-08-25,Mr R O'Reilly,1,0,0%,1,0%,0,0,0%,0,0%,1,0,0%,1,100.00%,0,0,0%,0,0%,0,0,0%,0,0%
3788,2025-08-25,Mr D Sinnott,31,2,6.45%,8,25.81%,0,0,0%,0,0%,21,1,4.76%,5,23.81%,2,0,0%,1,50.00%,8,1,12.50%,2,25.00%
3789,2025-08-25,Miss Amy Taylor,8,1,12.50%,2,25.00%,4,0,0%,2,50.00%,4,1,25.00%,0,0%,0,0,0%,0,0%,0,0,0%,0,0%
3790,2025-08-25,Miss H Worrall,4,0,0%,1,0%,0,0,0%,0,0%,4,0,0%,1,25.00%,0,0,0%,0,0%,0,0,0%,0,0%
3792,2025-08-25,R J Condon,647,25,3.86%,140,21.64%,1,0,0%,0,0%,29,2,6.90%,4,13.79%,92,4,4.35%,26,28.26%,525,19,3.62%,110,20.95%
3793,2025-08-25,Katherine Begley,197,12,6.09%,77,39.09%,115,9,7.83%,47,40.87%,82,3,3.66%,30,36.59%,0,0,0%,0,0%,0,0,0%,0,0%
3794,2025-08-25,Fletcher Yarham,5,1,20.00%,0,0.00%,2,0,0%,0,0%,3,1,33.33%,0,0%,0,0,0%,0,0%,0,0,0%,0,0%
3795,2025-08-25,Miss S Dempsey,3,0,0%,0,0%,0,0,0%,0,0%,3,0,0%,0,0%,0,0,0%,0,0%,0,0,0%,0,0%
3796,2025-08-25,Mr L Devery,1,0,0%,0,0%,0,0,0%,0,0%,1,0,0%,0,0%,0,0,0%,0,0%,0,0,0%,0,0%
3797,2025-08-25,Lewis Edmunds,3746,390,10.41%,1085,28.96%,1786,214,11.98%,495,27.72%,1959,175,8.93%,590,30.12%,1,1,100.00%,0,0%,0,0,0%,0,0%
3798,2025-08-25,Molly King,23,0,0%,6,0%,6,0,0%,2,33.33%,17,0,0%,4,23.53%,0,0,0%,0,0%,0,0,0%,0,0%
3799,2025-08-25,Mr A Dean,4,0,0%,1,0%,2,0,0%,0,0%,2,0,0%,1,50.00%,0,0,0%,0,0%,0,0,0%,0,0%
3800,2025-08-25,T J Marshall,3,0,0%,2,0%,1,0,0%,1,100.00%,2,0,0%,1,50.00%,0,0,0%,0,0%,0,0,0%,0,0%
3801,2025-08-25,Mr Sean Houlihan,65,1,1.54%,22,33.85%,3,0,0%,1,33.33%,13,0,0%,5,38.46%,24,1,4.17%,7,29.17%,25,0,0%,9,36.00%
3802,2025-08-25,Mr Cai Williams,7,1,14.29%,0,0.00%,0,0,0%,0,0%,3,1,33.33%,0,0%,0,0,0%,0,0%,4,0,0%,0,0%
3803,2025-08-25,Hayley Irvine,20,1,5.00%,6,30.00%,2,0,0%,1,50.00%,18,1,5.56%,5,27.78%,0,0,0%,0,0%,0,0,0%,0,0%
3804,2025-08-25,Mr S P Houlihan,7,1,14.29%,1,14.29%,0,0,0%,0,0%,6,1,16.67%,1,16.67%,1,0,0%,0,0%,0,0,0%,0,0%
3805,2025-08-25,Mr P J D Kelly,3,0,0%,0,0%,0,0,0%,0,0%,3,0,0%,0,0%,0,0,0%,0,0%,0,0,0%,0,0%
3806,2025-08-25,G Brouder,1206,60,4.98%,244,20.23%,64,1,1.56%,15,23.44%,127,1,0.79%,20,15.75%,282,24,8.51%,67,23.76%,733,34,4.64%,142,19.37%
3807,2025-08-25,Kyle Currie,25,3,12.00%,5,20.00%,15,2,13.33%,2,13.33%,10,1,10.00%,3,30.00%,0,0,0%,0,0%,0,0,0%,0,0%
3808,2025-08-25,Mr Tom Fanshawe,7,0,0%,3,0%,3,0,0%,1,33.33%,4,0,0%,2,50.00%,0,0,0%,0,0%,0,0,0%,0,0%
3809,2025-08-25,Mr D McMellon,1,0,0%,0,0%,0,0,0%,0,0%,1,0,0%,0,0%,0,0,0%,0,0%,0,0,0%,0,0%
3810,2025-08-25,J B Eyquem,2,0,0%,2,0%,0,0,0%,0,0%,2,0,0%,2,100.00%,0,0,0%,0,0%,0,0,0%,0,0%
3811,2025-08-25,Miss M Kucharikova,1,0,0%,1,0%,0,0,0%,0,0%,1,0,0%,1,100.00%,0,0,0%,0,0%,0,0,0%,0,0%
3812,2025-08-25,Miss Cindy Klinkenberg,1,0,0%,1,0%,0,0,0%,0,0%,1,0,0%,1,100.00%,0,0,0%,0,0%,0,0,0%,0,0%
3813,2025-08-25,Mrs Edina Kocsis,1,0,0%,1,0%,0,0,0%,0,0%,1,0,0%,1,100.00%,0,0,0%,0,0%,0,0,0%,0,0%
3814,2025-08-25,Miss Nora Hagelund Holm,1,0,0%,0,0%,0,0,0%,0,0%,1,0,0%,0,0%,0,0,0%,0,0%,0,0,0%,0,0%
3815,2025-08-25,Miss Maxine O'Sullivan,17,4,23.53%,3,17.65%,0,0,0%,0,0%,4,0,0%,0,0%,7,1,14.29%,2,28.57%,6,3,50.00%,1,16.67%
3816,2025-08-25,Miss B Weber,1,0,0%,0,0%,0,0,0%,0,0%,1,0,0%,0,0%,0,0,0%,0,0%,0,0,0%,0,0%
3817,2025-08-25,J Cattigan,7,0,0%,2,0%,0,0,0%,0,0%,7,0,0%,2,28.57%,0,0,0%,0,0%,0,0,0%,0,0%
3818,2025-08-25,Derek Leung,5,0,0%,3,0%,1,0,0%,0,0%,4,0,0%,3,75.00%,0,0,0%,0,0%,0,0,0%,0,0%
3819,2025-08-25,Mr L Edmunds,3,0,0%,0,0%,1,0,0%,0,0%,2,0,0%,0,0%,0,0,0%,0,0%,0,0,0%,0,0%
3820,2025-08-25,C Comerford,15,0,0%,8,0%,1,0,0%,0,0%,14,0,0%,8,57.14%,0,0,0%,0,0%,0,0,0%,0,0%
3821,2025-08-25,K C Leung,2,0,0%,1,0%,0,0,0%,0,0%,2,0,0%,1,50.00%,0,0,0%,0,0%,0,0,0%,0,0%
3822,2025-08-25,K McEvoy,85,12,14.12%,37,43.53%,6,0,0%,2,33.33%,76,12,15.79%,33,43.42%,2,0,0%,2,100.00%,0,0,0%,0,0%
3823,2025-08-25,B Shinn,5,0,0%,4,0%,0,0,0%,0,0%,5,0,0%,4,80.00%,0,0,0%,0,0%,0,0,0%,0,0%
3824,2025-08-25,V Cheminaud,10,0,0%,6,0%,2,0,0%,1,50.00%,8,0,0%,5,62.50%,0,0,0%,0,0%,0,0,0%,0,0%
3825,2025-08-25,Mr P G McGuigan,6,0,0%,1,0%,0,0,0%,0,0%,5,0,0%,0,0%,1,0,0%,1,100.00%,0,0,0%,0,0%
3826,2025-08-25,Miss P Skipper,6,0,0%,4,0%,1,0,0%,1,100.00%,3,0,0%,2,66.67%,0,0,0%,0,0%,2,0,0%,1,50.00%
3827,2025-08-25,Miss Faye Bramley,1,0,0%,1,0%,0,0,0%,0,0%,1,0,0%,1,100.00%,0,0,0%,0,0%,0,0,0%,0,0%
3828,2025-08-25,Miss E Easterby,156,17,10.90%,60,38.46%,8,1,12.50%,3,37.50%,148,16,10.81%,57,38.51%,0,0,0%,0,0%,0,0,0%,0,0%
3829,2025-08-25,Irad Ortiz Jr,6,0,0%,3,0%,0,0,0%,0,0%,6,0,0%,3,50.00%,0,0,0%,0,0%,0,0,0%,0,0%
3830,2025-08-25,C M Leonard,117,3,2.56%,15,12.82%,0,0,0%,0,0%,10,0,0%,0,0%,18,0,0%,3,16.67%,89,3,3.37%,12,13.48%
3831,2025-08-25,Ross Chapman,1842,182,9.88%,557,30.24%,48,2,4.17%,19,39.58%,112,8,7.14%,35,31.25%,602,84,13.95%,192,31.89%,1080,88,8.15%,311,28.80%
3832,2025-08-25,Edgar Prado,3,0,0%,0,0%,0,0,0%,0,0%,3,0,0%,0,0%,0,0,0%,0,0%,0,0,0%,0,0%
3833,2025-08-25,Miss M Blumenauer,1,1,100.00%,0,0.00%,0,0,0%,0,0%,1,1,100.00%,0,0%,0,0,0%,0,0%,0,0,0%,0,0%
3834,2025-08-25,Miss C Stummer,1,0,0%,1,0%,0,0,0%,0,0%,1,0,0%,1,100.00%,0,0,0%,0,0%,0,0,0%,0,0%
3835,2025-08-25,Miss D Heggum,1,0,0%,1,0%,0,0,0%,0,0%,1,0,0%,1,100.00%,0,0,0%,0,0%,0,0,0%,0,0%
3836,2025-08-25,Miss B Bertiaux,1,0,0%,1,0%,0,0,0%,0,0%,1,0,0%,1,100.00%,0,0,0%,0,0%,0,0,0%,0,0%
3837,2025-08-25,Miss A Bihari,1,0,0%,1,0%,0,0,0%,0,0%,1,0,0%,1,100.00%,0,0,0%,0,0%,0,0,0%,0,0%
3838,2025-08-25,Miss J Chini,2,1,50.00%,0,0.00%,0,0,0%,0,0%,2,1,50.00%,0,0%,0,0,0%,0,0%,0,0,0%,0,0%
3839,2025-08-25,Miss C Weber,2,0,0%,0,0%,0,0,0%,0,0%,2,0,0%,0,0%,0,0,0%,0,0%,0,0,0%,0,0%
3840,2025-08-25,Miss M Rollando,1,0,0%,0,0%,0,0,0%,0,0%,1,0,0%,0,0%,0,0,0%,0,0%,0,0,0%,0,0%
3841,2025-08-25,Mr G Tregoning,6,0,0%,5,0%,0,0,0%,0,0%,6,0,0%,5,83.33%,0,0,0%,0,0%,0,0,0%,0,0%
3842,2025-08-25,Mr J Fitzgerald,2,0,0%,0,0%,0,0,0%,0,0%,2,0,0%,0,0%,0,0,0%,0,0%,0,0,0%,0,0%
3843,2025-08-25,Miss M M Leahy,4,0,0%,0,0%,0,0,0%,0,0%,4,0,0%,0,0%,0,0,0%,0,0%,0,0,0%,0,0%
3844,2025-08-25,Ellen Hennessy,8,0,0%,0,0%,3,0,0%,0,0%,5,0,0%,0,0%,0,0,0%,0,0%,0,0,0%,0,0%
3845,2025-08-25,Ms V L Pendleton,8,1,12.50%,3,37.50%,0,0,0%,0,0%,5,0,0%,2,40.00%,3,1,33.33%,1,33.33%,0,0,0%,0,0%
3846,2025-08-25,Mr A J Beech,4,0,0%,1,0%,1,0,0%,0,0%,3,0,0%,1,33.33%,0,0,0%,0,0%,0,0,0%,0,0%
3847,2025-08-25,Megan Ellingworth,66,1,1.52%,14,21.21%,41,1,2.44%,11,26.83%,25,0,0%,3,12.00%,0,0,0%,0,0%,0,0,0%,0,0%
3848,2025-08-25,Mr C P Cullinane,1,0,0%,1,0%,0,0,0%,0,0%,1,0,0%,1,100.00%,0,0,0%,0,0%,0,0,0%,0,0%
3849,2025-08-25,J B Foley,709,65,9.17%,166,23.41%,2,0,0%,0,0%,4,0,0%,1,25.00%,158,13,8.23%,37,23.42%,545,52,9.54%,128,23.49%
3850,2025-08-25,Kim Tinkler,1,0,0%,0,0%,0,0,0%,0,0%,1,0,0%,0,0%,0,0,0%,0,0%,0,0,0%,0,0%
3851,2025-08-25,Ben Hicks,75,6,8.00%,23,30.67%,0,0,0%,0,0%,10,0,0%,2,20.00%,11,0,0%,4,36.36%,54,6,11.11%,17,31.48%
3852,2025-08-25,Aled Beech,654,36,5.50%,177,27.06%,336,20,5.95%,84,25.00%,318,16,5.03%,93,29.25%,0,0,0%,0,0%,0,0,0%,0,0%
3853,2025-08-25,Jonathan Fisher,709,48,6.77%,236,33.29%,477,34,7.13%,151,31.66%,232,14,6.03%,85,36.64%,0,0,0%,0,0%,0,0,0%,0,0%
3854,2025-08-25,Gabriele Malune,855,74,8.65%,315,36.84%,489,41,8.38%,180,36.81%,366,33,9.02%,135,36.89%,0,0,0%,0,0%,0,0,0%,0,0%
3856,2025-08-25,Donagh O'Connor,34,8,23.53%,14,41.18%,8,2,25.00%,3,37.50%,26,6,23.08%,11,42.31%,0,0,0%,0,0%,0,0,0%,0,0%
3857,2025-08-25,Cameron Noble,850,93,10.94%,298,35.06%,366,33,9.02%,123,33.61%,484,60,12.40%,175,36.16%,0,0,0%,0,0%,0,0,0%,0,0%
3858,2025-08-25,Sean Mooney,152,8,5.26%,62,40.79%,42,1,2.38%,17,40.48%,110,7,6.36%,45,40.91%,0,0,0%,0,0%,0,0,0%,0,0%
3859,2025-08-25,Miss E Dunne,9,0,0%,2,0%,0,0,0%,0,0%,9,0,0%,2,22.22%,0,0,0%,0,0%,0,0,0%,0,0%
3860,2025-08-25,Pierre-Louis Jamin,1240,141,11.37%,377,30.40%,515,49,9.51%,183,35.53%,724,92,12.71%,193,26.66%,1,0,0%,1,100.00%,0,0,0%,0,0%
3861,2025-08-25,Vincent Cheminaud,5,0,0%,0,0%,0,0,0%,0,0%,5,0,0%,0,0%,0,0,0%,0,0%,0,0,0%,0,0%
3862,2025-08-25,Sean Houlihan,1919,118,6.15%,517,26.94%,7,0,0%,2,28.57%,157,9,5.73%,36,22.93%,553,35,6.33%,176,31.83%,1202,74,6.16%,303,25.21%
3863,2025-08-25,Miss J Townend,341,76,22.29%,102,29.91%,2,1,50.00%,0,0%,265,63,23.77%,88,33.21%,14,2,14.29%,3,21.43%,60,10,16.67%,11,18.33%
3864,2025-08-25,Mr J J Bament,2,0,0%,0,0%,0,0,0%,0,0%,1,0,0%,0,0%,0,0,0%,0,0%,1,0,0%,0,0%
3865,2025-08-25,S P Davis,1993,117,5.87%,506,25.39%,564,31,5.50%,145,25.71%,1429,86,6.02%,361,25.26%,0,0,0%,0,0%,0,0,0%,0,0%
3866,2025-08-25,Tina M Smith,47,3,6.38%,18,38.30%,21,1,4.76%,8,38.10%,26,2,7.69%,10,38.46%,0,0,0%,0,0%,0,0,0%,0,0%
3867,2025-08-25,Mr G S Quinn,6,0,0%,3,0%,1,0,0%,1,100.00%,4,0,0%,1,25.00%,1,0,0%,1,100.00%,0,0,0%,0,0%
3868,2025-08-25,Corey Brown,6,0,0%,2,0%,0,0,0%,0,0%,6,0,0%,2,33.33%,0,0,0%,0,0%,0,0,0%,0,0%
3869,2025-08-25,Mr T Benjamin,5,0,0%,1,0%,3,0,0%,1,33.33%,2,0,0%,0,0%,0,0,0%,0,0%,0,0,0%,0,0%
3870,2025-08-25,Mr James Kendrick,16,2,12.50%,3,18.75%,4,0,0%,1,25.00%,12,2,16.67%,2,16.67%,0,0,0%,0,0%,0,0,0%,0,0%
3871,2025-08-25,Tom Humphries,101,10,9.90%,41,40.59%,0,0,0%,0,0%,10,0,0%,5,50.00%,16,1,6.25%,11,68.75%,75,9,12.00%,25,33.33%
3872,2025-08-25,Jack Collins,2,0,0%,1,0%,0,0,0%,0,0%,0,0,0%,0,0%,0,0,0%,0,0%,2,0,0%,1,50.00%
3873,2025-08-25,Mrs C Pownall,9,0,0%,2,0%,3,0,0%,1,33.33%,6,0,0%,1,16.67%,0,0,0%,0,0%,0,0,0%,0,0%
3874,2025-08-25,Miss E Chamings,3,0,0%,0,0%,2,0,0%,0,0%,1,0,0%,0,0%,0,0,0%,0,0%,0,0,0%,0,0%
3875,2025-08-25,Mrs D Scott,15,0,0%,1,0%,4,0,0%,0,0%,11,0,0%,1,9.09%,0,0,0%,0,0%,0,0,0%,0,0%
3876,2025-08-25,Mr Thomas Greatrex,53,5,9.43%,22,41.51%,2,0,0%,0,0%,11,3,27.27%,5,45.45%,14,1,7.14%,7,50.00%,26,1,3.85%,10,38.46%
3877,2025-08-25,Tom Broughton,142,13,9.15%,41,28.87%,1,0,0%,0,0%,15,0,0%,3,20.00%,34,4,11.76%,11,32.35%,92,9,9.78%,27,29.35%
3878,2025-08-25,Mr E Walsh,37,0,0%,10,0%,0,0,0%,0,0%,28,0,0%,9,32.14%,0,0,0%,0,0%,9,0,0%,1,11.11%
3879,2025-08-25,Mr Romain Clavreul,17,0,0%,5,0%,3,0,0%,0,0%,2,0,0%,1,50.00%,4,0,0%,1,25.00%,8,0,0%,3,37.50%
3880,2025-08-25,Harry Teal,328,27,8.23%,111,33.84%,6,0,0%,3,50.00%,32,6,18.75%,13,40.63%,39,6,15.38%,16,41.03%,251,15,5.98%,79,31.47%
3881,2025-08-25,Jake Bament,2,0,0%,1,0%,0,0,0%,0,0%,0,0,0%,0,0%,0,0,0%,0,0%,2,0,0%,1,50.00%
3882,2025-08-25,Ronan Short,25,3,12.00%,11,44.00%,0,0,0%,0,0%,2,0,0%,1,50.00%,0,0,0%,0,0%,23,3,13.04%,10,43.48%
3883,2025-08-25,Lee Byrne,7,0,0%,1,0%,4,0,0%,1,25.00%,3,0,0%,0,0%,0,0,0%,0,0%,0,0,0%,0,0%
3884,2025-08-25,Mr J P Berry,179,4,2.23%,34,18.99%,0,0,0%,0,0%,62,0,0%,7,11.29%,3,0,0%,1,33.33%,114,4,3.51%,26,22.81%
3885,2025-08-25,Mr R McLeigh,12,0,0%,1,0%,0,0,0%,0,0%,9,0,0%,0,0%,2,0,0%,1,50.00%,1,0,0%,0,0%
3886,2025-08-25,Steven Kelly,11,0,0%,2,0%,0,0,0%,0,0%,2,0,0%,1,50.00%,1,0,0%,0,0%,8,0,0%,1,12.50%
3887,2025-08-25,Alison Johnson,281,7,2.49%,65,23.13%,4,0,0%,1,25.00%,8,0,0%,0,0%,119,3,2.52%,34,28.57%,150,4,2.67%,30,20.00%
3888,2025-08-25,Miss A McCain,53,5,9.43%,24,45.28%,5,1,20.00%,2,40.00%,28,2,7.14%,10,35.71%,0,0,0%,0,0%,20,2,10.00%,12,60.00%
3889,2025-08-25,Mr L Williams,19,2,10.53%,6,31.58%,0,0,0%,0,0%,0,0,0%,0,0%,8,1,12.50%,2,25.00%,11,1,9.09%,4,36.36%
3890,2025-08-25,Mr S Burton,14,1,7.14%,2,14.29%,1,0,0%,0,0%,1,0,0%,0,0%,11,1,9.09%,2,18.18%,1,0,0%,0,0%
3891,2025-08-25,Mr D Crean,21,0,0%,4,0%,0,0,0%,0,0%,14,0,0%,1,7.14%,2,0,0%,1,50.00%,5,0,0%,2,40.00%
3892,2025-08-25,Romain Clavreul,18,1,5.56%,4,22.22%,0,0,0%,0,0%,0,0,0%,0,0%,0,0,0%,0,0%,18,1,5.56%,4,22.22%
3893,2025-08-25,Miss J Welch,4,0,0%,0,0%,4,0,0%,0,0%,0,0,0%,0,0%,0,0,0%,0,0%,0,0,0%,0,0%
3894,2025-08-25,Megan De Souza-Wearen,7,0,0%,2,0%,5,0,0%,2,40.00%,2,0,0%,0,0%,0,0,0%,0,0%,0,0,0%,0,0%
3895,2025-08-25,Mr B Hicks,5,0,0%,2,0%,0,0,0%,0,0%,1,0,0%,0,0%,3,0,0%,1,33.33%,1,0,0%,1,100.00%
3896,2025-08-25,Bernard Fayd'Herbe,2,1,50.00%,1,50.00%,2,1,50.00%,1,50.00%,0,0,0%,0,0%,0,0,0%,0,0%,0,0,0%,0,0%
3897,2025-08-25,Mr B J White,9,0,0%,2,0%,0,0,0%,0,0%,9,0,0%,2,22.22%,0,0,0%,0,0%,0,0,0%,0,0%
3898,2025-08-25,Miss J A Heneghan,6,0,0%,3,0%,4,0,0%,2,50.00%,2,0,0%,1,50.00%,0,0,0%,0,0%,0,0,0%,0,0%
3899,2025-08-25,Miss G Ducker,6,0,0%,3,0%,3,0,0%,1,33.33%,3,0,0%,2,66.67%,0,0,0%,0,0%,0,0,0%,0,0%
3900,2025-08-25,Kevin Dowling,41,5,12.20%,18,43.90%,0,0,0%,0,0%,1,0,0%,1,100.00%,0,0,0%,0,0%,40,5,12.50%,17,42.50%
3901,2025-08-25,Mr Jake Bament,39,4,10.26%,8,20.51%,1,0,0%,0,0%,2,0,0%,1,50.00%,25,3,12.00%,5,20.00%,11,1,9.09%,2,18.18%
3902,2025-08-25,M Delage,1,0,0%,1,0%,0,0,0%,0,0%,0,0,0%,0,0%,0,0,0%,0,0%,1,0,0%,1,100.00%
3903,2025-08-25,A Cisel,1,0,0%,0,0%,0,0,0%,0,0%,0,0,0%,0,0%,1,0,0%,0,0%,0,0,0%,0,0%
3904,2025-08-25,Mr S A Harte,1,0,0%,0,0%,0,0,0%,0,0%,0,0,0%,0,0%,0,0,0%,0,0%,1,0,0%,0,0%
3905,2025-08-25,Mr B E Clark,1,0,0%,0,0%,0,0,0%,0,0%,0,0,0%,0,0%,0,0,0%,0,0%,1,0,0%,0,0%
3906,2025-08-25,Ross Turner,311,31,9.97%,111,35.69%,15,0,0%,5,33.33%,28,2,7.14%,10,35.71%,30,3,10.00%,13,43.33%,238,26,10.92%,83,34.87%
3907,2025-08-25,S O Novoa Garcia,1,0,0%,0,0%,1,0,0%,0,0%,0,0,0%,0,0%,0,0,0%,0,0%,0,0,0%,0,0%
3908,2025-08-25,Mr Rex Dingle,12,0,0%,2,0%,0,0,0%,0,0%,0,0,0%,0,0%,8,0,0%,2,25.00%,4,0,0%,0,0%
3909,2025-08-25,Mr E Doggrell,8,0,0%,1,0%,0,0,0%,0,0%,3,0,0%,0,0%,3,0,0%,1,33.33%,2,0,0%,0,0%
3910,2025-08-25,Cian Maher,2,0,0%,0,0%,0,0,0%,0,0%,0,0,0%,0,0%,0,0,0%,0,0%,2,0,0%,0,0%
3911,2025-08-25,R A Smithers,37,2,5.41%,3,8.11%,10,1,10.00%,1,10.00%,27,1,3.70%,2,7.41%,0,0,0%,0,0%,0,0,0%,0,0%
3912,2025-08-25,Mr T A Connolly,3,0,0%,0,0%,0,0,0%,0,0%,3,0,0%,0,0%,0,0,0%,0,0%,0,0,0%,0,0%
3913,2025-08-25,Mr D E Browne,3,0,0%,1,0%,0,0,0%,0,0%,3,0,0%,1,33.33%,0,0,0%,0,0%,0,0,0%,0,0%
3914,2025-08-25,Brian O'Connell,1,0,0%,0,0%,0,0,0%,0,0%,0,0,0%,0,0%,1,0,0%,0,0%,0,0,0%,0,0%
3915,2025-08-25,Mr Jordan Uys,1,0,0%,0,0%,1,0,0%,0,0%,0,0,0%,0,0%,0,0,0%,0,0%,0,0,0%,0,0%
3916,2025-08-25,Daniel Wright,1,0,0%,1,0%,1,0,0%,1,100.00%,0,0,0%,0,0%,0,0,0%,0,0%,0,0,0%,0,0%
3917,2025-08-25,Mr Lewis Stones,10,1,10.00%,6,60.00%,3,0,0%,2,66.67%,5,0,0%,3,60.00%,0,0,0%,0,0%,2,1,50.00%,1,50.00%
3918,2025-08-25,Mr Tom Broughton,151,20,13.25%,42,27.81%,2,0,0%,2,100.00%,9,1,11.11%,0,0%,58,10,17.24%,14,24.14%,82,9,10.98%,26,31.71%
3919,2025-08-25,N T Prendergast,247,6,2.43%,41,16.60%,0,0,0%,0,0%,30,1,3.33%,5,16.67%,43,0,0%,10,23.26%,174,5,2.87%,26,14.94%
3920,2025-08-25,Miss E Mackenzie,12,2,16.67%,5,41.67%,5,2,40.00%,1,20.00%,7,0,0%,4,57.14%,0,0,0%,0,0%,0,0,0%,0,0%
3922,2025-08-25,Benjamin Sanderson,14,0,0%,4,0%,9,0,0%,3,33.33%,5,0,0%,1,20.00%,0,0,0%,0,0%,0,0,0%,0,0%
3923,2025-08-25,Mr L F Madgwick,2,0,0%,0,0%,2,0,0%,0,0%,0,0,0%,0,0%,0,0,0%,0,0%,0,0,0%,0,0%
3924,2025-08-25,Miss Isabel Williams,7,1,14.29%,4,57.14%,3,0,0%,2,66.67%,0,0,0%,0,0%,1,0,0%,0,0%,3,1,33.33%,2,66.67%
3925,2025-08-25,Mr C Jewell,3,0,0%,0,0%,3,0,0%,0,0%,0,0,0%,0,0%,0,0,0%,0,0%,0,0,0%,0,0%
3926,2025-08-25,Mr Ed Bailey,69,3,4.35%,18,26.09%,1,0,0%,0,0%,5,0,0%,2,40.00%,40,2,5.00%,14,35.00%,23,1,4.35%,2,8.70%
3927,2025-08-25,Miss L M Pinchin,10,3,30.00%,3,30.00%,0,0,0%,0,0%,0,0,0%,0,0%,7,3,42.86%,2,28.57%,3,0,0%,1,33.33%
3928,2025-08-25,Mr P Bryan,76,10,13.16%,26,34.21%,0,0,0%,0,0%,3,1,33.33%,1,33.33%,59,6,10.17%,22,37.29%,14,3,21.43%,3,21.43%
3929,2025-08-25,Luke Carson,6,0,0%,4,0%,3,0,0%,1,33.33%,3,0,0%,3,100.00%,0,0,0%,0,0%,0,0,0%,0,0%
3930,2025-08-25,Ben Sanderson,1079,91,8.43%,291,26.97%,508,50,9.84%,130,25.59%,571,41,7.18%,161,28.20%,0,0,0%,0,0%,0,0,0%,0,0%
3931,2025-08-25,Mr Chris Meehan,3,0,0%,2,0%,1,0,0%,1,100.00%,0,0,0%,0,0%,0,0,0%,0,0%,2,0,0%,1,50.00%
3932,2025-08-25,Alison Jean Clarke,16,0,0%,0,0%,0,0,0%,0,0%,2,0,0%,0,0%,3,0,0%,0,0%,11,0,0%,0,0%
3933,2025-08-25,Mr F Henderson,10,1,10.00%,3,30.00%,0,0,0%,0,0%,0,0,0%,0,0%,10,1,10.00%,3,30.00%,0,0,0%,0,0%
3934,2025-08-25,P W O'Reilly,47,1,2.13%,4,8.51%,0,0,0%,0,0%,0,0,0%,0,0%,4,1,25.00%,0,0%,43,0,0%,4,9.30%
3935,2025-08-25,Mr N George,143,18,12.59%,76,53.15%,1,0,0%,0,0%,17,4,23.53%,7,41.18%,90,8,8.89%,54,60.00%,35,6,17.14%,15,42.86%
3936,2025-08-25,Miss F Pullar,1,1,100.00%,0,0.00%,1,1,100.00%,0,0%,0,0,0%,0,0%,0,0,0%,0,0%,0,0,0%,0,0%
3937,2025-08-25,Mr Michael Palmer,2,0,0%,0,0%,2,0,0%,0,0%,0,0,0%,0,0%,0,0,0%,0,0%,0,0,0%,0,0%
3938,2025-08-25,Mrs K F Glenister,5,0,0%,1,0%,1,0,0%,0,0%,4,0,0%,1,25.00%,0,0,0%,0,0%,0,0,0%,0,0%
3939,2025-08-25,Stephen Cummins,41,5,12.20%,20,48.78%,20,4,20.00%,6,30.00%,21,1,4.76%,14,66.67%,0,0,0%,0,0%,0,0,0%,0,0%
3940,2025-08-25,Miss Chelsea Banham,8,1,12.50%,3,37.50%,5,1,20.00%,2,40.00%,3,0,0%,1,33.33%,0,0,0%,0,0%,0,0,0%,0,0%
3941,2025-08-25,Miss Poppi-jayne Shepherd,1,0,0%,0,0%,0,0,0%,0,0%,0,0,0%,0,0%,1,0,0%,0,0%,0,0,0%,0,0%
3942,2025-08-25,Alan Doyle,532,44,8.27%,153,28.76%,10,1,10.00%,6,60.00%,34,4,11.76%,12,35.29%,116,12,10.34%,30,25.86%,372,27,7.26%,105,28.23%
3943,2025-08-25,Mr J Nailor,31,4,12.90%,8,25.81%,0,0,0%,0,0%,3,0,0%,0,0%,21,3,14.29%,7,33.33%,7,1,14.29%,1,14.29%
3944,2025-08-25,Miss R Waterson,2,0,0%,2,0%,2,0,0%,2,100.00%,0,0,0%,0,0%,0,0,0%,0,0%,0,0,0%,0,0%
3945,2025-08-25,Miss Becky Butler,13,0,0%,4,0%,5,0,0%,1,20.00%,8,0,0%,3,37.50%,0,0,0%,0,0%,0,0,0%,0,0%
3946,2025-08-25,Jack Andrews,49,5,10.20%,20,40.82%,0,0,0%,0,0%,14,1,7.14%,8,57.14%,8,1,12.50%,5,62.50%,27,3,11.11%,7,25.93%
3947,2025-08-25,Mr Guy Disney,1,0,0%,0,0%,0,0,0%,0,0%,0,0,0%,0,0%,1,0,0%,0,0%,0,0,0%,0,0%
3948,2025-08-25,Lt Col E Bridge,1,0,0%,0,0%,0,0,0%,0,0%,0,0,0%,0,0%,1,0,0%,0,0%,0,0,0%,0,0%
3949,2025-08-25,Capt Jack Stamp,1,0,0%,0,0%,0,0,0%,0,0%,0,0,0%,0,0%,1,0,0%,0,0%,0,0,0%,0,0%
3950,2025-08-25,Mr M Burge,1,0,0%,1,0%,1,0,0%,1,100.00%,0,0,0%,0,0%,0,0,0%,0,0%,0,0,0%,0,0%
3951,2025-08-25,Mr S Ellicott,5,0,0%,0,0%,0,0,0%,0,0%,0,0,0%,0,0%,5,0,0%,0,0%,0,0,0%,0,0%
3952,2025-08-25,Billy Garritty,2333,250,10.72%,677,29.02%,689,69,10.01%,203,29.46%,1260,136,10.79%,335,26.59%,104,10,9.62%,42,40.38%,280,35,12.50%,97,34.64%
3953,2025-08-25,Cathal Courtney,17,1,5.88%,4,23.53%,0,0,0%,0,0%,0,0,0%,0,0%,2,0,0%,0,0%,15,1,6.67%,4,26.67%
3954,2025-08-25,Mr A McGlinchey,2,0,0%,0,0%,0,0,0%,0,0%,0,0,0%,0,0%,0,0,0%,0,0%,2,0,0%,0,0%
3955,2025-08-25,M Heard,1,0,0%,0,0%,0,0,0%,0,0%,0,0,0%,0,0%,1,0,0%,0,0%,0,0,0%,0,0%
3956,2025-08-25,Mr L Johnson,3,0,0%,2,0%,0,0,0%,0,0%,0,0,0%,0,0%,0,0,0%,0,0%,3,0,0%,2,66.67%
3957,2025-08-25,Joseph Williamson,3,1,33.33%,0,0.00%,0,0,0%,0,0%,0,0,0%,0,0%,0,0,0%,0,0%,3,1,33.33%,0,0%
3958,2025-08-25,Mr K H Clarke,2,0,0%,0,0%,1,0,0%,0,0%,1,0,0%,0,0%,0,0,0%,0,0%,0,0,0%,0,0%
3959,2025-08-25,William Cox,2061,119,5.77%,546,26.49%,912,34,3.73%,230,25.22%,1148,85,7.40%,316,27.53%,1,0,0%,0,0%,0,0,0%,0,0%
3960,2025-08-25,Ocdt Oswald Wedmore,2,1,50.00%,0,0.00%,0,0,0%,0,0%,0,0,0%,0,0%,1,0,0%,0,0%,1,1,100.00%,0,0%
3961,2025-08-25,Lt Will Kellard,6,0,0%,3,0%,0,0,0%,0,0%,1,0,0%,1,100.00%,3,0,0%,2,66.67%,2,0,0%,0,0%
3962,2025-08-25,J M Colgan,3,0,0%,0,0%,0,0,0%,0,0%,0,0,0%,0,0%,0,0,0%,0,0%,3,0,0%,0,0%
3963,2025-08-25,M Dragon,1,0,0%,0,0%,0,0,0%,0,0%,0,0,0%,0,0%,1,0,0%,0,0%,0,0,0%,0,0%
3964,2025-08-25,Jordan Canavan,8,0,0%,3,0%,0,0,0%,0,0%,0,0,0%,0,0%,4,0,0%,1,25.00%,4,0,0%,2,50.00%
3965,2025-08-25,A P Byrne,10,0,0%,3,0%,0,0,0%,0,0%,2,0,0%,1,50.00%,1,0,0%,1,100.00%,7,0,0%,1,14.29%
3966,2025-08-25,Mr M E McCrory,27,1,3.70%,3,11.11%,0,0,0%,0,0%,6,0,0%,1,16.67%,2,1,50.00%,0,0%,19,0,0%,2,10.53%
3967,2025-08-25,L J McGuinness,20,2,10.00%,6,30.00%,0,0,0%,0,0%,4,1,25.00%,2,50.00%,6,0,0%,0,0%,10,1,10.00%,4,40.00%
3968,2025-08-25,E T Daly,203,9,4.43%,49,24.14%,24,2,8.33%,3,12.50%,88,2,2.27%,25,28.41%,4,0,0%,1,25.00%,87,5,5.75%,20,22.99%
3969,2025-08-25,E Dwan,76,4,5.26%,14,18.42%,0,0,0%,0,0%,13,0,0%,6,46.15%,7,0,0%,1,14.29%,56,4,7.14%,7,12.50%
3970,2025-08-25,Miss J Morrissey,4,0,0%,0,0%,0,0,0%,0,0%,4,0,0%,0,0%,0,0,0%,0,0%,0,0,0%,0,0%
3971,2025-08-25,Ben Robinson,3033,268,8.84%,927,30.56%,1267,125,9.87%,406,32.04%,1764,143,8.11%,521,29.54%,2,0,0%,0,0%,0,0,0%,0,0%
3972,2025-08-25,Mr N T Prendergast,16,0,0%,2,0%,0,0,0%,0,0%,9,0,0%,1,11.11%,0,0,0%,0,0%,7,0,0%,1,14.29%
3973,2025-08-25,Mr G Roberts,3,0,0%,1,0%,1,0,0%,0,0%,0,0,0%,0,0%,0,0,0%,0,0%,2,0,0%,1,50.00%
3974,2025-08-25,Jose Valdivia Jr,4,1,25.00%,1,25.00%,1,0,0%,0,0%,3,1,33.33%,1,33.33%,0,0,0%,0,0%,0,0,0%,0,0%
3975,2025-08-25,Mr M W Brown,32,2,6.25%,8,25.00%,6,0,0%,3,50.00%,26,2,7.69%,5,19.23%,0,0,0%,0,0%,0,0,0%,0,0%
3976,2025-08-25,Lauren Steade,24,0,0%,4,0%,1,0,0%,0,0%,23,0,0%,4,17.39%,0,0,0%,0,0%,0,0,0%,0,0%
3977,2025-08-25,C J Madden,4,0,0%,0,0%,0,0,0%,0,0%,4,0,0%,0,0%,0,0,0%,0,0%,0,0,0%,0,0%
3978,2025-08-25,Mr J Hart,22,0,0%,3,0%,0,0,0%,0,0%,12,0,0%,2,16.67%,1,0,0%,0,0%,9,0,0%,1,11.11%
3979,2025-08-25,L Philipperon,2,0,0%,1,0%,0,0,0%,0,0%,0,0,0%,0,0%,0,0,0%,0,0%,2,0,0%,1,50.00%
3980,2025-08-25,Miss C Dun,21,0,0%,14,0%,0,0,0%,0,0%,0,0,0%,0,0%,21,0,0%,14,66.67%,0,0,0%,0,0%
3981,2025-08-25,Cai Williams,5,0,0%,1,0%,0,0,0%,0,0%,0,0,0%,0,0%,0,0,0%,0,0%,5,0,0%,1,20.00%
3982,2025-08-25,G C O'Neill,244,28,11.48%,75,30.74%,63,6,9.52%,12,19.05%,181,22,12.15%,63,34.81%,0,0,0%,0,0%,0,0,0%,0,0%
3983,2025-08-25,Ger O'Neill,65,9,13.85%,25,38.46%,15,0,0%,5,33.33%,50,9,18.00%,20,40.00%,0,0,0%,0,0%,0,0,0%,0,0%
3984,2025-08-25,Ambrose McCurtin,2,0,0%,0,0%,0,0,0%,0,0%,0,0,0%,0,0%,0,0,0%,0,0%,2,0,0%,0,0%
3985,2025-08-25,T Ryan,405,23,5.68%,96,23.70%,0,0,0%,0,0%,5,1,20.00%,0,0%,102,8,7.84%,40,39.22%,298,14,4.70%,56,18.79%
3986,2025-08-25,Mr E Dwan,48,4,8.33%,9,18.75%,0,0,0%,0,0%,27,2,7.41%,4,14.81%,9,1,11.11%,4,44.44%,12,1,8.33%,1,8.33%
3987,2025-08-25,Mr J C Jones,9,0,0%,2,0%,1,0,0%,1,100.00%,5,0,0%,1,20.00%,0,0,0%,0,0%,3,0,0%,0,0%
3988,2025-08-25,Joshua Bryan,1558,162,10.40%,564,36.20%,754,74,9.81%,271,35.94%,792,84,10.61%,292,36.87%,0,0,0%,0,0%,12,4,33.33%,1,8.33%
3989,2025-08-25,Mr Charlie Dando,13,1,7.69%,9,69.23%,0,0,0%,0,0%,0,0,0%,0,0%,13,1,7.69%,9,69.23%,0,0,0%,0,0%
3990,2025-08-25,Mr Philip Thomas,1,0,0%,0,0%,0,0,0%,0,0%,0,0,0%,0,0%,1,0,0%,0,0%,0,0,0%,0,0%
3991,2025-08-25,Mr Mark Robinson,10,0,0%,0,0%,0,0,0%,0,0%,0,0,0%,0,0%,9,0,0%,0,0%,1,0,0%,0,0%
3992,2025-08-25,J E Collins,9,0,0%,2,0%,0,0,0%,0,0%,0,0,0%,0,0%,0,0,0%,0,0%,9,0,0%,2,22.22%
3993,2025-08-25,Mr G Hiscock,10,0,0%,3,0%,0,0,0%,0,0%,2,0,0%,1,50.00%,7,0,0%,1,14.29%,1,0,0%,1,100.00%
3994,2025-08-25,Miss H T Lees,29,2,6.90%,13,44.83%,13,2,15.38%,7,53.85%,16,0,0%,6,37.50%,0,0,0%,0,0%,0,0,0%,0,0%
3995,2025-08-25,Miss C A Dods,24,0,0%,4,0%,0,0,0%,0,0%,24,0,0%,4,16.67%,0,0,0%,0,0%,0,0,0%,0,0%
3996,2025-08-25,Miss S E Dods,20,1,5.00%,6,30.00%,0,0,0%,0,0%,20,1,5.00%,6,30.00%,0,0,0%,0,0%,0,0,0%,0,0%
3997,2025-08-25,F O'Toole,5,0,0%,2,0%,0,0,0%,0,0%,0,0,0%,0,0%,4,0,0%,2,50.00%,1,0,0%,0,0%
3998,2025-08-25,Killian Hennessy,51,2,3.92%,21,41.18%,6,0,0%,2,33.33%,45,2,4.44%,19,42.22%,0,0,0%,0,0%,0,0,0%,0,0%
3999,2025-08-25,W T Kennedy,1561,137,8.78%,550,35.23%,9,0,0%,2,22.22%,100,7,7.00%,34,34.00%,545,49,8.99%,201,36.88%,907,81,8.93%,313,34.51%
4000,2025-08-25,Mr E Smyth-osbourne,1,0,0%,0,0%,0,0,0%,0,0%,0,0,0%,0,0%,1,0,0%,0,0%,0,0,0%,0,0%
4001,2025-08-25,Mr T Chatfeild-roberts,20,1,5.00%,8,40.00%,0,0,0%,0,0%,0,0,0%,0,0%,17,1,5.88%,6,35.29%,3,0,0%,2,66.67%
4002,2025-08-25,Miss L Bradstock,43,5,11.63%,10,23.26%,0,0,0%,0,0%,1,0,0%,0,0%,22,2,9.09%,7,31.82%,20,3,15.00%,3,15.00%
4003,2025-08-25,Mr Gareth Henderson,2,0,0%,0,0%,0,0,0%,0,0%,0,0,0%,0,0%,2,0,0%,0,0%,0,0,0%,0,0%
4004,2025-08-25,Mr Scott Turner,1,0,0%,0,0%,0,0,0%,0,0%,0,0,0%,0,0%,1,0,0%,0,0%,0,0,0%,0,0%
4006,2025-08-25,Mr C Houlihan,6,0,0%,3,0%,0,0,0%,0,0%,4,0,0%,1,25.00%,2,0,0%,2,100.00%,0,0,0%,0,0%
4007,2025-08-25,Mr J King,4,0,0%,1,0%,0,0,0%,0,0%,0,0,0%,0,0%,3,0,0%,0,0%,1,0,0%,1,100.00%
4008,2025-08-25,Mr C J Gorman,21,0,0%,3,0%,0,0,0%,0,0%,21,0,0%,3,14.29%,0,0,0%,0,0%,0,0,0%,0,0%
4009,2025-08-25,Micheal O'Connor,1,1,100.00%,0,0.00%,0,0,0%,0,0%,1,1,100.00%,0,0%,0,0,0%,0,0%,0,0,0%,0,0%
4010,2025-08-25,Redmond Barry,2,0,0%,2,0%,0,0,0%,0,0%,2,0,0%,2,100.00%,0,0,0%,0,0%,0,0,0%,0,0%
4011,2025-08-25,Kerri Lyons,1,0,0%,1,0%,0,0,0%,0,0%,1,0,0%,1,100.00%,0,0,0%,0,0%,0,0,0%,0,0%
4012,2025-08-25,David Carolan,1,0,0%,1,0%,0,0,0%,0,0%,1,0,0%,1,100.00%,0,0,0%,0,0%,0,0,0%,0,0%
4013,2025-08-25,Annie O'Rourke,1,0,0%,1,0%,0,0,0%,0,0%,1,0,0%,1,100.00%,0,0,0%,0,0%,0,0,0%,0,0%
4014,2025-08-25,Camilla Speirs,1,0,0%,0,0%,0,0,0%,0,0%,1,0,0%,0,0%,0,0,0%,0,0%,0,0,0%,0,0%
4015,2025-08-25,Claire Moran,1,0,0%,0,0%,0,0,0%,0,0%,1,0,0%,0,0%,0,0,0%,0,0%,0,0,0%,0,0%
4016,2025-08-25,Eamonn Philips,1,0,0%,0,0%,0,0,0%,0,0%,1,0,0%,0,0%,0,0,0%,0,0%,0,0,0%,0,0%
4017,2025-08-25,Fiona O'Dwyer,1,0,0%,0,0%,0,0,0%,0,0%,1,0,0%,0,0%,0,0,0%,0,0%,0,0,0%,0,0%
4018,2025-08-25,Conor McDonnell,1,0,0%,0,0%,0,0,0%,0,0%,1,0,0%,0,0%,0,0,0%,0,0%,0,0,0%,0,0%
4019,2025-08-25,Martin Devenney,1,0,0%,0,0%,0,0,0%,0,0%,1,0,0%,0,0%,0,0,0%,0,0%,0,0,0%,0,0%
4020,2025-08-25,Rachel Kelly,1,0,0%,0,0%,0,0,0%,0,0%,1,0,0%,0,0%,0,0,0%,0,0%,0,0,0%,0,0%
4021,2025-08-25,Elizabeth Hayden,1,0,0%,0,0%,0,0,0%,0,0%,1,0,0%,0,0%,0,0,0%,0,0%,0,0,0%,0,0%
4022,2025-08-25,David O'Neill,2,0,0%,1,0%,0,0,0%,0,0%,2,0,0%,1,50.00%,0,0,0%,0,0%,0,0,0%,0,0%
4023,2025-08-25,Fiona Wilson,1,0,0%,0,0%,0,0,0%,0,0%,1,0,0%,0,0%,0,0,0%,0,0%,0,0,0%,0,0%
4024,2025-08-25,Mark Flynn,1,0,0%,0,0%,0,0,0%,0,0%,1,0,0%,0,0%,0,0,0%,0,0%,0,0,0%,0,0%
4025,2025-08-25,J M Morris,1,0,0%,0,0%,0,0,0%,0,0%,1,0,0%,0,0%,0,0,0%,0,0%,0,0,0%,0,0%
4026,2025-08-25,Eamonn P Egan,4,0,0%,2,0%,0,0,0%,0,0%,4,0,0%,2,50.00%,0,0,0%,0,0%,0,0,0%,0,0%
4027,2025-08-25,Leon Nurse,1,0,0%,0,0%,0,0,0%,0,0%,1,0,0%,0,0%,0,0,0%,0,0%,0,0,0%,0,0%
4028,2025-08-25,Dermot Duffy,2,0,0%,0,0%,0,0,0%,0,0%,2,0,0%,0,0%,0,0,0%,0,0%,0,0,0%,0,0%
4029,2025-08-25,Mrs Charlotte Pownall,10,0,0%,3,0%,1,0,0%,1,100.00%,9,0,0%,2,22.22%,0,0,0%,0,0%,0,0,0%,0,0%
4030,2025-08-25,Miss A Glass,2,0,0%,2,0%,1,0,0%,1,100.00%,0,0,0%,0,0%,1,0,0%,1,100.00%,0,0,0%,0,0%
4031,2025-08-25,Mr W J Milburn,22,4,18.18%,6,27.27%,0,0,0%,0,0%,6,2,33.33%,1,16.67%,15,2,13.33%,5,33.33%,1,0,0%,0,0%
4032,2025-08-25,Mr H Morgan,4,0,0%,1,0%,0,0,0%,0,0%,4,0,0%,1,25.00%,0,0,0%,0,0%,0,0,0%,0,0%
4033,2025-08-25,Mr P A Dunne,3,0,0%,0,0%,1,0,0%,0,0%,2,0,0%,0,0%,0,0,0%,0,0%,0,0,0%,0,0%
4034,2025-08-25,Miss E J Sweeney,40,1,2.50%,13,32.50%,0,0,0%,0,0%,14,0,0%,7,50.00%,4,1,25.00%,2,50.00%,22,0,0%,4,18.18%
4035,2025-08-25,David Egan,4713,551,11.69%,1719,36.47%,1473,184,12.49%,543,36.86%,3234,367,11.35%,1175,36.33%,6,0,0%,1,16.67%,0,0,0%,0,0%
4036,2025-08-25,Miss G L Double,4,0,0%,2,0%,1,0,0%,0,0%,1,0,0%,0,0%,0,0,0%,0,0%,2,0,0%,2,100.00%
4038,2025-08-25,Miss S L Walker,3,0,0%,1,0%,0,0,0%,0,0%,0,0,0%,0,0%,3,0,0%,1,33.33%,0,0,0%,0,0%
4039,2025-08-25,Mr D Gittins,9,2,22.22%,1,11.11%,0,0,0%,0,0%,0,0,0%,0,0%,9,2,22.22%,1,11.11%,0,0,0%,0,0%
4040,2025-08-25,Mr S Roche,34,3,8.82%,8,23.53%,1,0,0%,1,100.00%,7,0,0%,0,0%,16,3,18.75%,6,37.50%,10,0,0%,1,10.00%
4041,2025-08-25,Dr R L Glennon,1,0,0%,0,0%,0,0,0%,0,0%,0,0,0%,0,0%,1,0,0%,0,0%,0,0,0%,0,0%
4042,2025-08-25,Mrs C Woods,1,0,0%,1,0%,0,0,0%,0,0%,0,0,0%,0,0%,1,0,0%,1,100.00%,0,0,0%,0,0%
4043,2025-08-25,Miss R Hill,10,1,10.00%,3,30.00%,0,0,0%,0,0%,9,1,11.11%,3,33.33%,1,0,0%,0,0%,0,0,0%,0,0%
4044,2025-08-25,Mr John James O'Connor,5,0,0%,1,0%,0,0,0%,0,0%,3,0,0%,0,0%,2,0,0%,1,50.00%,0,0,0%,0,0%
4045,2025-08-25,G Carroll,1,1,100.00%,0,0.00%,1,1,100.00%,0,0%,0,0,0%,0,0%,0,0,0%,0,0%,0,0,0%,0,0%
4046,2025-08-25,Mr S Mulcahy,1,0,0%,0,0%,0,0,0%,0,0%,1,0,0%,0,0%,0,0,0%,0,0%,0,0,0%,0,0%
4047,2025-08-25,Mr S Perry,46,1,2.17%,16,34.78%,0,0,0%,0,0%,34,1,2.94%,15,44.12%,2,0,0%,0,0%,10,0,0%,1,10.00%
4048,2025-08-25,Mr A P Macauley,8,1,12.50%,1,12.50%,0,0,0%,0,0%,8,1,12.50%,1,12.50%,0,0,0%,0,0%,0,0,0%,0,0%
4049,2025-08-25,Mr C J Daniels,8,0,0%,5,0%,0,0,0%,0,0%,1,0,0%,1,100.00%,6,0,0%,4,66.67%,1,0,0%,0,0%
4050,2025-08-25,Charlotte Clayton,1,0,0%,0,0%,1,0,0%,0,0%,0,0,0%,0,0%,0,0,0%,0,0%,0,0,0%,0,0%
4051,2025-08-25,Mr M J M O'Sullivan,174,14,8.05%,57,32.76%,1,0,0%,0,0%,114,7,6.14%,43,37.72%,21,4,19.05%,5,23.81%,36,3,8.33%,8,22.22%
4053,2025-08-25,Miss H L Bryce,7,0,0%,2,0%,0,0,0%,0,0%,0,0,0%,0,0%,7,0,0%,2,28.57%,0,0,0%,0,0%
4054,2025-08-25,J J O'Neill,12,0,0%,2,0%,0,0,0%,0,0%,0,0,0%,0,0%,0,0,0%,0,0%,12,0,0%,2,16.67%
4055,2025-08-25,Mr D B Hurst,4,1,25.00%,2,50.00%,0,0,0%,0,0%,0,0,0%,0,0%,0,0,0%,0,0%,4,1,25.00%,2,50.00%
4056,2025-08-25,Mr J Archdeacon,12,1,8.33%,3,25.00%,0,0,0%,0,0%,11,1,9.09%,3,27.27%,1,0,0%,0,0%,0,0,0%,0,0%
4057,2025-08-25,D P Maher,12,0,0%,3,0%,0,0,0%,0,0%,1,0,0%,0,0%,0,0,0%,0,0%,11,0,0%,3,27.27%
4058,2025-08-25,Mr J Benson,4,0,0%,1,0%,0,0,0%,0,0%,4,0,0%,1,25.00%,0,0,0%,0,0%,0,0,0%,0,0%
4059,2025-08-25,Miss R Pindar,2,0,0%,0,0%,0,0,0%,0,0%,1,0,0%,0,0%,1,0,0%,0,0%,0,0,0%,0,0%
4060,2025-08-25,Neil Corkery,5,1,20.00%,0,0.00%,0,0,0%,0,0%,5,1,20.00%,0,0%,0,0,0%,0,0%,0,0,0%,0,0%
4061,2025-08-25,Alice Kavanagh,3,1,33.33%,2,66.67%,0,0,0%,0,0%,3,1,33.33%,2,66.67%,0,0,0%,0,0%,0,0,0%,0,0%
4062,2025-08-25,Sheik Fahad Al Thani,1,0,0%,0,0%,0,0,0%,0,0%,1,0,0%,0,0%,0,0,0%,0,0%,0,0,0%,0,0%
4063,2025-08-25,Sophie Candy,3,0,0%,0,0%,0,0,0%,0,0%,3,0,0%,0,0%,0,0,0%,0,0%,0,0,0%,0,0%
4064,2025-08-25,Jamie Morris,3,0,0%,1,0%,0,0,0%,0,0%,3,0,0%,1,33.33%,0,0,0%,0,0%,0,0,0%,0,0%
4065,2025-08-25,Aaron McGlinchey,6,0,0%,4,0%,0,0,0%,0,0%,0,0,0%,0,0%,0,0,0%,0,0%,6,0,0%,4,66.67%
4066,2025-08-25,Dr M Voikhansky,25,4,16.00%,6,24.00%,6,0,0%,1,16.67%,19,4,21.05%,5,26.32%,0,0,0%,0,0%,0,0,0%,0,0%
4067,2025-08-25,Mr E Mahon,191,13,6.81%,62,32.46%,0,0,0%,0,0%,66,0,0%,14,21.21%,69,8,11.59%,31,44.93%,56,5,8.93%,17,30.36%
4068,2025-08-25,Mr C J Shine,145,8,5.52%,14,9.66%,0,0,0%,0,0%,58,2,3.45%,3,5.17%,34,1,2.94%,3,8.82%,53,5,9.43%,8,15.09%
4069,2025-08-25,Miss J Cooley,16,3,18.75%,5,31.25%,3,0,0%,1,33.33%,13,3,23.08%,4,30.77%,0,0,0%,0,0%,0,0,0%,0,0%
4070,2025-08-25,Mr M Schuller,1,0,0%,0,0%,0,0,0%,0,0%,0,0,0%,0,0%,0,0,0%,0,0%,1,0,0%,0,0%
4071,2025-08-25,Mrs Shauna Curtis,1,0,0%,0,0%,0,0,0%,0,0%,1,0,0%,0,0%,0,0,0%,0,0%,0,0,0%,0,0%
4072,2025-08-25,Y Narredu,13,0,0%,5,0%,2,0,0%,1,50.00%,11,0,0%,4,36.36%,0,0,0%,0,0%,0,0,0%,0,0%
4073,2025-08-25,Julien Leparoux,1,1,100.00%,0,0.00%,0,0,0%,0,0%,1,1,100.00%,0,0%,0,0,0%,0,0%,0,0,0%,0,0%
4074,2025-08-25,Florent Geroux,2,0,0%,0,0%,0,0,0%,0,0%,2,0,0%,0,0%,0,0,0%,0,0%,0,0,0%,0,0%
4075,2025-08-25,T Piccone,4,0,0%,0,0%,1,0,0%,0,0%,3,0,0%,0,0%,0,0,0%,0,0%,0,0,0%,0,0%
4076,2025-08-25,A Fouassier,1,0,0%,0,0%,0,0,0%,0,0%,1,0,0%,0,0%,0,0,0%,0,0%,0,0,0%,0,0%
4077,2025-08-25,Georgia Dobie,1311,106,8.09%,351,26.77%,554,35,6.32%,156,28.16%,756,71,9.39%,195,25.79%,1,0,0%,0,0%,0,0,0%,0,0%
4078,2025-08-25,J D Doyle,1,0,0%,0,0%,0,0,0%,0,0%,1,0,0%,0,0%,0,0,0%,0,0%,0,0,0%,0,0%
4079,2025-08-25,A Pietsch,6,1,16.67%,3,50.00%,0,0,0%,0,0%,6,1,16.67%,3,50.00%,0,0,0%,0,0%,0,0,0%,0,0%
4080,2025-08-25,Sophie Scardifield,22,0,0%,4,0%,12,0,0%,1,8.33%,10,0,0%,3,30.00%,0,0,0%,0,0%,0,0,0%,0,0%
4081,2025-08-25,Michelle Hamilton,16,1,6.25%,2,12.50%,11,1,9.09%,1,9.09%,5,0,0%,1,20.00%,0,0,0%,0,0%,0,0,0%,0,0%
4082,2025-08-25,B M Brooks,12,0,0%,2,0%,0,0,0%,0,0%,1,0,0%,0,0%,0,0,0%,0,0%,11,0,0%,2,18.18%
4083,2025-08-25,Mr L D Courtney,2,0,0%,0,0%,0,0,0%,0,0%,2,0,0%,0,0%,0,0,0%,0,0%,0,0,0%,0,0%
4085,2025-08-25,Miss H M Lewis,1,0,0%,0,0%,0,0,0%,0,0%,0,0,0%,0,0%,0,0,0%,0,0%,1,0,0%,0,0%
4086,2025-08-25,Mr L McGuinness,3,1,33.33%,1,33.33%,2,0,0%,1,50.00%,1,1,100.00%,0,0%,0,0,0%,0,0%,0,0,0%,0,0%
4087,2025-08-25,Mr B Lynn,21,5,23.81%,7,33.33%,1,0,0%,0,0%,13,5,38.46%,3,23.08%,2,0,0%,1,50.00%,5,0,0%,3,60.00%
4088,2025-08-25,A Fresu,230,12,5.22%,96,41.74%,82,4,4.88%,38,46.34%,148,8,5.41%,58,39.19%,0,0,0%,0,0%,0,0,0%,0,0%
4089,2025-08-25,Miss Aileen O'sullivan,4,0,0%,2,0%,0,0,0%,0,0%,0,0,0%,0,0%,2,0,0%,1,50.00%,2,0,0%,1,50.00%
4090,2025-08-25,M J Lane,1,0,0%,1,0%,0,0,0%,0,0%,1,0,0%,1,100.00%,0,0,0%,0,0%,0,0,0%,0,0%
4091,2025-08-25,Joe Williamson,762,63,8.27%,170,22.31%,35,4,11.43%,7,20.00%,84,4,4.76%,21,25.00%,106,22,20.75%,24,22.64%,537,33,6.15%,118,21.97%
4092,2025-08-25,Mr M J Stenson,8,0,0%,4,0%,0,0,0%,0,0%,6,0,0%,2,33.33%,2,0,0%,2,100.00%,0,0,0%,0,0%
4093,2025-08-25,Mr B D O'Neill,4,0,0%,1,0%,0,0,0%,0,0%,2,0,0%,0,0%,2,0,0%,1,50.00%,0,0,0%,0,0%
4095,2025-08-25,Mr Ciaran Fennessy,1,1,100.00%,0,0.00%,0,0,0%,0,0%,0,0,0%,0,0%,0,0,0%,0,0%,1,1,100.00%,0,0%
4096,2025-08-25,Luke Catton,666,60,9.01%,164,24.62%,348,27,7.76%,86,24.71%,317,32,10.09%,78,24.61%,1,1,100.00%,0,0%,0,0,0%,0,0%
4097,2025-08-25,Mr S Hawkins,10,1,10.00%,1,10.00%,7,1,14.29%,1,14.29%,3,0,0%,0,0%,0,0,0%,0,0%,0,0,0%,0,0%
4098,2025-08-25,Jonjo O'Neill Jr.,2522,386,15.31%,818,32.43%,6,2,33.33%,1,16.67%,225,31,13.78%,106,47.11%,862,127,14.73%,241,27.96%,1429,226,15.82%,470,32.89%
4099,2025-08-25,Mr L Quinlan,25,3,12.00%,4,16.00%,1,0,0%,0,0%,14,1,7.14%,1,7.14%,7,2,28.57%,2,28.57%,3,0,0%,1,33.33%
4100,2025-08-25,M K O'Sullivan,18,0,0%,1,0%,4,0,0%,0,0%,14,0,0%,1,7.14%,0,0,0%,0,0%,0,0,0%,0,0%
4102,2025-08-25,C P McNamara,1282,110,8.58%,248,19.34%,11,1,9.09%,2,18.18%,46,5,10.87%,12,26.09%,254,18,7.09%,54,21.26%,971,86,8.86%,180,18.54%
4103,2025-08-25,M Browne,28,1,3.57%,7,25.00%,1,0,0%,0,0%,5,1,20.00%,2,40.00%,0,0,0%,0,0%,22,0,0%,5,22.73%
4104,2025-08-25,Tom Donoghue,8,0,0%,2,0%,4,0,0%,1,25.00%,4,0,0%,1,25.00%,0,0,0%,0,0%,0,0,0%,0,0%
4105,2025-08-25,Laura Coughlan,763,58,7.60%,196,25.69%,328,22,6.71%,86,26.22%,435,36,8.28%,110,25.29%,0,0,0%,0,0%,0,0,0%,0,0%
4106,2025-08-25,Anna Jones,2,0,0%,1,0%,1,0,0%,0,0%,1,0,0%,1,100.00%,0,0,0%,0,0%,0,0,0%,0,0%
4107,2025-08-25,Miss J Spinkova,3,0,0%,1,0%,0,0,0%,0,0%,3,0,0%,1,33.33%,0,0,0%,0,0%,0,0,0%,0,0%
4108,2025-08-25,Mr S Sayers,6,0,0%,0,0%,2,0,0%,0,0%,3,0,0%,0,0%,0,0,0%,0,0%,1,0,0%,0,0%
4109,2025-08-25,Ellie Mackenzie,323,27,8.36%,99,30.65%,197,10,5.08%,62,31.47%,126,17,13.49%,37,29.37%,0,0,0%,0,0%,0,0,0%,0,0%
4110,2025-08-25,Charlotte Jones,521,82,15.74%,134,25.72%,22,5,22.73%,8,36.36%,26,7,26.92%,8,30.77%,79,17,21.52%,12,15.19%,394,53,13.45%,106,26.90%
4111,2025-08-25,Miss T Piggott,1,0,0%,1,0%,0,0,0%,0,0%,1,0,0%,1,100.00%,0,0,0%,0,0%,0,0,0%,0,0%
4112,2025-08-25,Sheikh Fahad Al Thani,4,2,50.00%,1,25.00%,0,0,0%,0,0%,4,2,50.00%,1,25.00%,0,0,0%,0,0%,0,0,0%,0,0%
4113,2025-08-25,Amelia Glass,123,11,8.94%,42,34.15%,87,7,8.05%,27,31.03%,36,4,11.11%,15,41.67%,0,0,0%,0,0%,0,0,0%,0,0%
4114,2025-08-25,Hannah Worrall,10,2,20.00%,1,10.00%,0,0,0%,0,0%,10,2,20.00%,1,10.00%,0,0,0%,0,0%,0,0,0%,0,0%
4115,2025-08-25,Mr J E Perrett,5,1,20.00%,2,40.00%,1,0,0%,0,0%,4,1,25.00%,2,50.00%,0,0,0%,0,0%,0,0,0%,0,0%
4116,2025-08-25,Miss Carly Scott,7,0,0%,1,0%,1,0,0%,1,100.00%,6,0,0%,0,0%,0,0,0%,0,0%,0,0,0%,0,0%
4117,2025-08-25,Mr A J Fox,52,2,3.85%,13,25.00%,0,0,0%,0,0%,37,0,0%,12,32.43%,12,0,0%,1,8.33%,3,2,66.67%,0,0%
4118,2025-08-25,Miss S Vermeersch,1,1,100.00%,0,0.00%,0,0,0%,0,0%,1,1,100.00%,0,0%,0,0,0%,0,0%,0,0,0%,0,0%
4119,2025-08-25,Miss Bethany Baumgardner,1,0,0%,0,0%,0,0,0%,0,0%,1,0,0%,0,0%,0,0,0%,0,0%,0,0,0%,0,0%
4120,2025-08-25,Miss Lilli-Marie Engels,1,0,0%,0,0%,0,0,0%,0,0%,1,0,0%,0,0%,0,0,0%,0,0%,0,0,0%,0,0%
4121,2025-08-25,Miss R Sharpe,5,0,0%,2,0%,0,0,0%,0,0%,5,0,0%,2,40.00%,0,0,0%,0,0%,0,0,0%,0,0%
4122,2025-08-25,Miss N C Hennessy,17,1,5.88%,2,11.76%,0,0,0%,0,0%,11,1,9.09%,2,18.18%,3,0,0%,0,0%,3,0,0%,0,0%
4123,2025-08-25,K Ikezoe,5,0,0%,3,0%,0,0,0%,0,0%,5,0,0%,3,60.00%,0,0,0%,0,0%,0,0,0%,0,0%
4124,2025-08-25,G Lerena,6,2,33.33%,0,0.00%,0,0,0%,0,0%,6,2,33.33%,0,0%,0,0,0%,0,0%,0,0,0%,0,0%
4125,2025-08-25,Miss K Weir,2,0,0%,1,0%,0,0,0%,0,0%,2,0,0%,1,50.00%,0,0,0%,0,0%,0,0,0%,0,0%
4126,2025-08-25,Miss B Johnson,21,0,0%,3,0%,1,0,0%,1,100.00%,20,0,0%,2,10.00%,0,0,0%,0,0%,0,0,0%,0,0%
4127,2025-08-25,Mr M J Sweeney,56,3,5.36%,15,26.79%,0,0,0%,0,0%,33,1,3.03%,10,30.30%,5,0,0%,0,0%,18,2,11.11%,5,27.78%
4128,2025-08-25,Mitchell Bastyan,882,94,10.66%,339,38.44%,12,0,0%,4,33.33%,59,9,15.25%,19,32.20%,239,22,9.21%,111,46.44%,572,63,11.01%,205,35.84%
4129,2025-08-25,Mr A M King,13,0,0%,1,0%,0,0,0%,0,0%,10,0,0%,1,10.00%,2,0,0%,0,0%,1,0,0%,0,0%
4130,2025-08-25,J J Dixon,13,0,0%,0,0%,0,0,0%,0,0%,0,0,0%,0,0%,0,0,0%,0,0%,13,0,0%,0,0%
4131,2025-08-25,Miss S Shaffer,1,0,0%,1,0%,0,0,0%,0,0%,1,0,0%,1,100.00%,0,0,0%,0,0%,0,0,0%,0,0%
4132,2025-08-25,Miss V Drexler,1,0,0%,1,0%,0,0,0%,0,0%,1,0,0%,1,100.00%,0,0,0%,0,0%,0,0,0%,0,0%
4133,2025-08-25,Miss D Fioretti,1,0,0%,0,0%,0,0,0%,0,0%,1,0,0%,0,0%,0,0,0%,0,0%,0,0,0%,0,0%
4134,2025-08-25,Michelle Walsh,1,0,0%,0,0%,0,0,0%,0,0%,1,0,0%,0,0%,0,0,0%,0,0%,0,0,0%,0,0%
4135,2025-08-25,Victoria Wood,4,0,0%,0,0%,2,0,0%,0,0%,2,0,0%,0,0%,0,0,0%,0,0%,0,0,0%,0,0%
4136,2025-08-25,Miss A Dempsey,1,0,0%,0,0%,0,0,0%,0,0%,1,0,0%,0,0%,0,0,0%,0,0%,0,0,0%,0,0%
4137,2025-08-25,Abbie Wibrew,16,0,0%,4,0%,10,0,0%,2,20.00%,6,0,0%,2,33.33%,0,0,0%,0,0%,0,0,0%,0,0%
4138,2025-08-25,Katie Lawless,1,0,0%,0,0%,0,0,0%,0,0%,1,0,0%,0,0%,0,0,0%,0,0%,0,0,0%,0,0%
4139,2025-08-25,M J Lynch,1,0,0%,0,0%,0,0,0%,0,0%,1,0,0%,0,0%,0,0,0%,0,0%,0,0,0%,0,0%
4140,2025-08-25,Bruce Lynn,825,82,9.94%,232,28.12%,16,2,12.50%,2,12.50%,73,5,6.85%,20,27.40%,183,25,13.66%,55,30.05%,553,50,9.04%,155,28.03%
4141,2025-08-25,Mr Jamie Perrett,7,0,0%,2,0%,0,0,0%,0,0%,7,0,0%,2,28.57%,0,0,0%,0,0%,0,0,0%,0,0%
4142,2025-08-25,A Badel,3,1,33.33%,0,0.00%,0,0,0%,0,0%,3,1,33.33%,0,0%,0,0,0%,0,0%,0,0,0%,0,0%
4143,2025-08-25,Mr C Price,1,0,0%,0,0%,0,0,0%,0,0%,0,0,0%,0,0%,0,0,0%,0,0%,1,0,0%,0,0%
4144,2025-08-25,G M Scully,5,1,20.00%,1,20.00%,0,0,0%,0,0%,5,1,20.00%,1,20.00%,0,0,0%,0,0%,0,0,0%,0,0%
4145,2025-08-25,D E Sheehy,2041,102,5.00%,390,19.11%,756,37,4.89%,147,19.44%,1285,65,5.06%,243,18.91%,0,0,0%,0,0%,0,0,0%,0,0%
4146,2025-08-25,K P Gallagher,27,0,0%,6,0%,4,0,0%,1,25.00%,23,0,0%,5,21.74%,0,0,0%,0,0%,0,0,0%,0,0%
4147,2025-08-25,T M Sherry,70,4,5.71%,26,37.14%,33,2,6.06%,11,33.33%,37,2,5.41%,15,40.54%,0,0,0%,0,0%,0,0,0%,0,0%
4148,2025-08-25,Mr D J McConville,17,1,5.88%,3,17.65%,0,0,0%,0,0%,2,0,0%,0,0%,8,0,0%,1,12.50%,7,1,14.29%,2,28.57%
4149,2025-08-25,Leanne Ferguson,16,1,6.25%,4,25.00%,0,0,0%,0,0%,16,1,6.25%,4,25.00%,0,0,0%,0,0%,0,0,0%,0,0%
4150,2025-08-25,Richard Hodson,8,0,0%,1,0%,0,0,0%,0,0%,0,0,0%,0,0%,3,0,0%,0,0%,5,0,0%,1,20.00%
4151,2025-08-25,Aurelien Lemaitre,15,0,0%,6,0%,4,0,0%,3,75.00%,11,0,0%,3,27.27%,0,0,0%,0,0%,0,0,0%,0,0%
4152,2025-08-25,Colin Quinlan,2,0,0%,0,0%,1,0,0%,0,0%,0,0,0%,0,0%,0,0,0%,0,0%,1,0,0%,0,0%
4153,2025-08-25,Mr G Gilbertson,10,0,0%,4,0%,3,0,0%,1,33.33%,7,0,0%,3,42.86%,0,0,0%,0,0%,0,0,0%,0,0%
4154,2025-08-25,Mr R Withey,17,0,0%,4,0%,0,0,0%,0,0%,5,0,0%,0,0%,4,0,0%,2,50.00%,8,0,0%,2,25.00%
4155,2025-08-25,Mr G B Noonan,1,0,0%,0,0%,0,0,0%,0,0%,0,0,0%,0,0%,0,0,0%,0,0%,1,0,0%,0,0%
4156,2025-08-25,Alexis Badel,5,1,20.00%,1,20.00%,1,1,100.00%,0,0%,4,0,0%,1,25.00%,0,0,0%,0,0%,0,0,0%,0,0%
4157,2025-08-25,Miss K Gregory,1,0,0%,1,0%,0,0,0%,0,0%,0,0,0%,0,0%,0,0,0%,0,0%,1,0,0%,1,100.00%
4158,2025-08-25,Mr John J O'Neill,22,2,9.09%,7,31.82%,1,0,0%,0,0%,11,2,18.18%,2,18.18%,6,0,0%,3,50.00%,4,0,0%,2,50.00%
4159,2025-08-25,Cian Collins,3,0,0%,1,0%,0,0,0%,0,0%,0,0,0%,0,0%,0,0,0%,0,0%,3,0,0%,1,33.33%
4160,2025-08-25,Theodore Ladd,1293,112,8.66%,395,30.55%,723,64,8.85%,215,29.74%,570,48,8.42%,180,31.58%,0,0,0%,0,0%,0,0,0%,0,0%
4161,2025-08-25,Miss C M Berry,6,0,0%,2,0%,0,0,0%,0,0%,6,0,0%,2,33.33%,0,0,0%,0,0%,0,0,0%,0,0%
4162,2025-08-25,R G Ryan,63,7,11.11%,16,25.40%,32,1,3.13%,6,18.75%,31,6,19.35%,10,32.26%,0,0,0%,0,0%,0,0,0%,0,0%
4163,2025-08-25,N Cronin,1,0,0%,0,0%,0,0,0%,0,0%,1,0,0%,0,0%,0,0,0%,0,0%,0,0,0%,0,0%
4164,2025-08-25,Mr J L Scallan,65,7,10.77%,22,33.85%,0,0,0%,0,0%,37,2,5.41%,11,29.73%,21,5,23.81%,8,38.10%,7,0,0%,3,42.86%
4165,2025-08-25,Emily Finnegan,2,0,0%,0,0%,0,0,0%,0,0%,2,0,0%,0,0%,0,0,0%,0,0%,0,0,0%,0,0%
4166,2025-08-25,Mr N Brennan,5,0,0%,1,0%,0,0,0%,0,0%,5,0,0%,1,20.00%,0,0,0%,0,0%,0,0,0%,0,0%
4167,2025-08-25,Michael Coles,10,0,0%,3,0%,6,0,0%,1,16.67%,4,0,0%,2,50.00%,0,0,0%,0,0%,0,0,0%,0,0%
4168,2025-08-25,Rex Dingle,1617,212,13.11%,474,29.31%,6,0,0%,0,0%,162,17,10.49%,58,35.80%,480,72,15.00%,138,28.75%,969,123,12.69%,278,28.69%
4169,2025-08-25,Angus Cheleda,302,38,12.58%,101,33.44%,0,0,0%,0,0%,8,1,12.50%,2,25.00%,95,9,9.47%,32,33.68%,199,28,14.07%,67,33.67%
4170,2025-08-25,Mr A Hark,17,0,0%,3,0%,0,0,0%,0,0%,7,0,0%,1,14.29%,1,0,0%,0,0%,9,0,0%,2,22.22%
4171,2025-08-25,Jacob Mitchell,51,1,1.96%,16,31.37%,27,1,3.70%,9,33.33%,24,0,0%,7,29.17%,0,0,0%,0,0%,0,0,0%,0,0%
4172,2025-08-25,Finley Marsh,2229,269,12.07%,629,28.22%,1134,150,13.23%,329,29.01%,1093,119,10.89%,300,27.45%,2,0,0%,0,0%,0,0,0%,0,0%
4173,2025-08-25,C J Gavin,3,0,0%,0,0%,3,0,0%,0,0%,0,0,0%,0,0%,0,0,0%,0,0%,0,0,0%,0,0%
4174,2025-08-25,Rossa Ryan,6360,965,15.17%,2112,33.21%,3047,494,16.21%,1076,35.31%,3307,471,14.24%,1033,31.24%,6,0,0%,3,50.00%,0,0,0%,0,0%
4175,2025-08-25,Charlie Price,781,66,8.45%,272,34.83%,11,0,0%,7,63.64%,61,3,4.92%,16,26.23%,194,17,8.76%,77,39.69%,515,46,8.93%,172,33.40%
4176,2025-08-25,S P Bird,289,3,1.04%,30,10.38%,74,0,0%,11,14.86%,215,3,1.40%,19,8.84%,0,0,0%,0,0%,0,0,0%,0,0%
4177,2025-08-25,Unknown Jockey,1,0,0%,1,0%,1,0,0%,1,100.00%,0,0,0%,0,0%,0,0,0%,0,0%,0,0,0%,0,0%
4178,2025-08-25,Niamh Crehan,7,0,0%,0,0%,3,0,0%,0,0%,4,0,0%,0,0%,0,0,0%,0,0%,0,0,0%,0,0%
4179,2025-08-25,B Rawiller,1,0,0%,1,0%,0,0,0%,0,0%,0,0,0%,0,0%,0,0,0%,0,0%,0,0,0%,0,0%
4180,2025-08-25,D Yendall,1,0,0%,1,0%,0,0,0%,0,0%,0,0,0%,0,0%,0,0,0%,0,0%,0,0,0%,0,0%
4181,2025-08-25,Kathy O'Hara,1,0,0%,0,0%,0,0,0%,0,0%,0,0,0%,0,0%,0,0,0%,0,0%,0,0,0%,0,0%
4182,2025-08-25,Damian Lane,3,0,0%,1,0%,0,0,0%,0,0%,1,0,0%,0,0%,0,0,0%,0,0%,0,0,0%,0,0%
4183,2025-08-25,A Darmanin,1,0,0%,1,0%,0,0,0%,0,0%,0,0,0%,0,0%,0,0,0%,0,0%,0,0,0%,0,0%
4184,2025-08-25,Regan Bayliss,2,0,0%,1,0%,0,0,0%,0,0%,1,0,0%,0,0%,0,0,0%,0,0%,0,0,0%,0,0%
4185,2025-08-25,G Schofield,1,1,100.00%,0,0.00%,0,0,0%,0,0%,0,0,0%,0,0%,0,0,0%,0,0%,0,0,0%,0,0%
4186,2025-08-25,C D Symons,1,0,0%,0,0%,0,0,0%,0,0%,0,0,0%,0,0%,0,0,0%,0,0%,0,0,0%,0,0%
4187,2025-08-25,Mr T J Matthews,4,0,0%,0,0%,0,0,0%,0,0%,4,0,0%,0,0%,0,0,0%,0,0%,0,0,0%,0,0%
4188,2025-08-25,Miss J Hughes,4,1,25.00%,0,0.00%,0,0,0%,0,0%,1,0,0%,0,0%,2,0,0%,0,0%,1,1,100.00%,0,0%
4189,2025-08-25,Harry Russell,1477,123,8.33%,410,27.76%,717,71,9.90%,213,29.71%,756,52,6.88%,196,25.93%,1,0,0%,1,100.00%,3,0,0%,0,0%
4190,2025-08-25,Mr C A Hughes,4,0,0%,3,0%,0,0,0%,0,0%,0,0,0%,0,0%,4,0,0%,3,75.00%,0,0,0%,0,0%
4191,2025-08-25,Henry Morshead,15,2,13.33%,3,20.00%,0,0,0%,0,0%,1,0,0%,1,100.00%,6,1,16.67%,1,16.67%,8,1,12.50%,1,12.50%
4192,2025-08-25,Darragh Keenan,3305,265,8.02%,816,24.69%,1847,133,7.20%,460,24.91%,1456,132,9.07%,354,24.31%,1,0,0%,1,100.00%,1,0,0%,1,100.00%
4193,2025-08-25,S A Mulcahy,416,12,2.88%,121,29.09%,0,0,0%,0,0%,9,0,0%,1,11.11%,84,3,3.57%,35,41.67%,323,9,2.79%,85,26.32%
4194,2025-08-25,Ollie Jago,12,0,0%,3,0%,9,0,0%,2,22.22%,3,0,0%,1,33.33%,0,0,0%,0,0%,0,0,0%,0,0%
4195,2025-08-25,Mr C A Jones,22,1,4.55%,3,13.64%,13,0,0%,1,7.69%,9,1,11.11%,2,22.22%,0,0,0%,0,0%,0,0,0%,0,0%
4196,2025-08-25,Robson Aguiar,3,0,0%,1,0%,2,0,0%,1,50.00%,1,0,0%,0,0%,0,0,0%,0,0%,0,0,0%,0,0%
4197,2025-08-25,Miss A Mills,1,0,0%,0,0%,0,0,0%,0,0%,0,0,0%,0,0%,0,0,0%,0,0%,1,0,0%,0,0%
4198,2025-08-25,M L Melia,28,0,0%,4,0%,5,0,0%,1,20.00%,23,0,0%,3,13.04%,0,0,0%,0,0%,0,0,0%,0,0%
4199,2025-08-25,Mr D P Holden,2,0,0%,0,0%,0,0,0%,0,0%,0,0,0%,0,0%,0,0,0%,0,0%,2,0,0%,0,0%
4200,2025-08-25,T Beaurain,3,0,0%,1,0%,0,0,0%,0,0%,0,0,0%,0,0%,3,0,0%,1,33.33%,0,0,0%,0,0%
4201,2025-08-25,N Loven,2,0,0%,0,0%,0,0,0%,0,0%,0,0,0%,0,0%,1,0,0%,0,0%,1,0,0%,0,0%
4202,2025-08-25,Richard Kingscote,1,0,0%,0,0%,1,0,0%,0,0%,0,0,0%,0,0%,0,0,0%,0,0%,0,0,0%,0,0%
4203,2025-08-25,Mr K Yeoman,9,0,0%,3,0%,0,0,0%,0,0%,1,0,0%,0,0%,3,0,0%,0,0%,5,0,0%,3,60.00%
4204,2025-08-25,Mr W Delahunty,1,0,0%,1,0%,0,0,0%,0,0%,1,0,0%,1,100.00%,0,0,0%,0,0%,0,0,0%,0,0%
4205,2025-08-25,Mr Charlie Davies,10,0,0%,1,0%,0,0,0%,0,0%,1,0,0%,0,0%,1,0,0%,0,0%,8,0,0%,1,12.50%
4206,2025-08-25,Mr C R Taylor,4,0,0%,0,0%,0,0,0%,0,0%,0,0,0%,0,0%,1,0,0%,0,0%,3,0,0%,0,0%
4207,2025-08-25,S T McCullagh,851,59,6.93%,166,19.51%,184,14,7.61%,36,19.57%,667,45,6.75%,130,19.49%,0,0,0%,0,0%,0,0,0%,0,0%
4208,2025-08-25,N J Terry,1,0,0%,0,0%,0,0,0%,0,0%,0,0,0%,0,0%,1,0,0%,0,0%,0,0,0%,0,0%
4209,2025-08-25,Rochelle Murphy,29,0,0%,4,0%,0,0,0%,0,0%,3,0,0%,2,66.67%,0,0,0%,0,0%,26,0,0%,2,7.69%
4210,2025-08-25,Mr P T Hickey,6,0,0%,3,0%,0,0,0%,0,0%,6,0,0%,3,50.00%,0,0,0%,0,0%,0,0,0%,0,0%
4211,2025-08-25,B Crowley,1,0,0%,0,0%,0,0,0%,0,0%,0,0,0%,0,0%,0,0,0%,0,0%,1,0,0%,0,0%
4212,2025-08-25,Mr L Bleahen,21,1,4.76%,5,23.81%,0,0,0%,0,0%,21,1,4.76%,5,23.81%,0,0,0%,0,0%,0,0,0%,0,0%
4213,2025-08-25,Mr Morgan Winstone,16,2,12.50%,6,37.50%,4,1,25.00%,1,25.00%,2,0,0%,2,100.00%,1,0,0%,0,0%,9,1,11.11%,3,33.33%
4214,2025-08-25,Mr R W J Stoneman,4,0,0%,1,0%,0,0,0%,0,0%,1,0,0%,0,0%,0,0,0%,0,0%,3,0,0%,1,33.33%
4215,2025-08-25,Charlotte McFarland,10,0,0%,3,0%,5,0,0%,0,0%,5,0,0%,3,60.00%,0,0,0%,0,0%,0,0,0%,0,0%
4216,2025-08-25,Mr J Brace,7,1,14.29%,2,28.57%,2,0,0%,1,50.00%,3,1,33.33%,1,33.33%,1,0,0%,0,0%,1,0,0%,0,0%
4217,2025-08-25,Mr J H Jones,8,0,0%,5,0%,0,0,0%,0,0%,0,0,0%,0,0%,8,0,0%,5,62.50%,0,0,0%,0,0%
4218,2025-08-25,Brendan Brooks,3,0,0%,0,0%,0,0,0%,0,0%,0,0,0%,0,0%,0,0,0%,0,0%,3,0,0%,0,0%
4219,2025-08-25,Miss N C Kelly,10,0,0%,1,0%,0,0,0%,0,0%,8,0,0%,1,12.50%,0,0,0%,0,0%,2,0,0%,0,0%
4220,2025-08-25,G Levinson,4,1,25.00%,1,25.00%,0,0,0%,0,0%,0,0,0%,0,0%,4,1,25.00%,1,25.00%,0,0,0%,0,0%
4221,2025-08-25,Miss H V Knowles,4,1,25.00%,1,25.00%,2,1,50.00%,0,0%,2,0,0%,1,50.00%,0,0,0%,0,0%,0,0,0%,0,0%
4222,2025-08-25,S B Kirrane,518,61,11.78%,175,33.78%,146,15,10.27%,44,30.14%,372,46,12.37%,131,35.22%,0,0,0%,0,0%,0,0,0%,0,0%
4223,2025-08-25,Callum McKinnes,91,11,12.09%,30,32.97%,1,0,0%,0,0%,4,0,0%,1,25.00%,24,5,20.83%,9,37.50%,62,6,9.68%,20,32.26%
4224,2025-08-25,Rhona Pindar,268,13,4.85%,77,28.73%,95,3,3.16%,29,30.53%,172,10,5.81%,48,27.91%,1,0,0%,0,0%,0,0,0%,0,0%
4225,2025-08-25,D J McInerney,1120,91,8.13%,268,23.93%,0,0,0%,0,0%,8,0,0%,3,37.50%,322,31,9.63%,100,31.06%,790,60,7.59%,165,20.89%
4226,2025-08-25,Miss E Taff,1,0,0%,0,0%,1,0,0%,0,0%,0,0,0%,0,0%,0,0,0%,0,0%,0,0,0%,0,0%
4227,2025-08-25,T N Brett,414,17,4.11%,96,23.19%,0,0,0%,0,0%,33,2,6.06%,8,24.24%,48,1,2.08%,11,22.92%,333,14,4.20%,77,23.12%
4228,2025-08-25,Mr M S Harris,10,1,10.00%,3,30.00%,4,0,0%,2,50.00%,6,1,16.67%,1,16.67%,0,0,0%,0,0%,0,0,0%,0,0%
4229,2025-08-25,Miss S A Trotter,3,0,0%,1,0%,1,0,0%,0,0%,2,0,0%,1,50.00%,0,0,0%,0,0%,0,0,0%,0,0%
4230,2025-08-25,Harrison Shaw,2371,191,8.06%,703,29.65%,806,60,7.44%,248,30.77%,1564,131,8.38%,454,29.03%,1,0,0%,1,100.00%,0,0,0%,0,0%
4231,2025-08-25,R L Brennan,12,0,0%,1,0%,0,0,0%,0,0%,1,0,0%,0,0%,1,0,0%,0,0%,10,0,0%,1,10.00%
4232,2025-08-25,Jessica Cooley,143,10,6.99%,39,27.27%,52,3,5.77%,14,26.92%,91,7,7.69%,25,27.47%,0,0,0%,0,0%,0,0,0%,0,0%
4233,2025-08-25,Sebastian Woods,381,47,12.34%,142,37.27%,161,18,11.18%,63,39.13%,220,29,13.18%,79,35.91%,0,0,0%,0,0%,0,0,0%,0,0%
4234,2025-08-25,Mr H Wallace,2,0,0%,1,0%,0,0,0%,0,0%,0,0,0%,0,0%,2,0,0%,1,50.00%,0,0,0%,0,0%
4235,2025-08-25,2lt Billy Aprahamian,1,0,0%,1,0%,0,0,0%,0,0%,0,0,0%,0,0%,1,0,0%,1,100.00%,0,0,0%,0,0%
4236,2025-08-25,Miss A Peck,44,5,11.36%,14,31.82%,8,2,25.00%,3,37.50%,29,2,6.90%,8,27.59%,3,0,0%,2,66.67%,4,1,25.00%,1,25.00%
4237,2025-08-25,Lorcan Williams,1140,148,12.98%,378,33.16%,1,0,0%,0,0%,107,15,14.02%,37,34.58%,380,54,14.21%,131,34.47%,652,79,12.12%,210,32.21%
4238,2025-08-25,Mr J R Patterson,1,0,0%,0,0%,1,0,0%,0,0%,0,0,0%,0,0%,0,0,0%,0,0%,0,0,0%,0,0%
4239,2025-08-25,Mr Nathan McCann,4,0,0%,1,0%,1,0,0%,0,0%,3,0,0%,1,33.33%,0,0,0%,0,0%,0,0,0%,0,0%
4240,2025-08-25,Jason Watson,4261,540,12.67%,1507,35.37%,1732,208,12.01%,666,38.45%,2522,331,13.12%,838,33.23%,7,1,14.29%,3,42.86%,0,0,0%,0,0%
4241,2025-08-25,Isobel Francis,309,14,4.53%,71,22.98%,150,7,4.67%,29,19.33%,159,7,4.40%,42,26.42%,0,0,0%,0,0%,0,0,0%,0,0%
4242,2025-08-25,Mr B W Harvey,149,21,14.09%,50,33.56%,1,0,0%,1,100.00%,89,12,13.48%,30,33.71%,28,5,17.86%,5,17.86%,31,4,12.90%,14,45.16%
4243,2025-08-25,D M Hannigan,6,0,0%,1,0%,3,0,0%,1,33.33%,3,0,0%,0,0%,0,0,0%,0,0%,0,0,0%,0,0%
4244,2025-08-25,N M Crosse,2433,139,5.71%,484,19.89%,605,29,4.79%,119,19.67%,1828,110,6.02%,365,19.97%,0,0,0%,0,0%,0,0,0%,0,0%
4245,2025-08-25,Miss C Tucker,2,0,0%,1,0%,0,0,0%,0,0%,0,0,0%,0,0%,2,0,0%,1,50.00%,0,0,0%,0,0%
4246,2025-08-25,Miss K Evans,8,0,0%,3,0%,0,0,0%,0,0%,8,0,0%,3,37.50%,0,0,0%,0,0%,0,0,0%,0,0%
4247,2025-08-25,Keelan Baker,101,2,1.98%,21,20.79%,56,1,1.79%,12,21.43%,45,1,2.22%,9,20.00%,0,0,0%,0,0%,0,0,0%,0,0%
4248,2025-08-25,Connor Murtagh,1689,113,6.69%,515,30.49%,556,40,7.19%,181,32.55%,1133,73,6.44%,334,29.48%,0,0,0%,0,0%,0,0,0%,0,0%
4249,2025-08-25,Vanessa Maye,75,4,5.33%,14,18.67%,32,4,12.50%,5,15.63%,43,0,0%,9,20.93%,0,0,0%,0,0%,0,0,0%,0,0%
4250,2025-08-25,W T Byrne,331,16,4.83%,68,20.54%,81,6,7.41%,13,16.05%,250,10,4.00%,55,22.00%,0,0,0%,0,0%,0,0,0%,0,0%
4251,2025-08-25,M J Doyle,39,0,0%,4,0%,1,0,0%,0,0%,1,0,0%,0,0%,3,0,0%,0,0%,34,0,0%,4,11.76%
4252,2025-08-25,Sharna Armstrong,10,1,10.00%,3,30.00%,7,0,0%,2,28.57%,3,1,33.33%,1,33.33%,0,0,0%,0,0%,0,0,0%,0,0%
4253,2025-08-25,Seamus Cronin,326,37,11.35%,119,36.50%,154,13,8.44%,60,38.96%,165,24,14.55%,59,35.76%,0,0,0%,0,0%,7,0,0%,0,0%
4254,2025-08-25,Mr Max Jenkins,4,0,0%,1,0%,0,0,0%,0,0%,0,0,0%,0,0%,0,0,0%,0,0%,4,0,0%,1,25.00%
4255,2025-08-25,Mr Domenico D'alo,5,1,20.00%,2,40.00%,0,0,0%,0,0%,0,0,0%,0,0%,1,0,0%,0,0%,4,1,25.00%,2,50.00%
4256,2025-08-25,W Aprahamian,3,1,33.33%,1,33.33%,0,0,0%,0,0%,0,0,0%,0,0%,1,0,0%,0,0%,2,1,50.00%,1,50.00%
4257,2025-08-25,Mr W B Ramsay,1,0,0%,1,0%,0,0,0%,0,0%,0,0,0%,0,0%,1,0,0%,1,100.00%,0,0,0%,0,0%
4258,2025-08-25,Mr C J D Rawdon-mogg,7,0,0%,1,0%,0,0,0%,0,0%,1,0,0%,0,0%,5,0,0%,1,20.00%,1,0,0%,0,0%
4259,2025-08-25,Mr Charles O'Shea,1,0,0%,0,0%,0,0,0%,0,0%,0,0,0%,0,0%,1,0,0%,0,0%,0,0,0%,0,0%
4260,2025-08-25,Tristan Price,74,7,9.46%,25,33.78%,31,1,3.23%,11,35.48%,43,6,13.95%,14,32.56%,0,0,0%,0,0%,0,0,0%,0,0%
4261,2025-08-25,Mr M A S Comley,4,0,0%,1,0%,0,0,0%,0,0%,0,0,0%,0,0%,4,0,0%,1,25.00%,0,0,0%,0,0%
4262,2025-08-25,G M Ryan,2713,228,8.40%,696,25.65%,591,54,9.14%,170,28.76%,2122,174,8.20%,526,24.79%,0,0,0%,0,0%,0,0,0%,0,0%
4263,2025-08-25,Mr G Levinson,4,1,25.00%,0,0.00%,0,0,0%,0,0%,0,0,0%,0,0%,4,1,25.00%,0,0%,0,0,0%,0,0%
4264,2025-08-25,Mr H Crow,23,9,39.13%,2,8.70%,0,0,0%,0,0%,2,2,100.00%,0,0%,21,7,33.33%,2,9.52%,0,0,0%,0,0%
4265,2025-08-25,J D Benson,6,0,0%,4,0%,0,0,0%,0,0%,0,0,0%,0,0%,1,0,0%,0,0%,5,0,0%,4,80.00%
4266,2025-08-25,Mr T J Love,52,3,5.77%,17,32.69%,0,0,0%,0,0%,28,1,3.57%,9,32.14%,19,2,10.53%,6,31.58%,5,0,0%,2,40.00%
4267,2025-08-25,Mr B Godfrey,2,2,100.00%,0,0.00%,0,0,0%,0,0%,1,1,100.00%,0,0%,1,1,100.00%,0,0%,0,0,0%,0,0%
4268,2025-08-25,Mr D P Maxwell,10,1,10.00%,1,10.00%,0,0,0%,0,0%,5,0,0%,0,0%,1,0,0%,0,0%,4,1,25.00%,1,25.00%
4269,2025-08-25,P Dubourg,1,0,0%,1,0%,0,0,0%,0,0%,0,0,0%,0,0%,0,0,0%,0,0%,1,0,0%,1,100.00%
4270,2025-08-25,Paul St John-dennis,3,0,0%,1,0%,1,0,0%,0,0%,2,0,0%,1,50.00%,0,0,0%,0,0%,0,0,0%,0,0%
4271,2025-08-25,Lenka Helmecka,12,0,0%,5,0%,4,0,0%,1,25.00%,8,0,0%,4,50.00%,0,0,0%,0,0%,0,0,0%,0,0%
4272,2025-08-25,Mr C J W Furness,11,2,18.18%,4,36.36%,0,0,0%,0,0%,1,0,0%,0,0%,10,2,20.00%,4,40.00%,0,0,0%,0,0%
4273,2025-08-25,Miss A Collier,78,7,8.97%,35,44.87%,7,0,0%,2,28.57%,70,7,10.00%,33,47.14%,1,0,0%,0,0%,0,0,0%,0,0%
4274,2025-08-25,D J O'Keeffe,3809,362,9.50%,1063,27.91%,10,0,0%,3,30.00%,86,4,4.65%,16,18.60%,1197,140,11.70%,374,31.24%,2516,218,8.66%,670,26.63%
4275,2025-08-25,Mr Angus Cheleda,2,1,50.00%,0,0.00%,0,0,0%,0,0%,0,0,0%,0,0%,0,0,0%,0,0%,2,1,50.00%,0,0%
4276,2025-08-25,J Resimont,2,0,0%,0,0%,0,0,0%,0,0%,2,0,0%,0,0%,0,0,0%,0,0%,0,0,0%,0,0%
4277,2025-08-25,Mr R W Kavanagh,1,0,0%,0,0%,0,0,0%,0,0%,0,0,0%,0,0%,1,0,0%,0,0%,0,0,0%,0,0%
4278,2025-08-25,Mr B Treneer,5,0,0%,1,0%,0,0,0%,0,0%,0,0,0%,0,0%,3,0,0%,1,33.33%,2,0,0%,0,0%
4279,2025-08-25,C Heavey,30,2,6.67%,7,23.33%,12,2,16.67%,4,33.33%,18,0,0%,3,16.67%,0,0,0%,0,0%,0,0,0%,0,0%
4280,2025-08-25,Mr J C Bowen,12,1,8.33%,7,58.33%,0,0,0%,0,0%,1,0,0%,1,100.00%,6,0,0%,3,50.00%,5,1,20.00%,3,60.00%
4281,2025-08-25,Mr E Shaw,8,0,0%,1,0%,0,0,0%,0,0%,3,0,0%,0,0%,3,0,0%,1,33.33%,2,0,0%,0,0%
4282,2025-08-25,Faye McManoman,984,72,7.32%,218,22.15%,351,25,7.12%,74,21.08%,633,47,7.42%,144,22.75%,0,0,0%,0,0%,0,0,0%,0,0%
4283,2025-08-25,Mr M J Doyle,4,0,0%,1,0%,0,0,0%,0,0%,1,0,0%,0,0%,2,0,0%,1,50.00%,1,0,0%,0,0%
4284,2025-08-25,Miss M Fortune,7,0,0%,0,0%,0,0,0%,0,0%,7,0,0%,0,0%,0,0,0%,0,0%,0,0,0%,0,0%
4285,2025-08-25,Mr J A Anderson,1,0,0%,0,0%,0,0,0%,0,0%,0,0,0%,0,0%,1,0,0%,0,0%,0,0,0%,0,0%
4286,2025-08-25,D E Browne,68,0,0%,13,0%,0,0,0%,0,0%,2,0,0%,0,0%,1,0,0%,0,0%,65,0,0%,13,20.00%
4287,2025-08-25,Mr S J P Baragry,40,1,2.50%,12,30.00%,0,0,0%,0,0%,25,1,4.00%,6,24.00%,5,0,0%,2,40.00%,10,0,0%,4,40.00%
4288,2025-08-25,Mr David Maxwell,11,1,9.09%,5,45.45%,0,0,0%,0,0%,3,0,0%,2,66.67%,6,1,16.67%,3,50.00%,2,0,0%,0,0%
4289,2025-08-25,Mr D Cherriman,14,1,7.14%,4,28.57%,0,0,0%,0,0%,0,0,0%,0,0%,13,1,7.69%,3,23.08%,1,0,0%,1,100.00%
4290,2025-08-25,S Perry,11,0,0%,4,0%,0,0,0%,0,0%,0,0,0%,0,0%,0,0,0%,0,0%,11,0,0%,4,36.36%
4291,2025-08-25,Mr R J Gault,2,0,0%,0,0%,0,0,0%,0,0%,2,0,0%,0,0%,0,0,0%,0,0%,0,0,0%,0,0%
4292,2025-08-25,Patrick O'Hanlon,2,0,0%,1,0%,0,0,0%,0,0%,2,0,0%,1,50.00%,0,0,0%,0,0%,0,0,0%,0,0%
4293,2025-08-25,Raymond Dawson,46,3,6.52%,17,36.96%,4,0,0%,0,0%,42,3,7.14%,17,40.48%,0,0,0%,0,0%,0,0,0%,0,0%
4294,2025-08-25,J Nailor,247,19,7.69%,95,38.46%,5,0,0%,1,20.00%,51,7,13.73%,16,31.37%,67,6,8.96%,25,37.31%,124,6,4.84%,53,42.74%
4295,2025-08-25,A Anderson,1,0,0%,0,0%,0,0,0%,0,0%,0,0,0%,0,0%,1,0,0%,0,0%,0,0,0%,0,0%
4296,2025-08-25,Mrs A Cox,12,0,0%,3,0%,0,0,0%,0,0%,0,0,0%,0,0%,10,0,0%,3,30.00%,2,0,0%,0,0%
4297,2025-08-25,Mr B R Jones,3,0,0%,1,0%,0,0,0%,0,0%,1,0,0%,0,0%,2,0,0%,1,50.00%,0,0,0%,0,0%
4298,2025-08-25,Mr C J Robertson,7,0,0%,2,0%,0,0,0%,0,0%,0,0,0%,0,0%,1,0,0%,0,0%,6,0,0%,2,33.33%
4299,2025-08-25,Mr P J McGrath,2,0,0%,0,0%,0,0,0%,0,0%,2,0,0%,0,0%,0,0,0%,0,0%,0,0,0%,0,0%
4300,2025-08-25,Mr I Haughan,1,1,100.00%,0,0.00%,0,0,0%,0,0%,1,1,100.00%,0,0%,0,0,0%,0,0%,0,0,0%,0,0%
4301,2025-08-25,Trudie Smith,1,0,0%,1,0%,0,0,0%,0,0%,1,0,0%,1,100.00%,0,0,0%,0,0%,0,0,0%,0,0%
4302,2025-08-25,Miss D Hogan,1,0,0%,1,0%,0,0,0%,0,0%,1,0,0%,1,100.00%,0,0,0%,0,0%,0,0,0%,0,0%
4303,2025-08-25,Joanne Lavery,1,0,0%,1,0%,0,0,0%,0,0%,1,0,0%,1,100.00%,0,0,0%,0,0%,0,0,0%,0,0%
4304,2025-08-25,Hugo McDermott,1,0,0%,1,0%,0,0,0%,0,0%,1,0,0%,1,100.00%,0,0,0%,0,0%,0,0,0%,0,0%
4305,2025-08-25,Emer Molloy,1,0,0%,0,0%,0,0,0%,0,0%,1,0,0%,0,0%,0,0,0%,0,0%,0,0,0%,0,0%
4306,2025-08-25,Aine Phelan,1,0,0%,0,0%,0,0,0%,0,0%,1,0,0%,0,0%,0,0,0%,0,0%,0,0,0%,0,0%
4307,2025-08-25,Thomas Williams,1,0,0%,0,0%,0,0,0%,0,0%,1,0,0%,0,0%,0,0,0%,0,0%,0,0,0%,0,0%
4308,2025-08-25,Maria Kelly,1,0,0%,0,0%,0,0,0%,0,0%,1,0,0%,0,0%,0,0,0%,0,0%,0,0,0%,0,0%
4309,2025-08-25,Mary Jane Kearney,1,0,0%,0,0%,0,0,0%,0,0%,1,0,0%,0,0%,0,0,0%,0,0%,0,0,0%,0,0%
4310,2025-08-25,Kate McPhillips,1,0,0%,0,0%,0,0,0%,0,0%,1,0,0%,0,0%,0,0,0%,0,0%,0,0,0%,0,0%
4311,2025-08-25,Richy Walsh,1,0,0%,0,0%,0,0,0%,0,0%,1,0,0%,0,0%,0,0,0%,0,0%,0,0,0%,0,0%
4312,2025-08-25,Clare Howes,1,0,0%,0,0%,0,0,0%,0,0%,1,0,0%,0,0%,0,0,0%,0,0%,0,0,0%,0,0%
4313,2025-08-25,Siobhan O'Sullivan,1,0,0%,0,0%,0,0,0%,0,0%,1,0,0%,0,0%,0,0,0%,0,0%,0,0,0%,0,0%
4314,2025-08-25,Amy Buckley,1,0,0%,0,0%,0,0,0%,0,0%,1,0,0%,0,0%,0,0,0%,0,0%,0,0,0%,0,0%
4315,2025-08-25,J McGuire,1,0,0%,0,0%,0,0,0%,0,0%,1,0,0%,0,0%,0,0,0%,0,0%,0,0,0%,0,0%
4316,2025-08-25,Miss H Godfrey,2,0,0%,1,0%,2,0,0%,1,50.00%,0,0,0%,0,0%,0,0,0%,0,0%,0,0,0%,0,0%
4317,2025-08-25,Miss J Palmer-kimpton,1,0,0%,0,0%,1,0,0%,0,0%,0,0,0%,0,0%,0,0,0%,0,0%,0,0,0%,0,0%
4318,2025-08-25,Mr N F Houlihan,2,0,0%,1,0%,0,0,0%,0,0%,2,0,0%,1,50.00%,0,0,0%,0,0%,0,0,0%,0,0%
4319,2025-08-25,Mr H P Cleary,4,0,0%,0,0%,0,0,0%,0,0%,4,0,0%,0,0%,0,0,0%,0,0%,0,0,0%,0,0%
4320,2025-08-25,Mr T G Mahon,4,0,0%,0,0%,0,0,0%,0,0%,4,0,0%,0,0%,0,0,0%,0,0%,0,0,0%,0,0%
4321,2025-08-25,Mr B Durrell,1,0,0%,0,0%,0,0,0%,0,0%,0,0,0%,0,0%,1,0,0%,0,0%,0,0,0%,0,0%
4322,2025-08-25,Mr W Thirlby,10,1,10.00%,2,20.00%,1,0,0%,0,0%,0,0,0%,0,0%,9,1,11.11%,2,22.22%,0,0,0%,0,0%
4323,2025-08-25,Lilly Pinchin,51,6,11.76%,17,33.33%,0,0,0%,0,0%,19,3,15.79%,5,26.32%,6,2,33.33%,2,33.33%,26,1,3.85%,10,38.46%
4324,2025-08-25,J M Andrews,14,1,7.14%,3,21.43%,0,0,0%,0,0%,4,0,0%,1,25.00%,10,1,10.00%,2,20.00%,0,0,0%,0,0%
4325,2025-08-25,Miss A Cawley,6,0,0%,4,0%,0,0,0%,0,0%,6,0,0%,4,66.67%,0,0,0%,0,0%,0,0,0%,0,0%
4326,2025-08-25,Bryan Carver,1189,156,13.12%,339,28.51%,10,0,0%,5,50.00%,95,11,11.58%,28,29.47%,415,70,16.87%,129,31.08%,669,75,11.21%,177,26.46%
4327,2025-08-25,Mr T Willmott,3,0,0%,1,0%,0,0,0%,0,0%,0,0,0%,0,0%,2,0,0%,0,0%,1,0,0%,1,100.00%
4328,2025-08-25,Mr D P Murphy,4,0,0%,2,0%,0,0,0%,0,0%,2,0,0%,1,50.00%,2,0,0%,1,50.00%,0,0,0%,0,0%
4329,2025-08-25,Ray Dawson,2107,246,11.68%,655,31.09%,838,104,12.41%,281,33.53%,1267,142,11.21%,373,29.44%,2,0,0%,1,50.00%,0,0,0%,0,0%
4330,2025-08-25,Mr R A Foley,4,0,0%,1,0%,0,0,0%,0,0%,4,0,0%,1,25.00%,0,0,0%,0,0%,0,0,0%,0,0%
4331,2025-08-25,Thomas Huet,1,0,0%,0,0%,0,0,0%,0,0%,1,0,0%,0,0%,0,0,0%,0,0%,0,0,0%,0,0%
4332,2025-08-25,Paul J Jones,9,0,0%,1,0%,1,0,0%,0,0%,8,0,0%,1,12.50%,0,0,0%,0,0%,0,0,0%,0,0%
4333,2025-08-25,Ms S Kavanagh,2,0,0%,0,0%,0,0,0%,0,0%,2,0,0%,0,0%,0,0,0%,0,0%,0,0,0%,0,0%
4334,2025-08-25,Mr F Procter,20,2,10.00%,3,15.00%,0,0,0%,0,0%,3,0,0%,1,33.33%,2,0,0%,0,0%,15,2,13.33%,2,13.33%
4335,2025-08-25,Gavin Lerena,46,2,4.35%,20,43.48%,8,0,0%,3,37.50%,38,2,5.26%,17,44.74%,0,0,0%,0,0%,0,0,0%,0,0%
4336,2025-08-25,Oliver Daykin,3,0,0%,2,0%,1,0,0%,1,100.00%,2,0,0%,1,50.00%,0,0,0%,0,0%,0,0,0%,0,0%
4337,2025-08-25,Zoe Boardman,11,0,0%,2,0%,6,0,0%,1,16.67%,5,0,0%,1,20.00%,0,0,0%,0,0%,0,0,0%,0,0%
4338,2025-08-25,K G Steyn,15,0,0%,4,0%,0,0,0%,0,0%,15,0,0%,4,26.67%,0,0,0%,0,0%,0,0,0%,0,0%
4339,2025-08-25,Andrew Breslin,1195,68,5.69%,327,27.36%,402,18,4.48%,117,29.10%,792,50,6.31%,210,26.52%,1,0,0%,0,0%,0,0,0%,0,0%
4340,2025-08-25,Aarron Miller,4,0,0%,0,0%,1,0,0%,0,0%,3,0,0%,0,0%,0,0,0%,0,0%,0,0,0%,0,0%
4341,2025-08-25,Miss Emma Yardley,20,3,15.00%,2,10.00%,1,0,0%,0,0%,1,0,0%,1,100.00%,11,3,27.27%,1,9.09%,7,0,0%,0,0%
4342,2025-08-25,Sean Levey,1,0,0%,1,0%,0,0,0%,0,0%,1,0,0%,1,100.00%,0,0,0%,0,0%,0,0,0%,0,0%
4343,2025-08-25,L T McAteer,1818,153,8.42%,373,20.52%,504,44,8.73%,107,21.23%,1310,109,8.32%,263,20.08%,0,0,0%,0,0%,4,0,0%,3,75.00%
4344,2025-08-25,S P Houlihan,4,0,0%,1,0%,0,0,0%,0,0%,0,0,0%,0,0%,0,0,0%,0,0%,4,0,0%,1,25.00%
4345,2025-08-25,Sarah Kavanagh,266,6,2.26%,37,13.91%,0,0,0%,0,0%,39,2,5.13%,5,12.82%,34,1,2.94%,9,26.47%,193,3,1.55%,23,11.92%
4346,2025-08-25,Thomas Willmott,591,47,7.95%,207,35.03%,4,0,0%,1,25.00%,37,0,0%,9,24.32%,198,21,10.61%,84,42.42%,352,26,7.39%,113,32.10%
4347,2025-08-25,K Yeoman,122,9,7.38%,46,37.70%,1,0,0%,0,0%,4,0,0%,1,25.00%,52,4,7.69%,19,36.54%,65,5,7.69%,26,40.00%
4348,2025-08-25,Abbie McCain,272,26,9.56%,98,36.03%,15,1,6.67%,4,26.67%,51,4,7.84%,15,29.41%,2,0,0%,0,0%,204,21,10.29%,79,38.73%
4349,2025-08-25,Miss S L McGlynn,1,0,0%,0,0%,0,0,0%,0,0%,1,0,0%,0,0%,0,0,0%,0,0%,0,0,0%,0,0%
4350,2025-08-25,Mr T B Lyons,13,0,0%,1,0%,0,0,0%,0,0%,7,0,0%,0,0%,1,0,0%,0,0%,5,0,0%,1,20.00%
4351,2025-08-25,Mr David O'Brien,23,2,8.70%,8,34.78%,0,0,0%,0,0%,0,0,0%,0,0%,23,2,8.70%,8,34.78%,0,0,0%,0,0%
4352,2025-08-25,Mr M Galligan,2,0,0%,0,0%,0,0,0%,0,0%,2,0,0%,0,0%,0,0,0%,0,0%,0,0,0%,0,0%
4353,2025-08-25,Miss S Stevens,23,1,4.35%,7,30.43%,10,1,10.00%,3,30.00%,12,0,0%,4,33.33%,1,0,0%,0,0%,0,0,0%,0,0%
4354,2025-08-25,Miss Emma Smith-Chaston,2,0,0%,1,0%,0,0,0%,0,0%,2,0,0%,1,50.00%,0,0,0%,0,0%,0,0,0%,0,0%
4355,2025-08-25,Miss A K Phelan,3,0,0%,0,0%,0,0,0%,0,0%,3,0,0%,0,0%,0,0,0%,0,0%,0,0,0%,0,0%
4356,2025-08-25,Zak Wheatley,906,79,8.72%,195,21.52%,282,23,8.16%,65,23.05%,624,56,8.97%,130,20.83%,0,0,0%,0,0%,0,0,0%,0,0%
4357,2025-08-25,Mr F Stack,6,0,0%,2,0%,0,0,0%,0,0%,2,0,0%,0,0%,2,0,0%,1,50.00%,1,0,0%,0,0%
4358,2025-08-25,Michelle Payne,1,0,0%,1,0%,0,0,0%,0,0%,1,0,0%,1,100.00%,0,0,0%,0,0%,0,0,0%,0,0%
4359,2025-08-25,David Flores,3,0,0%,1,0%,0,0,0%,0,0%,3,0,0%,1,33.33%,0,0,0%,0,0%,0,0,0%,0,0%
4360,2025-08-25,Elisha Whittington,845,46,5.44%,217,25.68%,533,34,6.38%,143,26.83%,312,12,3.85%,74,23.72%,0,0,0%,0,0%,0,0,0%,0,0%
4361,2025-08-25,T P Roche,1,0,0%,0,0%,0,0,0%,0,0%,1,0,0%,0,0%,0,0,0%,0,0%,0,0,0%,0,0%
4362,2025-08-25,Emma Taff,81,1,1.23%,32,39.51%,34,0,0%,8,23.53%,47,1,2.13%,24,51.06%,0,0,0%,0,0%,0,0,0%,0,0%
4363,2025-08-25,Miss I Marshall,1,0,0%,1,0%,0,0,0%,0,0%,1,0,0%,1,100.00%,0,0,0%,0,0%,0,0,0%,0,0%
4364,2025-08-25,D Hayes,1,0,0%,0,0%,0,0,0%,0,0%,1,0,0%,0,0%,0,0,0%,0,0%,0,0,0%,0,0%
4365,2025-08-25,Levi Williams,152,12,7.89%,42,27.63%,127,10,7.87%,39,30.71%,25,2,8.00%,3,12.00%,0,0,0%,0,0%,0,0,0%,0,0%
4366,2025-08-25,R M Short,36,0,0%,4,0%,3,0,0%,0,0%,3,0,0%,1,33.33%,6,0,0%,1,16.67%,24,0,0%,2,8.33%
4367,2025-08-25,James Bowen,3004,457,15.21%,1050,34.95%,14,0,0%,7,50.00%,258,37,14.34%,99,38.37%,1110,197,17.75%,364,32.79%,1622,223,13.75%,580,35.76%
4368,2025-08-25,Miss E Pickard,6,0,0%,0,0%,0,0,0%,0,0%,0,0,0%,0,0%,4,0,0%,0,0%,2,0,0%,0,0%
4369,2025-08-25,Mr J Cummins,6,0,0%,0,0%,0,0,0%,0,0%,6,0,0%,0,0%,0,0,0%,0,0%,0,0,0%,0,0%
4370,2025-08-25,Mr James Morley,6,0,0%,2,0%,2,0,0%,2,100.00%,4,0,0%,0,0%,0,0,0%,0,0%,0,0,0%,0,0%
4371,2025-08-25,George Bass,1059,106,10.01%,315,29.75%,517,57,11.03%,152,29.40%,537,49,9.12%,162,30.17%,5,0,0%,1,20.00%,0,0,0%,0,0%
4372,2025-08-25,Mr D P Dunne,5,0,0%,2,0%,0,0,0%,0,0%,4,0,0%,2,50.00%,0,0,0%,0,0%,1,0,0%,0,0%
4373,2025-08-25,Mr B T Rantall,1,0,0%,0,0%,0,0,0%,0,0%,1,0,0%,0,0%,0,0,0%,0,0%,0,0,0%,0,0%
4374,2025-08-25,A C Persse,782,27,3.45%,136,17.39%,284,14,4.93%,64,22.54%,498,13,2.61%,72,14.46%,0,0,0%,0,0%,0,0,0%,0,0%
4375,2025-08-25,L P Gilligan,9,2,22.22%,1,11.11%,0,0,0%,0,0%,6,2,33.33%,1,16.67%,0,0,0%,0,0%,3,0,0%,0,0%
4376,2025-08-25,Mr H Gourdain,1,0,0%,0,0%,0,0,0%,0,0%,1,0,0%,0,0%,0,0,0%,0,0%,0,0,0%,0,0%
4377,2025-08-25,Mr Nathan Howie,1,0,0%,0,0%,0,0,0%,0,0%,1,0,0%,0,0%,0,0,0%,0,0%,0,0,0%,0,0%
4378,2025-08-25,E M Roche,21,1,4.76%,3,14.29%,0,0,0%,0,0%,0,0,0%,0,0%,0,0,0%,0,0%,21,1,4.76%,3,14.29%
4379,2025-08-25,S P Kelly,26,0,0%,5,0%,0,0,0%,0,0%,0,0,0%,0,0%,2,0,0%,0,0%,24,0,0%,5,20.83%
4380,2025-08-25,Mr H McOwan,22,4,18.18%,4,18.18%,0,0,0%,0,0%,20,4,20.00%,4,20.00%,1,0,0%,0,0%,1,0,0%,0,0%
4382,2025-08-25,Kerrie Raybould,47,3,6.38%,20,42.55%,41,3,7.32%,18,43.90%,6,0,0%,2,33.33%,0,0,0%,0,0%,0,0,0%,0,0%
4383,2025-08-25,Miss Ella McCain,6,2,33.33%,1,16.67%,0,0,0%,0,0%,6,2,33.33%,1,16.67%,0,0,0%,0,0%,0,0,0%,0,0%
4384,2025-08-25,E Hardouin,2,0,0%,1,0%,1,0,0%,1,100.00%,1,0,0%,0,0%,0,0,0%,0,0%,0,0,0%,0,0%
4385,2025-08-25,Alain Cawley,921,68,7.38%,260,28.23%,5,0,0%,1,20.00%,41,7,17.07%,16,39.02%,332,30,9.04%,98,29.52%,543,31,5.71%,145,26.70%
4386,2025-08-25,Dave Crosse,344,21,6.10%,103,29.94%,3,0,0%,0,0%,18,0,0%,4,22.22%,104,13,12.50%,40,38.46%,219,8,3.65%,59,26.94%
4387,2025-08-25,Andrew Tinkler,339,32,9.44%,122,35.99%,2,1,50.00%,0,0%,52,4,7.69%,17,32.69%,81,8,9.88%,37,45.68%,204,19,9.31%,68,33.33%
4388,2025-08-25,Edward Austin,521,37,7.10%,135,25.91%,4,1,25.00%,0,0%,21,0,0%,3,14.29%,113,7,6.19%,39,34.51%,383,29,7.57%,93,24.28%
4389,2025-08-25,Lynne McLoughlin,5,1,20.00%,3,60.00%,0,0,0%,0,0%,5,1,20.00%,3,60.00%,0,0,0%,0,0%,0,0,0%,0,0%
4390,2025-08-25,Orla Donworth,4,0,0%,3,0%,0,0,0%,0,0%,4,0,0%,3,75.00%,0,0,0%,0,0%,0,0,0%,0,0%
4391,2025-08-25,T Gredley,4,0,0%,3,0%,0,0,0%,0,0%,1,0,0%,1,100.00%,3,0,0%,2,66.67%,0,0,0%,0,0%
4392,2025-08-25,Deborah Mangan,3,0,0%,1,0%,0,0,0%,0,0%,3,0,0%,1,33.33%,0,0,0%,0,0%,0,0,0%,0,0%
4393,2025-08-25,Fiona Ahern,4,0,0%,1,0%,0,0,0%,0,0%,4,0,0%,1,25.00%,0,0,0%,0,0%,0,0,0%,0,0%
4394,2025-08-25,Louise Burnell,3,0,0%,0,0%,0,0,0%,0,0%,3,0,0%,0,0%,0,0,0%,0,0%,0,0,0%,0,0%
4395,2025-08-25,Patricia Newman,3,0,0%,0,0%,0,0,0%,0,0%,3,0,0%,0,0%,0,0,0%,0,0%,0,0,0%,0,0%
4396,2025-08-25,Jessica O'Gara,3,0,0%,0,0%,0,0,0%,0,0%,3,0,0%,0,0%,0,0,0%,0,0%,0,0,0%,0,0%
4397,2025-08-25,Diana Hogan Murphy,4,0,0%,1,0%,0,0,0%,0,0%,4,0,0%,1,25.00%,0,0,0%,0,0%,0,0,0%,0,0%
4398,2025-08-25,Paul Devereaux,3,0,0%,0,0%,0,0,0%,0,0%,3,0,0%,0,0%,0,0,0%,0,0%,0,0,0%,0,0%
4399,2025-08-25,M Gallagher,4,0,0%,0,0%,1,0,0%,0,0%,3,0,0%,0,0%,0,0,0%,0,0%,0,0,0%,0,0%
4400,2025-08-25,Shariq Mohd,145,10,6.90%,28,19.31%,62,0,0%,13,20.97%,83,10,12.05%,15,18.07%,0,0,0%,0,0%,0,0,0%,0,0%
4401,2025-08-25,Mr Joseph Williamson,1,0,0%,0,0%,0,0,0%,0,0%,0,0,0%,0,0%,0,0,0%,0,0%,1,0,0%,0,0%
4402,2025-08-25,Miss Gina Andrews,232,36,15.52%,63,27.16%,2,1,50.00%,0,0%,21,1,4.76%,4,19.05%,135,27,20.00%,42,31.11%,74,7,9.46%,17,22.97%
4403,2025-08-25,Mr M Haigh,1,0,0%,0,0%,0,0,0%,0,0%,1,0,0%,0,0%,0,0,0%,0,0%,0,0,0%,0,0%
4404,2025-08-25,Mr H Myddelton,25,4,16.00%,6,24.00%,1,0,0%,0,0%,7,0,0%,3,42.86%,15,4,26.67%,3,20.00%,2,0,0%,0,0%
4405,2025-08-25,N F Houlihan,1047,99,9.46%,289,27.60%,18,1,5.56%,2,11.11%,65,3,4.62%,13,20.00%,274,31,11.31%,79,28.83%,690,64,9.28%,195,28.26%
4406,2025-08-25,H P Cleary,72,0,0%,10,0%,0,0,0%,0,0%,5,0,0%,0,0%,4,0,0%,0,0%,63,0,0%,10,15.87%
4407,2025-08-25,Mr L P Gilligan,329,16,4.86%,94,28.57%,0,0,0%,0,0%,41,1,2.44%,13,31.71%,54,4,7.41%,19,35.19%,234,11,4.70%,62,26.50%
4408,2025-08-25,R Deegan,1449,78,5.38%,347,23.95%,1,0,0%,0,0%,276,19,6.88%,115,41.67%,276,16,5.80%,70,25.36%,896,43,4.80%,162,18.08%
4409,2025-08-25,P J Cawley,352,14,3.98%,69,19.60%,0,0,0%,0,0%,38,2,5.26%,7,18.42%,79,4,5.06%,19,24.05%,235,8,3.40%,43,18.30%
4410,2025-08-25,Mr J Mulvihill,27,0,0%,7,0%,0,0,0%,0,0%,9,0,0%,2,22.22%,4,0,0%,0,0%,14,0,0%,5,35.71%
4411,2025-08-25,Mr J C Canavan,81,2,2.47%,8,9.88%,0,0,0%,0,0%,12,0,0%,1,8.33%,22,0,0%,4,18.18%,47,2,4.26%,3,6.38%
4412,2025-08-25,Mr C Kiernan,4,0,0%,1,0%,0,0,0%,0,0%,2,0,0%,1,50.00%,0,0,0%,0,0%,2,0,0%,0,0%
4413,2025-08-25,Mr Scott Sainsbury,1,0,0%,0,0%,0,0,0%,0,0%,1,0,0%,0,0%,0,0,0%,0,0%,0,0,0%,0,0%
4414,2025-08-25,Kayleigh Stephens,15,2,13.33%,7,46.67%,2,0,0%,0,0%,13,2,15.38%,7,53.85%,0,0,0%,0,0%,0,0,0%,0,0%
4415,2025-08-25,T Dowson,1034,89,8.61%,306,29.59%,11,0,0%,5,45.45%,57,5,8.77%,15,26.32%,279,21,7.53%,94,33.69%,687,63,9.17%,192,27.95%
4416,2025-08-25,Ben Jones,1861,269,14.45%,607,32.62%,6,1,16.67%,2,33.33%,168,19,11.31%,40,23.81%,599,110,18.36%,193,32.22%,1088,139,12.78%,372,34.19%
4417,2025-08-25,Mr S A Morgan,16,0,0%,3,0%,0,0,0%,0,0%,4,0,0%,0,0%,5,0,0%,0,0%,7,0,0%,3,42.86%
4418,2025-08-25,Jodie Townend,70,13,18.57%,29,41.43%,1,0,0%,0,0%,50,11,22.00%,24,48.00%,3,0,0%,0,0%,16,2,12.50%,5,31.25%
4419,2025-08-25,L Quinlan,842,58,6.89%,185,21.97%,1,0,0%,0,0%,42,5,11.90%,7,16.67%,223,22,9.87%,55,24.66%,576,31,5.38%,123,21.35%
4420,2025-08-25,Ben Harvey,123,23,18.70%,31,25.20%,0,0,0%,0,0%,25,6,24.00%,6,24.00%,37,5,13.51%,11,29.73%,61,12,19.67%,14,22.95%
4421,2025-08-25,Ella McCain,387,41,10.59%,133,34.37%,107,10,9.35%,27,25.23%,278,31,11.15%,105,37.77%,0,0,0%,0,0%,2,0,0%,1,50.00%
4422,2025-08-25,Ms R Hill,11,0,0%,1,0%,3,0,0%,1,33.33%,8,0,0%,0,0%,0,0,0%,0,0%,0,0,0%,0,0%
4423,2025-08-25,Amie Waugh,840,50,5.95%,175,20.83%,156,8,5.13%,35,22.44%,590,35,5.93%,102,17.29%,28,2,7.14%,13,46.43%,66,5,7.58%,25,37.88%
4424,2025-08-25,K Brogan,1153,119,10.32%,363,31.48%,4,0,0%,1,25.00%,74,3,4.05%,25,33.78%,321,29,9.03%,104,32.40%,754,87,11.54%,233,30.90%
4425,2025-08-25,Mr Fletcher Yarham,72,10,13.89%,22,30.56%,40,5,12.50%,12,30.00%,32,5,15.63%,10,31.25%,0,0,0%,0,0%,0,0,0%,0,0%
4426,2025-08-25,Lily Pinchin,811,85,10.48%,228,28.11%,0,0,0%,0,0%,30,1,3.33%,4,13.33%,303,32,10.56%,96,31.68%,478,52,10.88%,128,26.78%
4427,2025-08-25,Miss M Dabrowski,4,0,0%,0,0%,0,0,0%,0,0%,4,0,0%,0,0%,0,0,0%,0,0%,0,0,0%,0,0%
4428,2025-08-25,Mr S A Smith,3,0,0%,0,0%,0,0,0%,0,0%,3,0,0%,0,0%,0,0,0%,0,0%,0,0,0%,0,0%
4429,2025-08-25,Mr Brian Lawless,21,0,0%,4,0%,0,0,0%,0,0%,13,0,0%,2,15.38%,3,0,0%,0,0%,5,0,0%,2,40.00%
4430,2025-08-25,Mr J Hogan,93,1,1.08%,32,34.41%,1,0,0%,0,0%,72,1,1.39%,28,38.89%,8,0,0%,3,37.50%,12,0,0%,1,8.33%
4431,2025-08-25,F McManoman,875,58,6.63%,276,31.54%,343,21,6.12%,113,32.94%,532,37,6.95%,163,30.64%,0,0,0%,0,0%,0,0,0%,0,0%
4432,2025-08-25,Mr Zac Baker,204,31,15.20%,58,28.43%,0,0,0%,0,0%,6,0,0%,2,33.33%,131,21,16.03%,38,29.01%,67,10,14.93%,18,26.87%
4433,2025-08-25,D P Maxwell,392,24,6.12%,79,20.15%,0,0,0%,0,0%,11,0,0%,2,18.18%,70,7,10.00%,15,21.43%,311,17,5.47%,62,19.94%
4434,2025-08-25,Miss K L Adams,10,2,20.00%,1,10.00%,0,0,0%,0,0%,9,2,22.22%,1,11.11%,1,0,0%,0,0%,0,0,0%,0,0%
4435,2025-08-25,Mrs Debbie Boyes,1,0,0%,0,0%,0,0,0%,0,0%,1,0,0%,0,0%,0,0,0%,0,0%,0,0,0%,0,0%
4436,2025-08-25,William Shanahan,432,19,4.40%,141,32.64%,14,0,0%,4,28.57%,23,0,0%,4,17.39%,103,9,8.74%,47,45.63%,292,10,3.42%,86,29.45%
4437,2025-08-25,Mr S F O'Keeffe,66,3,4.55%,21,31.82%,1,0,0%,1,100.00%,41,2,4.88%,14,34.15%,5,0,0%,3,60.00%,19,1,5.26%,3,15.79%
4438,2025-08-25,Emma Smith-Chaston,612,62,10.13%,177,28.92%,4,0,0%,1,25.00%,17,0,0%,6,35.29%,213,26,12.21%,62,29.11%,378,36,9.52%,108,28.57%
4439,2025-08-25,Didier Gengoul,5,0,0%,3,0%,1,0,0%,1,100.00%,4,0,0%,2,50.00%,0,0,0%,0,0%,0,0,0%,0,0%
4440,2025-08-25,K Tosaki,6,0,0%,2,0%,0,0,0%,0,0%,6,0,0%,2,33.33%,0,0,0%,0,0%,0,0,0%,0,0%
4441,2025-08-25,A Delpech,5,1,20.00%,2,40.00%,0,0,0%,0,0%,5,1,20.00%,2,40.00%,0,0,0%,0,0%,0,0,0%,0,0%
4442,2025-08-25,D P Holden,329,14,4.26%,67,20.36%,0,0,0%,0,0%,11,0,0%,1,9.09%,76,4,5.26%,24,31.58%,242,10,4.13%,42,17.36%
4443,2025-08-25,Miss M Stratton,11,1,9.09%,4,36.36%,6,0,0%,2,33.33%,5,1,20.00%,2,40.00%,0,0,0%,0,0%,0,0,0%,0,0%
4444,2025-08-25,Daire James McConville,144,7,4.86%,22,15.28%,0,0,0%,0,0%,12,0,0%,1,8.33%,45,1,2.22%,11,24.44%,87,6,6.90%,10,11.49%
4445,2025-08-25,A M Glynn,102,4,3.92%,19,18.63%,47,2,4.26%,8,17.02%,55,2,3.64%,11,20.00%,0,0,0%,0,0%,0,0,0%,0,0%
4446,2025-08-25,Mr T P Roche,14,1,7.14%,5,35.71%,0,0,0%,0,0%,12,1,8.33%,5,41.67%,0,0,0%,0,0%,2,0,0%,0,0%
4447,2025-08-25,Aaron Anderson,742,39,5.26%,179,24.12%,28,0,0%,10,35.71%,52,1,1.92%,10,19.23%,163,9,5.52%,39,23.93%,499,29,5.81%,120,24.05%
4448,2025-08-25,Isabel Williams,674,77,11.42%,213,31.60%,3,0,0%,0,0%,56,4,7.14%,13,23.21%,126,17,13.49%,28,22.22%,489,56,11.45%,172,35.17%
4449,2025-08-25,C J MacRedmond,1115,61,5.47%,220,19.73%,358,22,6.15%,87,24.30%,757,39,5.15%,133,17.57%,0,0,0%,0,0%,0,0,0%,0,0%
4450,2025-08-25,Adrian Lane,10,0,0%,2,0%,0,0,0%,0,0%,2,0,0%,1,50.00%,0,0,0%,0,0%,8,0,0%,1,12.50%
4451,2025-08-25,D B Hurst,148,10,6.76%,52,35.14%,6,0,0%,2,33.33%,16,0,0%,8,50.00%,29,3,10.34%,9,31.03%,97,7,7.22%,33,34.02%
4452,2025-08-25,Mr Lewis Gordon,41,4,9.76%,15,36.59%,0,0,0%,0,0%,11,2,18.18%,3,27.27%,11,1,9.09%,5,45.45%,19,1,5.26%,7,36.84%
4453,2025-08-25,Miss L K Hammond,3,0,0%,0,0%,1,0,0%,0,0%,0,0,0%,0,0%,0,0,0%,0,0%,2,0,0%,0,0%
4454,2025-08-25,M J M O'Sullivan,1003,80,7.98%,236,23.53%,2,0,0%,0,0%,54,3,5.56%,22,40.74%,272,22,8.09%,58,21.32%,675,55,8.15%,156,23.11%
4455,2025-08-25,Mr Callum McBride,6,0,0%,1,0%,0,0,0%,0,0%,1,0,0%,0,0%,1,0,0%,0,0%,4,0,0%,1,25.00%
4456,2025-08-25,Miss Claudia Fleissner,1,0,0%,1,0%,0,0,0%,0,0%,1,0,0%,1,100.00%,0,0,0%,0,0%,0,0,0%,0,0%
4457,2025-08-25,Miss L Olsen,1,0,0%,0,0%,0,0,0%,0,0%,1,0,0%,0,0%,0,0,0%,0,0%,0,0,0%,0,0%
4458,2025-08-25,Miss M Mouthaan,1,0,0%,0,0%,0,0,0%,0,0%,1,0,0%,0,0%,0,0,0%,0,0%,0,0,0%,0,0%
4459,2025-08-25,Miss Thea Hofossaeter,1,0,0%,0,0%,0,0,0%,0,0%,1,0,0%,0,0%,0,0,0%,0,0%,0,0,0%,0,0%
4460,2025-08-25,Mrs J Dickinson,1,0,0%,0,0%,0,0,0%,0,0%,1,0,0%,0,0%,0,0,0%,0,0%,0,0,0%,0,0%
4461,2025-08-25,Thomas Reilly,176,6,3.41%,26,14.77%,1,0,0%,0,0%,5,0,0%,2,40.00%,24,3,12.50%,5,20.83%,146,3,2.05%,19,13.01%
4462,2025-08-25,Miss Brodie Hampson,445,52,11.69%,131,29.44%,107,8,7.48%,39,36.45%,178,31,17.42%,41,23.03%,32,1,3.13%,8,25.00%,128,12,9.38%,43,33.59%
4463,2025-08-25,Amy O'Hanlon,22,1,4.55%,6,27.27%,7,0,0%,2,28.57%,15,1,6.67%,4,26.67%,0,0,0%,0,0%,0,0,0%,0,0%
4464,2025-08-25,A J Farragher,1682,152,9.04%,355,21.11%,804,65,8.08%,182,22.64%,878,87,9.91%,173,19.70%,0,0,0%,0,0%,0,0,0%,0,0%
4465,2025-08-25,Miss Izzie Marshall,74,9,12.16%,20,27.03%,0,0,0%,0,0%,1,0,0%,0,0%,48,6,12.50%,13,27.08%,25,3,12.00%,7,28.00%
4466,2025-08-25,Mr Tommie M O'Brien,259,35,13.51%,79,30.50%,2,0,0%,1,50.00%,23,2,8.70%,9,39.13%,112,19,16.96%,34,30.36%,122,14,11.48%,35,28.69%
4467,2025-08-25,Jamie Brace,210,26,12.38%,63,30.00%,4,0,0%,2,50.00%,21,1,4.76%,6,28.57%,67,12,17.91%,18,26.87%,118,13,11.02%,37,31.36%
4468,2025-08-25,D Egan,853,105,12.31%,173,20.28%,259,38,14.67%,76,29.34%,593,67,11.30%,97,16.36%,1,0,0%,0,0%,0,0,0%,0,0%
4469,2025-08-25,R E O'Sullivan,7,1,14.29%,0,0.00%,0,0,0%,0,0%,0,0,0%,0,0%,1,0,0%,0,0%,6,1,16.67%,0,0%
4470,2025-08-25,Miss J Young,11,0,0%,2,0%,0,0,0%,0,0%,11,0,0%,2,18.18%,0,0,0%,0,0%,0,0,0%,0,0%
4471,2025-08-25,Mr Oliver Daykin,5,0,0%,3,0%,3,0,0%,2,66.67%,2,0,0%,1,50.00%,0,0,0%,0,0%,0,0,0%,0,0%
4472,2025-08-25,Mr T Walsh,39,0,0%,8,0%,0,0,0%,0,0%,14,0,0%,1,7.14%,12,0,0%,2,16.67%,13,0,0%,5,38.46%
4473,2025-08-25,Greg Cheyne,61,8,13.11%,9,14.75%,22,2,9.09%,5,22.73%,38,6,15.79%,4,10.53%,1,0,0%,0,0%,0,0,0%,0,0%
4474,2025-08-25,William Marshall,211,16,7.58%,70,33.18%,1,0,0%,1,100.00%,10,0,0%,6,60.00%,47,5,10.64%,14,29.79%,153,11,7.19%,49,32.03%
4475,2025-08-25,Dane O Neill,1,0,0%,1,0%,1,0,0%,1,100.00%,0,0,0%,0,0%,0,0,0%,0,0%,0,0,0%,0,0%
4476,2025-08-25,Ben Martin Coen,4,0,0%,0,0%,0,0,0%,0,0%,4,0,0%,0,0%,0,0,0%,0,0%,0,0,0%,0,0%
4477,2025-08-25,A J Slattery,2611,197,7.55%,640,24.51%,592,40,6.76%,165,27.87%,2019,157,7.78%,475,23.53%,0,0,0%,0,0%,0,0,0%,0,0%
4478,2025-08-25,Miss Danielle Mooney,24,1,4.17%,3,12.50%,4,0,0%,2,50.00%,20,1,5.00%,1,5.00%,0,0,0%,0,0%,0,0,0%,0,0%
4479,2025-08-25,Ben Godfrey,817,89,10.89%,244,29.87%,2,0,0%,0,0%,68,6,8.82%,12,17.65%,244,30,12.30%,95,38.93%,503,53,10.54%,137,27.24%
4480,2025-08-25,Tom Midgley,746,59,7.91%,192,25.74%,28,1,3.57%,10,35.71%,68,5,7.35%,15,22.06%,106,13,12.26%,35,33.02%,544,40,7.35%,132,24.26%
4481,2025-08-25,P C Dempsey,1,0,0%,1,0%,0,0,0%,0,0%,1,0,0%,1,100.00%,0,0,0%,0,0%,0,0,0%,0,0%
4482,2025-08-25,Brendan Sheridan,1,0,0%,1,0%,0,0,0%,0,0%,1,0,0%,1,100.00%,0,0,0%,0,0%,0,0,0%,0,0%
4483,2025-08-25,Conor O'Dwyer,2,0,0%,0,0%,0,0,0%,0,0%,2,0,0%,0,0%,0,0,0%,0,0%,0,0,0%,0,0%
4484,2025-08-25,Arthur Moore,1,0,0%,0,0%,0,0,0%,0,0%,1,0,0%,0,0%,0,0,0%,0,0%,0,0,0%,0,0%
4485,2025-08-25,Andrew Coonan,1,0,0%,0,0%,0,0,0%,0,0%,1,0,0%,0,0%,0,0,0%,0,0%,0,0,0%,0,0%
4486,2025-08-25,Lorcan Wyer,1,0,0%,0,0%,0,0,0%,0,0%,1,0,0%,0,0%,0,0,0%,0,0%,0,0,0%,0,0%
4488,2025-08-25,Martin Lynch,1,0,0%,0,0%,0,0,0%,0,0%,1,0,0%,0,0%,0,0,0%,0,0%,0,0,0%,0,0%
4489,2025-08-25,Peter Niven,1,0,0%,0,0%,0,0,0%,0,0%,1,0,0%,0,0%,0,0,0%,0,0%,0,0,0%,0,0%
4490,2025-08-25,S M Crosse,1642,204,12.42%,583,35.51%,400,50,12.50%,127,31.75%,1242,154,12.40%,456,36.71%,0,0,0%,0,0%,0,0,0%,0,0%
4491,2025-08-25,D N Curran,275,14,5.09%,43,15.64%,87,7,8.05%,14,16.09%,188,7,3.72%,29,15.43%,0,0,0%,0,0%,0,0,0%,0,0%
4492,2025-08-25,C J Todd,1120,105,9.38%,320,28.57%,29,5,17.24%,8,27.59%,98,8,8.16%,30,30.61%,384,46,11.98%,129,33.59%,609,46,7.55%,153,25.12%
4493,2025-08-25,Mr William Biddick,91,24,26.37%,19,20.88%,0,0,0%,0,0%,4,0,0%,1,25.00%,80,22,27.50%,17,21.25%,7,2,28.57%,1,14.29%
4494,2025-08-25,Luca Morgan,583,86,14.75%,231,39.62%,6,0,0%,3,50.00%,21,1,4.76%,10,47.62%,196,40,20.41%,70,35.71%,360,45,12.50%,148,41.11%
4495,2025-08-25,Mr Kieran Rundell,4,0,0%,1,0%,0,0,0%,0,0%,4,0,0%,1,25.00%,0,0,0%,0,0%,0,0,0%,0,0%
4496,2025-08-25,Miss J Martensson,2,0,0%,0,0%,0,0,0%,0,0%,2,0,0%,0,0%,0,0,0%,0,0%,0,0,0%,0,0%
4497,2025-08-25,P J  McDonald,2,0,0%,1,0%,2,0,0%,1,50.00%,0,0,0%,0,0%,0,0,0%,0,0%,0,0,0%,0,0%
4498,2025-08-25,Mr Sam Waley-Cohen,105,16,15.24%,30,28.57%,0,0,0%,0,0%,4,1,25.00%,0,0%,69,11,15.94%,21,30.43%,32,4,12.50%,9,28.13%
4499,2025-08-25,B M Coen,3607,322,8.93%,909,25.20%,720,71,9.86%,205,28.47%,2886,251,8.70%,704,24.39%,1,0,0%,0,0%,0,0,0%,0,0%
4500,2025-08-25,Miss Sophie Smith,125,14,11.20%,41,32.80%,33,3,9.09%,14,42.42%,90,11,12.22%,27,30.00%,0,0,0%,0,0%,2,0,0%,0,0%
4501,2025-08-25,Miss Danielle Smith,4,0,0%,2,0%,2,0,0%,1,50.00%,2,0,0%,1,50.00%,0,0,0%,0,0%,0,0,0%,0,0%
4502,2025-08-25,Mr Danny Kerr,13,0,0%,1,0%,7,0,0%,1,14.29%,6,0,0%,0,0%,0,0,0%,0,0%,0,0,0%,0,0%
4503,2025-08-25,Mairead Fortune,1,0,0%,0,0%,0,0,0%,0,0%,0,0,0%,0,0%,0,0,0%,0,0%,1,0,0%,0,0%
4504,2025-08-25,Shane Fitzgerald,16,1,6.25%,0,0.00%,0,0,0%,0,0%,1,0,0%,0,0%,6,0,0%,0,0%,9,1,11.11%,0,0%
4505,2025-08-25,Mr Michael Molloy,2,0,0%,0,0%,0,0,0%,0,0%,1,0,0%,0,0%,1,0,0%,0,0%,0,0,0%,0,0%
4506,2025-08-25,Miss Hannah Gregory,7,1,14.29%,1,14.29%,1,0,0%,0,0%,0,0,0%,0,0%,4,1,25.00%,1,25.00%,2,0,0%,0,0%
4507,2025-08-25,Mr Adam Elias,6,1,16.67%,3,50.00%,1,0,0%,1,100.00%,1,0,0%,1,100.00%,0,0,0%,0,0%,4,1,25.00%,1,25.00%
4508,2025-08-25,Mr Patrick Berkins,5,0,0%,1,0%,1,0,0%,0,0%,1,0,0%,0,0%,1,0,0%,0,0%,2,0,0%,1,50.00%
4509,2025-08-25,Mr Alex Chadwick,282,47,16.67%,72,25.53%,4,1,25.00%,0,0%,12,1,8.33%,4,33.33%,95,11,11.58%,30,31.58%,171,34,19.88%,38,22.22%
4510,2025-08-25,William Carver,1093,102,9.33%,298,27.26%,641,53,8.27%,165,25.74%,452,49,10.84%,133,29.42%,0,0,0%,0,0%,0,0,0%,0,0%
4511,2025-08-25,J A Anderson,45,1,2.22%,22,48.89%,0,0,0%,0,0%,15,0,0%,6,40.00%,2,0,0%,2,100.00%,28,1,3.57%,14,50.00%
4512,2025-08-25,Mr Adam O'Shea,36,3,8.33%,7,19.44%,11,1,9.09%,2,18.18%,16,2,12.50%,1,6.25%,1,0,0%,0,0%,8,0,0%,4,50.00%
4513,2025-08-25,Jonathan Burke,1,0,0%,0,0%,0,0,0%,0,0%,0,0,0%,0,0%,1,0,0%,0,0%,0,0,0%,0,0%
4514,2025-08-25,Louise Magee,1,1,100.00%,0,0.00%,0,0,0%,0,0%,1,1,100.00%,0,0%,0,0,0%,0,0%,0,0,0%,0,0%
4515,2025-08-25,Jamie Dwyer,1,0,0%,1,0%,0,0,0%,0,0%,1,0,0%,1,100.00%,0,0,0%,0,0%,0,0,0%,0,0%
4516,2025-08-25,Dillion Philips,1,0,0%,1,0%,0,0,0%,0,0%,1,0,0%,1,100.00%,0,0,0%,0,0%,0,0,0%,0,0%
4517,2025-08-25,Katie Murphy,1,0,0%,1,0%,0,0,0%,0,0%,1,0,0%,1,100.00%,0,0,0%,0,0%,0,0,0%,0,0%
4518,2025-08-25,Jan Kral,1,0,0%,1,0%,0,0,0%,0,0%,1,0,0%,1,100.00%,0,0,0%,0,0%,0,0,0%,0,0%
4519,2025-08-25,Ashley Hussey,1,0,0%,0,0%,0,0,0%,0,0%,1,0,0%,0,0%,0,0,0%,0,0%,0,0,0%,0,0%
4520,2025-08-25,John Griffin,1,0,0%,0,0%,0,0,0%,0,0%,1,0,0%,0,0%,0,0,0%,0,0%,0,0,0%,0,0%
4521,2025-08-25,Jack Martin,61,7,11.48%,20,32.79%,0,0,0%,0,0%,4,0,0%,2,50.00%,9,0,0%,3,33.33%,48,7,14.58%,15,31.25%
4522,2025-08-25,Emma Brophy,1,0,0%,0,0%,0,0,0%,0,0%,1,0,0%,0,0%,0,0,0%,0,0%,0,0,0%,0,0%
4523,2025-08-25,Veronika Snajdrova,1,0,0%,0,0%,0,0,0%,0,0%,1,0,0%,0,0%,0,0,0%,0,0%,0,0,0%,0,0%
4524,2025-08-25,Elaine Kelly,1,0,0%,0,0%,0,0,0%,0,0%,1,0,0%,0,0%,0,0,0%,0,0%,0,0,0%,0,0%
4525,2025-08-25,Triona McLaughlin,1,0,0%,0,0%,0,0,0%,0,0%,1,0,0%,0,0%,0,0,0%,0,0%,0,0,0%,0,0%
4526,2025-08-25,Cody Keogh,1,0,0%,0,0%,0,0,0%,0,0%,1,0,0%,0,0%,0,0,0%,0,0%,0,0,0%,0,0%
4527,2025-08-25,Ryan McKeever,1,0,0%,0,0%,0,0,0%,0,0%,1,0,0%,0,0%,0,0,0%,0,0%,0,0,0%,0,0%
4528,2025-08-25,Colm Hand,1,0,0%,0,0%,0,0,0%,0,0%,1,0,0%,0,0%,0,0,0%,0,0%,0,0,0%,0,0%
4529,2025-08-25,Marcelde Courcey,1,0,0%,0,0%,0,0,0%,0,0%,1,0,0%,0,0%,0,0,0%,0,0%,0,0,0%,0,0%
4530,2025-08-25,Liam Gilligan,2,0,0%,0,0%,0,0,0%,0,0%,0,0,0%,0,0%,0,0,0%,0,0%,2,0,0%,0,0%
4531,2025-08-25,J Martin,134,14,10.45%,36,26.87%,0,0,0%,0,0%,8,0,0%,0,0%,48,7,14.58%,16,33.33%,78,7,8.97%,20,25.64%
4532,2025-08-25,S M Mooney,291,5,1.72%,65,22.34%,118,1,0.85%,34,28.81%,173,4,2.31%,31,17.92%,0,0,0%,0,0%,0,0,0%,0,0%
4533,2025-08-25,Miss B Smith,4,0,0%,1,0%,0,0,0%,0,0%,0,0,0%,0,0%,3,0,0%,0,0%,1,0,0%,1,100.00%
4534,2025-08-25,Wilfrid Denuault,1,0,0%,0,0%,0,0,0%,0,0%,0,0,0%,0,0%,1,0,0%,0,0%,0,0,0%,0,0%
4535,2025-08-25,C D Walsh,15,0,0%,1,0%,0,0,0%,0,0%,4,0,0%,0,0%,0,0,0%,0,0%,11,0,0%,1,9.09%
4536,2025-08-25,M Tissier,1,0,0%,1,0%,0,0,0%,0,0%,0,0,0%,0,0%,0,0,0%,0,0%,1,0,0%,1,100.00%
4537,2025-08-25,Mr Jack Andrews,399,42,10.53%,145,36.34%,0,0,0%,0,0%,16,1,6.25%,3,18.75%,202,24,11.88%,85,42.08%,181,17,9.39%,57,31.49%
4538,2025-08-25,Kai Lenihan,97,8,8.25%,21,21.65%,6,0,0%,0,0%,6,0,0%,3,50.00%,12,1,8.33%,4,33.33%,73,7,9.59%,14,19.18%
4539,2025-08-25,Mr Liam Ruddy,2,0,0%,0,0%,0,0,0%,0,0%,0,0,0%,0,0%,1,0,0%,0,0%,1,0,0%,0,0%
4540,2025-08-25,Maxime Tissier,139,22,15.83%,64,46.04%,0,0,0%,0,0%,17,2,11.76%,6,35.29%,26,3,11.54%,11,42.31%,96,17,17.71%,47,48.96%
4541,2025-08-25,Gavin Ashton,257,19,7.39%,81,31.52%,117,4,3.42%,36,30.77%,140,15,10.71%,45,32.14%,0,0,0%,0,0%,0,0,0%,0,0%
4542,2025-08-25,Mr Jason Dixon,160,20,12.50%,48,30.00%,1,0,0%,0,0%,13,1,7.69%,2,15.38%,20,3,15.00%,4,20.00%,126,16,12.70%,42,33.33%
4543,2025-08-25,Mr James O'connor,1,0,0%,0,0%,0,0,0%,0,0%,0,0,0%,0,0%,0,0,0%,0,0%,1,0,0%,0,0%
4544,2025-08-25,A Poirier,5,0,0%,1,0%,0,0,0%,0,0%,1,0,0%,0,0%,1,0,0%,1,100.00%,3,0,0%,0,0%
4545,2025-08-25,Alexis Poirier,3,0,0%,2,0%,0,0,0%,0,0%,0,0,0%,0,0%,0,0,0%,0,0%,3,0,0%,2,66.67%
4546,2025-08-25,H Morgan,859,68,7.92%,192,22.35%,0,0,0%,0,0%,9,0,0%,4,44.44%,217,16,7.37%,64,29.49%,633,52,8.21%,124,19.59%
4547,2025-08-25,Mr M K Tobin,21,0,0%,5,0%,0,0,0%,0,0%,17,0,0%,5,29.41%,2,0,0%,0,0%,2,0,0%,0,0%
4548,2025-08-25,M M McDonagh,816,61,7.48%,176,21.57%,0,0,0%,0,0%,21,0,0%,3,14.29%,184,14,7.61%,51,27.72%,611,47,7.69%,122,19.97%
4549,2025-08-25,Miss Emma Wilkinson,22,0,0%,3,0%,7,0,0%,0,0%,15,0,0%,3,20.00%,0,0,0%,0,0%,0,0,0%,0,0%
4550,2025-08-25,Mark Galligan,42,6,14.29%,13,30.95%,1,0,0%,0,0%,6,1,16.67%,1,16.67%,8,1,12.50%,3,37.50%,27,4,14.81%,9,33.33%
4551,2025-08-25,Ceris Biddle,22,0,0%,6,0%,2,0,0%,0,0%,1,0,0%,0,0%,0,0,0%,0,0%,19,0,0%,6,31.58%
4552,2025-08-25,Mr Charlie Case,73,8,10.96%,24,32.88%,0,0,0%,0,0%,0,0,0%,0,0%,31,4,12.90%,9,29.03%,42,4,9.52%,15,35.71%
4553,2025-08-25,Sean Kirrane,1025,104,10.15%,183,17.85%,293,28,9.56%,42,14.33%,732,76,10.38%,141,19.26%,0,0,0%,0,0%,0,0,0%,0,0%
4554,2025-08-25,J R Wildman,156,8,5.13%,43,27.56%,2,0,0%,0,0%,17,2,11.76%,7,41.18%,28,3,10.71%,10,35.71%,109,3,2.75%,26,23.85%
4555,2025-08-25,Mr Cameron Wadge,36,1,2.78%,15,41.67%,0,0,0%,0,0%,2,0,0%,1,50.00%,12,1,8.33%,4,33.33%,22,0,0%,10,45.45%
4556,2025-08-25,Mr T D Hyde,20,2,10.00%,11,55.00%,0,0,0%,0,0%,12,2,16.67%,8,66.67%,4,0,0%,3,75.00%,4,0,0%,0,0%
4557,2025-08-25,Mr L Humphrey,6,0,0%,1,0%,0,0,0%,0,0%,0,0,0%,0,0%,6,0,0%,1,16.67%,0,0,0%,0,0%
4558,2025-08-25,Mr Alan King,3,0,0%,0,0%,1,0,0%,0,0%,0,0,0%,0,0%,1,0,0%,0,0%,1,0,0%,0,0%
4559,2025-08-25,Oliver Stammers,1189,129,10.85%,384,32.30%,622,81,13.02%,206,33.12%,567,48,8.47%,178,31.39%,0,0,0%,0,0%,0,0,0%,0,0%
4560,2025-08-25,Alexander Pietsch,1,0,0%,0,0%,1,0,0%,0,0%,0,0,0%,0,0%,0,0,0%,0,0%,0,0,0%,0,0%
4561,2025-08-25,Kate Leahy,101,8,7.92%,31,30.69%,51,0,0%,18,35.29%,50,8,16.00%,13,26.00%,0,0,0%,0,0%,0,0,0%,0,0%
4562,2025-08-25,Major Harry Wallace,11,0,0%,7,0%,0,0,0%,0,0%,2,0,0%,2,100.00%,6,0,0%,2,33.33%,3,0,0%,3,100.00%
4563,2025-08-25,Lt Cdr Vicki Sollitt,15,1,6.67%,3,20.00%,0,0,0%,0,0%,2,0,0%,1,50.00%,10,0,0%,2,20.00%,3,1,33.33%,0,0%
4564,2025-08-25,Mr W Aprahamian,10,1,10.00%,3,30.00%,0,0,0%,0,0%,1,0,0%,0,0%,6,1,16.67%,3,50.00%,3,0,0%,0,0%
4565,2025-08-25,Sgt Nathan Rahman,17,0,0%,5,0%,0,0,0%,0,0%,5,0,0%,0,0%,7,0,0%,3,42.86%,5,0,0%,2,40.00%
4566,2025-08-25,Mr C J Orr,54,6,11.11%,20,37.04%,1,0,0%,0,0%,36,4,11.11%,13,36.11%,4,0,0%,2,50.00%,13,2,15.38%,5,38.46%
4567,2025-08-25,Mr J Pritchard Webb,5,0,0%,0,0%,0,0,0%,0,0%,0,0,0%,0,0%,2,0,0%,0,0%,3,0,0%,0,0%
4568,2025-08-25,R A Devine,1,1,100.00%,0,0.00%,0,0,0%,0,0%,1,1,100.00%,0,0%,0,0,0%,0,0%,0,0,0%,0,0%
4569,2025-08-25,Jack Brendan Foley,41,0,0%,17,0%,0,0,0%,0,0%,5,0,0%,3,60.00%,12,0,0%,3,25.00%,24,0,0%,11,45.83%
4570,2025-08-25,Mr C Nugent,3,0,0%,1,0%,0,0,0%,0,0%,1,0,0%,0,0%,2,0,0%,1,50.00%,0,0,0%,0,0%
4572,2025-08-25,Ms P Elvin,3,0,0%,1,0%,0,0,0%,0,0%,3,0,0%,1,33.33%,0,0,0%,0,0%,0,0,0%,0,0%
4573,2025-08-25,M J Molloy,116,4,3.45%,5,4.31%,0,0,0%,0,0%,6,0,0%,2,33.33%,14,0,0%,1,7.14%,96,4,4.17%,2,2.08%
4574,2025-08-25,Mr D G Whelan,14,0,0%,0,0%,0,0,0%,0,0%,2,0,0%,0,0%,2,0,0%,0,0%,10,0,0%,0,0%
4575,2025-08-25,N O'Connor,2,0,0%,0,0%,0,0,0%,0,0%,2,0,0%,0,0%,0,0,0%,0,0%,0,0,0%,0,0%
4576,2025-08-25,E Shaw,2,0,0%,1,0%,0,0,0%,0,0%,1,0,0%,0,0%,0,0,0%,0,0%,0,0,0%,0,0%
4577,2025-08-25,B J Walsh,12,0,0%,2,0%,0,0,0%,0,0%,10,0,0%,2,20.00%,0,0,0%,0,0%,0,0,0%,0,0%
4578,2025-08-25,Thore Hammer Hansen,1199,122,10.18%,450,37.53%,577,53,9.19%,224,38.82%,622,69,11.09%,226,36.33%,0,0,0%,0,0%,0,0,0%,0,0%
4579,2025-08-25,Mr E Bailey,1,0,0%,0,0%,1,0,0%,0,0%,0,0,0%,0,0%,0,0,0%,0,0%,0,0,0%,0,0%
4580,2025-08-25,Miss H C Tucker,93,6,6.45%,27,29.03%,4,0,0%,1,25.00%,19,1,5.26%,7,36.84%,9,1,11.11%,3,33.33%,61,4,6.56%,16,26.23%
4581,2025-08-25,Mark Crehan,614,72,11.73%,224,36.48%,359,40,11.14%,119,33.15%,255,32,12.55%,105,41.18%,0,0,0%,0,0%,0,0,0%,0,0%
4582,2025-08-25,Mr C N Costello,8,0,0%,0,0%,0,0,0%,0,0%,8,0,0%,0,0%,0,0,0%,0,0%,0,0,0%,0,0%
4583,2025-08-25,Mr C W McCormack,37,3,8.11%,6,16.22%,0,0,0%,0,0%,14,0,0%,3,21.43%,10,1,10.00%,1,10.00%,13,2,15.38%,2,15.38%
4584,2025-08-25,Miss Alice Stevens,156,15,9.62%,53,33.97%,3,0,0%,1,33.33%,38,3,7.89%,7,18.42%,52,3,5.77%,16,30.77%,63,9,14.29%,29,46.03%
4585,2025-08-25,Pte Alexandra Bell,36,1,2.78%,8,22.22%,0,0,0%,0,0%,4,1,25.00%,0,0%,13,0,0%,3,23.08%,19,0,0%,5,26.32%
4586,2025-08-25,Dayverson De Barros,50,0,0%,13,0%,39,0,0%,12,30.77%,11,0,0%,1,9.09%,0,0,0%,0,0%,0,0,0%,0,0%
4587,2025-08-25,Mr Tom Strawson,5,3,60.00%,2,40.00%,0,0,0%,0,0%,0,0,0%,0,0%,5,3,60.00%,2,40.00%,0,0,0%,0,0%
4588,2025-08-25,M Haigh,9,0,0%,6,0%,0,0,0%,0,0%,6,0,0%,4,66.67%,1,0,0%,1,100.00%,2,0,0%,1,50.00%
4589,2025-08-25,Mr Stefan Kirwan,10,0,0%,1,0%,0,0,0%,0,0%,2,0,0%,1,50.00%,0,0,0%,0,0%,8,0,0%,0,0%
4590,2025-08-25,Danny McMenamin,2144,294,13.71%,655,30.55%,26,2,7.69%,10,38.46%,146,19,13.01%,63,43.15%,662,114,17.22%,191,28.85%,1310,159,12.14%,391,29.85%
4591,2025-08-25,Mr Rory Bevin,5,1,20.00%,2,40.00%,0,0,0%,0,0%,0,0,0%,0,0%,5,1,20.00%,2,40.00%,0,0,0%,0,0%
4593,2025-08-25,Maj Will Kellard,14,2,14.29%,5,35.71%,0,0,0%,0,0%,0,0,0%,0,0%,7,2,28.57%,2,28.57%,7,0,0%,3,42.86%
4594,2025-08-25,Maj Charlie O'Shea,32,7,21.88%,9,28.13%,0,0,0%,0,0%,1,0,0%,1,100.00%,21,5,23.81%,5,23.81%,10,2,20.00%,3,30.00%
4595,2025-08-25,Miss R McIntyre,7,0,0%,0,0%,1,0,0%,0,0%,5,0,0%,0,0%,0,0,0%,0,0%,1,0,0%,0,0%
4596,2025-08-25,Mrs Jo Supple,28,5,17.86%,6,21.43%,1,0,0%,1,100.00%,16,2,12.50%,3,18.75%,7,3,42.86%,2,28.57%,4,0,0%,0,0%
4597,2025-08-25,M P O'Connor,1086,72,6.63%,227,20.90%,19,1,5.26%,5,26.32%,42,3,7.14%,12,28.57%,282,23,8.16%,59,20.92%,743,45,6.06%,151,20.32%
4598,2025-08-25,Mr Shane Fitzgerald,2,0,0%,0,0%,0,0,0%,0,0%,0,0,0%,0,0%,1,0,0%,0,0%,1,0,0%,0,0%
4599,2025-08-25,Jamie Parkes,3,0,0%,3,0%,1,0,0%,1,100.00%,2,0,0%,2,100.00%,0,0,0%,0,0%,0,0,0%,0,0%
4600,2025-08-25,Mr Benedict Shaw,4,1,25.00%,0,0.00%,0,0,0%,0,0%,0,0,0%,0,0%,3,1,33.33%,0,0%,1,0,0%,0,0%
4601,2025-08-25,Mr C Bickers Price,13,0,0%,3,0%,0,0,0%,0,0%,0,0,0%,0,0%,7,0,0%,2,28.57%,6,0,0%,1,16.67%
4602,2025-08-25,Mr T Power Roche,165,7,4.24%,35,21.21%,0,0,0%,0,0%,68,1,1.47%,11,16.18%,55,5,9.09%,9,16.36%,42,1,2.38%,15,35.71%
4603,2025-08-25,Mr Liam Hamblett,8,0,0%,0,0%,3,0,0%,0,0%,5,0,0%,0,0%,0,0,0%,0,0%,0,0,0%,0,0%
4604,2025-08-25,Miss Cheyanne White,3,0,0%,0,0%,1,0,0%,0,0%,2,0,0%,0,0%,0,0,0%,0,0%,0,0,0%,0,0%
4605,2025-08-25,Mr K Corrigan,6,0,0%,0,0%,0,0,0%,0,0%,2,0,0%,0,0%,0,0,0%,0,0%,4,0,0%,0,0%
4606,2025-08-25,Ben Coen,28,4,14.29%,11,39.29%,3,0,0%,0,0%,25,4,16.00%,11,44.00%,0,0,0%,0,0%,0,0,0%,0,0%
4607,2025-08-25,Mr Guillaume Viel,1,0,0%,0,0%,0,0,0%,0,0%,0,0,0%,0,0%,0,0,0%,0,0%,1,0,0%,0,0%
4608,2025-08-25,S E Lewis,33,0,0%,10,0%,0,0,0%,0,0%,3,0,0%,0,0%,1,0,0%,0,0%,29,0,0%,10,34.48%
4609,2025-08-25,Mr Pat Taaffe,235,20,8.51%,87,37.02%,2,0,0%,1,50.00%,197,16,8.12%,78,39.59%,13,2,15.38%,2,15.38%,23,2,8.70%,6,26.09%
4610,2025-08-25,Miss Arabella Tucker,5,0,0%,2,0%,0,0,0%,0,0%,5,0,0%,2,40.00%,0,0,0%,0,0%,0,0,0%,0,0%
4611,2025-08-25,Mr Henry Newcombe,30,1,3.33%,9,30.00%,7,0,0%,5,71.43%,20,1,5.00%,3,15.00%,0,0,0%,0,0%,3,0,0%,1,33.33%
4612,2025-08-25,Mr Colin Quinlan,2,0,0%,1,0%,0,0,0%,0,0%,2,0,0%,1,50.00%,0,0,0%,0,0%,0,0,0%,0,0%
4613,2025-08-25,D P Davis,49,2,4.08%,5,10.20%,17,1,5.88%,3,17.65%,26,1,3.85%,2,7.69%,0,0,0%,0,0%,6,0,0%,0,0%
4614,2025-08-25,Tom Buckley,611,69,11.29%,214,35.02%,19,0,0%,1,5.26%,49,1,2.04%,17,34.69%,117,9,7.69%,43,36.75%,426,59,13.85%,153,35.92%
4615,2025-08-25,Miss T Quail,66,5,7.58%,17,25.76%,1,1,100.00%,0,0%,25,1,4.00%,7,28.00%,14,1,7.14%,3,21.43%,26,2,7.69%,7,26.92%
4616,2025-08-25,Sarah Ennis,1,0,0%,1,0%,1,0,0%,1,100.00%,0,0,0%,0,0%,0,0,0%,0,0%,0,0,0%,0,0%
4617,2025-08-25,Clare Lambert,1,0,0%,1,0%,1,0,0%,1,100.00%,0,0,0%,0,0%,0,0,0%,0,0%,0,0,0%,0,0%
4618,2025-08-25,Jim Newsam,1,0,0%,1,0%,1,0,0%,1,100.00%,0,0,0%,0,0%,0,0,0%,0,0%,0,0,0%,0,0%
4619,2025-08-25,William Mackie,1,0,0%,1,0%,1,0,0%,1,100.00%,0,0,0%,0,0%,0,0,0%,0,0%,0,0,0%,0,0%
4620,2025-08-25,Brian Morrison,1,0,0%,0,0%,1,0,0%,0,0%,0,0,0%,0,0%,0,0,0%,0,0%,0,0,0%,0,0%
4621,2025-08-25,Sally Corscadden,1,0,0%,0,0%,1,0,0%,0,0%,0,0,0%,0,0%,0,0,0%,0,0%,0,0,0%,0,0%
4622,2025-08-25,Emma Jackson,1,0,0%,0,0%,1,0,0%,0,0%,0,0,0%,0,0%,0,0,0%,0,0%,0,0,0%,0,0%
4623,2025-08-25,Jonathan Steele,1,0,0%,0,0%,1,0,0%,0,0%,0,0,0%,0,0%,0,0,0%,0,0%,0,0,0%,0,0%
4624,2025-08-25,Johnny Mulligan,1,0,0%,0,0%,1,0,0%,0,0%,0,0,0%,0,0%,0,0,0%,0,0%,0,0,0%,0,0%
4625,2025-08-25,Declan Cullen,1,0,0%,0,0%,1,0,0%,0,0%,0,0,0%,0,0%,0,0,0%,0,0%,0,0,0%,0,0%
4626,2025-08-25,Aidan Keogh,1,0,0%,0,0%,1,0,0%,0,0%,0,0,0%,0,0%,0,0,0%,0,0%,0,0,0%,0,0%
4627,2025-08-25,Mr A Sinnott,10,0,0%,1,0%,0,0,0%,0,0%,5,0,0%,1,20.00%,2,0,0%,0,0%,3,0,0%,0,0%
4628,2025-08-25,Mr J P Killahena,3,0,0%,0,0%,0,0,0%,0,0%,0,0,0%,0,0%,0,0,0%,0,0%,3,0,0%,0,0%
4629,2025-08-25,Mr J G Murphy,60,1,1.67%,17,28.33%,0,0,0%,0,0%,14,0,0%,4,28.57%,14,0,0%,1,7.14%,32,1,3.13%,12,37.50%
4630,2025-08-25,Mr L K Byrne,8,1,12.50%,1,12.50%,0,0,0%,0,0%,8,1,12.50%,1,12.50%,0,0,0%,0,0%,0,0,0%,0,0%
4631,2025-08-25,Alice Bond,138,8,5.80%,28,20.29%,77,5,6.49%,15,19.48%,61,3,4.92%,13,21.31%,0,0,0%,0,0%,0,0,0%,0,0%
4632,2025-08-25,C Brace,1247,155,12.43%,377,30.23%,11,0,0%,2,18.18%,162,19,11.73%,57,35.19%,339,49,14.45%,94,27.73%,735,87,11.84%,224,30.48%
4633,2025-08-25,Daniel Sheehy,2,0,0%,0,0%,2,0,0%,0,0%,0,0,0%,0,0%,0,0,0%,0,0%,0,0,0%,0,0%
4634,2025-08-25,Ludovic Philipperon,2,1,50.00%,1,50.00%,0,0,0%,0,0%,0,0,0%,0,0%,0,0,0%,0,0%,2,1,50.00%,1,50.00%
4635,2025-08-25,Thomas Brett,5,0,0%,1,0%,0,0,0%,0,0%,0,0,0%,0,0%,1,0,0%,0,0%,4,0,0%,1,25.00%
4636,2025-08-25,S O'Callaghan,681,40,5.87%,163,23.94%,3,0,0%,1,33.33%,25,1,4.00%,6,24.00%,206,13,6.31%,50,24.27%,447,26,5.82%,106,23.71%
4637,2025-08-25,P J McGrath,38,1,2.63%,4,10.53%,0,0,0%,0,0%,5,1,20.00%,1,20.00%,0,0,0%,0,0%,33,0,0%,3,9.09%
4638,2025-08-25,Miss R A Traynor,5,0,0%,0,0%,0,0,0%,0,0%,2,0,0%,0,0%,0,0,0%,0,0%,3,0,0%,0,0%
4639,2025-08-25,Alexander Fielding,134,11,8.21%,30,22.39%,31,4,12.90%,5,16.13%,69,4,5.80%,14,20.29%,12,2,16.67%,5,41.67%,22,1,4.55%,6,27.27%
4640,2025-08-25,Oakley Brown,194,15,7.73%,68,35.05%,21,1,4.76%,8,38.10%,52,4,7.69%,23,44.23%,25,3,12.00%,10,40.00%,96,7,7.29%,27,28.13%
4641,2025-08-25,Jordan Nailor,561,74,13.19%,161,28.70%,2,0,0%,0,0%,23,2,8.70%,6,26.09%,202,30,14.85%,59,29.21%,334,42,12.57%,96,28.74%
4642,2025-08-25,Mr Thomas Forsyth,2,0,0%,1,0%,0,0,0%,0,0%,0,0,0%,0,0%,2,0,0%,1,50.00%,0,0,0%,0,0%
4643,2025-08-25,Mr Elliott Brookbanks,2,0,0%,0,0%,0,0,0%,0,0%,1,0,0%,0,0%,0,0,0%,0,0%,1,0,0%,0,0%
4644,2025-08-25,P V O'Brien,8,1,12.50%,2,25.00%,0,0,0%,0,0%,0,0,0%,0,0%,0,0,0%,0,0%,8,1,12.50%,2,25.00%
4645,2025-08-25,Dr George Bingham,5,0,0%,2,0%,0,0,0%,0,0%,0,0,0%,0,0%,5,0,0%,2,40.00%,0,0,0%,0,0%
4646,2025-08-25,R Boisnard,1,0,0%,0,0%,0,0,0%,0,0%,1,0,0%,0,0%,0,0,0%,0,0%,0,0,0%,0,0%
4647,2025-08-25,Karen Moore,2,1,50.00%,0,0.00%,0,0,0%,0,0%,2,1,50.00%,0,0%,0,0,0%,0,0%,0,0,0%,0,0%
4648,2025-08-25,Emma Connolly,1,0,0%,0,0%,0,0,0%,0,0%,1,0,0%,0,0%,0,0,0%,0,0%,0,0,0%,0,0%
4649,2025-08-25,Bertram Allen,1,0,0%,0,0%,0,0,0%,0,0%,1,0,0%,0,0%,0,0,0%,0,0%,0,0,0%,0,0%
4650,2025-08-25,Elizabeth O'Shaughnessy,1,0,0%,0,0%,0,0,0%,0,0%,1,0,0%,0,0%,0,0,0%,0,0%,0,0,0%,0,0%
4651,2025-08-25,Kirsty Campbell,1,0,0%,0,0%,0,0,0%,0,0%,1,0,0%,0,0%,0,0,0%,0,0%,0,0,0%,0,0%
4652,2025-08-25,S Woods,1,0,0%,0,0%,0,0,0%,0,0%,1,0,0%,0,0%,0,0,0%,0,0%,0,0,0%,0,0%
4653,2025-08-25,C Strain,1,0,0%,0,0%,0,0,0%,0,0%,1,0,0%,0,0%,0,0,0%,0,0%,0,0,0%,0,0%
4654,2025-08-25,Ms S Neville,1,0,0%,0,0%,0,0,0%,0,0%,1,0,0%,0,0%,0,0,0%,0,0%,0,0,0%,0,0%
4655,2025-08-25,Sarah Jane Denny,1,0,0%,0,0%,0,0,0%,0,0%,1,0,0%,0,0%,0,0,0%,0,0%,0,0,0%,0,0%
4656,2025-08-25,Ms Tina Condon,1,0,0%,0,0%,0,0,0%,0,0%,1,0,0%,0,0%,0,0,0%,0,0%,0,0,0%,0,0%
4657,2025-08-25,Miss Rachel Sweeney,1,0,0%,0,0%,0,0,0%,0,0%,1,0,0%,0,0%,0,0,0%,0,0%,0,0,0%,0,0%
4658,2025-08-25,Ms Louise Lynn,1,0,0%,0,0%,0,0,0%,0,0%,1,0,0%,0,0%,0,0,0%,0,0%,0,0,0%,0,0%
4659,2025-08-25,Geraldine Gleeson,1,0,0%,0,0%,0,0,0%,0,0%,1,0,0%,0,0%,0,0,0%,0,0%,0,0,0%,0,0%
4660,2025-08-25,Stephen McGuire,1,0,0%,0,0%,0,0,0%,0,0%,1,0,0%,0,0%,0,0,0%,0,0%,0,0,0%,0,0%
4661,2025-08-25,Mr J F Stagg,1,0,0%,0,0%,0,0,0%,0,0%,1,0,0%,0,0%,0,0,0%,0,0%,0,0,0%,0,0%
4662,2025-08-25,Caolann O'Conaola,1,0,0%,0,0%,0,0,0%,0,0%,1,0,0%,0,0%,0,0,0%,0,0%,0,0,0%,0,0%
4663,2025-08-25,Zoe Donohoe,1,0,0%,0,0%,0,0,0%,0,0%,1,0,0%,0,0%,0,0,0%,0,0%,0,0,0%,0,0%
4664,2025-08-25,Ian Cribbin,1,0,0%,0,0%,0,0,0%,0,0%,1,0,0%,0,0%,0,0,0%,0,0%,0,0,0%,0,0%
4665,2025-08-25,Alvin Barry,1,0,0%,0,0%,0,0,0%,0,0%,1,0,0%,0,0%,0,0,0%,0,0%,0,0,0%,0,0%
4666,2025-08-25,Mr C O'Keeffe,6,0,0%,0,0%,0,0,0%,0,0%,6,0,0%,0,0%,0,0,0%,0,0%,0,0,0%,0,0%
4667,2025-08-25,Mr E W Tobin,4,0,0%,2,0%,0,0,0%,0,0%,4,0,0%,2,50.00%,0,0,0%,0,0%,0,0,0%,0,0%
4668,2025-08-25,Mr Darren Andrews,59,4,6.78%,18,30.51%,0,0,0%,0,0%,2,0,0%,0,0%,50,4,8.00%,17,34.00%,7,0,0%,1,14.29%
4669,2025-08-25,Mr Connor Wood,53,2,3.77%,18,33.96%,3,0,0%,1,33.33%,19,0,0%,6,31.58%,13,1,7.69%,2,15.38%,18,1,5.56%,9,50.00%
4670,2025-08-25,N Bashford,14,0,0%,2,0%,0,0,0%,0,0%,2,0,0%,0,0%,1,0,0%,0,0%,11,0,0%,2,18.18%
4671,2025-08-25,Mr Charles Clover,8,1,12.50%,3,37.50%,1,0,0%,0,0%,6,1,16.67%,3,50.00%,1,0,0%,0,0%,0,0,0%,0,0%
4672,2025-08-25,Mr Liam Carter,1,0,0%,0,0%,0,0,0%,0,0%,0,0,0%,0,0%,0,0,0%,0,0%,1,0,0%,0,0%
4673,2025-08-25,Madi Patzelt,45,1,2.22%,14,31.11%,30,1,3.33%,11,36.67%,14,0,0%,3,21.43%,0,0,0%,0,0%,1,0,0%,0,0%
4674,2025-08-25,Peter Kavanagh,735,64,8.71%,188,25.58%,13,1,7.69%,4,30.77%,45,3,6.67%,11,24.44%,131,13,9.92%,31,23.66%,546,47,8.61%,142,26.01%
4675,2025-08-25,Mr Matthew Fielding,22,2,9.09%,5,22.73%,1,0,0%,0,0%,4,0,0%,1,25.00%,7,1,14.29%,3,42.86%,10,1,10.00%,1,10.00%
4676,2025-08-25,Ms A Budds,10,1,10.00%,2,20.00%,0,0,0%,0,0%,10,1,10.00%,2,20.00%,0,0,0%,0,0%,0,0,0%,0,0%
4677,2025-08-25,Thomosina Eyston,130,12,9.23%,31,23.85%,1,0,0%,1,100.00%,7,0,0%,2,28.57%,12,0,0%,3,25.00%,110,12,10.91%,25,22.73%
4678,2025-08-25,Mr George Hiscock,27,4,14.81%,10,37.04%,0,0,0%,0,0%,0,0,0%,0,0%,21,3,14.29%,6,28.57%,6,1,16.67%,4,66.67%
4679,2025-08-25,Ervis Tola,4,0,0%,0,0%,1,0,0%,0,0%,3,0,0%,0,0%,0,0,0%,0,0%,0,0,0%,0,0%
4680,2025-08-25,Mr A J Fitzgerald,7,0,0%,0,0%,0,0,0%,0,0%,4,0,0%,0,0%,1,0,0%,0,0%,2,0,0%,0,0%
4681,2025-08-25,S P Mooney,2,0,0%,0,0%,0,0,0%,0,0%,2,0,0%,0,0%,0,0,0%,0,0%,0,0,0%,0,0%
4682,2025-08-25,Mr Huw Edwards,98,16,16.33%,19,19.39%,0,0,0%,0,0%,9,0,0%,1,11.11%,59,16,27.12%,14,23.73%,30,0,0%,4,13.33%
4683,2025-08-25,Mr J W Kenny,57,11,19.30%,21,36.84%,0,0,0%,0,0%,27,6,22.22%,9,33.33%,12,2,16.67%,6,50.00%,13,2,15.38%,4,30.77%
4684,2025-08-25,Corey Madden,106,8,7.55%,35,33.02%,48,3,6.25%,20,41.67%,57,5,8.77%,15,26.32%,0,0,0%,0,0%,1,0,0%,0,0%
4685,2025-08-25,Mr P K McCarthy,3,0,0%,0,0%,0,0,0%,0,0%,3,0,0%,0,0%,0,0,0%,0,0%,0,0,0%,0,0%
4686,2025-08-25,Miss Laura Fenwick,2,0,0%,1,0%,0,0,0%,0,0%,0,0,0%,0,0%,2,0,0%,1,50.00%,0,0,0%,0,0%
4687,2025-08-25,Mr Stephen Paul Davies,5,2,40.00%,3,60.00%,0,0,0%,0,0%,0,0,0%,0,0%,5,2,40.00%,3,60.00%,0,0,0%,0,0%
4688,2025-08-25,K E Buckley,986,89,9.03%,258,26.17%,2,2,100.00%,0,0%,7,1,14.29%,3,42.86%,273,25,9.16%,77,28.21%,704,61,8.66%,178,25.28%
4689,2025-08-25,Mr Aaron Rid,5,0,0%,2,0%,0,0,0%,0,0%,2,0,0%,1,50.00%,1,0,0%,0,0%,2,0,0%,1,50.00%
4690,2025-08-25,Hugh Nugent,146,13,8.90%,42,28.77%,0,0,0%,0,0%,0,0,0%,0,0%,81,9,11.11%,27,33.33%,65,4,6.15%,15,23.08%
4691,2025-08-25,Mr Lyall Hodgins,42,3,7.14%,7,16.67%,0,0,0%,0,0%,0,0,0%,0,0%,17,2,11.76%,3,17.65%,25,1,4.00%,4,16.00%
4692,2025-08-25,Grace McEntee,1243,97,7.80%,337,27.11%,908,72,7.93%,255,28.08%,335,25,7.46%,82,24.48%,0,0,0%,0,0%,0,0,0%,0,0%
4693,2025-08-25,Mr I T Queally,9,1,11.11%,1,11.11%,0,0,0%,0,0%,4,0,0%,0,0%,0,0,0%,0,0%,5,1,20.00%,1,20.00%
4694,2025-08-25,Rhys Clutterbuck,1759,172,9.78%,436,24.79%,1036,99,9.56%,260,25.10%,722,73,10.11%,175,24.24%,1,0,0%,1,100.00%,0,0,0%,0,0%
4695,2025-08-25,Miss Jennifer Harbison,2,0,0%,1,0%,0,0,0%,0,0%,0,0,0%,0,0%,2,0,0%,1,50.00%,0,0,0%,0,0%
4696,2025-08-25,George Rooke,2026,170,8.39%,656,32.38%,1265,128,10.12%,426,33.68%,761,42,5.52%,230,30.22%,0,0,0%,0,0%,0,0,0%,0,0%
4697,2025-08-25,Sara Del Fabbro,29,3,10.34%,9,31.03%,5,1,20.00%,3,60.00%,24,2,8.33%,6,25.00%,0,0,0%,0,0%,0,0,0%,0,0%
4698,2025-08-25,Charlotte Bennett,7,1,14.29%,0,0.00%,2,0,0%,0,0%,5,1,20.00%,0,0%,0,0,0%,0,0%,0,0,0%,0,0%
4699,2025-08-25,Mr James Killeen,4,0,0%,0,0%,0,0,0%,0,0%,4,0,0%,0,0%,0,0,0%,0,0%,0,0,0%,0,0%
4700,2025-08-25,Mr R Foley,11,0,0%,5,0%,0,0,0%,0,0%,10,0,0%,4,40.00%,1,0,0%,1,100.00%,0,0,0%,0,0%
4701,2025-08-25,Miss Sophie Trevena,1,0,0%,0,0%,0,0,0%,0,0%,1,0,0%,0,0%,0,0,0%,0,0%,0,0,0%,0,0%
4702,2025-08-25,Y Nonaka,27,0,0%,8,0%,4,0,0%,0,0%,23,0,0%,8,34.78%,0,0,0%,0,0%,0,0,0%,0,0%
4703,2025-08-25,Mr N Moore,13,0,0%,0,0%,0,0,0%,0,0%,11,0,0%,0,0%,1,0,0%,0,0%,1,0,0%,0,0%
4704,2025-08-25,Rory J King,8,0,0%,0,0%,1,0,0%,0,0%,7,0,0%,0,0%,0,0,0%,0,0%,0,0,0%,0,0%
4705,2025-08-25,Marco Ghiani,2767,372,13.44%,823,29.74%,1536,210,13.67%,470,30.60%,1231,162,13.16%,353,28.68%,0,0,0%,0,0%,0,0,0%,0,0%
4706,2025-08-25,Mr Nathan Brennan,122,14,11.48%,37,30.33%,2,0,0%,0,0%,5,0,0%,2,40.00%,31,2,6.45%,12,38.71%,84,12,14.29%,23,27.38%
4707,2025-08-25,Corey McGivern,94,7,7.45%,29,30.85%,3,0,0%,0,0%,17,1,5.88%,4,23.53%,10,0,0%,5,50.00%,64,6,9.38%,20,31.25%
4708,2025-08-25,Miss Nicole Wright,5,0,0%,0,0%,0,0,0%,0,0%,5,0,0%,0,0%,0,0,0%,0,0%,0,0,0%,0,0%
4709,2025-08-25,Jose Ortiz,3,0,0%,2,0%,0,0,0%,0,0%,3,0,0%,2,66.67%,0,0,0%,0,0%,0,0,0%,0,0%
4710,2025-08-25,Tony Piccone,1,0,0%,0,0%,0,0,0%,0,0%,1,0,0%,0,0%,0,0,0%,0,0%,0,0,0%,0,0%
4711,2025-08-25,Erica Byrne,2,0,0%,0,0%,0,0,0%,0,0%,2,0,0%,0,0%,0,0,0%,0,0%,0,0,0%,0,0%
4712,2025-08-25,N W O'Driscoll,1,0,0%,0,0%,0,0,0%,0,0%,0,0,0%,0,0%,0,0,0%,0,0%,1,0,0%,0,0%
4713,2025-08-25,Mr H C Swan,595,80,13.45%,190,31.93%,7,0,0%,4,57.14%,466,70,15.02%,152,32.62%,64,3,4.69%,17,26.56%,58,7,12.07%,17,29.31%
4714,2025-08-25,Cillin Leonard,379,37,9.76%,106,27.97%,3,0,0%,1,33.33%,15,1,6.67%,3,20.00%,75,9,12.00%,16,21.33%,286,27,9.44%,86,30.07%
4715,2025-08-25,Millie Wonnacott,324,37,11.42%,84,25.93%,91,6,6.59%,10,10.99%,123,9,7.32%,24,19.51%,31,8,25.81%,12,38.71%,79,14,17.72%,38,48.10%
4716,2025-08-25,Izzy Clifton,144,6,4.17%,41,28.47%,35,0,0%,9,25.71%,109,6,5.50%,32,29.36%,0,0,0%,0,0%,0,0,0%,0,0%
4717,2025-08-25,Scott McCullagh,339,30,8.85%,127,37.46%,124,9,7.26%,42,33.87%,215,21,9.77%,85,39.53%,0,0,0%,0,0%,0,0,0%,0,0%
4718,2025-08-25,Miss Polly Steele,1,0,0%,0,0%,0,0,0%,0,0%,0,0,0%,0,0%,0,0,0%,0,0%,1,0,0%,0,0%
4719,2025-08-25,Mr Charlie Pike,6,0,0%,2,0%,2,0,0%,1,50.00%,2,0,0%,0,0%,1,0,0%,1,100.00%,1,0,0%,0,0%
4720,2025-08-25,Mr Kevin Brogan,18,2,11.11%,4,22.22%,0,0,0%,0,0%,1,0,0%,1,100.00%,7,0,0%,2,28.57%,10,2,20.00%,1,10.00%
4721,2025-08-25,Mr Ian Queally,2,0,0%,0,0%,0,0,0%,0,0%,1,0,0%,0,0%,0,0,0%,0,0%,1,0,0%,0,0%
4722,2025-08-25,Miss Rosie Margarson,21,2,9.52%,5,23.81%,12,1,8.33%,4,33.33%,9,1,11.11%,1,11.11%,0,0,0%,0,0%,0,0,0%,0,0%
4723,2025-08-25,Mr K M Smith,18,1,5.56%,7,38.89%,0,0,0%,0,0%,16,1,6.25%,6,37.50%,0,0,0%,0,0%,2,0,0%,1,50.00%
4724,2025-08-25,Shannon Watts,90,3,3.33%,28,31.11%,28,0,0%,11,39.29%,61,3,4.92%,17,27.87%,0,0,0%,0,0%,1,0,0%,0,0%
4725,2025-08-25,Miss Jade Goodwin,6,0,0%,0,0%,2,0,0%,0,0%,3,0,0%,0,0%,0,0,0%,0,0%,1,0,0%,0,0%
4726,2025-08-25,Mrs P Condon,2,0,0%,1,0%,0,0,0%,0,0%,2,0,0%,1,50.00%,0,0,0%,0,0%,0,0,0%,0,0%
4727,2025-08-25,Mr Luke Reeves-johnson,3,0,0%,0,0%,0,0,0%,0,0%,3,0,0%,0,0%,0,0,0%,0,0%,0,0,0%,0,0%
4728,2025-08-25,M Dos Santos,12,1,8.33%,0,0.00%,2,1,50.00%,0,0%,10,0,0%,0,0%,0,0,0%,0,0%,0,0,0%,0,0%
4729,2025-08-25,Miss R Dudfield,41,6,14.63%,11,26.83%,0,0,0%,0,0%,39,6,15.38%,10,25.64%,0,0,0%,0,0%,2,0,0%,1,50.00%
4730,2025-08-25,Mr P Rogan,15,0,0%,5,0%,0,0,0%,0,0%,9,0,0%,2,22.22%,6,0,0%,3,50.00%,0,0,0%,0,0%
4731,2025-08-25,Yuga Kawada,34,4,11.76%,12,35.29%,13,2,15.38%,7,53.85%,21,2,9.52%,5,23.81%,0,0,0%,0,0%,0,0,0%,0,0%
4732,2025-08-25,Mr T P Harney,118,8,6.78%,29,24.58%,1,0,0%,0,0%,68,4,5.88%,20,29.41%,15,0,0%,4,26.67%,34,4,11.76%,5,14.71%
4733,2025-08-25,Mr H Sensoy,8,0,0%,0,0%,1,0,0%,0,0%,7,0,0%,0,0%,0,0,0%,0,0%,0,0,0%,0,0%
4734,2025-08-25,Mihalis Xynos,1,0,0%,0,0%,0,0,0%,0,0%,1,0,0%,0,0%,0,0,0%,0,0%,0,0,0%,0,0%
4735,2025-08-25,Orla McKenna,9,2,22.22%,2,22.22%,0,0,0%,0,0%,9,2,22.22%,2,22.22%,0,0,0%,0,0%,0,0,0%,0,0%
4736,2025-08-25,Harry Shearman,3,1,33.33%,2,66.67%,0,0,0%,0,0%,3,1,33.33%,2,66.67%,0,0,0%,0,0%,0,0,0%,0,0%
4737,2025-08-25,Theresa Maguire,3,0,0%,0,0%,0,0,0%,0,0%,3,0,0%,0,0%,0,0,0%,0,0%,0,0,0%,0,0%
4738,2025-08-25,Rachel Carberry,3,0,0%,0,0%,0,0,0%,0,0%,3,0,0%,0,0%,0,0,0%,0,0%,0,0,0%,0,0%
4739,2025-08-25,Frank Byrnes,3,0,0%,0,0%,0,0,0%,0,0%,3,0,0%,0,0%,0,0,0%,0,0%,0,0,0%,0,0%
4740,2025-08-25,Denise Callanan,3,0,0%,0,0%,0,0,0%,0,0%,3,0,0%,0,0%,0,0,0%,0,0%,0,0,0%,0,0%
4741,2025-08-25,Jason Mallon,2,0,0%,0,0%,0,0,0%,0,0%,2,0,0%,0,0%,0,0,0%,0,0%,0,0,0%,0,0%
4742,2025-08-25,David Christie,3,0,0%,1,0%,0,0,0%,0,0%,3,0,0%,1,33.33%,0,0,0%,0,0%,0,0,0%,0,0%
4743,2025-08-25,Phillip Armson,942,58,6.16%,256,27.18%,1,0,0%,0,0%,35,2,5.71%,6,17.14%,402,37,9.20%,123,30.60%,504,19,3.77%,127,25.20%
4744,2025-08-25,Miss Jessica Macey,1,0,0%,0,0%,0,0,0%,0,0%,1,0,0%,0,0%,0,0,0%,0,0%,0,0,0%,0,0%
4745,2025-08-25,Mr Kelvin Osborne,1,0,0%,0,0%,0,0,0%,0,0%,1,0,0%,0,0%,0,0,0%,0,0%,0,0,0%,0,0%
4746,2025-08-25,Liam Harrison,902,111,12.31%,295,32.71%,2,0,0%,1,50.00%,105,14,13.33%,47,44.76%,253,34,13.44%,84,33.20%,542,63,11.62%,163,30.07%
4747,2025-08-25,Mr Milo Herbert,13,5,38.46%,3,23.08%,0,0,0%,0,0%,0,0,0%,0,0%,11,4,36.36%,3,27.27%,2,1,50.00%,0,0%
4748,2025-08-25,Ms Sophie Carter,2,0,0%,0,0%,0,0,0%,0,0%,2,0,0%,0,0%,0,0,0%,0,0%,0,0,0%,0,0%
4749,2025-08-25,Andrew Slattery,17,1,5.88%,2,11.76%,6,1,16.67%,1,16.67%,11,0,0%,1,9.09%,0,0,0%,0,0%,0,0,0%,0,0%
4750,2025-08-25,Mr D N O'Brien,20,0,0%,4,0%,0,0,0%,0,0%,15,0,0%,3,20.00%,0,0,0%,0,0%,5,0,0%,1,20.00%
4751,2025-08-25,Miss Jennifer Pahlman,8,0,0%,4,0%,4,0,0%,2,50.00%,4,0,0%,2,50.00%,0,0,0%,0,0%,0,0,0%,0,0%
4752,2025-08-25,Ms N A Kane,53,5,9.43%,8,15.09%,7,0,0%,1,14.29%,46,5,10.87%,7,15.22%,0,0,0%,0,0%,0,0,0%,0,0%
4753,2025-08-25,Miss Alisa McClung,35,0,0%,8,0%,2,0,0%,0,0%,7,0,0%,2,28.57%,10,0,0%,0,0%,16,0,0%,6,37.50%
4754,2025-08-25,Stefano Cherchi,1110,102,9.19%,395,35.59%,651,55,8.45%,238,36.56%,459,47,10.24%,157,34.20%,0,0,0%,0,0%,0,0,0%,0,0%
4755,2025-08-25,Mr George Eddery,42,8,19.05%,10,23.81%,16,4,25.00%,6,37.50%,26,4,15.38%,4,15.38%,0,0,0%,0,0%,0,0,0%,0,0%
4756,2025-08-25,Miss Rachel Taylor,13,0,0%,3,0%,0,0,0%,0,0%,13,0,0%,3,23.08%,0,0,0%,0,0%,0,0,0%,0,0%
4757,2025-08-25,S O'Briain,5,0,0%,3,0%,0,0,0%,0,0%,0,0,0%,0,0%,2,0,0%,2,100.00%,3,0,0%,1,33.33%
4758,2025-08-25,Miss Anna Malmenlid,2,0,0%,0,0%,0,0,0%,0,0%,2,0,0%,0,0%,0,0,0%,0,0%,0,0,0%,0,0%
4759,2025-08-25,Vincent C Y Ho,43,8,18.60%,14,32.56%,5,0,0%,4,80.00%,38,8,21.05%,10,26.32%,0,0,0%,0,0%,0,0,0%,0,0%
4760,2025-08-25,Mr Jamie Neild,76,11,14.47%,24,31.58%,3,0,0%,2,66.67%,18,3,16.67%,7,38.89%,15,1,6.67%,3,20.00%,40,7,17.50%,12,30.00%
4761,2025-08-25,Mr C Abernethy,58,2,3.45%,9,15.52%,1,0,0%,0,0%,19,0,0%,3,15.79%,8,1,12.50%,4,50.00%,30,1,3.33%,2,6.67%
4762,2025-08-25,Yutaka Take,5,0,0%,0,0%,0,0,0%,0,0%,5,0,0%,0,0%,0,0,0%,0,0%,0,0,0%,0,0%
4763,2025-08-25,Per-anders Graberg,9,2,22.22%,3,33.33%,0,0,0%,0,0%,9,2,22.22%,3,33.33%,0,0,0%,0,0%,0,0,0%,0,0%
4764,2025-08-25,Oliver Searle,276,28,10.14%,66,23.91%,103,9,8.74%,21,20.39%,173,19,10.98%,45,26.01%,0,0,0%,0,0%,0,0,0%,0,0%
4765,2025-08-25,Miss Rosie Howarth,28,4,14.29%,6,21.43%,5,1,20.00%,1,20.00%,15,1,6.67%,4,26.67%,7,2,28.57%,0,0%,1,0,0%,1,100.00%
4766,2025-08-25,H J Horgan,436,39,8.94%,89,20.41%,153,21,13.73%,38,24.84%,283,18,6.36%,51,18.02%,0,0,0%,0,0%,0,0,0%,0,0%
4767,2025-08-25,Siobhan Rutledge,1476,79,5.35%,253,17.14%,557,38,6.82%,102,18.31%,919,41,4.46%,151,16.43%,0,0,0%,0,0%,0,0,0%,0,0%
4768,2025-08-25,S F O'Keeffe,2805,205,7.31%,688,24.53%,1,0,0%,1,100.00%,31,1,3.23%,10,32.26%,835,71,8.50%,236,28.26%,1938,133,6.86%,441,22.76%
4769,2025-08-25,Morgan Cole,551,41,7.44%,127,23.05%,335,27,8.06%,76,22.69%,216,14,6.48%,51,23.61%,0,0,0%,0,0%,0,0,0%,0,0%
4770,2025-08-25,Miss Chloe Peacock,2,0,0%,1,0%,0,0,0%,0,0%,2,0,0%,1,50.00%,0,0,0%,0,0%,0,0,0%,0,0%
4771,2025-08-25,Mr A P Fahey,80,4,5.00%,15,18.75%,0,0,0%,0,0%,59,2,3.39%,11,18.64%,5,0,0%,0,0%,16,2,12.50%,4,25.00%
4772,2025-08-25,Miss Rachel Huskisson,6,0,0%,1,0%,1,0,0%,0,0%,5,0,0%,1,20.00%,0,0,0%,0,0%,0,0,0%,0,0%
4773,2025-08-25,Mr C Mooney,1,0,0%,0,0%,0,0,0%,0,0%,1,0,0%,0,0%,0,0,0%,0,0%,0,0,0%,0,0%
4774,2025-08-25,Miss A S Turner,4,0,0%,0,0%,0,0,0%,0,0%,4,0,0%,0,0%,0,0,0%,0,0%,0,0,0%,0,0%
4775,2025-08-25,Mr Henry Main,66,5,7.58%,21,31.82%,22,2,9.09%,9,40.91%,38,3,7.89%,12,31.58%,1,0,0%,0,0%,5,0,0%,0,0%
4776,2025-08-25,Mr T McGuinness,5,0,0%,0,0%,2,0,0%,0,0%,3,0,0%,0,0%,0,0,0%,0,0%,0,0,0%,0,0%
4777,2025-08-25,Cieren Fallon,3418,455,13.31%,1141,33.38%,1425,167,11.72%,503,35.30%,1986,286,14.40%,637,32.07%,7,2,28.57%,1,14.29%,0,0,0%,0,0%
4778,2025-08-25,Mr D N Nevin,22,1,4.55%,8,36.36%,0,0,0%,0,0%,10,1,10.00%,4,40.00%,8,0,0%,4,50.00%,4,0,0%,0,0%
4779,2025-08-25,Jamie Spencer,3,0,0%,1,0%,0,0,0%,0,0%,3,0,0%,1,33.33%,0,0,0%,0,0%,0,0,0%,0,0%
4780,2025-08-25,William Humphrey,84,5,5.95%,27,32.14%,36,2,5.56%,9,25.00%,40,3,7.50%,14,35.00%,4,0,0%,1,25.00%,4,0,0%,3,75.00%
4781,2025-08-25,Lisa O Neill,1,0,0%,0,0%,0,0,0%,0,0%,0,0,0%,0,0%,1,0,0%,0,0%,0,0,0%,0,0%
4782,2025-08-25,Ms G O'Donnell,8,0,0%,2,0%,0,0,0%,0,0%,8,0,0%,2,25.00%,0,0,0%,0,0%,0,0,0%,0,0%
4783,2025-08-25,Mr Gareth Newmarch,4,1,25.00%,1,25.00%,1,0,0%,1,100.00%,3,1,33.33%,0,0%,0,0,0%,0,0%,0,0,0%,0,0%
4784,2025-08-25,Miss Kerryanne Alexander,11,0,0%,2,0%,5,0,0%,1,20.00%,6,0,0%,1,16.67%,0,0,0%,0,0%,0,0,0%,0,0%
4785,2025-08-25,Mr Harry Swan,15,1,6.67%,5,33.33%,0,0,0%,0,0%,6,1,16.67%,2,33.33%,7,0,0%,3,42.86%,2,0,0%,0,0%
4786,2025-08-25,Laura Pearson,1282,119,9.28%,356,27.77%,738,61,8.27%,214,29.00%,544,58,10.66%,142,26.10%,0,0,0%,0,0%,0,0,0%,0,0%
4787,2025-08-25,Rachael O'Callanan,1,0,0%,1,0%,0,0,0%,0,0%,1,0,0%,1,100.00%,0,0,0%,0,0%,0,0,0%,0,0%
4788,2025-08-25,Aaron Mackay,27,1,3.70%,9,33.33%,24,1,4.17%,8,33.33%,3,0,0%,1,33.33%,0,0,0%,0,0%,0,0,0%,0,0%
4789,2025-08-25,J P Shinnick,642,49,7.63%,97,15.11%,17,1,5.88%,3,17.65%,104,2,1.92%,17,16.35%,98,12,12.24%,4,4.08%,423,34,8.04%,73,17.26%
4790,2025-08-25,Miss Samantha Pugh,3,0,0%,2,0%,0,0,0%,0,0%,3,0,0%,2,66.67%,0,0,0%,0,0%,0,0,0%,0,0%
4791,2025-08-25,L P  Dempsey,12,1,8.33%,2,16.67%,0,0,0%,0,0%,0,0,0%,0,0%,6,0,0%,2,33.33%,6,1,16.67%,0,0%
4792,2025-08-25,Sylvia O'Donnell,33,3,9.09%,6,18.18%,4,0,0%,1,25.00%,29,3,10.34%,5,17.24%,0,0,0%,0,0%,0,0,0%,0,0%
4793,2025-08-25,Harry Kimber,848,97,11.44%,190,22.41%,2,0,0%,0,0%,68,3,4.41%,8,11.76%,317,45,14.20%,96,30.28%,461,49,10.63%,86,18.66%
4794,2025-08-25,Miss Nell McCann,3,1,33.33%,1,33.33%,1,0,0%,0,0%,2,1,50.00%,1,50.00%,0,0,0%,0,0%,0,0,0%,0,0%
4795,2025-08-25,Caitlin Taylor,2,0,0%,0,0%,1,0,0%,0,0%,1,0,0%,0,0%,0,0,0%,0,0%,0,0,0%,0,0%
4796,2025-08-25,Miss Sarah Ann Williams,4,0,0%,0,0%,1,0,0%,0,0%,3,0,0%,0,0%,0,0,0%,0,0%,0,0,0%,0,0%
4797,2025-08-25,Mr A T Feeney,51,1,1.96%,10,19.61%,0,0,0%,0,0%,29,1,3.45%,4,13.79%,4,0,0%,1,25.00%,18,0,0%,5,27.78%
4798,2025-08-25,Radek Koplik,1,0,0%,1,0%,0,0,0%,0,0%,1,0,0%,1,100.00%,0,0,0%,0,0%,0,0,0%,0,0%
4799,2025-08-25,Fergus Gillard,776,91,11.73%,237,30.54%,6,0,0%,3,50.00%,26,1,3.85%,6,23.08%,186,20,10.75%,53,28.49%,558,70,12.54%,175,31.36%
4800,2025-08-25,Mr Jack Tudor,31,6,19.35%,14,45.16%,0,0,0%,0,0%,1,0,0%,0,0%,14,2,14.29%,7,50.00%,16,4,25.00%,7,43.75%
4801,2025-08-25,Rachael O'Callaghan,1,0,0%,0,0%,0,0,0%,0,0%,1,0,0%,0,0%,0,0,0%,0,0%,0,0,0%,0,0%
4802,2025-08-25,Mr Marcus Haddock,1,0,0%,0,0%,0,0,0%,0,0%,1,0,0%,0,0%,0,0,0%,0,0%,0,0,0%,0,0%
4803,2025-08-25,Mr Solomon Wood,9,0,0%,3,0%,0,0,0%,0,0%,1,0,0%,0,0%,4,0,0%,1,25.00%,4,0,0%,2,50.00%
4804,2025-08-25,Luke Scott,375,47,12.53%,91,24.27%,8,1,12.50%,3,37.50%,27,4,14.81%,7,25.93%,99,9,9.09%,22,22.22%,241,33,13.69%,59,24.48%
4805,2025-08-25,P A Harnett,851,43,5.05%,170,19.98%,274,17,6.20%,56,20.44%,577,26,4.51%,114,19.76%,0,0,0%,0,0%,0,0,0%,0,0%
4806,2025-08-25,Owen Payton,51,2,3.92%,16,31.37%,24,1,4.17%,8,33.33%,27,1,3.70%,8,29.63%,0,0,0%,0,0%,0,0,0%,0,0%
4808,2025-08-25,Camilla Sharples,2,2,100.00%,0,0.00%,0,0,0%,0,0%,2,2,100.00%,0,0%,0,0,0%,0,0%,0,0,0%,0,0%
4809,2025-08-25,Cathal Jennings,1,0,0%,1,0%,0,0,0%,0,0%,1,0,0%,1,100.00%,0,0,0%,0,0%,0,0,0%,0,0%
4810,2025-08-25,Justin Houlihan,1,0,0%,1,0%,0,0,0%,0,0%,1,0,0%,1,100.00%,0,0,0%,0,0%,0,0,0%,0,0%
4811,2025-08-25,Megan Donovan,1,0,0%,1,0%,0,0,0%,0,0%,1,0,0%,1,100.00%,0,0,0%,0,0%,0,0,0%,0,0%
4812,2025-08-25,Debbie Flavin,1,0,0%,1,0%,0,0,0%,0,0%,1,0,0%,1,100.00%,0,0,0%,0,0%,0,0,0%,0,0%
4813,2025-08-25,Maurice Hartnett,1,0,0%,0,0%,0,0,0%,0,0%,1,0,0%,0,0%,0,0,0%,0,0%,0,0,0%,0,0%
4814,2025-08-25,Ganna German,4,0,0%,0,0%,0,0,0%,0,0%,4,0,0%,0,0%,0,0,0%,0,0%,0,0,0%,0,0%
4815,2025-08-25,Caoimhe O'Hare,1,0,0%,0,0%,0,0,0%,0,0%,1,0,0%,0,0%,0,0,0%,0,0%,0,0,0%,0,0%
4816,2025-08-25,Oleg Pereverzev,1,0,0%,0,0%,0,0,0%,0,0%,1,0,0%,0,0%,0,0,0%,0,0%,0,0,0%,0,0%
4817,2025-08-25,Ian Montgomery,1,0,0%,0,0%,0,0,0%,0,0%,1,0,0%,0,0%,0,0,0%,0,0%,0,0,0%,0,0%
4818,2025-08-25,Lee Shanahan,1,0,0%,0,0%,0,0,0%,0,0%,1,0,0%,0,0%,0,0,0%,0,0%,0,0,0%,0,0%
4819,2025-08-25,Nicole Smyth,15,1,6.67%,0,0.00%,10,1,10.00%,0,0%,5,0,0%,0,0%,0,0,0%,0,0%,0,0,0%,0,0%
4820,2025-08-25,Mairead Weathers,1,0,0%,0,0%,0,0,0%,0,0%,1,0,0%,0,0%,0,0,0%,0,0%,0,0,0%,0,0%
4821,2025-08-25,Nessa O'Brien,1,0,0%,0,0%,0,0,0%,0,0%,1,0,0%,0,0%,0,0,0%,0,0%,0,0,0%,0,0%
4822,2025-08-25,Stephanie Searle,2,1,50.00%,0,0.00%,0,0,0%,0,0%,2,1,50.00%,0,0%,0,0,0%,0,0%,0,0,0%,0,0%
4823,2025-08-25,Emma Walshe,1,0,0%,0,0%,0,0,0%,0,0%,1,0,0%,0,0%,0,0,0%,0,0%,0,0,0%,0,0%
4824,2025-08-25,Tristan Durrell,540,54,10.00%,117,21.67%,0,0,0%,0,0%,42,4,9.52%,12,28.57%,168,19,11.31%,50,29.76%,330,31,9.39%,55,16.67%
4825,2025-08-25,Miss K Farrell,2,0,0%,0,0%,0,0,0%,0,0%,2,0,0%,0,0%,0,0,0%,0,0%,0,0,0%,0,0%
4826,2025-08-25,Henry Platt,18,1,5.56%,7,38.89%,0,0,0%,0,0%,0,0,0%,0,0%,6,0,0%,3,50.00%,12,1,8.33%,4,33.33%
4827,2025-08-25,J Gelabert Bautista,4,0,0%,0,0%,4,0,0%,0,0%,0,0,0%,0,0%,0,0,0%,0,0%,0,0,0%,0,0%
4828,2025-08-25,Emma Sara Holden,7,0,0%,0,0%,5,0,0%,0,0%,2,0,0%,0,0%,0,0,0%,0,0%,0,0,0%,0,0%
4829,2025-08-25,Miss Abbie McCain,2,0,0%,1,0%,0,0,0%,0,0%,1,0,0%,0,0%,0,0,0%,0,0%,1,0,0%,1,100.00%
4830,2025-08-25,Mr J Williams,14,0,0%,2,0%,0,0,0%,0,0%,13,0,0%,2,15.38%,0,0,0%,0,0%,1,0,0%,0,0%
4831,2025-08-25,Mr J A O'Reilly,7,0,0%,1,0%,0,0,0%,0,0%,3,0,0%,0,0%,1,0,0%,0,0%,3,0,0%,1,33.33%
4832,2025-08-25,Miss Katy Brooks,12,1,8.33%,5,41.67%,5,0,0%,3,60.00%,7,1,14.29%,2,28.57%,0,0,0%,0,0%,0,0,0%,0,0%
4833,2025-08-25,M D Poynton,4,0,0%,0,0%,0,0,0%,0,0%,1,0,0%,0,0%,0,0,0%,0,0%,3,0,0%,0,0%
4834,2025-08-25,P J Vaughan,18,1,5.56%,2,11.11%,0,0,0%,0,0%,0,0,0%,0,0%,1,0,0%,0,0%,17,1,5.88%,2,11.76%
4835,2025-08-25,B Roberts,127,20,15.75%,34,26.77%,7,2,28.57%,4,57.14%,22,4,18.18%,9,40.91%,18,1,5.56%,6,33.33%,80,13,16.25%,15,18.75%
4836,2025-08-25,Mr Oscar Palmer,15,2,13.33%,6,40.00%,4,1,25.00%,1,25.00%,7,1,14.29%,4,57.14%,0,0,0%,0,0%,4,0,0%,1,25.00%
4837,2025-08-25,Miss Kayleigh Rayner,8,0,0%,0,0%,4,0,0%,0,0%,4,0,0%,0,0%,0,0,0%,0,0%,0,0,0%,0,0%
4838,2025-08-25,Aidan Macdonald,48,3,6.25%,13,27.08%,2,0,0%,1,50.00%,5,0,0%,3,60.00%,4,0,0%,0,0%,37,3,8.11%,9,24.32%
4839,2025-08-25,D P Carroll,4,0,0%,0,0%,0,0,0%,0,0%,0,0,0%,0,0%,0,0,0%,0,0%,4,0,0%,0,0%
4840,2025-08-25,Olivier Placais,1,0,0%,0,0%,1,0,0%,0,0%,0,0,0%,0,0%,0,0,0%,0,0%,0,0,0%,0,0%
4841,2025-08-25,Mr Niall Reynolds,2,0,0%,0,0%,1,0,0%,0,0%,1,0,0%,0,0%,0,0,0%,0,0%,0,0,0%,0,0%
4842,2025-08-25,Mr Thomas Miles,5,0,0%,0,0%,2,0,0%,0,0%,3,0,0%,0,0%,0,0,0%,0,0%,0,0,0%,0,0%
4843,2025-08-25,Miss Georgina Sparkes,1,0,0%,0,0%,1,0,0%,0,0%,0,0,0%,0,0%,0,0,0%,0,0%,0,0,0%,0,0%
4844,2025-08-25,Miss Imogen Mathias,99,5,5.05%,23,23.23%,17,1,5.88%,4,23.53%,45,3,6.67%,11,24.44%,9,0,0%,2,22.22%,28,1,3.57%,6,21.43%
4845,2025-08-25,Mr D Johnston,7,0,0%,3,0%,0,0,0%,0,0%,7,0,0%,3,42.86%,0,0,0%,0,0%,0,0,0%,0,0%
4846,2025-08-25,Mr C M Smith,3,0,0%,0,0%,0,0,0%,0,0%,2,0,0%,0,0%,1,0,0%,0,0%,0,0,0%,0,0%
4847,2025-08-25,Mr A Smullen,1,0,0%,0,0%,0,0,0%,0,0%,1,0,0%,0,0%,0,0,0%,0,0%,0,0,0%,0,0%
4848,2025-08-25,Mr Nathan Seery,12,1,8.33%,2,16.67%,3,1,33.33%,0,0%,7,0,0%,1,14.29%,0,0,0%,0,0%,2,0,0%,1,50.00%
4849,2025-08-25,Mr J J Clifford,7,0,0%,0,0%,0,0,0%,0,0%,4,0,0%,0,0%,1,0,0%,0,0%,2,0,0%,0,0%
4850,2025-08-25,Emma Louise Doyle,65,3,4.62%,10,15.38%,26,2,7.69%,3,11.54%,39,1,2.56%,7,17.95%,0,0,0%,0,0%,0,0,0%,0,0%
4851,2025-08-25,Mr Jack Dinneen,7,0,0%,2,0%,0,0,0%,0,0%,3,0,0%,1,33.33%,0,0,0%,0,0%,4,0,0%,1,25.00%
4852,2025-08-25,Miss S Doyle,60,4,6.67%,14,23.33%,0,0,0%,0,0%,30,2,6.67%,6,20.00%,10,1,10.00%,3,30.00%,20,1,5.00%,5,25.00%
4853,2025-08-25,Joe Anderson,447,54,12.08%,112,25.06%,0,0,0%,0,0%,21,3,14.29%,3,14.29%,88,8,9.09%,23,26.14%,338,43,12.72%,86,25.44%
4854,2025-08-25,Miss N Nolan,2,0,0%,0,0%,0,0,0%,0,0%,2,0,0%,0,0%,0,0,0%,0,0%,0,0,0%,0,0%
4855,2025-08-25,Mr Tamby Welch,12,0,0%,2,0%,4,0,0%,1,25.00%,2,0,0%,0,0%,2,0,0%,1,50.00%,4,0,0%,0,0%
4856,2025-08-25,Miss Megan Jordan,77,12,15.58%,15,19.48%,29,6,20.69%,5,17.24%,47,6,12.77%,10,21.28%,1,0,0%,0,0%,0,0,0%,0,0%
4857,2025-08-25,Joe Bradnam,160,7,4.38%,38,23.75%,81,4,4.94%,19,23.46%,78,3,3.85%,19,24.36%,1,0,0%,0,0%,0,0,0%,0,0%
4858,2025-08-25,Mr Eoin O'brien,1,0,0%,1,0%,0,0,0%,0,0%,0,0,0%,0,0%,1,0,0%,1,100.00%,0,0,0%,0,0%
4859,2025-08-25,Dylan Kitts,89,11,12.36%,36,40.45%,2,2,100.00%,0,0%,11,0,0%,4,36.36%,30,7,23.33%,13,43.33%,46,2,4.35%,19,41.30%
4860,2025-08-25,Mr J G English,2,0,0%,0,0%,0,0,0%,0,0%,1,0,0%,0,0%,0,0,0%,0,0%,1,0,0%,0,0%
4861,2025-08-25,Mr Charles Buckle,6,0,0%,1,0%,0,0,0%,0,0%,1,0,0%,0,0%,4,0,0%,1,25.00%,1,0,0%,0,0%
4862,2025-08-25,R L O'Brien,1,0,0%,1,0%,0,0,0%,0,0%,0,0,0%,0,0%,0,0,0%,0,0%,1,0,0%,1,100.00%
4863,2025-08-25,J C Gainford,1485,149,10.03%,374,25.19%,1,0,0%,0,0%,31,1,3.23%,12,38.71%,439,45,10.25%,121,27.56%,1014,103,10.16%,241,23.77%
4864,2025-08-25,M Scallan,2,0,0%,2,0%,0,0,0%,0,0%,2,0,0%,2,100.00%,0,0,0%,0,0%,0,0,0%,0,0%
4865,2025-08-25,S Fitzgerald,1091,85,7.79%,278,25.48%,0,0,0%,0,0%,12,2,16.67%,1,8.33%,286,28,9.79%,78,27.27%,793,55,6.94%,199,25.09%
4866,2025-08-25,Mr W P Mullins,1,0,0%,0,0%,0,0,0%,0,0%,1,0,0%,0,0%,0,0,0%,0,0%,0,0,0%,0,0%
4867,2025-08-25,Mr J W Hendrick,147,11,7.48%,43,29.25%,1,0,0%,1,100.00%,81,6,7.41%,19,23.46%,41,3,7.32%,13,31.71%,20,2,10.00%,7,35.00%
4868,2025-08-25,C M Smith,2,0,0%,0,0%,0,0,0%,0,0%,2,0,0%,0,0%,0,0,0%,0,0%,0,0,0%,0,0%
4869,2025-08-25,T J Kelly,3,0,0%,1,0%,0,0,0%,0,0%,3,0,0%,1,33.33%,0,0,0%,0,0%,0,0,0%,0,0%
4870,2025-08-25,Ms S Doyle,1,0,0%,1,0%,0,0,0%,0,0%,1,0,0%,1,100.00%,0,0,0%,0,0%,0,0,0%,0,0%
4871,2025-08-25,B W Harvey,656,34,5.18%,116,17.68%,0,0,0%,0,0%,15,0,0%,5,33.33%,137,6,4.38%,23,16.79%,504,28,5.56%,88,17.46%
4872,2025-08-25,T G Mahon,1,0,0%,1,0%,0,0,0%,0,0%,1,0,0%,1,100.00%,0,0,0%,0,0%,0,0,0%,0,0%
4873,2025-08-25,E M Wallis,1,0,0%,0,0%,0,0,0%,0,0%,1,0,0%,0,0%,0,0,0%,0,0%,0,0,0%,0,0%
4874,2025-08-25,Ms A O'sullivan,2,0,0%,1,0%,0,0,0%,0,0%,2,0,0%,1,50.00%,0,0,0%,0,0%,0,0,0%,0,0%
4876,2025-08-25,Miss Minty Bloss,7,0,0%,1,0%,3,0,0%,1,33.33%,4,0,0%,0,0%,0,0,0%,0,0%,0,0,0%,0,0%
4877,2025-08-25,C G O'Dwyer,709,45,6.35%,122,17.21%,66,2,3.03%,9,13.64%,119,2,1.68%,18,15.13%,132,12,9.09%,26,19.70%,392,29,7.40%,69,17.60%
4878,2025-08-25,Miss Alex Garven,33,2,6.06%,8,24.24%,4,0,0%,3,75.00%,19,2,10.53%,2,10.53%,1,0,0%,0,0%,9,0,0%,3,33.33%
4879,2025-08-25,Mr Fred Timmis,3,0,0%,2,0%,0,0,0%,0,0%,0,0,0%,0,0%,3,0,0%,2,66.67%,0,0,0%,0,0%
4880,2025-08-25,Miss M Micklewright,6,1,16.67%,1,16.67%,0,0,0%,0,0%,1,0,0%,0,0%,5,1,20.00%,1,20.00%,0,0,0%,0,0%
4881,2025-08-25,Mirko Sanna,6,3,50.00%,0,0.00%,6,3,50.00%,0,0%,0,0,0%,0,0%,0,0,0%,0,0%,0,0,0%,0,0%
4882,2025-08-25,D Alberca-Gavilan,1,1,100.00%,0,0.00%,1,1,100.00%,0,0%,0,0,0%,0,0%,0,0,0%,0,0%,0,0,0%,0,0%
4883,2025-08-25,Miss J I Bedi,46,4,8.70%,17,36.96%,1,0,0%,0,0%,14,2,14.29%,3,21.43%,10,0,0%,3,30.00%,21,2,9.52%,11,52.38%
4884,2025-08-25,Mr James Turner,54,2,3.70%,12,22.22%,5,0,0%,2,40.00%,10,1,10.00%,2,20.00%,14,1,7.14%,2,14.29%,25,0,0%,6,24.00%
4885,2025-08-25,E Greatrex,30,1,3.33%,9,30.00%,5,1,20.00%,1,20.00%,25,0,0%,8,32.00%,0,0,0%,0,0%,0,0,0%,0,0%
4886,2025-08-25,Mr Nathan Rahman,13,0,0%,6,0%,0,0,0%,0,0%,0,0,0%,0,0%,6,0,0%,3,50.00%,7,0,0%,3,42.86%
4887,2025-08-25,Z Timar,1,0,0%,1,0%,1,0,0%,1,100.00%,0,0,0%,0,0%,0,0,0%,0,0%,0,0,0%,0,0%
4888,2025-08-25,Mr Dallon Holmes,3,0,0%,0,0%,3,0,0%,0,0%,0,0,0%,0,0%,0,0,0%,0,0%,0,0,0%,0,0%
4889,2025-08-25,Miss N Kerslake,2,0,0%,1,0%,0,0,0%,0,0%,2,0,0%,1,50.00%,0,0,0%,0,0%,0,0,0%,0,0%
4890,2025-08-25,Ben Love,3,0,0%,2,0%,0,0,0%,0,0%,2,0,0%,1,50.00%,0,0,0%,0,0%,1,0,0%,1,100.00%
4891,2025-08-25,Mrs T Menuet,1,0,0%,0,0%,0,0,0%,0,0%,0,0,0%,0,0%,0,0,0%,0,0%,1,0,0%,0,0%
4892,2025-08-25,Mr E Ohgren,23,1,4.35%,6,26.09%,1,0,0%,0,0%,15,0,0%,3,20.00%,2,0,0%,1,50.00%,5,1,20.00%,2,40.00%
4893,2025-08-25,Miss T T Daly,2,0,0%,0,0%,0,0,0%,0,0%,2,0,0%,0,0%,0,0,0%,0,0%,0,0,0%,0,0%
4894,2025-08-25,Mr R A Jackson,13,1,7.69%,2,15.38%,0,0,0%,0,0%,7,0,0%,0,0%,3,0,0%,2,66.67%,3,1,33.33%,0,0%
4895,2025-08-25,Alfie Jordan,33,1,3.03%,12,36.36%,2,0,0%,0,0%,5,0,0%,3,60.00%,0,0,0%,0,0%,26,1,3.85%,9,34.62%
4896,2025-08-25,Owen Lewis,213,18,8.45%,55,25.82%,99,6,6.06%,25,25.25%,114,12,10.53%,30,26.32%,0,0,0%,0,0%,0,0,0%,0,0%
4897,2025-08-25,Danny Redmond,125,10,8.00%,40,32.00%,20,3,15.00%,6,30.00%,105,7,6.67%,34,32.38%,0,0,0%,0,0%,0,0,0%,0,0%
4898,2025-08-25,Miss Jessica Llewellyn,79,2,2.53%,20,25.32%,17,1,5.88%,4,23.53%,60,1,1.67%,16,26.67%,2,0,0%,0,0%,0,0,0%,0,0%
4899,2025-08-25,Miss Lauren Sanders,14,0,0%,2,0%,4,0,0%,0,0%,4,0,0%,0,0%,0,0,0%,0,0%,6,0,0%,2,33.33%
4900,2025-08-25,B Curtis,1,0,0%,1,0%,1,0,0%,1,100.00%,0,0,0%,0,0%,0,0,0%,0,0%,0,0,0%,0,0%
4901,2025-08-25,Ella Boardman,6,0,0%,0,0%,3,0,0%,0,0%,3,0,0%,0,0%,0,0,0%,0,0%,0,0,0%,0,0%
4902,2025-08-25,Darragh O'keeffe,6,0,0%,2,0%,0,0,0%,0,0%,0,0,0%,0,0%,1,0,0%,1,100.00%,5,0,0%,1,20.00%
4903,2025-08-25,J M Sheridan,2320,149,6.42%,531,22.89%,629,33,5.25%,130,20.67%,1687,116,6.88%,401,23.77%,0,0,0%,0,0%,4,0,0%,0,0%
4904,2025-08-25,N J Ryan,118,10,8.47%,23,19.49%,6,0,0%,3,50.00%,35,3,8.57%,6,17.14%,4,0,0%,0,0%,73,7,9.59%,14,19.18%
4905,2025-08-25,B P Kennedy,314,6,1.91%,49,15.61%,10,0,0%,3,30.00%,31,1,3.23%,5,16.13%,22,1,4.55%,4,18.18%,251,4,1.59%,37,14.74%
4906,2025-08-25,Eddie Edge,94,3,3.19%,29,30.85%,2,0,0%,0,0%,12,1,8.33%,2,16.67%,6,0,0%,4,66.67%,74,2,2.70%,23,31.08%
4907,2025-08-25,Jamie Jones,5,0,0%,2,0%,3,0,0%,2,66.67%,2,0,0%,0,0%,0,0,0%,0,0%,0,0,0%,0,0%
4908,2025-08-25,Mr J Dunne,227,13,5.73%,71,31.28%,4,0,0%,1,25.00%,154,6,3.90%,58,37.66%,22,0,0%,4,18.18%,47,7,14.89%,8,17.02%
4909,2025-08-25,Mr J I Duggan,25,0,0%,1,0%,0,0,0%,0,0%,22,0,0%,1,4.55%,0,0,0%,0,0%,3,0,0%,0,0%
4910,2025-08-25,Mr T Joseph Kelly,13,0,0%,1,0%,0,0,0%,0,0%,8,0,0%,0,0%,5,0,0%,1,20.00%,0,0,0%,0,0%
4911,2025-08-25,Mr Noel George,1,0,0%,0,0%,0,0,0%,0,0%,1,0,0%,0,0%,0,0,0%,0,0%,0,0,0%,0,0%
4912,2025-08-25,Mr P Thomas,39,3,7.69%,9,23.08%,7,0,0%,2,28.57%,25,3,12.00%,7,28.00%,2,0,0%,0,0%,5,0,0%,0,0%
4913,2025-08-25,Mr Andrew McBride,8,0,0%,0,0%,4,0,0%,0,0%,3,0,0%,0,0%,0,0,0%,0,0%,1,0,0%,0,0%
4914,2025-08-25,Mr Eireann Cagney,93,13,13.98%,28,30.11%,33,7,21.21%,7,21.21%,60,6,10.00%,21,35.00%,0,0,0%,0,0%,0,0,0%,0,0%
4915,2025-08-25,E R Ferreira,2,0,0%,0,0%,0,0,0%,0,0%,2,0,0%,0,0%,0,0,0%,0,0%,0,0,0%,0,0%
4916,2025-08-25,Thomas Doggrell,187,18,9.63%,76,40.64%,0,0,0%,0,0%,6,1,16.67%,2,33.33%,59,6,10.17%,20,33.90%,122,11,9.02%,54,44.26%
4918,2025-08-25,Mr B Hill,4,0,0%,2,0%,0,0,0%,0,0%,4,0,0%,2,50.00%,0,0,0%,0,0%,0,0,0%,0,0%
4919,2025-08-25,Mr R Sugrue,54,1,1.85%,7,12.96%,0,0,0%,0,0%,32,0,0%,6,18.75%,7,1,14.29%,1,14.29%,15,0,0%,0,0%
4920,2025-08-25,E Walsh,1189,75,6.31%,267,22.46%,0,0,0%,0,0%,16,4,25.00%,5,31.25%,259,18,6.95%,76,29.34%,914,53,5.80%,186,20.35%
4921,2025-08-25,Mr J Hayes,1,0,0%,1,0%,0,0,0%,0,0%,0,0,0%,0,0%,1,0,0%,1,100.00%,0,0,0%,0,0%
4922,2025-08-25,Mr Dylan Johnston,7,0,0%,4,0%,0,0,0%,0,0%,0,0,0%,0,0%,1,0,0%,1,100.00%,6,0,0%,3,50.00%
4923,2025-08-25,Mr Hugo Oliveira,1,0,0%,0,0%,0,0,0%,0,0%,0,0,0%,0,0%,0,0,0%,0,0%,1,0,0%,0,0%
4924,2025-08-25,S Narredu,2,0,0%,0,0%,1,0,0%,0,0%,1,0,0%,0,0%,0,0,0%,0,0%,0,0,0%,0,0%
4925,2025-08-25,Mr C Cullinan,10,2,20.00%,4,40.00%,0,0,0%,0,0%,2,1,50.00%,0,0%,0,0,0%,0,0%,8,1,12.50%,4,50.00%
4926,2025-08-25,Miss Rachel Davies,3,0,0%,0,0%,0,0,0%,0,0%,3,0,0%,0,0%,0,0,0%,0,0%,0,0,0%,0,0%
4927,2025-08-25,Miss Nynke Schilder,3,0,0%,0,0%,1,0,0%,0,0%,2,0,0%,0,0%,0,0,0%,0,0%,0,0,0%,0,0%
4928,2025-08-25,Miss Matilda Blundell,3,0,0%,1,0%,0,0,0%,0,0%,3,0,0%,1,33.33%,0,0,0%,0,0%,0,0,0%,0,0%
4929,2025-08-25,K Corrigan,4,1,25.00%,3,75.00%,0,0,0%,0,0%,4,1,25.00%,3,75.00%,0,0,0%,0,0%,0,0,0%,0,0%
4930,2025-08-25,P Rogan,16,2,12.50%,7,43.75%,0,0,0%,0,0%,11,1,9.09%,6,54.55%,0,0,0%,0,0%,0,0,0%,0,0%
4931,2025-08-25,Mr S Fenelon,48,5,10.42%,11,22.92%,0,0,0%,0,0%,23,1,4.35%,3,13.04%,9,2,22.22%,4,44.44%,16,2,12.50%,4,25.00%
4932,2025-08-25,T Reilly,2,0,0%,1,0%,0,0,0%,0,0%,2,0,0%,1,50.00%,0,0,0%,0,0%,0,0,0%,0,0%
4933,2025-08-25,J Williams,1,0,0%,1,0%,0,0,0%,0,0%,1,0,0%,1,100.00%,0,0,0%,0,0%,0,0,0%,0,0%
4934,2025-08-25,C W McCormack,3,0,0%,1,0%,0,0,0%,0,0%,3,0,0%,1,33.33%,0,0,0%,0,0%,0,0,0%,0,0%
4935,2025-08-25,A Smullen,2,0,0%,0,0%,0,0,0%,0,0%,2,0,0%,0,0%,0,0,0%,0,0%,0,0,0%,0,0%
4936,2025-08-25,B D O'neill,1,0,0%,1,0%,0,0,0%,0,0%,1,0,0%,1,100.00%,0,0,0%,0,0%,0,0,0%,0,0%
4937,2025-08-25,D Crean,1,0,0%,0,0%,0,0,0%,0,0%,1,0,0%,0,0%,0,0,0%,0,0%,0,0,0%,0,0%
4938,2025-08-25,Louis Garoghan,25,1,4.00%,10,40.00%,8,0,0%,3,37.50%,17,1,5.88%,7,41.18%,0,0,0%,0,0%,0,0,0%,0,0%
4939,2025-08-25,D R Cook,1,0,0%,1,0%,0,0,0%,0,0%,1,0,0%,1,100.00%,0,0,0%,0,0%,0,0,0%,0,0%
4940,2025-08-25,Mr G Hopkinson,1,0,0%,0,0%,0,0,0%,0,0%,0,0,0%,0,0%,1,0,0%,0,0%,0,0,0%,0,0%
4941,2025-08-25,Mr George Prince,1,0,0%,0,0%,0,0,0%,0,0%,0,0,0%,0,0%,1,0,0%,0,0%,0,0,0%,0,0%
4942,2025-08-25,Miss C Tailford,1,0,0%,0,0%,0,0,0%,0,0%,0,0,0%,0,0%,1,0,0%,0,0%,0,0,0%,0,0%
4950,2025-08-25,Danny Mullins,1,0,0%,1,0%,0,0,0%,0,0%,0,0,0%,0,0%,0,0,0%,0,0%,1,0,0%,1,100.00%
4951,2025-08-25,K A Kelly,1,1,100.00%,0,0.00%,0,0,0%,0,0%,1,1,100.00%,0,0%,0,0,0%,0,0%,0,0,0%,0,0%
4952,2025-08-25,N Byrne,2,0,0%,2,0%,0,0,0%,0,0%,2,0,0%,2,100.00%,0,0,0%,0,0%,0,0,0%,0,0%
4953,2025-08-25,C Eyre,1,0,0%,1,0%,0,0,0%,0,0%,1,0,0%,1,100.00%,0,0,0%,0,0%,0,0,0%,0,0%
4954,2025-08-25,Maurice McCarthy,5,0,0%,1,0%,0,0,0%,0,0%,5,0,0%,1,20.00%,0,0,0%,0,0%,0,0,0%,0,0%
4955,2025-08-25,Stephen O'Connor,1,0,0%,0,0%,0,0,0%,0,0%,1,0,0%,0,0%,0,0,0%,0,0%,0,0,0%,0,0%
4956,2025-08-25,Darren Dunne,4,0,0%,0,0%,0,0,0%,0,0%,4,0,0%,0,0%,0,0,0%,0,0%,0,0,0%,0,0%
4957,2025-08-25,Miss I Wirgman-neal,1,0,0%,0,0%,0,0,0%,0,0%,1,0,0%,0,0%,0,0,0%,0,0%,0,0,0%,0,0%
4958,2025-08-25,Geraldine Dempsey,1,0,0%,0,0%,0,0,0%,0,0%,1,0,0%,0,0%,0,0,0%,0,0%,0,0,0%,0,0%
4959,2025-08-25,G P Griffin,1,0,0%,0,0%,0,0,0%,0,0%,1,0,0%,0,0%,0,0,0%,0,0%,0,0,0%,0,0%
4960,2025-08-25,Ian Walsh,1,0,0%,0,0%,0,0,0%,0,0%,1,0,0%,0,0%,0,0,0%,0,0%,0,0,0%,0,0%
4961,2025-08-25,M Kavanagh,1,0,0%,0,0%,0,0,0%,0,0%,1,0,0%,0,0%,0,0,0%,0,0%,0,0,0%,0,0%
4962,2025-08-25,Kitty Fitzpatrick,1,0,0%,0,0%,0,0,0%,0,0%,1,0,0%,0,0%,0,0,0%,0,0%,0,0,0%,0,0%
4963,2025-08-25,L P Ryan,1,0,0%,0,0%,0,0,0%,0,0%,1,0,0%,0,0%,0,0,0%,0,0%,0,0,0%,0,0%
4964,2025-08-25,Tom Malone,1,0,0%,0,0%,0,0,0%,0,0%,1,0,0%,0,0%,0,0,0%,0,0%,0,0,0%,0,0%
4965,2025-08-25,Caroline Moody,1,0,0%,0,0%,0,0,0%,0,0%,1,0,0%,0,0%,0,0,0%,0,0%,0,0,0%,0,0%
4966,2025-08-25,Sarah O'Sullivan,1,0,0%,0,0%,0,0,0%,0,0%,1,0,0%,0,0%,0,0,0%,0,0%,0,0,0%,0,0%
4967,2025-08-25,Luke Bacon,27,1,3.70%,12,44.44%,14,1,7.14%,4,28.57%,13,0,0%,8,61.54%,0,0,0%,0,0%,0,0,0%,0,0%
4968,2025-08-25,Aiden Smithies,32,1,3.13%,7,21.88%,13,1,7.69%,4,30.77%,19,0,0%,3,15.79%,0,0,0%,0,0%,0,0,0%,0,0%
4969,2025-08-25,Mr T Costello,17,3,17.65%,5,29.41%,0,0,0%,0,0%,7,1,14.29%,2,28.57%,3,0,0%,2,66.67%,7,2,28.57%,1,14.29%
4970,2025-08-25,Miss C F MacMahon,8,0,0%,1,0%,0,0,0%,0,0%,8,0,0%,1,12.50%,0,0,0%,0,0%,0,0,0%,0,0%
4971,2025-08-25,Jacob Clark,46,0,0%,17,0%,28,0,0%,12,42.86%,18,0,0%,5,27.78%,0,0,0%,0,0%,0,0,0%,0,0%
4972,2025-08-25,Erika Parkinson,176,22,12.50%,72,40.91%,104,15,14.42%,48,46.15%,72,7,9.72%,24,33.33%,0,0,0%,0,0%,0,0,0%,0,0%
4973,2025-08-25,Mollie Phillips,729,74,10.15%,259,35.53%,320,22,6.88%,128,40.00%,409,52,12.71%,131,32.03%,0,0,0%,0,0%,0,0,0%,0,0%
4974,2025-08-25,C Rabbitt,87,12,13.79%,30,34.48%,1,0,0%,1,100.00%,12,0,0%,1,8.33%,1,0,0%,0,0%,72,12,16.67%,27,37.50%
4975,2025-08-25,Mr L Trott,10,0,0%,4,0%,0,0,0%,0,0%,0,0,0%,0,0%,4,0,0%,2,50.00%,6,0,0%,2,33.33%
4976,2025-08-25,Angus Villiers,568,52,9.15%,214,37.68%,310,34,10.97%,125,40.32%,258,18,6.98%,89,34.50%,0,0,0%,0,0%,0,0,0%,0,0%
4977,2025-08-25,Mr C Blake,2,0,0%,0,0%,0,0,0%,0,0%,2,0,0%,0,0%,0,0,0%,0,0%,0,0,0%,0,0%
4978,2025-08-25,Mickaelle Michel,6,0,0%,3,0%,0,0,0%,0,0%,6,0,0%,3,50.00%,0,0,0%,0,0%,0,0,0%,0,0%
4980,2025-08-25,Joseph Lyons,27,2,7.41%,4,14.81%,12,1,8.33%,1,8.33%,15,1,6.67%,3,20.00%,0,0,0%,0,0%,0,0,0%,0,0%
4981,2025-08-25,Aidan Redpath,28,1,3.57%,10,35.71%,8,1,12.50%,1,12.50%,20,0,0%,9,45.00%,0,0,0%,0,0%,0,0,0%,0,0%
4982,2025-08-25,Mr M Doyle,8,0,0%,0,0%,0,0,0%,0,0%,2,0,0%,0,0%,0,0,0%,0,0%,6,0,0%,0,0%
4983,2025-08-25,A M King,177,3,1.69%,17,9.60%,0,0,0%,0,0%,5,0,0%,0,0%,11,0,0%,0,0%,161,3,1.86%,17,10.56%
4984,2025-08-25,Eoin O'Connell,7,1,14.29%,2,28.57%,0,0,0%,0,0%,1,0,0%,0,0%,0,0,0%,0,0%,6,1,16.67%,2,33.33%
4986,2025-08-25,Mr N Vergne,2,0,0%,0,0%,0,0,0%,0,0%,0,0,0%,0,0%,2,0,0%,0,0%,0,0,0%,0,0%
4987,2025-08-25,Miss Rosie Turner,1,0,0%,1,0%,0,0,0%,0,0%,0,0,0%,0,0%,1,0,0%,1,100.00%,0,0,0%,0,0%
4988,2025-08-25,Miss Lucinda Ticehurst,2,0,0%,0,0%,0,0,0%,0,0%,0,0,0%,0,0%,2,0,0%,0,0%,0,0,0%,0,0%
4989,2025-08-25,Mr Paddy Barlow,112,9,8.04%,23,20.54%,7,1,14.29%,1,14.29%,13,0,0%,3,23.08%,43,4,9.30%,8,18.60%,49,4,8.16%,11,22.45%
4990,2025-08-25,Miss G Benson,95,9,9.47%,20,21.05%,1,0,0%,0,0%,60,6,10.00%,12,20.00%,13,2,15.38%,1,7.69%,21,1,4.76%,7,33.33%
4991,2025-08-25,Mr Liam Spencer,1,0,0%,0,0%,0,0,0%,0,0%,1,0,0%,0,0%,0,0,0%,0,0%,0,0,0%,0,0%
4992,2025-08-25,Mr Joshua Scott,4,0,0%,1,0%,1,0,0%,0,0%,3,0,0%,1,33.33%,0,0,0%,0,0%,0,0,0%,0,0%
4993,2025-08-25,Miss A Keane,13,0,0%,3,0%,0,0,0%,0,0%,13,0,0%,3,23.08%,0,0,0%,0,0%,0,0,0%,0,0%
4994,2025-08-25,Mr D McLoughlin,1,0,0%,0,0%,0,0,0%,0,0%,1,0,0%,0,0%,0,0,0%,0,0%,0,0,0%,0,0%
4995,2025-08-25,Jessica Anderson,16,0,0%,5,0%,7,0,0%,1,14.29%,9,0,0%,4,44.44%,0,0,0%,0,0%,0,0,0%,0,0%
4996,2025-08-25,Tyler Gaffalione,3,0,0%,0,0%,0,0,0%,0,0%,3,0,0%,0,0%,0,0,0%,0,0%,0,0,0%,0,0%
4997,2025-08-25,Michael Pitt,26,0,0%,4,0%,14,0,0%,2,14.29%,12,0,0%,2,16.67%,0,0,0%,0,0%,0,0,0%,0,0%
4998,2025-08-25,V Duric,1,0,0%,0,0%,0,0,0%,0,0%,1,0,0%,0,0%,0,0,0%,0,0%,0,0,0%,0,0%
4999,2025-08-25,R Law-Eadie,13,0,0%,1,0%,1,0,0%,0,0%,1,0,0%,0,0%,0,0,0%,0,0%,11,0,0%,1,9.09%
5000,2025-08-25,Miss S Whittle,5,2,40.00%,0,0.00%,0,0,0%,0,0%,0,0,0%,0,0%,3,2,66.67%,0,0%,2,0,0%,0,0%
5001,2025-08-25,Elinor Jones,37,2,5.41%,13,35.14%,20,0,0%,7,35.00%,17,2,11.76%,6,35.29%,0,0,0%,0,0%,0,0,0%,0,0%
5002,2025-08-25,Victoria Sanchez,2,0,0%,0,0%,1,0,0%,0,0%,1,0,0%,0,0%,0,0,0%,0,0%,0,0,0%,0,0%
5003,2025-08-25,Miss Shae Edwards,1,0,0%,0,0%,0,0,0%,0,0%,1,0,0%,0,0%,0,0,0%,0,0%,0,0,0%,0,0%
5004,2025-08-25,Nick Barratt-Atkin,76,0,0%,25,0%,44,0,0%,13,29.55%,29,0,0%,12,41.38%,0,0,0%,0,0%,3,0,0%,0,0%
5005,2025-08-25,Mr James Ward,2,0,0%,0,0%,0,0,0%,0,0%,0,0,0%,0,0%,0,0,0%,0,0%,2,0,0%,0,0%
5006,2025-08-25,Lorenzo Atzori,50,1,2.00%,22,44.00%,25,0,0%,12,48.00%,25,1,4.00%,10,40.00%,0,0,0%,0,0%,0,0,0%,0,0%
5007,2025-08-25,K Stott,690,70,10.14%,153,22.17%,210,22,10.48%,49,23.33%,480,48,10.00%,104,21.67%,0,0,0%,0,0%,0,0,0%,0,0%
5008,2025-08-25,Miss S Davison,1,0,0%,0,0%,1,0,0%,0,0%,0,0,0%,0,0%,0,0,0%,0,0%,0,0,0%,0,0%
5009,2025-08-25,Jack G Gilligan,42,4,9.52%,11,26.19%,0,0,0%,0,0%,14,1,7.14%,7,50.00%,6,2,33.33%,0,0%,22,1,4.55%,4,18.18%
5010,2025-08-25,M Tylicki,2,0,0%,0,0%,0,0,0%,0,0%,2,0,0%,0,0%,0,0,0%,0,0%,0,0,0%,0,0%
5011,2025-08-25,Miss Julia Engstrom,8,0,0%,1,0%,3,0,0%,0,0%,5,0,0%,1,20.00%,0,0,0%,0,0%,0,0,0%,0,0%
5012,2025-08-25,Miss Georgia King,37,1,2.70%,9,24.32%,20,0,0%,4,20.00%,16,0,0%,5,31.25%,1,1,100.00%,0,0%,0,0,0%,0,0%
5013,2025-08-25,Miss Megan Trainor,24,1,4.17%,1,4.17%,10,0,0%,0,0%,14,1,7.14%,1,7.14%,0,0,0%,0,0%,0,0,0%,0,0%
5014,2025-08-25,C M Quirke,841,66,7.85%,161,19.14%,0,0,0%,0,0%,17,0,0%,4,23.53%,169,14,8.28%,30,17.75%,655,52,7.94%,127,19.39%
5015,2025-08-25,Poppy Fielding,18,2,11.11%,8,44.44%,6,0,0%,3,50.00%,12,2,16.67%,5,41.67%,0,0,0%,0,0%,0,0,0%,0,0%
5016,2025-08-25,Mr Anthony O'Neill,48,13,27.08%,15,31.25%,1,0,0%,0,0%,16,4,25.00%,8,50.00%,12,2,16.67%,3,25.00%,19,7,36.84%,4,21.05%
5017,2025-08-25,Neve Bennett,133,12,9.02%,20,15.04%,27,4,14.81%,6,22.22%,106,8,7.55%,14,13.21%,0,0,0%,0,0%,0,0,0%,0,0%
5018,2025-08-25,A Mackay,33,4,12.12%,2,6.06%,7,0,0%,0,0%,26,4,15.38%,2,7.69%,0,0,0%,0,0%,0,0,0%,0,0%
5019,2025-08-25,Cameron Iles,135,22,16.30%,36,26.67%,22,0,0%,7,31.82%,3,0,0%,1,33.33%,10,3,30.00%,4,40.00%,100,19,19.00%,24,24.00%
5020,2025-08-25,L W Browne,25,0,0%,7,0%,11,0,0%,3,27.27%,14,0,0%,4,28.57%,0,0,0%,0,0%,0,0,0%,0,0%
5021,2025-08-25,Ms C E Callanan,1,0,0%,0,0%,0,0,0%,0,0%,1,0,0%,0,0%,0,0,0%,0,0%,0,0,0%,0,0%
5022,2025-08-25,Ms M Tylicki,1,0,0%,0,0%,0,0,0%,0,0%,1,0,0%,0,0%,0,0,0%,0,0%,0,0,0%,0,0%
5023,2025-08-25,Yvonne Connolly,3,1,33.33%,0,0.00%,0,0,0%,0,0%,3,1,33.33%,0,0%,0,0,0%,0,0%,0,0,0%,0,0%
5024,2025-08-25,Stephen Thorne,3,0,0%,3,0%,0,0,0%,0,0%,3,0,0%,3,100.00%,0,0,0%,0,0%,0,0,0%,0,0%
5025,2025-08-25,Ms Triona Burbage,1,0,0%,1,0%,0,0,0%,0,0%,1,0,0%,1,100.00%,0,0,0%,0,0%,0,0,0%,0,0%
5026,2025-08-25,Jerry Horan,4,0,0%,1,0%,0,0,0%,0,0%,4,0,0%,1,25.00%,0,0,0%,0,0%,0,0,0%,0,0%
5027,2025-08-25,Neil Durkan,7,0,0%,2,0%,0,0,0%,0,0%,7,0,0%,2,28.57%,0,0,0%,0,0%,0,0,0%,0,0%
5028,2025-08-25,Ms Niamh McNamara,1,0,0%,0,0%,0,0,0%,0,0%,1,0,0%,0,0%,0,0,0%,0,0%,0,0,0%,0,0%
5029,2025-08-25,Ms Aine Ryan,1,0,0%,0,0%,0,0,0%,0,0%,1,0,0%,0,0%,0,0,0%,0,0%,0,0,0%,0,0%
5030,2025-08-25,Miss H Heffernan,35,0,0%,8,0%,0,0,0%,0,0%,22,0,0%,4,18.18%,0,0,0%,0,0%,13,0,0%,4,30.77%
5031,2025-08-25,Ms Mary Tyner,1,0,0%,0,0%,0,0,0%,0,0%,1,0,0%,0,0%,0,0,0%,0,0%,0,0,0%,0,0%
5032,2025-08-25,Sam Feilden,339,23,6.78%,98,28.91%,138,10,7.25%,49,35.51%,201,13,6.47%,49,24.38%,0,0,0%,0,0%,0,0,0%,0,0%
5033,2025-08-25,Miss Camilla Swift,5,0,0%,2,0%,2,0,0%,1,50.00%,3,0,0%,1,33.33%,0,0,0%,0,0%,0,0,0%,0,0%
5034,2025-08-25,Mr Guy Mitchell,25,2,8.00%,4,16.00%,12,1,8.33%,3,25.00%,13,1,7.69%,1,7.69%,0,0,0%,0,0%,0,0,0%,0,0%
5035,2025-08-25,O McSweeney,735,74,10.07%,158,21.50%,282,32,11.35%,62,21.99%,453,42,9.27%,96,21.19%,0,0,0%,0,0%,0,0,0%,0,0%
5036,2025-08-25,Miss Sally Davison,1,0,0%,0,0%,0,0,0%,0,0%,1,0,0%,0,0%,0,0,0%,0,0%,0,0,0%,0,0%
5037,2025-08-25,Marie Perrault,16,1,6.25%,4,25.00%,3,0,0%,1,33.33%,13,1,7.69%,3,23.08%,0,0,0%,0,0%,0,0,0%,0,0%
5038,2025-08-25,Mr R G Meehan,1,0,0%,0,0%,0,0,0%,0,0%,1,0,0%,0,0%,0,0,0%,0,0%,0,0,0%,0,0%
5039,2025-08-25,Miss Maisie Sharp,5,0,0%,1,0%,0,0,0%,0,0%,4,0,0%,1,25.00%,0,0,0%,0,0%,1,0,0%,0,0%
5040,2025-08-25,C Gahan,7,0,0%,1,0%,1,0,0%,0,0%,6,0,0%,1,16.67%,0,0,0%,0,0%,0,0,0%,0,0%
5041,2025-08-25,Miss Claudia Metaireau,5,0,0%,3,0%,1,0,0%,0,0%,4,0,0%,3,75.00%,0,0,0%,0,0%,0,0,0%,0,0%
5042,2025-08-25,F Minarik,5,1,20.00%,3,60.00%,0,0,0%,0,0%,5,1,20.00%,3,60.00%,0,0,0%,0,0%,0,0,0%,0,0%
5043,2025-08-25,Jamie Kah,5,0,0%,2,0%,0,0,0%,0,0%,5,0,0%,2,40.00%,0,0,0%,0,0%,0,0,0%,0,0%
5044,2025-08-25,Nanako Fujita,10,0,0%,2,0%,0,0,0%,0,0%,10,0,0%,2,20.00%,0,0,0%,0,0%,0,0,0%,0,0%
5045,2025-08-25,Mr D T Hyde,38,2,5.26%,10,26.32%,0,0,0%,0,0%,32,2,6.25%,9,28.13%,4,0,0%,1,25.00%,2,0,0%,0,0%
5046,2025-08-25,Mr Finbar Mulrine,4,0,0%,0,0%,1,0,0%,0,0%,3,0,0%,0,0%,0,0,0%,0,0%,0,0,0%,0,0%
5047,2025-08-25,Paige Hopper,22,0,0%,7,0%,2,0,0%,1,50.00%,20,0,0%,6,30.00%,0,0,0%,0,0%,0,0,0%,0,0%
5048,2025-08-25,Jack Tudor,1755,213,12.14%,396,22.56%,8,0,0%,4,50.00%,128,8,6.25%,42,32.81%,690,103,14.93%,173,25.07%,929,102,10.98%,177,19.05%
5049,2025-08-25,Katelyn Young,28,0,0%,1,0%,8,0,0%,1,12.50%,20,0,0%,0,0%,0,0,0%,0,0%,0,0,0%,0,0%
5050,2025-08-25,Miss Megan Fox,20,1,5.00%,6,30.00%,1,0,0%,1,100.00%,6,0,0%,2,33.33%,6,0,0%,3,50.00%,7,1,14.29%,0,0%
5051,2025-08-25,Lee Cosgrove,19,1,5.26%,1,5.26%,0,0,0%,0,0%,3,0,0%,0,0%,3,0,0%,1,33.33%,13,1,7.69%,0,0%
5052,2025-08-25,M P Sheehy,1490,126,8.46%,342,22.95%,433,43,9.93%,94,21.71%,1057,83,7.85%,248,23.46%,0,0,0%,0,0%,0,0,0%,0,0%
5053,2025-08-25,Gaia Boni,31,4,12.90%,5,16.13%,16,3,18.75%,5,31.25%,15,1,6.67%,0,0%,0,0,0%,0,0%,0,0,0%,0,0%
5054,2025-08-25,Ben Bromley,331,42,12.69%,95,28.70%,2,0,0%,0,0%,25,5,20.00%,4,16.00%,81,11,13.58%,25,30.86%,223,26,11.66%,66,29.60%
5055,2025-08-25,O Murphy,42,5,11.90%,17,40.48%,2,0,0%,0,0%,40,5,12.50%,17,42.50%,0,0,0%,0,0%,0,0,0%,0,0%
5056,2025-08-25,Tara Roche,2,0,0%,0,0%,0,0,0%,0,0%,2,0,0%,0,0%,0,0,0%,0,0%,0,0,0%,0,0%
5057,2025-08-25,Heather Heffernan,2,0,0%,2,0%,0,0,0%,0,0%,2,0,0%,2,100.00%,0,0,0%,0,0%,0,0,0%,0,0%
5058,2025-08-25,Niamh McNamara,2,0,0%,0,0%,0,0,0%,0,0%,2,0,0%,0,0%,0,0,0%,0,0%,0,0,0%,0,0%
5059,2025-08-25,Mary Tyner,2,0,0%,0,0%,0,0,0%,0,0%,2,0,0%,0,0%,0,0,0%,0,0%,0,0,0%,0,0%
5060,2025-08-25,Aine Ryan,2,0,0%,0,0%,0,0,0%,0,0%,2,0,0%,0,0%,0,0,0%,0,0%,0,0,0%,0,0%
5061,2025-08-25,Triona Burbage,4,0,0%,1,0%,0,0,0%,0,0%,4,0,0%,1,25.00%,0,0,0%,0,0%,0,0,0%,0,0%
5062,2025-08-25,Ned Fox,305,44,14.43%,68,22.30%,0,0,0%,0,0%,16,2,12.50%,4,25.00%,148,22,14.86%,38,25.68%,141,20,14.18%,26,18.44%
5063,2025-08-25,Miss Dawn Henry,1,0,0%,0,0%,0,0,0%,0,0%,1,0,0%,0,0%,0,0,0%,0,0%,0,0,0%,0,0%
5064,2025-08-25,C F Hart,59,2,3.39%,6,10.17%,0,0,0%,0,0%,0,0,0%,0,0%,2,0,0%,0,0%,57,2,3.51%,6,10.53%
5065,2025-08-25,D McGaffin,1,0,0%,0,0%,0,0,0%,0,0%,1,0,0%,0,0%,0,0,0%,0,0%,0,0,0%,0,0%
5066,2025-08-25,Victoria Smith,1,0,0%,0,0%,0,0,0%,0,0%,1,0,0%,0,0%,0,0,0%,0,0%,0,0,0%,0,0%
5067,2025-08-25,Imogen Carter,6,1,16.67%,2,33.33%,5,1,20.00%,2,40.00%,1,0,0%,0,0%,0,0,0%,0,0%,0,0,0%,0,0%
5068,2025-08-25,Mr G Collier,10,0,0%,1,0%,0,0,0%,0,0%,6,0,0%,1,16.67%,1,0,0%,0,0%,3,0,0%,0,0%
5069,2025-08-25,Pam Du Crocq,14,1,7.14%,4,28.57%,3,0,0%,1,33.33%,11,1,9.09%,3,27.27%,0,0,0%,0,0%,0,0,0%,0,0%
5070,2025-08-25,Tyler Heard,1217,86,7.07%,345,28.35%,714,52,7.28%,211,29.55%,503,34,6.76%,134,26.64%,0,0,0%,0,0%,0,0,0%,0,0%
5071,2025-08-25,Miss C L Goodwin,3,0,0%,1,0%,1,0,0%,1,100.00%,2,0,0%,0,0%,0,0,0%,0,0%,0,0,0%,0,0%
5072,2025-08-25,D McMonagle,2790,374,13.41%,769,27.56%,504,59,11.71%,142,28.17%,2285,314,13.74%,627,27.44%,1,1,100.00%,0,0%,0,0,0%,0,0%
5073,2025-08-25,Miss M Haug,1,0,0%,0,0%,0,0,0%,0,0%,1,0,0%,0,0%,0,0,0%,0,0%,0,0,0%,0,0%
5074,2025-08-25,Miss E Fullilove,1,0,0%,0,0%,0,0,0%,0,0%,1,0,0%,0,0%,0,0,0%,0,0%,0,0,0%,0,0%
5075,2025-08-25,Miss L Giesgen,1,0,0%,0,0%,0,0,0%,0,0%,1,0,0%,0,0%,0,0,0%,0,0%,0,0,0%,0,0%
5076,2025-08-25,Miss L Lindbjerg,1,0,0%,0,0%,0,0,0%,0,0%,1,0,0%,0,0%,0,0,0%,0,0%,0,0,0%,0,0%
5077,2025-08-25,Mr B Dunleavy,47,2,4.26%,4,8.51%,0,0,0%,0,0%,21,1,4.76%,1,4.76%,12,0,0%,3,25.00%,14,1,7.14%,0,0%
5078,2025-08-25,Mr A Harvey,148,16,10.81%,36,24.32%,2,1,50.00%,0,0%,80,7,8.75%,18,22.50%,26,5,19.23%,8,30.77%,39,2,5.13%,10,25.64%
5079,2025-08-25,Mr P J Vaughan,22,1,4.55%,10,45.45%,0,0,0%,0,0%,22,1,4.55%,10,45.45%,0,0,0%,0,0%,0,0,0%,0,0%
5080,2025-08-25,O R Brown,207,20,9.66%,45,21.74%,0,0,0%,0,0%,8,3,37.50%,2,25.00%,30,3,10.00%,10,33.33%,169,14,8.28%,33,19.53%
5081,2025-08-25,Mr William Clesham,1,0,0%,0,0%,0,0,0%,0,0%,1,0,0%,0,0%,0,0,0%,0,0%,0,0,0%,0,0%
5082,2025-08-25,Mr Jerome Power,1,0,0%,0,0%,0,0,0%,0,0%,1,0,0%,0,0%,0,0,0%,0,0%,0,0,0%,0,0%
5083,2025-08-25,E A Fitzgerald,83,3,3.61%,20,24.10%,5,0,0%,1,20.00%,18,0,0%,7,38.89%,0,0,0%,0,0%,60,3,5.00%,12,20.00%
5084,2025-08-25,J A Powell,1116,83,7.44%,235,21.06%,268,16,5.97%,48,17.91%,847,67,7.91%,187,22.08%,1,0,0%,0,0%,0,0,0%,0,0%
5085,2025-08-25,Bailey Sagar,3,0,0%,0,0%,0,0,0%,0,0%,0,0,0%,0,0%,0,0,0%,0,0%,3,0,0%,0,0%
5086,2025-08-25,Mr Corey McGivern,1,0,0%,1,0%,0,0,0%,0,0%,0,0,0%,0,0%,1,0,0%,1,100.00%,0,0,0%,0,0%
5087,2025-08-25,Mr D E Phelan,7,0,0%,5,0%,0,0,0%,0,0%,2,0,0%,2,100.00%,0,0,0%,0,0%,5,0,0%,3,60.00%
5088,2025-08-25,Mr R A Berry,55,3,5.45%,10,18.18%,0,0,0%,0,0%,23,0,0%,2,8.70%,15,1,6.67%,5,33.33%,17,2,11.76%,3,17.65%
5089,2025-08-25,Niall Moore,489,28,5.73%,82,16.77%,1,0,0%,0,0%,20,1,5.00%,3,15.00%,87,9,10.34%,12,13.79%,381,18,4.72%,67,17.59%
5090,2025-08-25,Molly Presland,147,6,4.08%,35,23.81%,96,5,5.21%,22,22.92%,51,1,1.96%,13,25.49%,0,0,0%,0,0%,0,0,0%,0,0%
5091,2025-08-25,Mr Caoilin Quinn,23,4,17.39%,7,30.43%,2,1,50.00%,1,50.00%,5,1,20.00%,1,20.00%,1,0,0%,0,0%,15,2,13.33%,5,33.33%
5092,2025-08-25,Mr Adam Lavergne,1,0,0%,0,0%,0,0,0%,0,0%,0,0,0%,0,0%,0,0,0%,0,0%,1,0,0%,0,0%
5093,2025-08-25,Mr G Connolly,9,0,0%,1,0%,0,0,0%,0,0%,9,0,0%,1,11.11%,0,0,0%,0,0%,0,0,0%,0,0%
5094,2025-08-25,Paul Lake,1,1,100.00%,0,0.00%,0,0,0%,0,0%,1,1,100.00%,0,0%,0,0,0%,0,0%,0,0,0%,0,0%
5095,2025-08-25,Gwen Browne,1,0,0%,1,0%,0,0,0%,0,0%,1,0,0%,1,100.00%,0,0,0%,0,0%,0,0,0%,0,0%
5096,2025-08-25,Candice Reusch,1,0,0%,1,0%,0,0,0%,0,0%,1,0,0%,1,100.00%,0,0,0%,0,0%,0,0,0%,0,0%
5097,2025-08-25,Eimear Dunne,1,0,0%,1,0%,0,0,0%,0,0%,1,0,0%,1,100.00%,0,0,0%,0,0%,0,0,0%,0,0%
5098,2025-08-25,Sadhbh Morley,1,0,0%,1,0%,0,0,0%,0,0%,1,0,0%,1,100.00%,0,0,0%,0,0%,0,0,0%,0,0%
5099,2025-08-25,Elaine O'Donovan,1,0,0%,0,0%,0,0,0%,0,0%,1,0,0%,0,0%,0,0,0%,0,0%,0,0,0%,0,0%
5100,2025-08-25,Marie McCarthy,1,0,0%,0,0%,0,0,0%,0,0%,1,0,0%,0,0%,0,0,0%,0,0%,0,0,0%,0,0%
5101,2025-08-25,Justin Hanafin,1,0,0%,0,0%,0,0,0%,0,0%,1,0,0%,0,0%,0,0,0%,0,0%,0,0,0%,0,0%
5102,2025-08-25,Darren Lawlor,1,0,0%,0,0%,0,0,0%,0,0%,1,0,0%,0,0%,0,0,0%,0,0%,0,0,0%,0,0%
5103,2025-08-25,Cathal Connolly,1,0,0%,0,0%,0,0,0%,0,0%,1,0,0%,0,0%,0,0,0%,0,0%,0,0,0%,0,0%
5104,2025-08-25,James Brown,1,0,0%,0,0%,0,0,0%,0,0%,1,0,0%,0,0%,0,0,0%,0,0%,0,0,0%,0,0%
5105,2025-08-25,Barry Nolan,2,0,0%,0,0%,0,0,0%,0,0%,2,0,0%,0,0%,0,0,0%,0,0%,0,0,0%,0,0%
5106,2025-08-25,Rachel Gilheany,1,0,0%,0,0%,0,0,0%,0,0%,1,0,0%,0,0%,0,0,0%,0,0%,0,0,0%,0,0%
5107,2025-08-25,Adam Fitzgerald,1,0,0%,0,0%,0,0,0%,0,0%,1,0,0%,0,0%,0,0,0%,0,0%,0,0,0%,0,0%
5108,2025-08-25,Rozalyn Hogan,1,0,0%,0,0%,0,0,0%,0,0%,1,0,0%,0,0%,0,0,0%,0,0%,0,0,0%,0,0%
5109,2025-08-25,Ian McDonnell,1,0,0%,0,0%,0,0,0%,0,0%,1,0,0%,0,0%,0,0,0%,0,0%,0,0,0%,0,0%
5110,2025-08-25,Howard Cheng,50,3,6.00%,9,18.00%,22,0,0%,5,22.73%,28,3,10.71%,4,14.29%,0,0,0%,0,0%,0,0,0%,0,0%
5111,2025-08-25,Max Browne,26,1,3.85%,12,46.15%,4,0,0%,2,50.00%,4,1,25.00%,3,75.00%,4,0,0%,2,50.00%,14,0,0%,5,35.71%
5112,2025-08-25,Mr K A Murphy,1,0,0%,0,0%,0,0,0%,0,0%,1,0,0%,0,0%,0,0,0%,0,0%,0,0,0%,0,0%
5113,2025-08-25,Sophie Reed,40,0,0%,9,0%,25,0,0%,5,20.00%,15,0,0%,4,26.67%,0,0,0%,0,0%,0,0,0%,0,0%
5114,2025-08-25,Lewis Dobb,212,17,8.02%,50,23.58%,2,0,0%,0,0%,11,2,18.18%,1,9.09%,64,13,20.31%,15,23.44%,135,2,1.48%,34,25.19%
5115,2025-08-25,Miss Katie Webb,10,1,10.00%,3,30.00%,8,0,0%,3,37.50%,2,1,50.00%,0,0%,0,0,0%,0,0%,0,0,0%,0,0%
5116,2025-08-25,Mr Charlie Sprake,26,2,7.69%,10,38.46%,2,0,0%,0,0%,3,1,33.33%,1,33.33%,17,1,5.88%,7,41.18%,4,0,0%,2,50.00%
5117,2025-08-25,Alex Jary,731,58,7.93%,143,19.56%,321,22,6.85%,62,19.31%,410,36,8.78%,81,19.76%,0,0,0%,0,0%,0,0,0%,0,0%
5118,2025-08-25,Joshua Thorman,2,0,0%,0,0%,2,0,0%,0,0%,0,0,0%,0,0%,0,0,0%,0,0%,0,0,0%,0,0%
5119,2025-08-25,Miss L Costello,71,1,1.41%,9,12.68%,0,0,0%,0,0%,31,1,3.23%,2,6.45%,22,0,0%,3,13.64%,18,0,0%,4,22.22%
5120,2025-08-25,Mr S P O'Connor,3,0,0%,1,0%,0,0,0%,0,0%,3,0,0%,1,33.33%,0,0,0%,0,0%,0,0,0%,0,0%
5121,2025-08-25,Peter Coleman,50,6,12.00%,18,36.00%,1,0,0%,0,0%,3,0,0%,3,100.00%,8,1,12.50%,3,37.50%,38,5,13.16%,12,31.58%
5122,2025-08-25,Jessica Maye,77,4,5.19%,12,15.58%,9,0,0%,0,0%,67,4,5.97%,12,17.91%,1,0,0%,0,0%,0,0,0%,0,0%
5123,2025-08-25,Selma Grage,77,5,6.49%,30,38.96%,55,4,7.27%,24,43.64%,22,1,4.55%,6,27.27%,0,0,0%,0,0%,0,0,0%,0,0%
5124,2025-08-25,Dylan Johnston,506,61,12.06%,157,31.03%,4,0,0%,1,25.00%,28,5,17.86%,8,28.57%,130,10,7.69%,47,36.15%,344,46,13.37%,101,29.36%
5125,2025-08-25,B Fayos Martin,1,0,0%,0,0%,1,0,0%,0,0%,0,0,0%,0,0%,0,0,0%,0,0%,0,0,0%,0,0%
5126,2025-08-25,Mr O McGill,212,27,12.74%,42,19.81%,0,0,0%,0,0%,59,3,5.08%,10,16.95%,35,4,11.43%,5,14.29%,118,20,16.95%,27,22.88%
5127,2025-08-25,Miss Zoe Harris,3,1,33.33%,2,66.67%,3,1,33.33%,2,66.67%,0,0,0%,0,0%,0,0,0%,0,0%,0,0,0%,0,0%
5128,2025-08-25,Michael Mitchell,1,0,0%,0,0%,0,0,0%,0,0%,0,0,0%,0,0%,0,0,0%,0,0%,1,0,0%,0,0%
5129,2025-08-25,Miss Eleanor Williams,99,3,3.03%,31,31.31%,0,0,0%,0,0%,21,1,4.76%,5,23.81%,10,0,0%,1,10.00%,68,2,2.94%,25,36.76%
5130,2025-08-25,Miss Leanne Williamson,2,0,0%,1,0%,0,0,0%,0,0%,0,0,0%,0,0%,0,0,0%,0,0%,2,0,0%,1,50.00%
5131,2025-08-25,Mr I P Donoghue,6,0,0%,0,0%,0,0,0%,0,0%,1,0,0%,0,0%,4,0,0%,0,0%,1,0,0%,0,0%
5132,2025-08-25,Mr T E Doran,5,0,0%,2,0%,0,0,0%,0,0%,2,0,0%,2,100.00%,0,0,0%,0,0%,3,0,0%,0,0%
5133,2025-08-25,Mr P Byrnes,96,13,13.54%,36,37.50%,1,1,100.00%,0,0%,84,11,13.10%,32,38.10%,0,0,0%,0,0%,11,1,9.09%,4,36.36%
5134,2025-08-25,Mr S J P Bargary,1,0,0%,1,0%,0,0,0%,0,0%,0,0,0%,0,0%,0,0,0%,0,0%,1,0,0%,1,100.00%
5135,2025-08-25,Mr J Brown,1,0,0%,0,0%,0,0,0%,0,0%,1,0,0%,0,0%,0,0,0%,0,0%,0,0,0%,0,0%
5136,2025-08-25,Maryline Eon,1,0,0%,1,0%,0,0,0%,0,0%,1,0,0%,1,100.00%,0,0,0%,0,0%,0,0,0%,0,0%
5137,2025-08-25,Mr D A Mulcahy,13,0,0%,2,0%,0,0,0%,0,0%,4,0,0%,1,25.00%,6,0,0%,1,16.67%,3,0,0%,0,0%
5138,2025-08-25,Matteo Pinna,15,1,6.67%,4,26.67%,13,1,7.69%,4,30.77%,2,0,0%,0,0%,0,0,0%,0,0%,0,0,0%,0,0%
5139,2025-08-25,Conor Daniel Walsh,1,0,0%,0,0%,0,0,0%,0,0%,0,0,0%,0,0%,0,0,0%,0,0%,1,0,0%,0,0%
5140,2025-08-25,Mr Myles Osborne,21,0,0%,5,0%,0,0,0%,0,0%,6,0,0%,1,16.67%,11,0,0%,4,36.36%,4,0,0%,0,0%
5141,2025-08-25,Miss Katie Sinclair,4,0,0%,1,0%,0,0,0%,0,0%,0,0,0%,0,0%,1,0,0%,1,100.00%,3,0,0%,0,0%
5142,2025-08-25,Mr Michael Jeffries,3,0,0%,0,0%,3,0,0%,0,0%,0,0,0%,0,0%,0,0,0%,0,0%,0,0,0%,0,0%
5143,2025-08-25,Mr James Robottom,26,0,0%,5,0%,3,0,0%,0,0%,6,0,0%,0,0%,8,0,0%,3,37.50%,9,0,0%,2,22.22%
5144,2025-08-25,Mr A M Dodds,1,0,0%,0,0%,0,0,0%,0,0%,1,0,0%,0,0%,0,0,0%,0,0%,0,0,0%,0,0%
5145,2025-08-25,Amy Jo Hayes,205,15,7.32%,44,21.46%,65,0,0%,13,20.00%,140,15,10.71%,31,22.14%,0,0,0%,0,0%,0,0,0%,0,0%
5146,2025-08-25,Miss Chloe Emsley,51,4,7.84%,18,35.29%,0,0,0%,0,0%,2,0,0%,1,50.00%,34,3,8.82%,14,41.18%,15,1,6.67%,3,20.00%
5147,2025-08-25,Mr Martin Dunne,5,0,0%,2,0%,3,0,0%,2,66.67%,2,0,0%,0,0%,0,0,0%,0,0%,0,0,0%,0,0%
5148,2025-08-25,Tia Phillips,17,0,0%,5,0%,10,0,0%,3,30.00%,7,0,0%,2,28.57%,0,0,0%,0,0%,0,0,0%,0,0%
5149,2025-08-25,Mr Ashley Obrey,1,0,0%,0,0%,1,0,0%,0,0%,0,0,0%,0,0%,0,0,0%,0,0%,0,0,0%,0,0%
5150,2025-08-25,Miss Josie Elliot,3,0,0%,1,0%,0,0,0%,0,0%,1,0,0%,0,0%,0,0,0%,0,0%,2,0,0%,1,50.00%
5151,2025-08-25,Mr Joe Whitaker,1,1,100.00%,0,0.00%,0,0,0%,0,0%,0,0,0%,0,0%,0,0,0%,0,0%,1,1,100.00%,0,0%
5152,2025-08-25,Mr Toby McCain-Mitchell,99,17,17.17%,24,24.24%,1,0,0%,0,0%,5,1,20.00%,1,20.00%,64,11,17.19%,15,23.44%,29,5,17.24%,8,27.59%
5153,2025-08-25,Mr Connor Mains,2,0,0%,0,0%,1,0,0%,0,0%,1,0,0%,0,0%,0,0,0%,0,0%,0,0,0%,0,0%
5154,2025-08-25,Mr Sean Lee,1,0,0%,0,0%,1,0,0%,0,0%,0,0,0%,0,0%,0,0,0%,0,0%,0,0,0%,0,0%
5155,2025-08-25,Miss Megan Wingrove,25,3,12.00%,7,28.00%,13,0,0%,6,46.15%,12,3,25.00%,1,8.33%,0,0,0%,0,0%,0,0,0%,0,0%
5156,2025-08-25,Cameron Hillhouse,29,3,10.34%,11,37.93%,16,2,12.50%,7,43.75%,13,1,7.69%,4,30.77%,0,0,0%,0,0%,0,0,0%,0,0%
5157,2025-08-25,Mr Oliver Brophy,3,0,0%,0,0%,3,0,0%,0,0%,0,0,0%,0,0%,0,0,0%,0,0%,0,0,0%,0,0%
5158,2025-08-25,A Merienne,1,0,0%,1,0%,0,0,0%,0,0%,0,0,0%,0,0%,0,0,0%,0,0%,1,0,0%,1,100.00%
5159,2025-08-25,Eracles Eracleous,2,0,0%,0,0%,2,0,0%,0,0%,0,0,0%,0,0%,0,0,0%,0,0%,0,0,0%,0,0%
5160,2025-08-25,C L Walsh,42,1,2.38%,0,0.00%,0,0,0%,0,0%,1,0,0%,0,0%,1,0,0%,0,0%,40,1,2.50%,0,0%
5161,2025-08-25,T P Harney,300,18,6.00%,53,17.67%,0,0,0%,0,0%,30,1,3.33%,9,30.00%,32,0,0%,3,9.38%,238,17,7.14%,41,17.23%
5162,2025-08-25,R A Jackson,1,0,0%,0,0%,0,0,0%,0,0%,1,0,0%,0,0%,0,0,0%,0,0%,0,0,0%,0,0%
5163,2025-08-25,Mr L J Carberry,21,0,0%,0,0%,0,0,0%,0,0%,12,0,0%,0,0%,3,0,0%,0,0%,6,0,0%,0,0%
5164,2025-08-25,Ms S Woods,1,1,100.00%,0,0.00%,0,0,0%,0,0%,1,1,100.00%,0,0%,0,0,0%,0,0%,0,0,0%,0,0%
5165,2025-08-25,Mr B T Tully,5,0,0%,0,0%,0,0,0%,0,0%,4,0,0%,0,0%,0,0,0%,0,0%,1,0,0%,0,0%
5166,2025-08-25,Mr C Smithers,17,0,0%,4,0%,0,0,0%,0,0%,9,0,0%,2,22.22%,4,0,0%,0,0%,3,0,0%,1,33.33%
5167,2025-08-25,Mr L P Shanahan,79,3,3.80%,9,11.39%,0,0,0%,0,0%,37,0,0%,4,10.81%,24,2,8.33%,2,8.33%,18,1,5.56%,3,16.67%
5168,2025-08-25,Toby Wynne,499,67,13.43%,102,20.44%,0,0,0%,0,0%,20,0,0%,6,30.00%,199,33,16.58%,43,21.61%,280,34,12.14%,53,18.93%
5169,2025-08-25,Mr A P Ryan,316,29,9.18%,89,28.16%,4,0,0%,2,50.00%,214,22,10.28%,56,26.17%,37,2,5.41%,11,29.73%,61,5,8.20%,20,32.79%
5170,2025-08-25,Ms M J Horsman,9,0,0%,3,0%,1,0,0%,0,0%,8,0,0%,3,37.50%,0,0,0%,0,0%,0,0,0%,0,0%
5171,2025-08-25,J G Gilligan,548,21,3.83%,80,14.60%,0,0,0%,0,0%,11,0,0%,0,0%,124,6,4.84%,20,16.13%,413,15,3.63%,60,14.53%
5172,2025-08-25,Mr Ben Sutton,157,25,15.92%,32,20.38%,0,0,0%,0,0%,12,5,41.67%,3,25.00%,36,2,5.56%,8,22.22%,109,18,16.51%,21,19.27%
5173,2025-08-25,Miss Anna Lewis,2,0,0%,0,0%,0,0,0%,0,0%,0,0,0%,0,0%,2,0,0%,0,0%,0,0,0%,0,0%
5174,2025-08-25,Muhammad Adeel,12,0,0%,3,0%,7,0,0%,2,28.57%,5,0,0%,1,20.00%,0,0,0%,0,0%,0,0,0%,0,0%
5175,2025-08-25,Mr Murray Dodd,55,8,14.55%,4,7.27%,0,0,0%,0,0%,5,0,0%,1,20.00%,17,2,11.76%,3,17.65%,33,6,18.18%,0,0%
5176,2025-08-25,Mr N H Oliver,2,0,0%,0,0%,0,0,0%,0,0%,0,0,0%,0,0%,1,0,0%,0,0%,1,0,0%,0,0%
5177,2025-08-25,Mr A Casement,6,0,0%,1,0%,0,0,0%,0,0%,6,0,0%,1,16.67%,0,0,0%,0,0%,0,0,0%,0,0%
5178,2025-08-25,G Bourke,29,1,3.45%,2,6.90%,0,0,0%,0,0%,3,0,0%,0,0%,3,0,0%,1,33.33%,23,1,4.35%,1,4.35%
5179,2025-08-25,Mr C J Costello,7,0,0%,0,0%,0,0,0%,0,0%,2,0,0%,0,0%,4,0,0%,0,0%,1,0,0%,0,0%
5180,2025-08-25,Mr B T Stone,79,5,6.33%,14,17.72%,0,0,0%,0,0%,43,1,2.33%,7,16.28%,23,3,13.04%,6,26.09%,10,1,10.00%,1,10.00%
5181,2025-08-25,Mark Enright,1,0,0%,0,0%,0,0,0%,0,0%,1,0,0%,0,0%,0,0,0%,0,0%,0,0,0%,0,0%
5182,2025-08-25,Kaia Ingolfsland,3,0,0%,1,0%,0,0,0%,0,0%,3,0,0%,1,33.33%,0,0,0%,0,0%,0,0,0%,0,0%
5183,2025-08-25,Mr D M Collins,3,0,0%,1,0%,0,0,0%,0,0%,3,0,0%,1,33.33%,0,0,0%,0,0%,0,0,0%,0,0%
5184,2025-08-25,Mr K O'Neill,10,0,0%,0,0%,0,0,0%,0,0%,9,0,0%,0,0%,0,0,0%,0,0%,1,0,0%,0,0%
5185,2025-08-25,Cillian McConnell,231,10,4.33%,27,11.69%,76,4,5.26%,13,17.11%,155,6,3.87%,14,9.03%,0,0,0%,0,0%,0,0,0%,0,0%
5186,2025-08-25,April Pearson,12,3,25.00%,5,41.67%,5,1,20.00%,2,40.00%,7,2,28.57%,3,42.86%,0,0,0%,0,0%,0,0,0%,0,0%
5187,2025-08-25,Adam Williams,60,0,0%,8,0%,0,0,0%,0,0%,0,0,0%,0,0%,8,0,0%,1,12.50%,52,0,0%,7,13.46%
5188,2025-08-25,Mr J P Kirwan,46,1,2.17%,17,36.96%,0,0,0%,0,0%,13,0,0%,6,46.15%,1,0,0%,0,0%,32,1,3.13%,11,34.38%
5189,2025-08-25,Oliver Timms,59,4,6.78%,16,27.12%,29,0,0%,7,24.14%,30,4,13.33%,9,30.00%,0,0,0%,0,0%,0,0,0%,0,0%
5190,2025-08-25,Miss E Twomey,1,0,0%,1,0%,0,0,0%,0,0%,1,0,0%,1,100.00%,0,0,0%,0,0%,0,0,0%,0,0%
5191,2025-08-25,Saffie Osborne,2377,282,11.86%,606,25.49%,890,101,11.35%,225,25.28%,1486,180,12.11%,381,25.64%,1,1,100.00%,0,0%,0,0,0%,0,0%
5192,2025-08-25,Miss H Duignan,8,0,0%,1,0%,0,0,0%,0,0%,5,0,0%,0,0%,0,0,0%,0,0%,3,0,0%,1,33.33%
5193,2025-08-25,Mr C Chester,3,0,0%,0,0%,0,0,0%,0,0%,3,0,0%,0,0%,0,0,0%,0,0%,0,0,0%,0,0%
5194,2025-08-25,Sam Ewing,1867,176,9.43%,459,24.58%,288,33,11.46%,99,34.38%,421,37,8.79%,106,25.18%,330,34,10.30%,78,23.64%,828,72,8.70%,176,21.26%
5195,2025-08-25,Callum Hutchinson,1277,118,9.24%,287,22.47%,568,46,8.10%,127,22.36%,709,72,10.16%,160,22.57%,0,0,0%,0,0%,0,0,0%,0,0%
5196,2025-08-25,Mr Alan O'Sullivan,198,13,6.57%,32,16.16%,1,0,0%,1,100.00%,90,5,5.56%,14,15.56%,39,3,7.69%,6,15.38%,68,5,7.35%,11,16.18%
5197,2025-08-25,Michael Beresford,14,0,0%,4,0%,9,0,0%,3,33.33%,5,0,0%,1,20.00%,0,0,0%,0,0%,0,0,0%,0,0%
5198,2025-08-25,Jack Cleary,51,2,3.92%,5,9.80%,23,0,0%,2,8.70%,28,2,7.14%,3,10.71%,0,0,0%,0,0%,0,0,0%,0,0%
5199,2025-08-25,Miss Amy Corrado,13,1,7.69%,4,30.77%,0,0,0%,0,0%,9,1,11.11%,2,22.22%,0,0,0%,0,0%,4,0,0%,2,50.00%
5200,2025-08-25,Mr D Cleere,4,0,0%,0,0%,0,0,0%,0,0%,4,0,0%,0,0%,0,0,0%,0,0%,0,0,0%,0,0%
5201,2025-08-25,Mohammed Tabti,353,41,11.61%,110,31.16%,118,7,5.93%,48,40.68%,235,34,14.47%,62,26.38%,0,0,0%,0,0%,0,0,0%,0,0%
5202,2025-08-25,Mr A Leahy,25,2,8.00%,2,8.00%,0,0,0%,0,0%,13,0,0%,0,0%,4,0,0%,0,0%,8,2,25.00%,2,25.00%
5203,2025-08-25,Mark Winn,1047,110,10.51%,252,24.07%,382,36,9.42%,99,25.92%,664,74,11.14%,153,23.04%,1,0,0%,0,0%,0,0,0%,0,0%
5204,2025-08-25,Mr D McGill,149,21,14.09%,32,21.48%,0,0,0%,0,0%,73,7,9.59%,19,26.03%,24,5,20.83%,3,12.50%,52,9,17.31%,10,19.23%
5205,2025-08-25,Ryan Sexton,1318,138,10.47%,330,25.04%,558,52,9.32%,130,23.30%,760,86,11.32%,200,26.32%,0,0,0%,0,0%,0,0,0%,0,0%
5206,2025-08-25,Christian Howarth,875,67,7.66%,203,23.20%,475,38,8.00%,119,25.05%,399,29,7.27%,83,20.80%,1,0,0%,1,100.00%,0,0,0%,0,0%
5207,2025-08-25,T Joseph Kelly,273,6,2.20%,43,15.75%,0,0,0%,0,0%,10,0,0%,2,20.00%,74,4,5.41%,9,12.16%,189,2,1.06%,32,16.93%
5208,2025-08-25,Rose Dawes,315,39,12.38%,78,24.76%,102,9,8.82%,28,27.45%,213,30,14.08%,50,23.47%,0,0,0%,0,0%,0,0,0%,0,0%
5209,2025-08-25,Mr W R Kennedy,2,0,0%,0,0%,0,0,0%,0,0%,2,0,0%,0,0%,0,0,0%,0,0%,0,0,0%,0,0%
5210,2025-08-25,Emma Twomey,41,1,2.44%,17,41.46%,2,0,0%,1,50.00%,10,0,0%,5,50.00%,14,1,7.14%,6,42.86%,15,0,0%,5,33.33%
5211,2025-08-25,Mr M McGuane,56,6,10.71%,19,33.93%,0,0,0%,0,0%,53,6,11.32%,17,32.08%,1,0,0%,0,0%,2,0,0%,2,100.00%
5212,2025-08-25,Mr D McCabe,1,0,0%,0,0%,0,0,0%,0,0%,1,0,0%,0,0%,0,0,0%,0,0%,0,0,0%,0,0%
5213,2025-08-25,Mr J D Coffey,13,0,0%,1,0%,0,0,0%,0,0%,9,0,0%,1,11.11%,2,0,0%,0,0%,2,0,0%,0,0%
5214,2025-08-25,Anna Gibson,146,8,5.48%,23,15.75%,84,2,2.38%,11,13.10%,62,6,9.68%,12,19.35%,0,0,0%,0,0%,0,0,0%,0,0%
5215,2025-08-25,Eoin G Kelly,131,5,3.82%,19,14.50%,0,0,0%,0,0%,5,0,0%,1,20.00%,9,0,0%,1,11.11%,117,5,4.27%,17,14.53%
5216,2025-08-25,Mr R O'Connor,4,0,0%,0,0%,0,0,0%,0,0%,3,0,0%,0,0%,0,0,0%,0,0%,1,0,0%,0,0%
5217,2025-08-25,Kala Sofie Ingolfsland,13,0,0%,1,0%,10,0,0%,0,0%,3,0,0%,1,33.33%,0,0,0%,0,0%,0,0,0%,0,0%
5218,2025-08-25,Jamie Hayes,80,0,0%,14,0%,0,0,0%,0,0%,2,0,0%,0,0%,6,0,0%,1,16.67%,72,0,0%,13,18.06%
5219,2025-08-25,Hannah Fraser,15,1,6.67%,7,46.67%,6,0,0%,3,50.00%,9,1,11.11%,4,44.44%,0,0,0%,0,0%,0,0,0%,0,0%
5220,2025-08-25,Jessica O'Gorman,102,7,6.86%,18,17.65%,42,3,7.14%,9,21.43%,58,4,6.90%,9,15.52%,0,0,0%,0,0%,2,0,0%,0,0%
5221,2025-08-25,Mr C Mullins,160,15,9.38%,40,25.00%,0,0,0%,0,0%,127,8,6.30%,35,27.56%,15,4,26.67%,1,6.67%,18,3,16.67%,4,22.22%
5222,2025-08-25,Miss Ellie Vaughan,10,1,10.00%,4,40.00%,0,0,0%,0,0%,5,1,20.00%,2,40.00%,0,0,0%,0,0%,5,0,0%,2,40.00%
5223,2025-08-25,Miss R Hogan,28,0,0%,3,0%,0,0,0%,0,0%,27,0,0%,3,11.11%,0,0,0%,0,0%,1,0,0%,0,0%
5224,2025-08-25,Adam Tracey,39,2,5.13%,5,12.82%,7,1,14.29%,0,0%,32,1,3.13%,5,15.63%,0,0,0%,0,0%,0,0,0%,0,0%
5225,2025-08-25,Mr G F Wallis,6,0,0%,2,0%,0,0,0%,0,0%,3,0,0%,1,33.33%,0,0,0%,0,0%,3,0,0%,1,33.33%
5226,2025-08-25,Miss M Walsh,33,1,3.03%,9,27.27%,0,0,0%,0,0%,24,1,4.17%,6,25.00%,0,0,0%,0,0%,9,0,0%,3,33.33%
5227,2025-08-25,Miss Katie Harrison,2,0,0%,0,0%,0,0,0%,0,0%,2,0,0%,0,0%,0,0,0%,0,0%,0,0,0%,0,0%
5228,2025-08-25,P W Wadge,656,86,13.11%,149,22.71%,6,0,0%,2,33.33%,42,5,11.90%,5,11.90%,214,32,14.95%,40,18.69%,394,49,12.44%,102,25.89%
5229,2025-08-25,Miss Charlotte Mulhall,10,2,20.00%,3,30.00%,1,1,100.00%,0,0%,9,1,11.11%,3,33.33%,0,0,0%,0,0%,0,0,0%,0,0%
5230,2025-08-25,Bradley Harris,398,57,14.32%,108,27.14%,33,2,6.06%,11,33.33%,74,11,14.86%,28,37.84%,37,3,8.11%,6,16.22%,254,41,16.14%,63,24.80%
5231,2025-08-25,Imogen Mathias,11,0,0%,2,0%,5,0,0%,0,0%,6,0,0%,2,33.33%,0,0,0%,0,0%,0,0,0%,0,0%
5232,2025-08-25,Miss Molly Presland,7,1,14.29%,2,28.57%,5,0,0%,2,40.00%,2,1,50.00%,0,0%,0,0,0%,0,0%,0,0,0%,0,0%
5233,2025-08-25,Nikita Amelia Kane,54,2,3.70%,13,24.07%,12,0,0%,1,8.33%,42,2,4.76%,12,28.57%,0,0,0%,0,0%,0,0,0%,0,0%
5234,2025-08-25,Mr C M Quirke,33,0,0%,11,0%,1,0,0%,0,0%,13,0,0%,5,38.46%,1,0,0%,1,100.00%,18,0,0%,5,27.78%
5235,2025-08-25,Mr R King,2,0,0%,1,0%,0,0,0%,0,0%,2,0,0%,1,50.00%,0,0,0%,0,0%,0,0,0%,0,0%
5236,2025-08-25,Mr J C Gainford,18,1,5.56%,6,33.33%,0,0,0%,0,0%,3,0,0%,1,33.33%,9,1,11.11%,5,55.56%,6,0,0%,0,0%
5237,2025-08-25,Miss K Leahy,1,0,0%,1,0%,0,0,0%,0,0%,1,0,0%,1,100.00%,0,0,0%,0,0%,0,0,0%,0,0%
5238,2025-08-25,Mr B Roberts,8,1,12.50%,5,62.50%,1,0,0%,1,100.00%,5,0,0%,4,80.00%,0,0,0%,0,0%,2,1,50.00%,0,0%
5239,2025-08-25,Miss A Stevens,19,4,21.05%,5,26.32%,0,0,0%,0,0%,11,0,0%,3,27.27%,3,2,66.67%,0,0%,5,2,40.00%,2,40.00%
5240,2025-08-25,Miss Shannon Watts,1,0,0%,0,0%,0,0,0%,0,0%,1,0,0%,0,0%,0,0,0%,0,0%,0,0,0%,0,0%
5241,2025-08-25,Kevin A Murphy,81,0,0%,13,0%,0,0,0%,0,0%,9,0,0%,2,22.22%,5,0,0%,3,60.00%,67,0,0%,8,11.94%
5242,2025-08-25,Mr R P Hogan,3,0,0%,1,0%,0,0,0%,0,0%,3,0,0%,1,33.33%,0,0,0%,0,0%,0,0,0%,0,0%
5243,2025-08-25,Miss Victoria Malzard,48,9,18.75%,14,29.17%,1,0,0%,0,0%,3,0,0%,2,66.67%,9,2,22.22%,3,33.33%,35,7,20.00%,9,25.71%
5244,2025-08-25,Mr S Healy,3,0,0%,0,0%,0,0,0%,0,0%,3,0,0%,0,0%,0,0,0%,0,0%,0,0,0%,0,0%
5245,2025-08-25,O Adlum,1,0,0%,0,0%,0,0,0%,0,0%,1,0,0%,0,0%,0,0,0%,0,0%,0,0,0%,0,0%
5246,2025-08-25,Ms E Elliott,1,0,0%,0,0%,0,0,0%,0,0%,1,0,0%,0,0%,0,0,0%,0,0%,0,0,0%,0,0%
5247,2025-08-25,Edward Rees,4,0,0%,1,0%,1,0,0%,0,0%,3,0,0%,1,33.33%,0,0,0%,0,0%,0,0,0%,0,0%
5248,2025-08-25,William Pyle,834,73,8.75%,196,23.50%,255,19,7.45%,61,23.92%,579,54,9.33%,135,23.32%,0,0,0%,0,0%,0,0,0%,0,0%
5249,2025-08-25,Mr Cameron Hillhouse,14,0,0%,5,0%,8,0,0%,2,25.00%,5,0,0%,3,60.00%,0,0,0%,0,0%,1,0,0%,0,0%
5250,2025-08-25,Mr Patrick Barlow,2,0,0%,0,0%,0,0,0%,0,0%,2,0,0%,0,0%,0,0,0%,0,0%,0,0,0%,0,0%
5251,2025-08-25,Mr Peter Jay Kavanagh,2,0,0%,2,0%,0,0,0%,0,0%,0,0,0%,0,0%,0,0,0%,0,0%,2,0,0%,2,100.00%
5252,2025-08-25,Mr A Anderson,16,1,6.25%,2,12.50%,1,0,0%,0,0%,4,0,0%,1,25.00%,0,0,0%,0,0%,11,1,9.09%,1,9.09%
5253,2025-08-25,Mr J B Foley,6,1,16.67%,3,50.00%,0,0,0%,0,0%,0,0,0%,0,0%,0,0,0%,0,0%,6,1,16.67%,3,50.00%
5254,2025-08-25,Mr K Callaghan,16,1,6.25%,6,37.50%,0,0,0%,0,0%,15,1,6.67%,5,33.33%,0,0,0%,0,0%,1,0,0%,1,100.00%
5255,2025-08-25,Mr P Armson,1,0,0%,0,0%,0,0,0%,0,0%,0,0,0%,0,0%,1,0,0%,0,0%,0,0,0%,0,0%
5256,2025-08-25,Mr Aidan Macdonald,2,0,0%,0,0%,0,0,0%,0,0%,0,0,0%,0,0%,0,0,0%,0,0%,2,0,0%,0,0%
5257,2025-08-25,Miss Chelsea Brooks,38,4,10.53%,5,13.16%,10,2,20.00%,2,20.00%,27,2,7.41%,3,11.11%,1,0,0%,0,0%,0,0,0%,0,0%
5258,2025-08-25,Aidan Keeley,996,101,10.14%,267,26.81%,508,48,9.45%,154,30.31%,488,53,10.86%,113,23.16%,0,0,0%,0,0%,0,0,0%,0,0%
5259,2025-08-25,Mr J L Gleeson,415,74,17.83%,108,26.02%,7,0,0%,3,42.86%,341,72,21.11%,97,28.45%,16,0,0%,4,25.00%,51,2,3.92%,4,7.84%
5260,2025-08-25,Mr C McGivern,2,1,50.00%,1,50.00%,0,0,0%,0,0%,2,1,50.00%,1,50.00%,0,0,0%,0,0%,0,0,0%,0,0%
5261,2025-08-25,Cian Cullinan,228,9,3.95%,28,12.28%,0,0,0%,0,0%,13,0,0%,3,23.08%,33,3,9.09%,6,18.18%,182,6,3.30%,19,10.44%
5262,2025-08-25,Mr B Lawless,93,4,4.30%,37,39.78%,0,0,0%,0,0%,56,1,1.79%,23,41.07%,19,1,5.26%,5,26.32%,18,2,11.11%,9,50.00%
5263,2025-08-25,Martin Dunne,1,0,0%,1,0%,0,0,0%,0,0%,1,0,0%,1,100.00%,0,0,0%,0,0%,0,0,0%,0,0%
5264,2025-08-25,Mr Edward Rees,19,1,5.26%,1,5.26%,4,0,0%,0,0%,3,0,0%,0,0%,4,0,0%,1,25.00%,8,1,12.50%,0,0%
5265,2025-08-25,Miss Charlotte Tudor,1,0,0%,0,0%,0,0,0%,0,0%,1,0,0%,0,0%,0,0,0%,0,0%,0,0,0%,0,0%
5266,2025-08-25,Miss Katie Powell,17,3,17.65%,3,17.65%,0,0,0%,0,0%,1,0,0%,0,0%,4,2,50.00%,1,25.00%,12,1,8.33%,2,16.67%
5267,2025-08-25,Miss Roisin Leech,95,5,5.26%,17,17.89%,2,0,0%,1,50.00%,12,1,8.33%,0,0%,20,0,0%,2,10.00%,61,4,6.56%,14,22.95%
5268,2025-08-25,Mr Peter Summers,45,3,6.67%,9,20.00%,0,0,0%,0,0%,3,0,0%,0,0%,20,1,5.00%,7,35.00%,22,2,9.09%,2,9.09%
5269,2025-08-25,Mr Jack Martin,5,0,0%,3,0%,0,0,0%,0,0%,2,0,0%,1,50.00%,0,0,0%,0,0%,3,0,0%,2,66.67%
5270,2025-08-25,Mr Toby Wynne,9,0,0%,4,0%,2,0,0%,0,0%,5,0,0%,3,60.00%,0,0,0%,0,0%,2,0,0%,1,50.00%
5271,2025-08-25,T Doggrell,2,0,0%,0,0%,0,0,0%,0,0%,0,0,0%,0,0%,0,0,0%,0,0%,2,0,0%,0,0%
5272,2025-08-25,Mr Dylan Kitts,5,0,0%,2,0%,0,0,0%,0,0%,1,0,0%,1,100.00%,0,0,0%,0,0%,4,0,0%,1,25.00%
5273,2025-08-25,Mr Ellis Collier,4,0,0%,0,0%,0,0,0%,0,0%,1,0,0%,0,0%,0,0,0%,0,0%,3,0,0%,0,0%
5274,2025-08-25,Mr Alexander Fielding,5,0,0%,2,0%,1,0,0%,1,100.00%,1,0,0%,1,100.00%,2,0,0%,0,0%,1,0,0%,0,0%
5275,2025-08-25,Katie McConville,3,0,0%,1,0%,1,0,0%,0,0%,2,0,0%,1,50.00%,0,0,0%,0,0%,0,0,0%,0,0%
5276,2025-08-25,Mr Albi Tufnell,11,3,27.27%,4,36.36%,0,0,0%,0,0%,1,0,0%,0,0%,10,3,30.00%,4,40.00%,0,0,0%,0,0%
5277,2025-08-25,Mr Luke Scott,11,0,0%,4,0%,0,0,0%,0,0%,5,0,0%,1,20.00%,0,0,0%,0,0%,6,0,0%,3,50.00%
5278,2025-08-25,Miss Pippa Brown,93,8,8.60%,17,18.28%,18,2,11.11%,3,16.67%,34,4,11.76%,11,32.35%,18,2,11.11%,2,11.11%,23,0,0%,1,4.35%
5279,2025-08-25,Ellis Collier,269,22,8.18%,46,17.10%,0,0,0%,0,0%,11,1,9.09%,0,0%,92,11,11.96%,21,22.83%,166,10,6.02%,25,15.06%
5280,2025-08-25,Benjamin Love,2,0,0%,0,0%,0,0,0%,0,0%,0,0,0%,0,0%,0,0,0%,0,0%,2,0,0%,0,0%
5281,2025-08-25,Aili Leah,5,0,0%,1,0%,5,0,0%,1,20.00%,0,0,0%,0,0%,0,0,0%,0,0%,0,0,0%,0,0%
5282,2025-08-25,Melanie Horsman,63,0,0%,10,0%,21,0,0%,5,23.81%,36,0,0%,2,5.56%,0,0,0%,0,0%,6,0,0%,3,50.00%
5283,2025-08-25,Mr C Rabbitt,8,1,12.50%,2,25.00%,0,0,0%,0,0%,6,1,16.67%,1,16.67%,1,0,0%,0,0%,1,0,0%,1,100.00%
5284,2025-08-25,Mr Kieren Buckley,3,0,0%,2,0%,1,0,0%,0,0%,1,0,0%,1,100.00%,0,0,0%,0,0%,1,0,0%,1,100.00%
5285,2025-08-25,Mia Kavanagh,7,0,0%,0,0%,3,0,0%,0,0%,4,0,0%,0,0%,0,0,0%,0,0%,0,0,0%,0,0%
5286,2025-08-25,Sophie Jones,15,1,6.67%,8,53.33%,11,1,9.09%,5,45.45%,4,0,0%,3,75.00%,0,0,0%,0,0%,0,0,0%,0,0%
5287,2025-08-25,Annalise Cullen,89,6,6.74%,20,22.47%,19,0,0%,6,31.58%,62,5,8.06%,14,22.58%,0,0,0%,0,0%,8,1,12.50%,0,0%
5288,2025-08-25,Mr O Pereverzev,2,0,0%,0,0%,0,0,0%,0,0%,2,0,0%,0,0%,0,0,0%,0,0%,0,0,0%,0,0%
5289,2025-08-25,Nathan Brennan,36,3,8.33%,14,38.89%,0,0,0%,0,0%,10,0,0%,5,50.00%,4,0,0%,2,50.00%,22,3,13.64%,7,31.82%
5290,2025-08-25,Kyanna Van Buuren,114,2,1.75%,28,24.56%,30,0,0%,4,13.33%,84,2,2.38%,24,28.57%,0,0,0%,0,0%,0,0,0%,0,0%
5291,2025-08-25,Jay Mackay,57,4,7.02%,12,21.05%,22,1,4.55%,6,27.27%,35,3,8.57%,6,17.14%,0,0,0%,0,0%,0,0,0%,0,0%
5292,2025-08-25,Jason Dixon,13,0,0%,4,0%,0,0,0%,0,0%,5,0,0%,1,20.00%,0,0,0%,0,0%,8,0,0%,3,37.50%
5293,2025-08-25,Robert Dunne,1,0,0%,1,0%,0,0,0%,0,0%,0,0,0%,0,0%,1,0,0%,1,100.00%,0,0,0%,0,0%
5294,2025-08-25,Victoria Malzard,4,0,0%,1,0%,0,0,0%,0,0%,0,0,0%,0,0%,1,0,0%,1,100.00%,3,0,0%,0,0%
5295,2025-08-25,Miss A Corrado,1,0,0%,0,0%,0,0,0%,0,0%,1,0,0%,0,0%,0,0,0%,0,0%,0,0,0%,0,0%
5296,2025-08-25,Benoit D L Sayette,1370,170,12.41%,341,24.89%,594,71,11.95%,146,24.58%,774,99,12.79%,194,25.06%,2,0,0%,1,50.00%,0,0,0%,0,0%
5297,2025-08-25,Derek Thomas McGrath,4,0,0%,1,0%,0,0,0%,0,0%,0,0,0%,0,0%,1,0,0%,0,0%,3,0,0%,1,33.33%
5298,2025-08-25,P Wadge,1,0,0%,0,0%,0,0,0%,0,0%,1,0,0%,0,0%,0,0,0%,0,0%,0,0,0%,0,0%
5299,2025-08-25,Mr Finn Lambert,6,0,0%,2,0%,0,0,0%,0,0%,4,0,0%,2,50.00%,2,0,0%,0,0%,0,0,0%,0,0%
5300,2025-08-25,Ms D Flavin,4,0,0%,1,0%,0,0,0%,0,0%,4,0,0%,1,25.00%,0,0,0%,0,0%,0,0,0%,0,0%
5301,2025-08-25,Miss R Murphy,35,3,8.57%,6,17.14%,0,0,0%,0,0%,11,0,0%,4,36.36%,3,0,0%,0,0%,21,3,14.29%,2,9.52%
5302,2025-08-25,Lauren Maher,3,0,0%,0,0%,1,0,0%,0,0%,2,0,0%,0,0%,0,0,0%,0,0%,0,0,0%,0,0%
5303,2025-08-25,Frederick Larson,1037,102,9.84%,326,31.44%,622,54,8.68%,207,33.28%,414,48,11.59%,119,28.74%,1,0,0%,0,0%,0,0,0%,0,0%
5304,2025-08-25,Mrs Stephanie Germany,8,0,0%,2,0%,6,0,0%,2,33.33%,2,0,0%,0,0%,0,0,0%,0,0%,0,0,0%,0,0%
5305,2025-08-25,Georgia King,15,3,20.00%,5,33.33%,13,3,23.08%,5,38.46%,2,0,0%,0,0%,0,0,0%,0,0%,0,0,0%,0,0%
5306,2025-08-25,Miss E Cody,48,4,8.33%,10,20.83%,0,0,0%,0,0%,34,3,8.82%,7,20.59%,4,0,0%,1,25.00%,10,1,10.00%,2,20.00%
5307,2025-08-25,Aiden Brookes,929,78,8.40%,173,18.62%,373,25,6.70%,73,19.57%,555,52,9.37%,100,18.02%,0,0,0%,0,0%,1,1,100.00%,0,0%
5308,2025-08-25,Mr Vinnie Jakes,6,0,0%,1,0%,3,0,0%,1,33.33%,3,0,0%,0,0%,0,0,0%,0,0%,0,0,0%,0,0%
5309,2025-08-25,Mr F Barr,2,0,0%,1,0%,1,0,0%,0,0%,0,0,0%,0,0%,0,0,0%,0,0%,1,0,0%,1,100.00%
5310,2025-08-25,Miss Amber Jackson-Fennell,34,2,5.88%,7,20.59%,0,0,0%,0,0%,3,1,33.33%,0,0%,26,1,3.85%,6,23.08%,5,0,0%,1,20.00%
5311,2025-08-25,Finn Lambert,466,46,9.87%,117,25.11%,3,0,0%,0,0%,53,4,7.55%,16,30.19%,105,11,10.48%,31,29.52%,305,31,10.16%,70,22.95%
5312,2025-08-25,Mr Arron Butterfield,2,0,0%,0,0%,0,0,0%,0,0%,0,0,0%,0,0%,1,0,0%,0,0%,1,0,0%,0,0%
5313,2025-08-25,Mr Isaac Buncle,2,0,0%,0,0%,0,0,0%,0,0%,0,0,0%,0,0%,1,0,0%,0,0%,1,0,0%,0,0%
5315,2025-08-25,Mr J Aherne,27,1,3.70%,2,7.41%,0,0,0%,0,0%,5,0,0%,1,20.00%,5,0,0%,1,20.00%,17,1,5.88%,0,0%
5316,2025-08-25,Miss A L Fitzgibbon,40,1,2.50%,6,15.00%,0,0,0%,0,0%,19,1,5.26%,2,10.53%,1,0,0%,0,0%,20,0,0%,4,20.00%
5317,2025-08-25,Elle-may Croot,398,27,6.78%,85,21.36%,283,19,6.71%,61,21.55%,115,8,6.96%,24,20.87%,0,0,0%,0,0%,0,0,0%,0,0%
5318,2025-08-25,Miss A Jackson-fennell,1,0,0%,1,0%,1,0,0%,1,100.00%,0,0,0%,0,0%,0,0,0%,0,0%,0,0,0%,0,0%
5319,2025-08-25,Sorcha Woods,248,15,6.05%,41,16.53%,90,6,6.67%,17,18.89%,158,9,5.70%,24,15.19%,0,0,0%,0,0%,0,0,0%,0,0%
5320,2025-08-25,Mr D Kelleher,7,0,0%,2,0%,0,0,0%,0,0%,7,0,0%,2,28.57%,0,0,0%,0,0%,0,0,0%,0,0%
5321,2025-08-25,Jay Tidball,254,30,11.81%,62,24.41%,2,0,0%,0,0%,19,3,15.79%,6,31.58%,51,10,19.61%,17,33.33%,182,17,9.34%,39,21.43%
5322,2025-08-25,Mr R Law-Eadie,2,0,0%,0,0%,0,0,0%,0,0%,1,0,0%,0,0%,0,0,0%,0,0%,1,0,0%,0,0%
5323,2025-08-25,Mr Daniel Kyne,31,1,3.23%,5,16.13%,1,0,0%,0,0%,4,0,0%,0,0%,16,1,6.25%,3,18.75%,10,0,0%,2,20.00%
5324,2025-08-25,Abigail Pierce,17,1,5.88%,2,11.76%,11,1,9.09%,0,0%,6,0,0%,2,33.33%,0,0,0%,0,0%,0,0,0%,0,0%
5325,2025-08-25,Ellie Norris,10,0,0%,5,0%,10,0,0%,5,50.00%,0,0,0%,0,0%,0,0,0%,0,0%,0,0,0%,0,0%
5326,2025-08-25,Kieren Buckley,31,0,0%,9,0%,0,0,0%,0,0%,4,0,0%,0,0%,9,0,0%,3,33.33%,18,0,0%,6,33.33%
5327,2025-08-25,Mr C G Ryan,3,0,0%,0,0%,0,0,0%,0,0%,3,0,0%,0,0%,0,0,0%,0,0%,0,0,0%,0,0%
5328,2025-08-25,Sophie Clements,53,6,11.32%,14,26.42%,17,2,11.76%,2,11.76%,36,4,11.11%,12,33.33%,0,0,0%,0,0%,0,0,0%,0,0%
5329,2025-08-25,Jonny Peate,1261,108,8.56%,305,24.19%,590,60,10.17%,149,25.25%,670,48,7.16%,156,23.28%,1,0,0%,0,0%,0,0,0%,0,0%
5330,2025-08-25,Mr S Staples,17,0,0%,4,0%,0,0,0%,0,0%,9,0,0%,1,11.11%,8,0,0%,3,37.50%,0,0,0%,0,0%
5331,2025-08-25,Mr H O'Neill,7,0,0%,1,0%,0,0,0%,0,0%,0,0,0%,0,0%,7,0,0%,1,14.29%,0,0,0%,0,0%
5332,2025-08-25,Kevin Brogan,9,1,11.11%,3,33.33%,2,1,50.00%,0,0%,3,0,0%,1,33.33%,1,0,0%,0,0%,3,0,0%,2,66.67%
5333,2025-08-25,Tom Kiely Marshall,111,7,6.31%,23,20.72%,32,2,6.25%,11,34.38%,79,5,6.33%,12,15.19%,0,0,0%,0,0%,0,0,0%,0,0%
5334,2025-08-25,Chloe Byrne,28,1,3.57%,6,21.43%,13,0,0%,4,30.77%,15,1,6.67%,2,13.33%,0,0,0%,0,0%,0,0,0%,0,0%
5335,2025-08-25,Sarah Verling,25,1,4.00%,8,32.00%,4,0,0%,1,25.00%,20,1,5.00%,7,35.00%,0,0,0%,0,0%,1,0,0%,0,0%
5336,2025-08-25,Julie McDonald,9,1,11.11%,1,11.11%,4,0,0%,0,0%,5,1,20.00%,1,20.00%,0,0,0%,0,0%,0,0,0%,0,0%
5337,2025-08-25,Oisin McSweeney,135,19,14.07%,49,36.30%,48,6,12.50%,18,37.50%,87,13,14.94%,31,35.63%,0,0,0%,0,0%,0,0,0%,0,0%
5338,2025-08-25,Mr J Cavanagh,4,0,0%,0,0%,0,0,0%,0,0%,0,0,0%,0,0%,0,0,0%,0,0%,4,0,0%,0,0%
5339,2025-08-25,Mr G Rutledge,3,0,0%,0,0%,0,0,0%,0,0%,3,0,0%,0,0%,0,0,0%,0,0%,0,0,0%,0,0%
5340,2025-08-25,Wesley Joyce,21,5,23.81%,3,14.29%,6,1,16.67%,1,16.67%,15,4,26.67%,2,13.33%,0,0,0%,0,0%,0,0,0%,0,0%
5341,2025-08-25,Ada Higgins Corrigan,1,0,0%,1,0%,1,0,0%,1,100.00%,0,0,0%,0,0%,0,0,0%,0,0%,0,0,0%,0,0%
5342,2025-08-25,Richard Deegan,4,0,0%,1,0%,0,0,0%,0,0%,0,0,0%,0,0%,0,0,0%,0,0%,4,0,0%,1,25.00%
5343,2025-08-25,Jordan Colin Gainford,5,2,40.00%,2,40.00%,0,0,0%,0,0%,0,0,0%,0,0%,1,0,0%,1,100.00%,4,2,50.00%,1,25.00%
5344,2025-08-25,Adam Ellis,43,1,2.33%,7,16.28%,0,0,0%,0,0%,3,0,0%,0,0%,1,0,0%,0,0%,39,1,2.56%,7,17.95%
5345,2025-08-25,Shane Fenelon,636,27,4.25%,89,13.99%,0,0,0%,0,0%,28,3,10.71%,4,14.29%,135,14,10.37%,17,12.59%,473,10,2.11%,68,14.38%
5346,2025-08-25,Mr D M Fitzgerald,43,2,4.65%,8,18.60%,0,0,0%,0,0%,19,0,0%,4,21.05%,9,1,11.11%,3,33.33%,15,1,6.67%,1,6.67%
5347,2025-08-25,Sean Cleary Farrell,10,1,10.00%,2,20.00%,1,0,0%,1,100.00%,6,0,0%,1,16.67%,0,0,0%,0,0%,3,1,33.33%,0,0%
5348,2025-08-25,Martin Vincent Clarke,2,0,0%,0,0%,2,0,0%,0,0%,0,0,0%,0,0%,0,0,0%,0,0%,0,0,0%,0,0%
5349,2025-08-25,Mr D Harnett,1,0,0%,0,0%,0,0,0%,0,0%,1,0,0%,0,0%,0,0,0%,0,0%,0,0,0%,0,0%
5350,2025-08-25,John Shinnick,23,2,8.70%,7,30.43%,8,2,25.00%,3,37.50%,13,0,0%,4,30.77%,1,0,0%,0,0%,1,0,0%,0,0%
5351,2025-08-25,Derek McGrath,113,2,1.77%,17,15.04%,0,0,0%,0,0%,2,0,0%,0,0%,31,1,3.23%,8,25.81%,80,1,1.25%,9,11.25%
5352,2025-08-25,Caoilin Quinn,783,95,12.13%,223,28.48%,2,0,0%,1,50.00%,51,3,5.88%,14,27.45%,248,39,15.73%,66,26.61%,482,53,11.00%,142,29.46%
5353,2025-08-25,Ms K Hynes,7,0,0%,2,0%,0,0,0%,0,0%,4,0,0%,2,50.00%,1,0,0%,0,0%,2,0,0%,0,0%
5355,2025-08-25,Jack Foley,1,0,0%,0,0%,0,0,0%,0,0%,1,0,0%,0,0%,0,0,0%,0,0%,0,0,0%,0,0%
5356,2025-08-25,Mr A Harney,18,0,0%,10,0%,0,0,0%,0,0%,6,0,0%,4,66.67%,10,0,0%,6,60.00%,2,0,0%,0,0%
5357,2025-08-25,Mr D Higgins,12,0,0%,2,0%,0,0,0%,0,0%,8,0,0%,2,25.00%,2,0,0%,0,0%,2,0,0%,0,0%
5358,2025-08-25,Miss P B Newman,5,0,0%,0,0%,0,0,0%,0,0%,5,0,0%,0,0%,0,0,0%,0,0%,0,0,0%,0,0%
5359,2025-08-25,Aileen O'Sullivan,72,2,2.78%,6,8.33%,15,0,0%,1,6.67%,14,1,7.14%,0,0%,14,1,7.14%,1,7.14%,29,0,0%,4,13.79%
5360,2025-08-25,Ms L Dowdall,15,1,6.67%,1,6.67%,0,0,0%,0,0%,15,1,6.67%,1,6.67%,0,0,0%,0,0%,0,0,0%,0,0%
5361,2025-08-25,Jack Enright,131,5,3.82%,19,14.50%,78,5,6.41%,13,16.67%,53,0,0%,6,11.32%,0,0,0%,0,0%,0,0,0%,0,0%
5362,2025-08-25,Nicole Weir,9,0,0%,2,0%,3,0,0%,0,0%,6,0,0%,2,33.33%,0,0,0%,0,0%,0,0,0%,0,0%
5363,2025-08-25,Mr C M Moore,5,1,20.00%,2,40.00%,0,0,0%,0,0%,5,1,20.00%,2,40.00%,0,0,0%,0,0%,0,0,0%,0,0%
5364,2025-08-25,Mr S Kerin,1,0,0%,0,0%,0,0,0%,0,0%,1,0,0%,0,0%,0,0,0%,0,0%,0,0,0%,0,0%
5365,2025-08-25,Miss F Fox,18,0,0%,3,0%,0,0,0%,0,0%,10,0,0%,2,20.00%,0,0,0%,0,0%,8,0,0%,1,12.50%
5366,2025-08-25,Miss Jess Stewart,22,0,0%,3,0%,0,0,0%,0,0%,1,0,0%,0,0%,4,0,0%,0,0%,17,0,0%,3,17.65%
5367,2025-08-25,William Featherstone,68,6,8.82%,12,17.65%,0,0,0%,0,0%,0,0,0%,0,0%,14,1,7.14%,2,14.29%,54,5,9.26%,10,18.52%
5368,2025-08-25,Miss Taryn Langley,21,3,14.29%,6,28.57%,7,1,14.29%,3,42.86%,12,2,16.67%,2,16.67%,2,0,0%,1,50.00%,0,0,0%,0,0%
5369,2025-08-25,Miss Pandora Briselden,6,0,0%,3,0%,3,0,0%,2,66.67%,1,0,0%,1,100.00%,0,0,0%,0,0%,2,0,0%,0,0%
5370,2025-08-25,Miss Charlotte Butler,4,1,25.00%,0,0.00%,3,1,33.33%,0,0%,1,0,0%,0,0%,0,0,0%,0,0%,0,0,0%,0,0%
5371,2025-08-25,Beau Morgan,253,32,12.65%,59,23.32%,0,0,0%,0,0%,13,3,23.08%,3,23.08%,67,11,16.42%,12,17.91%,173,18,10.40%,44,25.43%
5372,2025-08-25,M Santos,31,2,6.45%,8,25.81%,14,2,14.29%,5,35.71%,17,0,0%,3,17.65%,0,0,0%,0,0%,0,0,0%,0,0%
5373,2025-08-25,Miss Josephine Townend,18,3,16.67%,7,38.89%,0,0,0%,0,0%,10,1,10.00%,4,40.00%,3,1,33.33%,1,33.33%,5,1,20.00%,2,40.00%
5374,2025-08-25,Patrick Michael O'Brien,5,0,0%,1,0%,0,0,0%,0,0%,1,0,0%,0,0%,0,0,0%,0,0%,4,0,0%,1,25.00%
5375,2025-08-25,Conor Clarke,153,9,5.88%,30,19.61%,3,1,33.33%,0,0%,32,3,9.38%,10,31.25%,18,0,0%,6,33.33%,100,5,5.00%,14,14.00%
5376,2025-08-25,Mr E Finegan,89,6,6.74%,8,8.99%,0,0,0%,0,0%,55,4,7.27%,6,10.91%,6,0,0%,2,33.33%,28,2,7.14%,0,0%
5377,2025-08-25,Mr D J Scullion,2,0,0%,1,0%,0,0,0%,0,0%,0,0,0%,0,0%,2,0,0%,1,50.00%,0,0,0%,0,0%
5378,2025-08-25,Mr Lewis Dobb,1,0,0%,1,0%,1,0,0%,1,100.00%,0,0,0%,0,0%,0,0,0%,0,0%,0,0,0%,0,0%
5379,2025-08-25,Mr T Durrell,15,2,13.33%,2,13.33%,1,0,0%,0,0%,4,0,0%,0,0%,5,1,20.00%,1,20.00%,5,1,20.00%,1,20.00%
5380,2025-08-25,Molly Gunn,284,22,7.75%,42,14.79%,171,10,5.85%,26,15.20%,113,12,10.62%,16,14.16%,0,0,0%,0,0%,0,0,0%,0,0%
5381,2025-08-25,Ms R Murphy,1,0,0%,0,0%,0,0,0%,0,0%,1,0,0%,0,0%,0,0,0%,0,0%,0,0,0%,0,0%
5382,2025-08-25,A Burke Ott,2,0,0%,1,0%,0,0,0%,0,0%,2,0,0%,1,50.00%,0,0,0%,0,0%,0,0,0%,0,0%
5383,2025-08-25,C Blake,1,0,0%,0,0%,0,0,0%,0,0%,1,0,0%,0,0%,0,0,0%,0,0%,0,0,0%,0,0%
5384,2025-08-25,S Staples,16,1,6.25%,2,12.50%,0,0,0%,0,0%,16,1,6.25%,2,12.50%,0,0,0%,0,0%,0,0,0%,0,0%
5385,2025-08-25,B Dunleavy,4,0,0%,1,0%,0,0,0%,0,0%,4,0,0%,1,25.00%,0,0,0%,0,0%,0,0,0%,0,0%
5386,2025-08-25,A Sinnott,7,0,0%,3,0%,0,0,0%,0,0%,7,0,0%,3,42.86%,0,0,0%,0,0%,0,0,0%,0,0%
5387,2025-08-25,A Phelan,2,0,0%,1,0%,0,0,0%,0,0%,2,0,0%,1,50.00%,0,0,0%,0,0%,0,0,0%,0,0%
5388,2025-08-25,E Staples,69,7,10.14%,6,8.70%,0,0,0%,0,0%,2,0,0%,0,0%,10,0,0%,3,30.00%,57,7,12.28%,3,5.26%
5389,2025-08-25,Troy Walsh,4,1,25.00%,2,50.00%,0,0,0%,0,0%,4,1,25.00%,2,50.00%,0,0,0%,0,0%,0,0,0%,0,0%
5390,2025-08-25,J O'grady,2,0,0%,0,0%,0,0,0%,0,0%,2,0,0%,0,0%,0,0,0%,0,0%,0,0,0%,0,0%
5391,2025-08-25,J P O'rourke,7,2,28.57%,2,28.57%,0,0,0%,0,0%,7,2,28.57%,2,28.57%,0,0,0%,0,0%,0,0,0%,0,0%
5392,2025-08-25,Kieran Moody,11,0,0%,0,0%,4,0,0%,0,0%,7,0,0%,0,0%,0,0,0%,0,0%,0,0,0%,0,0%
5393,2025-08-25,D N O'brien,2,0,0%,0,0%,0,0,0%,0,0%,2,0,0%,0,0%,0,0,0%,0,0%,0,0,0%,0,0%
5394,2025-08-25,J A O'reilly,2,0,0%,1,0%,0,0,0%,0,0%,2,0,0%,1,50.00%,0,0,0%,0,0%,0,0,0%,0,0%
5395,2025-08-25,C M Moore,3,0,0%,0,0%,0,0,0%,0,0%,3,0,0%,0,0%,0,0,0%,0,0%,0,0,0%,0,0%
5396,2025-08-25,R Sugrue,10,0,0%,3,0%,0,0,0%,0,0%,10,0,0%,3,30.00%,0,0,0%,0,0%,0,0,0%,0,0%
5397,2025-08-25,Conner McCann,91,13,14.29%,22,24.18%,11,3,27.27%,3,27.27%,30,3,10.00%,9,30.00%,5,0,0%,1,20.00%,45,7,15.56%,9,20.00%
5398,2025-08-25,Miss T Eyston,11,0,0%,4,0%,2,0,0%,1,50.00%,4,0,0%,1,25.00%,1,0,0%,0,0%,4,0,0%,2,50.00%
5399,2025-08-25,W J Gleeson,32,0,0%,3,0%,0,0,0%,0,0%,1,0,0%,0,0%,1,0,0%,0,0%,30,0,0%,3,10.00%
5400,2025-08-25,Ms L Ward,17,1,5.88%,1,5.88%,0,0,0%,0,0%,14,1,7.14%,1,7.14%,0,0,0%,0,0%,3,0,0%,0,0%
5401,2025-08-25,Adam Caffrey,1130,99,8.76%,226,20.00%,370,47,12.70%,94,25.41%,760,52,6.84%,132,17.37%,0,0,0%,0,0%,0,0,0%,0,0%
5402,2025-08-25,Philip Egan,1,0,0%,0,0%,0,0,0%,0,0%,0,0,0%,0,0%,0,0,0%,0,0%,1,0,0%,0,0%
5403,2025-08-25,Mr J Hannafin,4,0,0%,0,0%,0,0,0%,0,0%,4,0,0%,0,0%,0,0,0%,0,0%,0,0,0%,0,0%
5404,2025-08-25,Mr J Stevenson,21,0,0%,4,0%,1,0,0%,0,0%,3,0,0%,0,0%,7,0,0%,2,28.57%,10,0,0%,2,20.00%
5405,2025-08-25,Miss Violet Barton,22,1,4.55%,4,18.18%,8,0,0%,0,0%,14,1,7.14%,4,28.57%,0,0,0%,0,0%,0,0,0%,0,0%
5406,2025-08-25,Miss Megan Brookes,16,0,0%,7,0%,1,0,0%,0,0%,15,0,0%,7,46.67%,0,0,0%,0,0%,0,0,0%,0,0%
5407,2025-08-25,Mr Jack Davis,2,0,0%,0,0%,0,0,0%,0,0%,2,0,0%,0,0%,0,0,0%,0,0%,0,0,0%,0,0%
5408,2025-08-25,L Browne,20,4,20.00%,7,35.00%,3,0,0%,2,66.67%,17,4,23.53%,5,29.41%,0,0,0%,0,0%,0,0,0%,0,0%
5409,2025-08-25,F Maguire,5,0,0%,4,0%,0,0,0%,0,0%,4,0,0%,3,75.00%,0,0,0%,0,0%,0,0,0%,0,0%
5410,2025-08-25,Ms S Verling,9,0,0%,1,0%,0,0,0%,0,0%,3,0,0%,1,33.33%,5,0,0%,0,0%,1,0,0%,0,0%
5411,2025-08-25,Mr G Chatterton,3,0,0%,0,0%,0,0,0%,0,0%,0,0,0%,0,0%,3,0,0%,0,0%,0,0,0%,0,0%
5412,2025-08-25,Mr Daniel Ellis,12,0,0%,3,0%,0,0,0%,0,0%,1,0,0%,0,0%,5,0,0%,2,40.00%,6,0,0%,1,16.67%
5413,2025-08-25,Josh Barber,3,0,0%,1,0%,0,0,0%,0,0%,1,0,0%,0,0%,2,0,0%,1,50.00%,0,0,0%,0,0%
5414,2025-08-25,Henry Bailey,2,0,0%,1,0%,0,0,0%,0,0%,0,0,0%,0,0%,2,0,0%,1,50.00%,0,0,0%,0,0%
5415,2025-08-25,Mr J P Sutton,25,1,4.00%,4,16.00%,0,0,0%,0,0%,9,0,0%,1,11.11%,3,0,0%,1,33.33%,13,1,7.69%,2,15.38%
5416,2025-08-25,Emma Wilkinson,1,0,0%,1,0%,0,0,0%,0,0%,1,0,0%,1,100.00%,0,0,0%,0,0%,0,0,0%,0,0%
5417,2025-08-25,Miss Jodie Wingrove,25,0,0%,5,0%,17,0,0%,2,11.76%,8,0,0%,3,37.50%,0,0,0%,0,0%,0,0,0%,0,0%
5418,2025-08-25,Mr J Gibney,1,0,0%,1,0%,0,0,0%,0,0%,0,0,0%,0,0%,1,0,0%,1,100.00%,0,0,0%,0,0%
5419,2025-08-25,Miss C E Callanan,4,0,0%,0,0%,0,0,0%,0,0%,4,0,0%,0,0%,0,0,0%,0,0%,0,0,0%,0,0%
5420,2025-08-25,Mr E Middleton,6,0,0%,0,0%,0,0,0%,0,0%,6,0,0%,0,0%,0,0,0%,0,0%,0,0,0%,0,0%
5421,2025-08-25,Miss L McLoughlin,1,0,0%,0,0%,0,0,0%,0,0%,1,0,0%,0,0%,0,0,0%,0,0%,0,0,0%,0,0%
5422,2025-08-25,Sarah E McCarthy,4,0,0%,0,0%,0,0,0%,0,0%,4,0,0%,0,0%,0,0,0%,0,0%,0,0,0%,0,0%
5423,2025-08-25,Shelley Brickley,4,0,0%,0,0%,0,0,0%,0,0%,4,0,0%,0,0%,0,0,0%,0,0%,0,0,0%,0,0%
5424,2025-08-25,Jamie Neild,8,0,0%,2,0%,0,0,0%,0,0%,1,0,0%,0,0%,0,0,0%,0,0%,7,0,0%,2,28.57%
5425,2025-08-25,L J Carberry,17,0,0%,1,0%,0,0,0%,0,0%,2,0,0%,0,0%,1,0,0%,0,0%,14,0,0%,1,7.14%
5426,2025-08-25,R Whearty,1284,91,7.09%,235,18.30%,433,31,7.16%,99,22.86%,851,60,7.05%,136,15.98%,0,0,0%,0,0%,0,0,0%,0,0%
5427,2025-08-25,Miss F Leaney,19,0,0%,5,0%,0,0,0%,0,0%,15,0,0%,5,33.33%,0,0,0%,0,0%,4,0,0%,0,0%
5428,2025-08-25,N Terrassin,22,2,9.09%,15,68.18%,0,0,0%,0,0%,0,0,0%,0,0%,3,0,0%,1,33.33%,19,2,10.53%,14,73.68%
5429,2025-08-25,R McIntyre,1,0,0%,0,0%,0,0,0%,0,0%,0,0,0%,0,0%,0,0,0%,0,0%,1,0,0%,0,0%
5430,2025-08-25,Charlie O'Dwyer,23,0,0%,12,0%,1,0,0%,0,0%,15,0,0%,10,66.67%,1,0,0%,0,0%,6,0,0%,2,33.33%
5431,2025-08-25,Jefferson Smith,198,16,8.08%,57,28.79%,97,6,6.19%,27,27.84%,101,10,9.90%,30,29.70%,0,0,0%,0,0%,0,0,0%,0,0%
5432,2025-08-25,Miss E Cummins,9,0,0%,4,0%,0,0,0%,0,0%,8,0,0%,4,50.00%,0,0,0%,0,0%,1,0,0%,0,0%
5433,2025-08-25,Mr P Regan,2,0,0%,0,0%,0,0,0%,0,0%,2,0,0%,0,0%,0,0,0%,0,0%,0,0,0%,0,0%
5434,2025-08-25,Lewis Kent,16,0,0%,4,0%,7,0,0%,2,28.57%,9,0,0%,2,22.22%,0,0,0%,0,0%,0,0,0%,0,0%
5435,2025-08-25,B Finn,6,0,0%,1,0%,0,0,0%,0,0%,4,0,0%,1,25.00%,0,0,0%,0,0%,0,0,0%,0,0%
5436,2025-08-25,I Cribbin,4,1,25.00%,2,50.00%,0,0,0%,0,0%,1,0,0%,0,0%,2,1,50.00%,1,50.00%,0,0,0%,0,0%
5437,2025-08-25,H O'neill,1,0,0%,1,0%,0,0,0%,0,0%,0,0,0%,0,0%,0,0,0%,0,0%,0,0,0%,0,0%
5438,2025-08-25,Ms A L Fitzgibbon,1,0,0%,0,0%,0,0,0%,0,0%,0,0,0%,0,0%,0,0,0%,0,0%,0,0,0%,0,0%
5439,2025-08-25,P O Duffy,2,0,0%,0,0%,0,0,0%,0,0%,1,0,0%,0,0%,0,0,0%,0,0%,0,0,0%,0,0%
5440,2025-08-25,D G Whelan,32,1,3.13%,9,28.13%,0,0,0%,0,0%,0,0,0%,0,0%,1,0,0%,0,0%,30,1,3.33%,9,30.00%
5441,2025-08-25,G Collier,2,0,0%,1,0%,0,0,0%,0,0%,1,0,0%,1,100.00%,0,0,0%,0,0%,0,0,0%,0,0%
5442,2025-08-25,Ms K Reddington,1,0,0%,0,0%,0,0,0%,0,0%,1,0,0%,0,0%,0,0,0%,0,0%,0,0,0%,0,0%
5443,2025-08-25,Miss Alice Coleman,6,0,0%,2,0%,1,0,0%,0,0%,2,0,0%,1,50.00%,2,0,0%,1,50.00%,1,0,0%,0,0%
5444,2025-08-25,M Robinson,3,0,0%,1,0%,0,0,0%,0,0%,3,0,0%,1,33.33%,0,0,0%,0,0%,0,0,0%,0,0%
5445,2025-08-25,Miss Georgie Benson,2,0,0%,0,0%,0,0,0%,0,0%,0,0,0%,0,0%,1,0,0%,0,0%,1,0,0%,0,0%
5446,2025-08-25,O Shanahan,8,0,0%,3,0%,4,0,0%,2,50.00%,4,0,0%,1,25.00%,0,0,0%,0,0%,0,0,0%,0,0%
5447,2025-08-25,C Mooney,2,0,0%,0,0%,0,0,0%,0,0%,0,0,0%,0,0%,0,0,0%,0,0%,2,0,0%,0,0%
5448,2025-08-25,D Cleere,15,1,6.67%,1,6.67%,0,0,0%,0,0%,1,0,0%,0,0%,0,0,0%,0,0%,14,1,7.14%,1,7.14%
5449,2025-08-25,Rebecca McIntyre,2,0,0%,0,0%,0,0,0%,0,0%,1,0,0%,0,0%,0,0,0%,0,0%,1,0,0%,0,0%
5450,2025-08-25,J J G Ryan,1503,97,6.45%,264,17.56%,520,43,8.27%,104,20.00%,983,54,5.49%,160,16.28%,0,0,0%,0,0%,0,0,0%,0,0%
5451,2025-08-25,C Flynn,1,0,0%,0,0%,0,0,0%,0,0%,1,0,0%,0,0%,0,0,0%,0,0%,0,0,0%,0,0%
5452,2025-08-25,Ciara Flynn,59,4,6.78%,15,25.42%,27,4,14.81%,7,25.93%,32,0,0%,8,25.00%,0,0,0%,0,0%,0,0,0%,0,0%
5453,2025-08-25,Mr Ben Bromley,9,0,0%,5,0%,0,0,0%,0,0%,4,0,0%,3,75.00%,2,0,0%,0,0%,3,0,0%,2,66.67%
5454,2025-08-25,P J Kavanagh,1,0,0%,1,0%,0,0,0%,0,0%,0,0,0%,0,0%,0,0,0%,0,0%,1,0,0%,1,100.00%
5455,2025-08-25,H McOwan,23,1,4.35%,10,43.48%,0,0,0%,0,0%,4,1,25.00%,3,75.00%,4,0,0%,1,25.00%,15,0,0%,6,40.00%
5456,2025-08-25,S Cleary-Farrell,101,12,11.88%,12,11.88%,2,0,0%,0,0%,6,0,0%,2,33.33%,9,1,11.11%,4,44.44%,84,11,13.10%,6,7.14%
5457,2025-08-25,Mr S J MacRedmond,6,0,0%,2,0%,0,0,0%,0,0%,6,0,0%,2,33.33%,0,0,0%,0,0%,0,0,0%,0,0%
5458,2025-08-25,Mr J O'Grady,6,0,0%,1,0%,0,0,0%,0,0%,1,0,0%,0,0%,3,0,0%,1,33.33%,2,0,0%,0,0%
5459,2025-08-25,Mr B Barry,49,1,2.04%,4,8.16%,0,0,0%,0,0%,19,0,0%,3,15.79%,12,1,8.33%,0,0%,18,0,0%,1,5.56%
5460,2025-08-25,Miss A Hourigan,27,0,0%,4,0%,0,0,0%,0,0%,23,0,0%,4,17.39%,0,0,0%,0,0%,4,0,0%,0,0%
5461,2025-08-25,Mr E T Mellerick,20,0,0%,1,0%,0,0,0%,0,0%,5,0,0%,0,0%,2,0,0%,0,0%,13,0,0%,1,7.69%
5462,2025-08-25,Mr A Phelan,6,0,0%,0,0%,0,0,0%,0,0%,3,0,0%,0,0%,0,0,0%,0,0%,3,0,0%,0,0%
5463,2025-08-25,Miss R Kelly,6,0,0%,1,0%,1,0,0%,1,100.00%,4,0,0%,0,0%,1,0,0%,0,0%,0,0,0%,0,0%
5464,2025-08-25,Miss G German,6,0,0%,3,0%,0,0,0%,0,0%,6,0,0%,3,50.00%,0,0,0%,0,0%,0,0,0%,0,0%
5465,2025-08-25,Alexander Voikhansky,170,16,9.41%,60,35.29%,101,12,11.88%,38,37.62%,69,4,5.80%,22,31.88%,0,0,0%,0,0%,0,0,0%,0,0%
5466,2025-08-25,Mr Lewis Saunders,20,0,0%,8,0%,2,0,0%,0,0%,11,0,0%,5,45.45%,1,0,0%,0,0%,6,0,0%,3,50.00%
5467,2025-08-25,D King,1187,95,8.00%,264,22.24%,140,23,16.43%,51,36.43%,195,13,6.67%,55,28.21%,209,14,6.70%,47,22.49%,643,45,7.00%,111,17.26%
5468,2025-08-25,Seamie Heffernan,8,0,0%,2,0%,0,0,0%,0,0%,8,0,0%,2,25.00%,0,0,0%,0,0%,0,0,0%,0,0%
5469,2025-08-25,Miss S A Carter,15,1,6.67%,2,13.33%,0,0,0%,0,0%,9,1,11.11%,1,11.11%,2,0,0%,0,0%,4,0,0%,1,25.00%
5470,2025-08-25,Miss Menna Bridger,3,0,0%,0,0%,0,0,0%,0,0%,2,0,0%,0,0%,0,0,0%,0,0%,1,0,0%,0,0%
5471,2025-08-25,George Eddery,35,3,8.57%,12,34.29%,21,2,9.52%,6,28.57%,14,1,7.14%,6,42.86%,0,0,0%,0,0%,0,0,0%,0,0%
5472,2025-08-25,Miss Zoe Lewis,16,0,0%,6,0%,9,0,0%,5,55.56%,5,0,0%,1,20.00%,0,0,0%,0,0%,2,0,0%,0,0%
5473,2025-08-25,Mr Lewis Kent,42,5,11.90%,6,14.29%,17,1,5.88%,2,11.76%,25,4,16.00%,4,16.00%,0,0,0%,0,0%,0,0,0%,0,0%
5474,2025-08-25,Mr Harry Greasby,2,0,0%,1,0%,0,0,0%,0,0%,1,0,0%,0,0%,0,0,0%,0,0%,1,0,0%,1,100.00%
5475,2025-08-25,Miss A McGuinness,61,1,1.64%,6,9.84%,0,0,0%,0,0%,14,1,7.14%,2,14.29%,10,0,0%,1,10.00%,37,0,0%,3,8.11%
5476,2025-08-25,Mr H E Sexton,58,2,3.45%,4,6.90%,0,0,0%,0,0%,25,0,0%,2,8.00%,4,0,0%,0,0%,29,2,6.90%,2,6.90%
5477,2025-08-25,J Hogan,20,0,0%,5,0%,0,0,0%,0,0%,3,0,0%,0,0%,4,0,0%,1,25.00%,13,0,0%,4,30.77%
5478,2025-08-25,Mr W J Burke,19,1,5.26%,8,42.11%,0,0,0%,0,0%,19,1,5.26%,8,42.11%,0,0,0%,0,0%,0,0,0%,0,0%
5479,2025-08-25,Mr L Donnelly,6,0,0%,1,0%,0,0,0%,0,0%,6,0,0%,1,16.67%,0,0,0%,0,0%,0,0,0%,0,0%
5480,2025-08-25,Mr Bailey Burns-lewis,2,0,0%,2,0%,0,0,0%,0,0%,2,0,0%,2,100.00%,0,0,0%,0,0%,0,0,0%,0,0%
5481,2025-08-25,Mr G Abbas,10,0,0%,1,0%,0,0,0%,0,0%,10,0,0%,1,10.00%,0,0,0%,0,0%,0,0,0%,0,0%
5482,2025-08-25,Miss M E O'Connor,3,0,0%,0,0%,0,0,0%,0,0%,3,0,0%,0,0%,0,0,0%,0,0%,0,0,0%,0,0%
5483,2025-08-25,W Joyce,1028,65,6.32%,184,17.90%,237,17,7.17%,44,18.57%,791,48,6.07%,140,17.70%,0,0,0%,0,0%,0,0,0%,0,0%
5484,2025-08-25,Mr M Chaybyn,11,0,0%,0,0%,1,0,0%,0,0%,10,0,0%,0,0%,0,0,0%,0,0%,0,0,0%,0,0%
5485,2025-08-25,Miss Molly Landau,18,4,22.22%,7,38.89%,1,0,0%,0,0%,4,0,0%,1,25.00%,4,1,25.00%,1,25.00%,9,3,33.33%,5,55.56%
5486,2025-08-25,Jack Hogan,589,73,12.39%,136,23.09%,1,0,0%,0,0%,40,4,10.00%,11,27.50%,161,20,12.42%,31,19.25%,387,49,12.66%,94,24.29%
5487,2025-08-25,Mr N J O'Mara,13,0,0%,0,0%,0,0,0%,0,0%,13,0,0%,0,0%,0,0,0%,0,0%,0,0,0%,0,0%
5488,2025-08-25,Mr Jack Cater,3,0,0%,1,0%,0,0,0%,0,0%,1,0,0%,0,0%,1,0,0%,0,0%,1,0,0%,1,100.00%
5489,2025-08-25,Mr Donovan Eldin,1,0,0%,0,0%,0,0,0%,0,0%,1,0,0%,0,0%,0,0,0%,0,0%,0,0,0%,0,0%
5490,2025-08-25,Mr J Ahern,11,1,9.09%,0,0.00%,0,0,0%,0,0%,4,0,0%,0,0%,7,1,14.29%,0,0%,0,0,0%,0,0%
5491,2025-08-25,Rob Hargreaves,65,7,10.77%,20,30.77%,3,1,33.33%,1,33.33%,4,0,0%,4,100.00%,6,0,0%,0,0%,52,6,11.54%,15,28.85%
5492,2025-08-25,Alan Persse,30,1,3.33%,6,20.00%,16,1,6.25%,1,6.25%,14,0,0%,5,35.71%,0,0,0%,0,0%,0,0,0%,0,0%
5493,2025-08-25,Ms J A Roche,4,0,0%,1,0%,0,0,0%,0,0%,4,0,0%,1,25.00%,0,0,0%,0,0%,0,0,0%,0,0%
5494,2025-08-25,Konrad Brygier,1,0,0%,1,0%,0,0,0%,0,0%,1,0,0%,1,100.00%,0,0,0%,0,0%,0,0,0%,0,0%
5495,2025-08-25,Miss Philippa Atkinson,7,0,0%,2,0%,0,0,0%,0,0%,7,0,0%,2,28.57%,0,0,0%,0,0%,0,0,0%,0,0%
5496,2025-08-25,Mr B P O'Brien,2,0,0%,0,0%,0,0,0%,0,0%,2,0,0%,0,0%,0,0,0%,0,0%,0,0,0%,0,0%
5497,2025-08-25,Miss Zoe Rodgers,1,0,0%,0,0%,0,0,0%,0,0%,1,0,0%,0,0%,0,0,0%,0,0%,0,0,0%,0,0%
5498,2025-08-25,Miss Fern O'Brien,92,12,13.04%,30,32.61%,13,1,7.69%,5,38.46%,33,5,15.15%,11,33.33%,16,3,18.75%,5,31.25%,30,3,10.00%,9,30.00%
5499,2025-08-25,Ms A Power,17,1,5.88%,1,5.88%,0,0,0%,0,0%,10,0,0%,1,10.00%,2,0,0%,0,0%,5,1,20.00%,0,0%
5500,2025-08-25,Mr J P Murray,10,0,0%,3,0%,0,0,0%,0,0%,8,0,0%,2,25.00%,0,0,0%,0,0%,2,0,0%,1,50.00%
5501,2025-08-25,Mr J M Fennell,13,0,0%,2,0%,0,0,0%,0,0%,4,0,0%,1,25.00%,0,0,0%,0,0%,9,0,0%,1,11.11%
5502,2025-08-25,Katie Reddington,11,0,0%,2,0%,0,0,0%,0,0%,4,0,0%,0,0%,2,0,0%,0,0%,5,0,0%,2,40.00%
5503,2025-08-25,Bradley Furniss,51,3,5.88%,12,23.53%,34,3,8.82%,10,29.41%,17,0,0%,2,11.76%,0,0,0%,0,0%,0,0,0%,0,0%
5504,2025-08-25,Miss Ellie Holder,14,1,7.14%,2,14.29%,2,0,0%,0,0%,2,0,0%,0,0%,8,1,12.50%,2,25.00%,2,0,0%,0,0%
5505,2025-08-25,M Beresford,15,0,0%,6,0%,1,0,0%,1,100.00%,14,0,0%,5,35.71%,0,0,0%,0,0%,0,0,0%,0,0%
5506,2025-08-25,Jennifer Torrens,25,0,0%,4,0%,0,0,0%,0,0%,2,0,0%,0,0%,2,0,0%,0,0%,21,0,0%,4,19.05%
5507,2025-08-25,Mr S Cleary,22,0,0%,0,0%,0,0,0%,0,0%,22,0,0%,0,0%,0,0,0%,0,0%,0,0,0%,0,0%
5508,2025-08-25,Mia Biggs,12,1,8.33%,6,50.00%,10,1,10.00%,6,60.00%,2,0,0%,0,0%,0,0,0%,0,0%,0,0,0%,0,0%
5509,2025-08-25,Miss Taylor Bradburn,2,0,0%,1,0%,0,0,0%,0,0%,2,0,0%,1,50.00%,0,0,0%,0,0%,0,0,0%,0,0%
5510,2025-08-25,Miss Molly Legg,6,0,0%,0,0%,3,0,0%,0,0%,0,0,0%,0,0%,1,0,0%,0,0%,2,0,0%,0,0%
5511,2025-08-25,P Byrnes,635,63,9.92%,117,18.43%,0,0,0%,0,0%,10,1,10.00%,3,30.00%,102,10,9.80%,20,19.61%,523,52,9.94%,94,17.97%
5512,2025-08-25,Mr Philip Lawrence,3,0,0%,2,0%,0,0,0%,0,0%,2,0,0%,1,50.00%,1,0,0%,1,100.00%,0,0,0%,0,0%
5513,2025-08-25,Mr D Broderick,5,0,0%,1,0%,0,0,0%,0,0%,5,0,0%,1,20.00%,0,0,0%,0,0%,0,0,0%,0,0%
5514,2025-08-25,J Coen,890,59,6.63%,205,23.03%,212,16,7.55%,54,25.47%,413,29,7.02%,112,27.12%,52,4,7.69%,7,13.46%,213,10,4.69%,32,15.02%
5515,2025-08-25,J Powell,1,0,0%,0,0%,0,0,0%,0,0%,1,0,0%,0,0%,0,0,0%,0,0%,0,0,0%,0,0%
5516,2025-08-25,Miss Megan Bevan,37,5,13.51%,14,37.84%,0,0,0%,0,0%,4,0,0%,1,25.00%,15,2,13.33%,7,46.67%,18,3,16.67%,6,33.33%
5517,2025-08-25,Mr Hakan Sensoy,4,0,0%,1,0%,1,0,0%,0,0%,3,0,0%,1,33.33%,0,0,0%,0,0%,0,0,0%,0,0%
5518,2025-08-25,Miss Natalya Irvine,7,0,0%,2,0%,1,0,0%,0,0%,4,0,0%,1,25.00%,0,0,0%,0,0%,2,0,0%,1,50.00%
5519,2025-08-25,J Kearney,935,72,7.70%,176,18.82%,365,39,10.68%,94,25.75%,484,31,6.40%,67,13.84%,5,0,0%,2,40.00%,81,2,2.47%,13,16.05%
5520,2025-08-25,Joshua Thompson,199,15,7.54%,46,23.12%,8,0,0%,4,50.00%,18,0,0%,5,27.78%,8,0,0%,1,12.50%,165,15,9.09%,36,21.82%
5521,2025-08-25,Kaiya Fraser,785,103,13.12%,175,22.29%,362,47,12.98%,81,22.38%,423,56,13.24%,94,22.22%,0,0,0%,0,0%,0,0,0%,0,0%
5522,2025-08-25,C Horgan,542,26,4.80%,64,11.81%,165,11,6.67%,28,16.97%,376,15,3.99%,36,9.57%,1,0,0%,0,0%,0,0,0%,0,0%
5523,2025-08-25,D Butler,28,1,3.57%,5,17.86%,2,0,0%,1,50.00%,12,0,0%,3,25.00%,0,0,0%,0,0%,14,1,7.14%,1,7.14%
5524,2025-08-25,Georgia Lea,8,0,0%,1,0%,5,0,0%,1,20.00%,3,0,0%,0,0%,0,0,0%,0,0%,0,0,0%,0,0%
5525,2025-08-25,Cathal Gahan,7,1,14.29%,2,28.57%,5,1,20.00%,2,40.00%,2,0,0%,0,0%,0,0,0%,0,0%,0,0,0%,0,0%
5526,2025-08-25,L Page,6,0,0%,1,0%,0,0,0%,0,0%,0,0,0%,0,0%,0,0,0%,0,0%,6,0,0%,1,16.67%
5527,2025-08-25,Benjamin Abbott,7,0,0%,0,0%,0,0,0%,0,0%,3,0,0%,0,0%,0,0,0%,0,0%,4,0,0%,0,0%
5528,2025-08-25,Miss Mia Biggs,11,1,9.09%,6,54.55%,8,1,12.50%,5,62.50%,3,0,0%,1,33.33%,0,0,0%,0,0%,0,0,0%,0,0%
5529,2025-08-25,Mr C P Millar,33,1,3.03%,8,24.24%,1,0,0%,0,0%,28,1,3.57%,8,28.57%,2,0,0%,0,0%,2,0,0%,0,0%
5530,2025-08-25,Ms K L Derwin,18,0,0%,6,0%,0,0,0%,0,0%,8,0,0%,1,12.50%,2,0,0%,2,100.00%,8,0,0%,3,37.50%
5531,2025-08-25,J I Duggan,67,1,1.49%,5,7.46%,0,0,0%,0,0%,10,0,0%,0,0%,4,0,0%,0,0%,53,1,1.89%,5,9.43%
5532,2025-08-25,Jack Osborne,4,0,0%,0,0%,1,0,0%,0,0%,3,0,0%,0,0%,0,0,0%,0,0%,0,0,0%,0,0%
5533,2025-08-25,Mr I Ryan,43,1,2.33%,3,6.98%,0,0,0%,0,0%,14,0,0%,0,0%,4,0,0%,0,0%,25,1,4.00%,3,12.00%
5534,2025-08-25,R McGreal,2,0,0%,0,0%,0,0,0%,0,0%,1,0,0%,0,0%,0,0,0%,0,0%,1,0,0%,0,0%
5535,2025-08-25,Mrs J Hearne,2,0,0%,0,0%,0,0,0%,0,0%,2,0,0%,0,0%,0,0,0%,0,0%,0,0,0%,0,0%
5536,2025-08-25,Mr Joe Leavy,5,0,0%,1,0%,2,0,0%,0,0%,3,0,0%,1,33.33%,0,0,0%,0,0%,0,0,0%,0,0%
5537,2025-08-25,Amy O'Driscoll,3,0,0%,0,0%,0,0,0%,0,0%,3,0,0%,0,0%,0,0,0%,0,0%,0,0,0%,0,0%
5538,2025-08-25,J Cleary,575,40,6.96%,78,13.57%,176,13,7.39%,23,13.07%,399,27,6.77%,55,13.78%,0,0,0%,0,0%,0,0,0%,0,0%
5539,2025-08-25,Alexandra McDonnell,39,5,12.82%,10,25.64%,23,3,13.04%,5,21.74%,16,2,12.50%,5,31.25%,0,0,0%,0,0%,0,0,0%,0,0%
5540,2025-08-25,Saleh Salem Al Marri,1,0,0%,0,0%,1,0,0%,0,0%,0,0,0%,0,0%,0,0,0%,0,0%,0,0,0%,0,0%
5541,2025-08-25,Miss A Gordon,3,0,0%,3,0%,0,0,0%,0,0%,3,0,0%,3,100.00%,0,0,0%,0,0%,0,0,0%,0,0%
5542,2025-08-25,D L Queally,77,7,9.09%,29,37.66%,0,0,0%,0,0%,0,0,0%,0,0%,2,0,0%,0,0%,75,7,9.33%,29,38.67%
5543,2025-08-25,Miss Megan McLoughlin,5,0,0%,4,0%,1,0,0%,0,0%,4,0,0%,4,100.00%,0,0,0%,0,0%,0,0,0%,0,0%
5544,2025-08-25,Mr Josh Agar,14,1,7.14%,5,35.71%,6,0,0%,2,33.33%,8,1,12.50%,3,37.50%,0,0,0%,0,0%,0,0,0%,0,0%
5545,2025-08-25,Isabelle Ryder,92,7,7.61%,20,21.74%,4,1,25.00%,1,25.00%,7,0,0%,2,28.57%,9,1,11.11%,1,11.11%,72,5,6.94%,16,22.22%
5546,2025-08-25,Mr Rob Hargreaves,3,0,0%,2,0%,0,0,0%,0,0%,1,0,0%,1,100.00%,0,0,0%,0,0%,2,0,0%,1,50.00%
5547,2025-08-25,S D Bowen,1230,116,9.43%,254,20.65%,562,50,8.90%,122,21.71%,668,66,9.88%,132,19.76%,0,0,0%,0,0%,0,0,0%,0,0%
5548,2025-08-25,Joe Leavy,993,118,11.88%,204,20.54%,524,60,11.45%,106,20.23%,469,58,12.37%,98,20.90%,0,0,0%,0,0%,0,0,0%,0,0%
5549,2025-08-25,Ugne Mickute,4,0,0%,1,0%,3,0,0%,0,0%,1,0,0%,1,100.00%,0,0,0%,0,0%,0,0,0%,0,0%
5550,2025-08-25,Miss Alice McGonnel,1,0,0%,1,0%,0,0,0%,0,0%,1,0,0%,1,100.00%,0,0,0%,0,0%,0,0,0%,0,0%
5551,2025-08-25,Miss Aine Lane,1,0,0%,0,0%,0,0,0%,0,0%,1,0,0%,0,0%,0,0,0%,0,0%,0,0,0%,0,0%
5552,2025-08-25,Mr Billy Chatterton,3,0,0%,1,0%,0,0,0%,0,0%,1,0,0%,0,0%,2,0,0%,1,50.00%,0,0,0%,0,0%
5553,2025-08-25,Mr J J Murphy-Knight,18,2,11.11%,2,11.11%,0,0,0%,0,0%,4,0,0%,0,0%,8,2,25.00%,1,12.50%,6,0,0%,1,16.67%
5554,2025-08-25,K Reddington,1,0,0%,0,0%,0,0,0%,0,0%,0,0,0%,0,0%,0,0,0%,0,0%,1,0,0%,0,0%
5555,2025-08-25,Harry Atkins,129,11,8.53%,30,23.26%,0,0,0%,0,0%,9,1,11.11%,2,22.22%,21,1,4.76%,2,9.52%,99,9,9.09%,26,26.26%
5556,2025-08-25,Mr Freddie Gordon,101,19,18.81%,40,39.60%,6,1,16.67%,3,50.00%,11,4,36.36%,2,18.18%,27,4,14.81%,4,14.81%,57,10,17.54%,31,54.39%
5557,2025-08-25,R Monaghan,27,0,0%,5,0%,0,0,0%,0,0%,0,0,0%,0,0%,0,0,0%,0,0%,27,0,0%,5,18.52%
5558,2025-08-25,Mr Gearoid Harney,55,6,10.91%,20,36.36%,0,0,0%,0,0%,2,0,0%,1,50.00%,18,5,27.78%,6,33.33%,35,1,2.86%,13,37.14%
5559,2025-08-25,Mr J Kidd,20,2,10.00%,4,20.00%,0,0,0%,0,0%,17,2,11.76%,4,23.53%,1,0,0%,0,0%,2,0,0%,0,0%
5560,2025-08-25,Mr Kevin Skelton,22,2,9.09%,4,18.18%,16,2,12.50%,3,18.75%,6,0,0%,1,16.67%,0,0,0%,0,0%,0,0,0%,0,0%
5561,2025-08-25,Mr P Lake,11,0,0%,1,0%,0,0,0%,0,0%,5,0,0%,1,20.00%,1,0,0%,0,0%,5,0,0%,0,0%
5562,2025-08-25,Deon Le Roux,49,1,2.04%,18,36.73%,32,1,3.13%,12,37.50%,17,0,0%,6,35.29%,0,0,0%,0,0%,0,0,0%,0,0%
5563,2025-08-25,Mr George Daly,7,0,0%,3,0%,0,0,0%,0,0%,1,0,0%,0,0%,6,0,0%,3,50.00%,0,0,0%,0,0%
5564,2025-08-25,Mr Noah Brazg-Carrell,1,0,0%,0,0%,0,0,0%,0,0%,0,0,0%,0,0%,1,0,0%,0,0%,0,0,0%,0,0%
5565,2025-08-25,B Mulligan,14,0,0%,4,0%,0,0,0%,0,0%,1,0,0%,0,0%,0,0,0%,0,0%,13,0,0%,4,30.77%
5566,2025-08-25,Gearoid Harney,139,15,10.79%,28,20.14%,0,0,0%,0,0%,9,4,44.44%,1,11.11%,36,3,8.33%,9,25.00%,94,8,8.51%,18,19.15%
5567,2025-08-25,Mr J Younge,7,0,0%,0,0%,0,0,0%,0,0%,7,0,0%,0,0%,0,0,0%,0,0%,0,0,0%,0,0%
5568,2025-08-25,Daire Davis,90,10,11.11%,24,26.67%,0,0,0%,0,0%,7,0,0%,2,28.57%,11,1,9.09%,1,9.09%,72,9,12.50%,21,29.17%
5569,2025-08-25,Mr Jack Holliday,13,0,0%,4,0%,1,0,0%,0,0%,2,0,0%,0,0%,7,0,0%,1,14.29%,3,0,0%,3,100.00%
5570,2025-08-25,Miss E Herbison,15,0,0%,4,0%,0,0,0%,0,0%,0,0,0%,0,0%,8,0,0%,3,37.50%,7,0,0%,1,14.29%
5571,2025-08-25,P M O'Brien,399,26,6.52%,74,18.55%,0,0,0%,0,0%,10,0,0%,2,20.00%,104,8,7.69%,22,21.15%,285,18,6.32%,50,17.54%
5572,2025-08-25,Miss O M Queally,15,0,0%,6,0%,0,0,0%,0,0%,13,0,0%,6,46.15%,0,0,0%,0,0%,2,0,0%,0,0%
5573,2025-08-25,Mr Charlie Boddy,3,0,0%,0,0%,0,0,0%,0,0%,1,0,0%,0,0%,0,0,0%,0,0%,2,0,0%,0,0%
5574,2025-08-25,C Halpin,18,0,0%,5,0%,0,0,0%,0,0%,0,0,0%,0,0%,0,0,0%,0,0%,18,0,0%,5,27.78%
5575,2025-08-25,P T Smithers,297,19,6.40%,63,21.21%,0,0,0%,0,0%,11,0,0%,0,0%,50,4,8.00%,13,26.00%,236,15,6.36%,50,21.19%
5576,2025-08-25,Mr S E Cahill,6,1,16.67%,3,50.00%,0,0,0%,0,0%,6,1,16.67%,3,50.00%,0,0,0%,0,0%,0,0,0%,0,0%
5577,2025-08-25,Cathal Persse,4,0,0%,0,0%,0,0,0%,0,0%,0,0,0%,0,0%,0,0,0%,0,0%,4,0,0%,0,0%
5578,2025-08-25,Cian Chester,35,2,5.71%,11,31.43%,0,0,0%,0,0%,8,0,0%,1,12.50%,6,0,0%,3,50.00%,21,2,9.52%,7,33.33%
5579,2025-08-25,Olivia Haines,44,8,18.18%,5,11.36%,27,4,14.81%,3,11.11%,17,4,23.53%,2,11.76%,0,0,0%,0,0%,0,0,0%,0,0%
5580,2025-08-25,Miss Y Turmel,3,0,0%,0,0%,0,0,0%,0,0%,3,0,0%,0,0%,0,0,0%,0,0%,0,0,0%,0,0%
5581,2025-08-25,Mr Matthew Wilson,9,0,0%,5,0%,2,0,0%,2,100.00%,5,0,0%,3,60.00%,0,0,0%,0,0%,2,0,0%,0,0%
5582,2025-08-25,Charlie Maggs,268,28,10.45%,38,14.18%,5,0,0%,1,20.00%,31,4,12.90%,4,12.90%,46,5,10.87%,5,10.87%,186,19,10.22%,28,15.05%
5583,2025-08-25,Miss Lizzie Morton,6,1,16.67%,0,0.00%,5,0,0%,0,0%,1,1,100.00%,0,0%,0,0,0%,0,0%,0,0,0%,0,0%
5584,2025-08-25,Virginia Korrell,1,0,0%,0,0%,0,0,0%,0,0%,1,0,0%,0,0%,0,0,0%,0,0%,0,0,0%,0,0%
5585,2025-08-25,William Maggs,325,42,12.92%,64,19.69%,5,0,0%,0,0%,13,2,15.38%,3,23.08%,62,10,16.13%,11,17.74%,245,30,12.24%,50,20.41%
5586,2025-08-25,Miss Anna Johnston,22,2,9.09%,6,27.27%,0,0,0%,0,0%,3,1,33.33%,0,0%,7,0,0%,3,42.86%,12,1,8.33%,3,25.00%
5587,2025-08-25,Harry Davies,1685,211,12.52%,429,25.46%,709,87,12.27%,178,25.11%,973,123,12.64%,250,25.69%,3,1,33.33%,1,33.33%,0,0,0%,0,0%
5588,2025-08-25,Daniel Joseph Hand,13,0,0%,5,0%,0,0,0%,0,0%,1,0,0%,0,0%,1,0,0%,1,100.00%,11,0,0%,4,36.36%
5589,2025-08-25,Kieran Callaghan,130,9,6.92%,26,20.00%,0,0,0%,0,0%,6,0,0%,1,16.67%,38,4,10.53%,13,34.21%,86,5,5.81%,12,13.95%
5590,2025-08-25,Miss K O'Keeffe,1,0,0%,0,0%,0,0,0%,0,0%,1,0,0%,0,0%,0,0,0%,0,0%,0,0,0%,0,0%
5591,2025-08-25,Brandon Wilkie,637,62,9.73%,128,20.09%,271,31,11.44%,40,14.76%,365,31,8.49%,88,24.11%,1,0,0%,0,0%,0,0,0%,0,0%
5592,2025-08-25,Mr Scott Malson,6,0,0%,0,0%,0,0,0%,0,0%,0,0,0%,0,0%,6,0,0%,0,0%,0,0,0%,0,0%
5593,2025-08-25,Freddie Gingell,471,81,17.20%,111,23.57%,1,0,0%,0,0%,33,3,9.09%,9,27.27%,187,32,17.11%,46,24.60%,250,46,18.40%,56,22.40%
5594,2025-08-25,Miss Teagan Padgett,46,12,26.09%,9,19.57%,16,4,25.00%,4,25.00%,30,8,26.67%,5,16.67%,0,0,0%,0,0%,0,0,0%,0,0%
5595,2025-08-25,Miss Lily Jones,17,0,0%,7,0%,7,0,0%,2,28.57%,4,0,0%,2,50.00%,0,0,0%,0,0%,6,0,0%,3,50.00%
5596,2025-08-25,Ethan Jones,327,25,7.65%,62,18.96%,176,17,9.66%,37,21.02%,151,8,5.30%,25,16.56%,0,0,0%,0,0%,0,0,0%,0,0%
5597,2025-08-25,Liam Wright,451,44,9.76%,96,21.29%,262,26,9.92%,64,24.43%,189,18,9.52%,32,16.93%,0,0,0%,0,0%,0,0,0%,0,0%
5598,2025-08-25,Miss Sophie Bain,8,0,0%,4,0%,5,0,0%,1,20.00%,3,0,0%,3,100.00%,0,0,0%,0,0%,0,0,0%,0,0%
5599,2025-08-25,Daniel John Howard,2,0,0%,0,0%,0,0,0%,0,0%,0,0,0%,0,0%,0,0,0%,0,0%,2,0,0%,0,0%
5600,2025-08-25,Mr Freddie Gingell,3,1,33.33%,1,33.33%,0,0,0%,0,0%,0,0,0%,0,0%,3,1,33.33%,1,33.33%,0,0,0%,0,0%
5601,2025-08-25,Mr Ben Harvey,4,0,0%,1,0%,0,0,0%,0,0%,1,0,0%,0,0%,2,0,0%,0,0%,1,0,0%,1,100.00%
5602,2025-08-25,Mr Jamie Gambin,8,0,0%,1,0%,0,0,0%,0,0%,2,0,0%,1,50.00%,4,0,0%,0,0%,2,0,0%,0,0%
5603,2025-08-25,Miss Natasha Cookson,25,1,4.00%,3,12.00%,1,0,0%,1,100.00%,3,0,0%,0,0%,6,0,0%,0,0%,15,1,6.67%,2,13.33%
5604,2025-08-25,Miss Rebecca Pugh,1,0,0%,1,0%,0,0,0%,0,0%,0,0,0%,0,0%,1,0,0%,1,100.00%,0,0,0%,0,0%
5605,2025-08-25,Mr Joshua Thompson,7,0,0%,4,0%,3,0,0%,2,66.67%,4,0,0%,2,50.00%,0,0,0%,0,0%,0,0,0%,0,0%
5606,2025-08-25,Catherine Charlotte Starr,4,0,0%,0,0%,0,0,0%,0,0%,0,0,0%,0,0%,0,0,0%,0,0%,4,0,0%,0,0%
5607,2025-08-25,Mr J M Halford,74,8,10.81%,18,24.32%,2,0,0%,1,50.00%,54,5,9.26%,13,24.07%,6,0,0%,1,16.67%,12,3,25.00%,3,25.00%
5608,2025-08-25,Cpt Will Kellard,1,0,0%,0,0%,0,0,0%,0,0%,0,0,0%,0,0%,1,0,0%,0,0%,0,0,0%,0,0%
5609,2025-08-25,Ms V Korrell,1,0,0%,0,0%,0,0,0%,0,0%,1,0,0%,0,0%,0,0,0%,0,0%,0,0,0%,0,0%
5610,2025-08-25,Mr D Doyle,344,16,4.65%,77,22.38%,1,0,0%,0,0%,180,6,3.33%,40,22.22%,16,2,12.50%,3,18.75%,147,8,5.44%,34,23.13%
5611,2025-08-25,Mr Paddy Cleary,3,0,0%,0,0%,0,0,0%,0,0%,3,0,0%,0,0%,0,0,0%,0,0%,0,0,0%,0,0%
5612,2025-08-25,Mr Cameron Johnstone-baker,3,0,0%,0,0%,1,0,0%,0,0%,2,0,0%,0,0%,0,0,0%,0,0%,0,0,0%,0,0%
5613,2025-08-25,Paddy Barlow,1,0,0%,1,0%,0,0,0%,0,0%,0,0,0%,0,0%,1,0,0%,1,100.00%,0,0,0%,0,0%
5614,2025-08-25,N P Fox,4,0,0%,0,0%,0,0,0%,0,0%,0,0,0%,0,0%,0,0,0%,0,0%,4,0,0%,0,0%
5615,2025-08-25,Sgt Nick Oliver,11,1,9.09%,1,9.09%,0,0,0%,0,0%,0,0,0%,0,0%,6,1,16.67%,0,0%,5,0,0%,1,20.00%
5616,2025-08-25,Tpr Benson Kattenhorn,1,0,0%,0,0%,0,0,0%,0,0%,0,0,0%,0,0%,1,0,0%,0,0%,0,0,0%,0,0%
5617,2025-08-25,Miss N E Walsh,1,0,0%,0,0%,0,0,0%,0,0%,0,0,0%,0,0%,1,0,0%,0,0%,0,0,0%,0,0%
5618,2025-08-25,Ms T Roche,1,0,0%,0,0%,0,0,0%,0,0%,1,0,0%,0,0%,0,0,0%,0,0%,0,0,0%,0,0%
5619,2025-08-25,Declan Carroll,1,0,0%,0,0%,1,0,0%,0,0%,0,0,0%,0,0%,0,0,0%,0,0%,0,0,0%,0,0%
5620,2025-08-25,L C Kavanagh,4,0,0%,0,0%,0,0,0%,0,0%,0,0,0%,0,0%,0,0,0%,0,0%,4,0,0%,0,0%
5621,2025-08-25,Mr Joshua Bennett,1,0,0%,0,0%,0,0,0%,0,0%,0,0,0%,0,0%,1,0,0%,0,0%,0,0,0%,0,0%
5622,2025-08-25,Harriet Tucker,162,7,4.32%,39,24.07%,2,0,0%,1,50.00%,8,0,0%,0,0%,30,3,10.00%,3,10.00%,122,4,3.28%,35,28.69%
5623,2025-08-25,Miss Alice Keighley,53,10,18.87%,20,37.74%,15,5,33.33%,5,33.33%,38,5,13.16%,15,39.47%,0,0,0%,0,0%,0,0,0%,0,0%
5624,2025-08-25,Miss K Adams,5,0,0%,0,0%,1,0,0%,0,0%,1,0,0%,0,0%,1,0,0%,0,0%,2,0,0%,0,0%
5625,2025-08-25,Mr Charlie Maggs,2,0,0%,0,0%,1,0,0%,0,0%,0,0,0%,0,0%,0,0,0%,0,0%,1,0,0%,0,0%
5626,2025-08-25,Mr William Maggs,1,0,0%,0,0%,1,0,0%,0,0%,0,0,0%,0,0%,0,0,0%,0,0%,0,0,0%,0,0%
5627,2025-08-25,Mr Gregor Walkingshaw,23,2,8.70%,6,26.09%,0,0,0%,0,0%,3,0,0%,1,33.33%,18,2,11.11%,4,22.22%,2,0,0%,1,50.00%
5628,2025-08-25,Mr Beau Morgan,3,1,33.33%,1,33.33%,0,0,0%,0,0%,1,0,0%,1,100.00%,2,1,50.00%,0,0%,0,0,0%,0,0%
5629,2025-08-25,Caragh Monaghan,76,1,1.32%,12,15.79%,2,0,0%,0,0%,10,0,0%,1,10.00%,17,0,0%,6,35.29%,47,1,2.13%,5,10.64%
5630,2025-08-25,Mr R Lemiere,2,0,0%,0,0%,0,0,0%,0,0%,0,0,0%,0,0%,0,0,0%,0,0%,2,0,0%,0,0%
5631,2025-08-25,Mr P Stefani,1,0,0%,0,0%,0,0,0%,0,0%,0,0,0%,0,0%,0,0,0%,0,0%,1,0,0%,0,0%
5632,2025-08-25,Ms S Whittle,5,1,20.00%,0,0.00%,0,0,0%,0,0%,3,1,33.33%,0,0%,0,0,0%,0,0%,2,0,0%,0,0%
5633,2025-08-25,Ms S M Kidd,3,0,0%,0,0%,0,0,0%,0,0%,3,0,0%,0,0%,0,0,0%,0,0%,0,0,0%,0,0%
5634,2025-08-25,Ms R Boyd,1,0,0%,0,0%,0,0,0%,0,0%,1,0,0%,0,0%,0,0,0%,0,0%,0,0,0%,0,0%
5635,2025-08-25,Manoel Marques,3,0,0%,2,0%,3,0,0%,2,66.67%,0,0,0%,0,0%,0,0,0%,0,0%,0,0,0%,0,0%
5636,2025-08-25,Mr Jack Lander,24,3,12.50%,6,25.00%,8,0,0%,4,50.00%,16,3,18.75%,2,12.50%,0,0,0%,0,0%,0,0,0%,0,0%
5637,2025-08-25,Kieran James Quigley,8,0,0%,1,0%,0,0,0%,0,0%,0,0,0%,0,0%,0,0,0%,0,0%,8,0,0%,1,12.50%
5638,2025-08-25,Cian Walsh,2,1,50.00%,0,0.00%,0,0,0%,0,0%,0,0,0%,0,0%,0,0,0%,0,0%,2,1,50.00%,0,0%
5639,2025-08-25,Miss Emma Williams,2,0,0%,1,0%,2,0,0%,1,50.00%,0,0,0%,0,0%,0,0,0%,0,0%,0,0,0%,0,0%
5640,2025-08-25,Miss Olive Nicholls,113,19,16.81%,31,27.43%,1,0,0%,1,100.00%,23,1,4.35%,5,21.74%,33,9,27.27%,7,21.21%,56,9,16.07%,18,32.14%
5641,2025-08-25,Elizabeth Gale,253,23,9.09%,57,22.53%,14,1,7.14%,2,14.29%,95,12,12.63%,18,18.95%,31,3,9.68%,6,19.35%,113,7,6.19%,31,27.43%
5642,2025-08-25,Mr A O Harrington,12,0,0%,0,0%,0,0,0%,0,0%,10,0,0%,0,0%,0,0,0%,0,0%,2,0,0%,0,0%
5643,2025-08-25,D J Gilligan,906,111,12.25%,198,21.85%,11,2,18.18%,1,9.09%,93,6,6.45%,26,27.96%,228,33,14.47%,45,19.74%,574,70,12.20%,126,21.95%
5644,2025-08-25,Mr V Webster,1,0,0%,0,0%,0,0,0%,0,0%,0,0,0%,0,0%,0,0,0%,0,0%,1,0,0%,0,0%
5645,2025-08-25,Sean O'Briain,32,2,6.25%,10,31.25%,0,0,0%,0,0%,1,0,0%,1,100.00%,5,0,0%,1,20.00%,26,2,7.69%,8,30.77%
5646,2025-08-25,Mr Harry Atkins,2,0,0%,1,0%,0,0,0%,0,0%,2,0,0%,1,50.00%,0,0,0%,0,0%,0,0,0%,0,0%
5647,2025-08-25,Miss Georgia Fenwicke-Clennell,1,0,0%,1,0%,1,0,0%,1,100.00%,0,0,0%,0,0%,0,0,0%,0,0%,0,0,0%,0,0%
5648,2025-08-25,Miss Isabelle Ryder,4,0,0%,1,0%,2,0,0%,1,50.00%,2,0,0%,0,0%,0,0,0%,0,0%,0,0,0%,0,0%
5649,2025-08-25,Mr Jack Wilmot,12,3,25.00%,1,8.33%,2,0,0%,0,0%,0,0,0%,0,0%,4,2,50.00%,0,0%,6,1,16.67%,1,16.67%
5650,2025-08-25,K T Brophy,10,0,0%,1,0%,0,0,0%,0,0%,10,0,0%,1,10.00%,0,0,0%,0,0%,0,0,0%,0,0%
5651,2025-08-25,Taylor Fisher,743,88,11.84%,204,27.46%,347,36,10.37%,121,34.87%,352,47,13.35%,75,21.31%,14,2,14.29%,4,28.57%,30,3,10.00%,4,13.33%
5652,2025-08-25,Pte V Webster,4,2,50.00%,2,50.00%,0,0,0%,0,0%,0,0,0%,0,0%,2,1,50.00%,1,50.00%,2,1,50.00%,1,50.00%
5653,2025-08-25,Miss G Orttewell,1,0,0%,0,0%,0,0,0%,0,0%,0,0,0%,0,0%,1,0,0%,0,0%,0,0,0%,0,0%
5654,2025-08-25,Mrs A M Ingram,3,0,0%,1,0%,0,0,0%,0,0%,0,0,0%,0,0%,3,0,0%,1,33.33%,0,0,0%,0,0%
5655,2025-08-25,J L O'Connor,1,0,0%,1,0%,0,0,0%,0,0%,1,0,0%,1,100.00%,0,0,0%,0,0%,0,0,0%,0,0%
5656,2025-08-25,Mr L D Andrews,8,0,0%,1,0%,0,0,0%,0,0%,8,0,0%,1,12.50%,0,0,0%,0,0%,0,0,0%,0,0%
5657,2025-08-25,Ben Ffrench-Davis,192,13,6.77%,42,21.88%,4,0,0%,0,0%,40,2,5.00%,4,10.00%,30,3,10.00%,4,13.33%,118,8,6.78%,34,28.81%
5658,2025-08-25,R P Geoghegan,171,9,5.26%,26,15.20%,0,0,0%,0,0%,2,0,0%,1,50.00%,16,2,12.50%,6,37.50%,153,7,4.58%,19,12.42%
5659,2025-08-25,Mr C P O'Shea,4,0,0%,0,0%,0,0,0%,0,0%,1,0,0%,0,0%,1,0,0%,0,0%,2,0,0%,0,0%
5660,2025-08-25,Connor Planas,773,75,9.70%,188,24.32%,331,21,6.34%,74,22.36%,442,54,12.22%,114,25.79%,0,0,0%,0,0%,0,0,0%,0,0%
5661,2025-08-25,Curtis Wilson-Ruddock,23,0,0%,2,0%,3,0,0%,0,0%,20,0,0%,2,10.00%,0,0,0%,0,0%,0,0,0%,0,0%
5662,2025-08-25,D McGill,8,1,12.50%,3,37.50%,0,0,0%,0,0%,8,1,12.50%,3,37.50%,0,0,0%,0,0%,0,0,0%,0,0%
5663,2025-08-25,C Abernethy,8,0,0%,4,0%,0,0,0%,0,0%,8,0,0%,4,50.00%,0,0,0%,0,0%,0,0,0%,0,0%
5664,2025-08-25,I Ryan,20,0,0%,5,0%,0,0,0%,0,0%,5,0,0%,1,20.00%,3,0,0%,0,0%,12,0,0%,4,33.33%
5665,2025-08-25,P Taaffe,1,0,0%,0,0%,0,0,0%,0,0%,1,0,0%,0,0%,0,0,0%,0,0%,0,0,0%,0,0%
5666,2025-08-25,M K Tobin,3,0,0%,0,0%,0,0,0%,0,0%,3,0,0%,0,0%,0,0,0%,0,0%,0,0,0%,0,0%
5667,2025-08-25,C P Millar,351,31,8.83%,68,19.37%,0,0,0%,0,0%,10,0,0%,2,20.00%,96,8,8.33%,20,20.83%,245,23,9.39%,46,18.78%
5668,2025-08-25,B Barry,4,0,0%,2,0%,0,0,0%,0,0%,4,0,0%,2,50.00%,0,0,0%,0,0%,0,0,0%,0,0%
5669,2025-08-25,J J Berry,6,1,16.67%,1,16.67%,0,0,0%,0,0%,6,1,16.67%,1,16.67%,0,0,0%,0,0%,0,0,0%,0,0%
5670,2025-08-25,Ms C S Crozier,3,0,0%,2,0%,0,0,0%,0,0%,3,0,0%,2,66.67%,0,0,0%,0,0%,0,0,0%,0,0%
5671,2025-08-25,P Cleary,52,3,5.77%,3,5.77%,0,0,0%,0,0%,7,0,0%,1,14.29%,5,0,0%,0,0%,40,3,7.50%,2,5.00%
5672,2025-08-25,D M Moylan,1,0,0%,0,0%,0,0,0%,0,0%,1,0,0%,0,0%,0,0,0%,0,0%,0,0,0%,0,0%
5673,2025-08-25,D J Scullion,1,0,0%,0,0%,0,0,0%,0,0%,1,0,0%,0,0%,0,0,0%,0,0%,0,0,0%,0,0%
5674,2025-08-25,Mr Anthony James Doyle,2,1,50.00%,0,0.00%,0,0,0%,0,0%,0,0,0%,0,0%,2,1,50.00%,0,0%,0,0,0%,0,0%
5675,2025-08-25,Mr J Kelly Smith,28,2,7.14%,5,17.86%,1,0,0%,0,0%,27,2,7.41%,5,18.52%,0,0,0%,0,0%,0,0,0%,0,0%
5676,2025-08-25,Mr Aidan Weaver,8,0,0%,0,0%,0,0,0%,0,0%,0,0,0%,0,0%,4,0,0%,0,0%,4,0,0%,0,0%
5677,2025-08-25,Miss L Keen-hawkins,12,1,8.33%,4,33.33%,0,0,0%,0,0%,0,0,0%,0,0%,4,1,25.00%,1,25.00%,8,0,0%,3,37.50%
5678,2025-08-25,P J Hayden,1,0,0%,0,0%,0,0,0%,0,0%,0,0,0%,0,0%,1,0,0%,0,0%,0,0,0%,0,0%
5679,2025-08-25,Mr J L O'Connor,2,0,0%,0,0%,0,0,0%,0,0%,2,0,0%,0,0%,0,0,0%,0,0%,0,0,0%,0,0%
5680,2025-08-25,Leona Hughes,1,0,0%,1,0%,0,0,0%,0,0%,1,0,0%,1,100.00%,0,0,0%,0,0%,0,0,0%,0,0%
5681,2025-08-25,Aisling Noone,1,0,0%,1,0%,0,0,0%,0,0%,1,0,0%,1,100.00%,0,0,0%,0,0%,0,0,0%,0,0%
5682,2025-08-25,Cliona Costello,1,0,0%,1,0%,0,0,0%,0,0%,1,0,0%,1,100.00%,0,0,0%,0,0%,0,0,0%,0,0%
5683,2025-08-25,Anna McGrath,1,0,0%,0,0%,0,0,0%,0,0%,1,0,0%,0,0%,0,0,0%,0,0%,0,0,0%,0,0%
5684,2025-08-25,Cara Doyle,1,0,0%,0,0%,0,0,0%,0,0%,1,0,0%,0,0%,0,0,0%,0,0%,0,0,0%,0,0%
5685,2025-08-25,Gary Harkin,1,0,0%,0,0%,0,0,0%,0,0%,1,0,0%,0,0%,0,0,0%,0,0%,0,0,0%,0,0%
5686,2025-08-25,Chloe Page,1,0,0%,0,0%,0,0,0%,0,0%,1,0,0%,0,0%,0,0,0%,0,0%,0,0,0%,0,0%
5687,2025-08-25,Paul Bell,2,1,50.00%,0,0.00%,0,0,0%,0,0%,2,1,50.00%,0,0%,0,0,0%,0,0%,0,0,0%,0,0%
5688,2025-08-25,Cian Dunne,1,0,0%,0,0%,0,0,0%,0,0%,1,0,0%,0,0%,0,0,0%,0,0%,0,0,0%,0,0%
5689,2025-08-25,Jessica Reville,1,0,0%,0,0%,0,0,0%,0,0%,1,0,0%,0,0%,0,0,0%,0,0%,0,0,0%,0,0%
5690,2025-08-25,Kay Bowe,1,0,0%,0,0%,0,0,0%,0,0%,1,0,0%,0,0%,0,0,0%,0,0%,0,0,0%,0,0%
5691,2025-08-25,Michael Harty,1,0,0%,0,0%,0,0,0%,0,0%,1,0,0%,0,0%,0,0,0%,0,0%,0,0,0%,0,0%
5692,2025-08-25,Sean Moriarty,1,0,0%,0,0%,0,0,0%,0,0%,1,0,0%,0,0%,0,0,0%,0,0%,0,0,0%,0,0%
5693,2025-08-25,Patrick James Chesters,2,0,0%,0,0%,0,0,0%,0,0%,2,0,0%,0,0%,0,0,0%,0,0%,0,0,0%,0,0%
5694,2025-08-25,Sarah Connell,1,0,0%,0,0%,0,0,0%,0,0%,1,0,0%,0,0%,0,0,0%,0,0%,0,0,0%,0,0%
5695,2025-08-25,Ava Banahan,1,0,0%,0,0%,0,0,0%,0,0%,1,0,0%,0,0%,0,0,0%,0,0%,0,0,0%,0,0%
5696,2025-08-25,Christy Eyre,1,0,0%,0,0%,0,0,0%,0,0%,1,0,0%,0,0%,0,0,0%,0,0%,0,0,0%,0,0%
5697,2025-08-25,Leanne Holton,1,0,0%,0,0%,0,0,0%,0,0%,1,0,0%,0,0%,0,0,0%,0,0%,0,0,0%,0,0%
5698,2025-08-25,Mr B Mulligan,1,0,0%,0,0%,0,0,0%,0,0%,0,0,0%,0,0%,1,0,0%,0,0%,0,0,0%,0,0%
5699,2025-08-25,Miss Stephanie Jardeback,11,1,9.09%,2,18.18%,2,0,0%,0,0%,9,1,11.11%,2,22.22%,0,0,0%,0,0%,0,0,0%,0,0%
5700,2025-08-25,Sydney Cale,16,0,0%,6,0%,11,0,0%,4,36.36%,5,0,0%,2,40.00%,0,0,0%,0,0%,0,0,0%,0,0%
5701,2025-08-25,Mr L Burke-Ott,46,4,8.70%,5,10.87%,0,0,0%,0,0%,9,0,0%,0,0%,8,3,37.50%,2,25.00%,29,1,3.45%,3,10.34%
5702,2025-08-25,Mr P J Cody,66,3,4.55%,11,16.67%,0,0,0%,0,0%,46,2,4.35%,9,19.57%,0,0,0%,0,0%,20,1,5.00%,2,10.00%
5703,2025-08-25,Jay Kozaczek,5,0,0%,0,0%,0,0,0%,0,0%,2,0,0%,0,0%,0,0,0%,0,0%,3,0,0%,0,0%
5704,2025-08-25,Collen Storey,91,8,8.79%,25,27.47%,64,7,10.94%,18,28.13%,27,1,3.70%,7,25.93%,0,0,0%,0,0%,0,0,0%,0,0%
5705,2025-08-25,Olivia Tubb,160,22,13.75%,35,21.88%,59,4,6.78%,15,25.42%,101,18,17.82%,20,19.80%,0,0,0%,0,0%,0,0,0%,0,0%
5706,2025-08-25,Mr S D Greene,3,1,33.33%,0,0.00%,0,0,0%,0,0%,1,0,0%,0,0%,0,0,0%,0,0%,2,1,50.00%,0,0%
5707,2025-08-25,C M Tindale,2,0,0%,1,0%,0,0,0%,0,0%,2,0,0%,1,50.00%,0,0,0%,0,0%,0,0,0%,0,0%
5708,2025-08-25,Miss E Feakes,2,0,0%,0,0%,0,0,0%,0,0%,0,0,0%,0,0%,0,0,0%,0,0%,2,0,0%,0,0%
5709,2025-08-25,N P O'Sullivan,10,0,0%,0,0%,2,0,0%,0,0%,8,0,0%,0,0%,0,0,0%,0,0%,0,0,0%,0,0%
5710,2025-08-25,Dylan Whelan,70,11,15.71%,26,37.14%,0,0,0%,0,0%,1,0,0%,1,100.00%,14,4,28.57%,6,42.86%,55,7,12.73%,19,34.55%
5711,2025-08-25,C Stone-Walsh,754,62,8.22%,145,19.23%,74,6,8.11%,20,27.03%,187,21,11.23%,35,18.72%,158,14,8.86%,27,17.09%,335,21,6.27%,63,18.81%
5712,2025-08-25,C D Smithers,236,7,2.97%,32,13.56%,0,0,0%,0,0%,20,2,10.00%,5,25.00%,39,1,2.56%,8,20.51%,177,4,2.26%,19,10.73%
5713,2025-08-25,Mr Otis Morgan,1,0,0%,0,0%,0,0,0%,0,0%,0,0,0%,0,0%,1,0,0%,0,0%,0,0,0%,0,0%
5714,2025-08-25,Ms M K Doyle,1,0,0%,0,0%,0,0,0%,0,0%,1,0,0%,0,0%,0,0,0%,0,0%,0,0,0%,0,0%
5715,2025-08-25,Mr Jack Halley,2,0,0%,1,0%,0,0,0%,0,0%,2,0,0%,1,50.00%,0,0,0%,0,0%,0,0,0%,0,0%
5716,2025-08-25,Miss Anna Tuer,7,0,0%,4,0%,2,0,0%,2,100.00%,5,0,0%,2,40.00%,0,0,0%,0,0%,0,0,0%,0,0%
5717,2025-08-25,Mr Thomas Easterby,57,5,8.77%,18,31.58%,4,2,50.00%,1,25.00%,41,3,7.32%,15,36.59%,8,0,0%,2,25.00%,4,0,0%,0,0%
5719,2025-08-25,Miss L S Howard,5,0,0%,1,0%,0,0,0%,0,0%,5,0,0%,1,20.00%,0,0,0%,0,0%,0,0,0%,0,0%
5720,2025-08-25,Ms S C McNamara,8,0,0%,0,0%,0,0,0%,0,0%,4,0,0%,0,0%,2,0,0%,0,0%,2,0,0%,0,0%
5721,2025-08-25,Mr M J McGrath,17,0,0%,1,0%,0,0,0%,0,0%,14,0,0%,1,7.14%,3,0,0%,0,0%,0,0,0%,0,0%
5722,2025-08-25,Miss Abigail Voyce,18,0,0%,4,0%,1,0,0%,1,100.00%,8,0,0%,1,12.50%,2,0,0%,0,0%,7,0,0%,2,28.57%
5723,2025-08-25,R Donaghue-Leahy,144,12,8.33%,24,16.67%,40,5,12.50%,8,20.00%,104,7,6.73%,16,15.38%,0,0,0%,0,0%,0,0,0%,0,0%
5724,2025-08-25,S Tobin,2,0,0%,0,0%,0,0,0%,0,0%,2,0,0%,0,0%,0,0,0%,0,0%,0,0,0%,0,0%
5725,2025-08-25,Mr A Burke-Ott,70,6,8.57%,15,21.43%,0,0,0%,0,0%,15,0,0%,1,6.67%,16,4,25.00%,3,18.75%,39,2,5.13%,11,28.21%
5726,2025-08-25,Tomas Lukasek,1,0,0%,0,0%,0,0,0%,0,0%,1,0,0%,0,0%,0,0,0%,0,0%,0,0,0%,0,0%
5727,2025-08-25,Ethan Tindall,113,8,7.08%,15,13.27%,48,3,6.25%,7,14.58%,65,5,7.69%,8,12.31%,0,0,0%,0,0%,0,0,0%,0,0%
5728,2025-08-25,Sibylle Vogt,1,0,0%,1,0%,0,0,0%,0,0%,1,0,0%,1,100.00%,0,0,0%,0,0%,0,0,0%,0,0%
5729,2025-08-25,Ms H Phillips,43,2,4.65%,8,18.60%,0,0,0%,0,0%,7,0,0%,4,57.14%,13,0,0%,0,0%,23,2,8.70%,4,17.39%
5730,2025-08-25,Mr R L McCrory,10,0,0%,2,0%,0,0,0%,0,0%,8,0,0%,2,25.00%,1,0,0%,0,0%,1,0,0%,0,0%
5731,2025-08-25,Bauyrzhan Murzabayev,7,1,14.29%,1,14.29%,0,0,0%,0,0%,7,1,14.29%,1,14.29%,0,0,0%,0,0%,0,0,0%,0,0%
5732,2025-08-25,D J McConville,4,2,50.00%,2,50.00%,0,0,0%,0,0%,3,2,66.67%,1,33.33%,0,0,0%,0,0%,1,0,0%,1,100.00%
5733,2025-08-25,Leah Noreci,46,1,2.17%,8,17.39%,0,0,0%,0,0%,2,0,0%,0,0%,0,0,0%,0,0%,44,1,2.27%,8,18.18%
5734,2025-08-25,Ms C K Dunlop,1,0,0%,0,0%,0,0,0%,0,0%,1,0,0%,0,0%,0,0,0%,0,0%,0,0,0%,0,0%
5735,2025-08-25,Miss Flora Guy,2,0,0%,0,0%,0,0,0%,0,0%,1,0,0%,0,0%,1,0,0%,0,0%,0,0,0%,0,0%
5737,2025-08-25,Neeraj Rawal,13,2,15.38%,4,30.77%,2,2,100.00%,0,0%,11,0,0%,4,36.36%,0,0,0%,0,0%,0,0,0%,0,0%
5738,2025-08-25,Mr G P Dowling,2,0,0%,0,0%,1,0,0%,0,0%,1,0,0%,0,0%,0,0,0%,0,0%,0,0,0%,0,0%
5739,2025-08-25,S R Markey,92,0,0%,18,0%,40,0,0%,8,20.00%,45,0,0%,9,20.00%,0,0,0%,0,0%,7,0,0%,1,14.29%
5740,2025-08-25,Ms K M Lee,1,0,0%,0,0%,0,0,0%,0,0%,1,0,0%,0,0%,0,0,0%,0,0%,0,0,0%,0,0%
5741,2025-08-25,D A Kidd,104,4,3.85%,13,12.50%,5,0,0%,0,0%,27,1,3.70%,4,14.81%,7,0,0%,2,28.57%,65,3,4.62%,7,10.77%
5742,2025-08-25,Mr J J O'Haire,2,0,0%,2,0%,0,0,0%,0,0%,2,0,0%,2,100.00%,0,0,0%,0,0%,0,0,0%,0,0%
5743,2025-08-25,Mr D M Russell,16,0,0%,2,0%,0,0,0%,0,0%,11,0,0%,1,9.09%,5,0,0%,1,20.00%,0,0,0%,0,0%
5744,2025-08-25,Ryusei Sakai,9,1,11.11%,3,33.33%,0,0,0%,0,0%,9,1,11.11%,3,33.33%,0,0,0%,0,0%,0,0,0%,0,0%
5745,2025-08-25,Harry Phipps,2,0,0%,0,0%,1,0,0%,0,0%,1,0,0%,0,0%,0,0,0%,0,0%,0,0,0%,0,0%
5746,2025-08-25,Mr Jack Power,16,1,6.25%,4,25.00%,0,0,0%,0,0%,2,0,0%,1,50.00%,4,0,0%,1,25.00%,10,1,10.00%,2,20.00%
5747,2025-08-25,Miss Ellie Mayo,19,3,15.79%,6,31.58%,11,3,27.27%,3,27.27%,7,0,0%,3,42.86%,0,0,0%,0,0%,1,0,0%,0,0%
5748,2025-08-25,D Moloney,117,7,5.98%,18,15.38%,0,0,0%,0,0%,1,0,0%,0,0%,37,4,10.81%,6,16.22%,79,3,3.80%,12,15.19%
5749,2025-08-25,Ms E K Murray,3,0,0%,0,0%,1,0,0%,0,0%,2,0,0%,0,0%,0,0,0%,0,0%,0,0,0%,0,0%
5750,2025-08-25,Jane Davis,3,1,33.33%,2,66.67%,0,0,0%,0,0%,3,1,33.33%,2,66.67%,0,0,0%,0,0%,0,0,0%,0,0%
5751,2025-08-25,Darren Harrison,3,0,0%,2,0%,0,0,0%,0,0%,3,0,0%,2,66.67%,0,0,0%,0,0%,0,0,0%,0,0%
5752,2025-08-25,Laura Bennett,3,0,0%,1,0%,0,0,0%,0,0%,3,0,0%,1,33.33%,0,0,0%,0,0%,0,0,0%,0,0%
5753,2025-08-25,Stan Begley,3,1,33.33%,2,66.67%,0,0,0%,0,0%,3,1,33.33%,2,66.67%,0,0,0%,0,0%,0,0,0%,0,0%
5754,2025-08-25,Fiona Dowling,3,1,33.33%,2,66.67%,0,0,0%,0,0%,3,1,33.33%,2,66.67%,0,0,0%,0,0%,0,0,0%,0,0%
5755,2025-08-25,Dean Ryan,4,0,0%,0,0%,0,0,0%,0,0%,4,0,0%,0,0%,0,0,0%,0,0%,0,0,0%,0,0%
5756,2025-08-25,Joan Tyner,4,0,0%,2,0%,0,0,0%,0,0%,4,0,0%,2,50.00%,0,0,0%,0,0%,0,0,0%,0,0%
5757,2025-08-25,Craig Kileff,3,0,0%,0,0%,0,0,0%,0,0%,3,0,0%,0,0%,0,0,0%,0,0%,0,0,0%,0,0%
5758,2025-08-25,Laura Burnett,3,0,0%,0,0%,0,0,0%,0,0%,3,0,0%,0,0%,0,0,0%,0,0%,0,0,0%,0,0%
5759,2025-08-25,Michelle O'Brien,4,0,0%,0,0%,0,0,0%,0,0%,4,0,0%,0,0%,0,0,0%,0,0%,0,0,0%,0,0%
5760,2025-08-25,Emer Lawlor,3,0,0%,0,0%,0,0,0%,0,0%,3,0,0%,0,0%,0,0,0%,0,0%,0,0,0%,0,0%
5761,2025-08-25,Marie Vallett,3,0,0%,0,0%,0,0,0%,0,0%,3,0,0%,0,0%,0,0,0%,0,0%,0,0,0%,0,0%
5762,2025-08-25,Ms E C Costello,22,2,9.09%,0,0.00%,0,0,0%,0,0%,14,2,14.29%,0,0%,3,0,0%,0,0%,5,0,0%,0,0%
5763,2025-08-25,Mr Johnathan Rees,4,0,0%,0,0%,2,0,0%,0,0%,0,0,0%,0,0%,0,0,0%,0,0%,2,0,0%,0,0%
5764,2025-08-25,Miss C Morris,8,0,0%,0,0%,0,0,0%,0,0%,0,0,0%,0,0%,2,0,0%,0,0%,6,0,0%,0,0%
5765,2025-08-25,Mr J R Black,2,0,0%,0,0%,0,0,0%,0,0%,2,0,0%,0,0%,0,0,0%,0,0%,0,0,0%,0,0%
5766,2025-08-25,Rene Piechulek,8,0,0%,5,0%,0,0,0%,0,0%,8,0,0%,5,62.50%,0,0,0%,0,0%,0,0,0%,0,0%
5767,2025-08-25,Sorin Moldoveanu,53,3,5.66%,5,9.43%,31,1,3.23%,4,12.90%,22,2,9.09%,1,4.55%,0,0,0%,0,0%,0,0,0%,0,0%
5768,2025-08-25,Mr Cole Harris,9,3,33.33%,3,33.33%,1,0,0%,0,0%,8,3,37.50%,3,37.50%,0,0,0%,0,0%,0,0,0%,0,0%
5769,2025-08-25,Mr Jonathan O'Keeffe,5,0,0%,2,0%,1,0,0%,0,0%,4,0,0%,2,50.00%,0,0,0%,0,0%,0,0,0%,0,0%
5770,2025-08-25,Miss L Cooper,1,0,0%,0,0%,0,0,0%,0,0%,1,0,0%,0,0%,0,0,0%,0,0%,0,0,0%,0,0%
5771,2025-08-25,Mr B M Coonan,59,2,3.39%,7,11.86%,1,0,0%,0,0%,27,0,0%,2,7.41%,9,0,0%,2,22.22%,22,2,9.09%,3,13.64%
5772,2025-08-25,Peter Jay Kavanagh,1,0,0%,0,0%,0,0,0%,0,0%,0,0,0%,0,0%,0,0,0%,0,0%,1,0,0%,0,0%
5773,2025-08-25,Manuel Martinez,1,0,0%,0,0%,0,0,0%,0,0%,1,0,0%,0,0%,0,0,0%,0,0%,0,0,0%,0,0%
5774,2025-08-25,Ronan Whelan,1,0,0%,1,0%,0,0,0%,0,0%,1,0,0%,1,100.00%,0,0,0%,0,0%,0,0,0%,0,0%
5775,2025-08-25,Miss Elle Paterson,9,1,11.11%,3,33.33%,3,0,0%,0,0%,6,1,16.67%,3,50.00%,0,0,0%,0,0%,0,0,0%,0,0%
5776,2025-08-25,Mr D A McCarthy,11,0,0%,2,0%,0,0,0%,0,0%,11,0,0%,2,18.18%,0,0,0%,0,0%,0,0,0%,0,0%
5777,2025-08-25,Jason Collett,5,0,0%,3,0%,0,0,0%,0,0%,5,0,0%,3,60.00%,0,0,0%,0,0%,0,0,0%,0,0%
5778,2025-08-25,Jose-Luis Martinez,5,0,0%,1,0%,0,0,0%,0,0%,5,0,0%,1,20.00%,0,0,0%,0,0%,0,0,0%,0,0%
5779,2025-08-25,Takeshi Yokoyama,5,0,0%,3,0%,0,0,0%,0,0%,5,0,0%,3,60.00%,0,0,0%,0,0%,0,0,0%,0,0%
5780,2025-08-25,Miss A Procter,10,0,0%,2,0%,1,0,0%,1,100.00%,3,0,0%,0,0%,1,0,0%,0,0%,5,0,0%,1,20.00%
5781,2025-08-25,Jamie Powell,15,1,6.67%,3,20.00%,7,0,0%,3,42.86%,8,1,12.50%,0,0%,0,0,0%,0,0%,0,0,0%,0,0%
5782,2025-08-25,Ms C Skerry,15,0,0%,3,0%,0,0,0%,0,0%,7,0,0%,0,0%,1,0,0%,0,0%,7,0,0%,3,42.86%
5783,2025-08-25,Amy Hunt,13,0,0%,3,0%,7,0,0%,2,28.57%,6,0,0%,1,16.67%,0,0,0%,0,0%,0,0,0%,0,0%
5784,2025-08-25,Kyle Faulkner,22,0,0%,1,0%,7,0,0%,1,14.29%,15,0,0%,0,0%,0,0,0%,0,0%,0,0,0%,0,0%
5785,2025-08-25,O Enright,31,1,3.23%,10,32.26%,0,0,0%,0,0%,31,1,3.23%,10,32.26%,0,0,0%,0,0%,0,0,0%,0,0%
5786,2025-08-25,Mr Fred Gordon,5,0,0%,3,0%,0,0,0%,0,0%,3,0,0%,1,33.33%,0,0,0%,0,0%,2,0,0%,2,100.00%
5787,2025-08-25,Mr M J Love,17,1,5.88%,5,29.41%,0,0,0%,0,0%,12,1,8.33%,2,16.67%,4,0,0%,3,75.00%,1,0,0%,0,0%
5788,2025-08-25,Mr L E Galligan,2,0,0%,0,0%,0,0,0%,0,0%,2,0,0%,0,0%,0,0,0%,0,0%,0,0,0%,0,0%
5789,2025-08-25,Mr J A Lord,1,0,0%,0,0%,0,0,0%,0,0%,1,0,0%,0,0%,0,0,0%,0,0%,0,0,0%,0,0%
5790,2025-08-25,Miss Maddison Wright,7,2,28.57%,1,14.29%,1,1,100.00%,0,0%,6,1,16.67%,1,16.67%,0,0,0%,0,0%,0,0,0%,0,0%
5791,2025-08-25,Ms C L McGoldrick,5,1,20.00%,1,20.00%,0,0,0%,0,0%,1,0,0%,0,0%,2,1,50.00%,1,50.00%,2,0,0%,0,0%
5792,2025-08-25,Miss Alicia Perkins,9,1,11.11%,3,33.33%,8,1,12.50%,3,37.50%,1,0,0%,0,0%,0,0,0%,0,0%,0,0,0%,0,0%
5793,2025-08-25,C R Lyons,35,1,2.86%,8,22.86%,24,1,4.17%,6,25.00%,11,0,0%,2,18.18%,0,0,0%,0,0%,0,0,0%,0,0%
5794,2025-08-25,Miss S Gartland,1,0,0%,0,0%,0,0,0%,0,0%,1,0,0%,0,0%,0,0,0%,0,0%,0,0,0%,0,0%
5795,2025-08-25,Mr Elliot Holladay,4,0,0%,2,0%,3,0,0%,1,33.33%,1,0,0%,1,100.00%,0,0,0%,0,0%,0,0,0%,0,0%
5796,2025-08-25,Ms Natalya Irvine,1,0,0%,0,0%,0,0,0%,0,0%,1,0,0%,0,0%,0,0,0%,0,0%,0,0,0%,0,0%
5797,2025-08-25,Rachel Phelan,2,0,0%,0,0%,0,0,0%,0,0%,2,0,0%,0,0%,0,0,0%,0,0%,0,0,0%,0,0%
5798,2025-08-25,Miss Katie Hyson,2,0,0%,0,0%,0,0,0%,0,0%,2,0,0%,0,0%,0,0,0%,0,0%,0,0,0%,0,0%
5799,2025-08-25,Miss Polly Gunn,1,0,0%,0,0%,0,0,0%,0,0%,1,0,0%,0,0%,0,0,0%,0,0%,0,0,0%,0,0%
5800,2025-08-25,Miss Amy Hunt,1,0,0%,1,0%,0,0,0%,0,0%,1,0,0%,1,100.00%,0,0,0%,0,0%,0,0,0%,0,0%
5801,2025-08-25,R M Mulligan,376,27,7.18%,58,15.43%,150,11,7.33%,23,15.33%,226,16,7.08%,35,15.49%,0,0,0%,0,0%,0,0,0%,0,0%
5802,2025-08-25,Tyrese Cameron,139,14,10.07%,24,17.27%,70,5,7.14%,15,21.43%,69,9,13.04%,9,13.04%,0,0,0%,0,0%,0,0,0%,0,0%
5803,2025-08-25,J P Kirwan,25,0,0%,3,0%,0,0,0%,0,0%,1,0,0%,0,0%,1,0,0%,0,0%,23,0,0%,3,13.04%
5804,2025-08-25,J Edmunds,3,0,0%,0,0%,0,0,0%,0,0%,3,0,0%,0,0%,0,0,0%,0,0%,0,0,0%,0,0%
5805,2025-08-25,Mikkel Mortensen,215,16,7.44%,32,14.88%,137,6,4.38%,22,16.06%,78,10,12.82%,10,12.82%,0,0,0%,0,0%,0,0,0%,0,0%
5806,2025-08-25,C Geerdharry,153,6,3.92%,24,15.69%,46,1,2.17%,8,17.39%,107,5,4.67%,16,14.95%,0,0,0%,0,0%,0,0,0%,0,0%
5807,2025-08-25,C McGivern,106,7,6.60%,21,19.81%,0,0,0%,0,0%,6,0,0%,2,33.33%,21,1,4.76%,4,19.05%,79,6,7.59%,15,18.99%
5808,2025-08-25,Miss Aine O'Conner,1,0,0%,0,0%,0,0,0%,0,0%,0,0,0%,0,0%,0,0,0%,0,0%,1,0,0%,0,0%
5809,2025-08-25,R Kozaki,8,0,0%,2,0%,2,0,0%,1,50.00%,6,0,0%,1,16.67%,0,0,0%,0,0%,0,0,0%,0,0%
5810,2025-08-25,Poppy Wilson,30,3,10.00%,14,46.67%,25,3,12.00%,12,48.00%,5,0,0%,2,40.00%,0,0,0%,0,0%,0,0,0%,0,0%
5811,2025-08-25,M W Hassett,758,71,9.37%,138,18.21%,146,10,6.85%,22,15.07%,612,61,9.97%,116,18.95%,0,0,0%,0,0%,0,0,0%,0,0%
5812,2025-08-25,Courtney Thomas,13,0,0%,1,0%,7,0,0%,0,0%,6,0,0%,1,16.67%,0,0,0%,0,0%,0,0,0%,0,0%
5813,2025-08-25,Mia Nicholls,301,26,8.64%,51,16.94%,96,10,10.42%,18,18.75%,205,16,7.80%,33,16.10%,0,0,0%,0,0%,0,0,0%,0,0%
5814,2025-08-25,Miss Kelly Bostock,1,0,0%,0,0%,0,0,0%,0,0%,1,0,0%,0,0%,0,0,0%,0,0%,0,0,0%,0,0%
5815,2025-08-25,Katelyn Bailey,6,0,0%,0,0%,2,0,0%,0,0%,4,0,0%,0,0%,0,0,0%,0,0%,0,0,0%,0,0%
5816,2025-08-25,Mr L T Turner,23,2,8.70%,4,17.39%,0,0,0%,0,0%,17,1,5.88%,4,23.53%,2,1,50.00%,0,0%,4,0,0%,0,0%
5817,2025-08-25,C Martins,24,1,4.17%,6,25.00%,9,0,0%,4,44.44%,15,1,6.67%,2,13.33%,0,0,0%,0,0%,0,0,0%,0,0%
5818,2025-08-25,Miss Nicola Thornton,6,0,0%,3,0%,5,0,0%,3,60.00%,1,0,0%,0,0%,0,0,0%,0,0%,0,0,0%,0,0%
5819,2025-08-25,Mr Ben Colmer,2,0,0%,0,0%,1,0,0%,0,0%,1,0,0%,0,0%,0,0,0%,0,0%,0,0,0%,0,0%
5820,2025-08-25,Miss Imogen Levick,3,0,0%,3,0%,3,0,0%,3,100.00%,0,0,0%,0,0%,0,0,0%,0,0%,0,0,0%,0,0%
5821,2025-08-25,Simon Planque,1,0,0%,1,0%,0,0,0%,0,0%,1,0,0%,1,100.00%,0,0,0%,0,0%,0,0,0%,0,0%
5822,2025-08-25,Levi Bedford,5,0,0%,1,0%,1,0,0%,1,100.00%,4,0,0%,0,0%,0,0,0%,0,0%,0,0,0%,0,0%
5823,2025-08-25,K Bailey,11,0,0%,0,0%,5,0,0%,0,0%,6,0,0%,0,0%,0,0,0%,0,0%,0,0,0%,0,0%
5824,2025-08-25,Miss Lucy Harper,5,0,0%,1,0%,2,0,0%,1,50.00%,3,0,0%,0,0%,0,0,0%,0,0%,0,0,0%,0,0%
5825,2025-08-25,E A Murphy,13,1,7.69%,2,15.38%,7,1,14.29%,1,14.29%,6,0,0%,1,16.67%,0,0,0%,0,0%,0,0,0%,0,0%
5826,2025-08-25,Ms J Corish,1,0,0%,1,0%,0,0,0%,0,0%,1,0,0%,1,100.00%,0,0,0%,0,0%,0,0,0%,0,0%
5827,2025-08-25,Miss Lois Teal,24,3,12.50%,5,20.83%,1,0,0%,0,0%,17,2,11.76%,5,29.41%,5,1,20.00%,0,0%,1,0,0%,0,0%
5828,2025-08-25,Miss Hannah Dring,14,5,35.71%,2,14.29%,6,1,16.67%,1,16.67%,8,4,50.00%,1,12.50%,0,0,0%,0,0%,0,0,0%,0,0%
5829,2025-08-25,Miss Jessica Barraclough,3,0,0%,1,0%,2,0,0%,1,50.00%,1,0,0%,0,0%,0,0,0%,0,0%,0,0,0%,0,0%
5830,2025-08-25,Mr Finn Buckley,1,0,0%,1,0%,0,0,0%,0,0%,0,0,0%,0,0%,0,0,0%,0,0%,1,0,0%,1,100.00%
5831,2025-08-25,F Philipson-stow,2,0,0%,1,0%,0,0,0%,0,0%,0,0,0%,0,0%,0,0,0%,0,0%,2,0,0%,1,50.00%
5832,2025-08-25,Daniel King,20,1,5.00%,4,20.00%,0,0,0%,0,0%,0,0,0%,0,0%,2,0,0%,0,0%,18,1,5.56%,4,22.22%
5833,2025-08-25,Miss H Palin,8,3,37.50%,1,12.50%,0,0,0%,0,0%,0,0,0%,0,0%,6,3,50.00%,1,16.67%,2,0,0%,0,0%
5834,2025-08-25,Mr Oliver Puffett,1,0,0%,0,0%,0,0,0%,0,0%,1,0,0%,0,0%,0,0,0%,0,0%,0,0,0%,0,0%
5835,2025-08-25,Miss Georgina Gibson,6,0,0%,2,0%,2,0,0%,1,50.00%,3,0,0%,1,33.33%,1,0,0%,0,0%,0,0,0%,0,0%
5836,2025-08-25,Mr S A O'Shea,1,0,0%,0,0%,0,0,0%,0,0%,1,0,0%,0,0%,0,0,0%,0,0%,0,0,0%,0,0%
5837,2025-08-25,Ms M A Hayes Worland,3,0,0%,0,0%,0,0,0%,0,0%,3,0,0%,0,0%,0,0,0%,0,0%,0,0,0%,0,0%
5838,2025-08-25,Billy Loughnane,2879,424,14.73%,675,23.45%,1621,247,15.24%,402,24.80%,1257,177,14.08%,273,21.72%,1,0,0%,0,0%,0,0,0%,0,0%
5839,2025-08-25,Mr Matthew Slater,8,0,0%,3,0%,3,0,0%,2,66.67%,5,0,0%,1,20.00%,0,0,0%,0,0%,0,0,0%,0,0%
5840,2025-08-25,Mark McDonagh,2,1,50.00%,0,0.00%,0,0,0%,0,0%,1,1,100.00%,0,0%,1,0,0%,0,0%,0,0,0%,0,0%
5841,2025-08-25,Miss Alice McGonnell,1,0,0%,1,0%,0,0,0%,0,0%,1,0,0%,1,100.00%,0,0,0%,0,0%,0,0,0%,0,0%
5842,2025-08-25,Miss Rocio Relano,1,0,0%,1,0%,0,0,0%,0,0%,1,0,0%,1,100.00%,0,0,0%,0,0%,0,0,0%,0,0%
5843,2025-08-25,Henri Barbe,2,0,0%,0,0%,0,0,0%,0,0%,2,0,0%,0,0%,0,0,0%,0,0%,0,0,0%,0,0%
5844,2025-08-25,Aine Lane,1,0,0%,0,0%,0,0,0%,0,0%,1,0,0%,0,0%,0,0,0%,0,0%,0,0,0%,0,0%
5845,2025-08-25,Mr Luke O'Neill,1,0,0%,0,0%,0,0,0%,0,0%,1,0,0%,0,0%,0,0,0%,0,0%,0,0,0%,0,0%
5846,2025-08-25,Miss Cinita Majer,1,0,0%,0,0%,0,0,0%,0,0%,1,0,0%,0,0%,0,0,0%,0,0%,0,0,0%,0,0%
5847,2025-08-25,Miss Jenny Langhard,2,0,0%,0,0%,1,0,0%,0,0%,1,0,0%,0,0%,0,0,0%,0,0%,0,0,0%,0,0%
5848,2025-08-25,Antonia Von Der Recke,1,0,0%,0,0%,0,0,0%,0,0%,1,0,0%,0,0%,0,0,0%,0,0%,0,0,0%,0,0%
5849,2025-08-25,Miss Emilie Finickenhagen,1,0,0%,0,0%,0,0,0%,0,0%,1,0,0%,0,0%,0,0,0%,0,0%,0,0,0%,0,0%
5850,2025-08-25,Mr Sean Clarke,7,1,14.29%,2,28.57%,0,0,0%,0,0%,0,0,0%,0,0%,5,1,20.00%,1,20.00%,2,0,0%,1,50.00%
5851,2025-08-25,Mr I Herbert,7,0,0%,1,0%,0,0,0%,0,0%,0,0,0%,0,0%,4,0,0%,1,25.00%,3,0,0%,0,0%
5852,2025-08-25,C P O'Shea,62,6,9.68%,9,14.52%,0,0,0%,0,0%,1,0,0%,1,100.00%,14,0,0%,2,14.29%,47,6,12.77%,6,12.77%
5853,2025-08-25,Miss Emma Dwan,2,1,50.00%,0,0.00%,2,1,50.00%,0,0%,0,0,0%,0,0%,0,0,0%,0,0%,0,0,0%,0,0%
5854,2025-08-25,Cristiano Martins,9,0,0%,4,0%,8,0,0%,4,50.00%,1,0,0%,0,0%,0,0,0%,0,0%,0,0,0%,0,0%
5855,2025-08-25,Wayne Hassett,5,1,20.00%,1,20.00%,2,1,50.00%,0,0%,3,0,0%,1,33.33%,0,0,0%,0,0%,0,0,0%,0,0%
5856,2025-08-25,R J Phelan,1,0,0%,0,0%,0,0,0%,0,0%,0,0,0%,0,0%,0,0,0%,0,0%,1,0,0%,0,0%
5857,2025-08-25,Ms T Hopkins,2,0,0%,0,0%,0,0,0%,0,0%,1,0,0%,0,0%,0,0,0%,0,0%,1,0,0%,0,0%
5858,2025-08-25,P Hendriks,1,0,0%,1,0%,0,0,0%,0,0%,0,0,0%,0,0%,1,0,0%,1,100.00%,0,0,0%,0,0%
5859,2025-08-25,Mr Stephen Connor,41,4,9.76%,8,19.51%,0,0,0%,0,0%,3,1,33.33%,0,0%,8,0,0%,0,0%,30,3,10.00%,8,26.67%
5860,2025-08-25,Mr Jude Fernandes,9,1,11.11%,1,11.11%,3,0,0%,0,0%,5,1,20.00%,0,0%,0,0,0%,0,0%,1,0,0%,1,100.00%
5861,2025-08-25,Miss Evie Young,3,0,0%,0,0%,2,0,0%,0,0%,1,0,0%,0,0%,0,0,0%,0,0%,0,0,0%,0,0%
5862,2025-08-25,C Owens,156,10,6.41%,15,9.62%,0,0,0%,0,0%,1,0,0%,0,0%,10,1,10.00%,0,0%,145,9,6.21%,15,10.34%
5863,2025-08-25,Miss Elizabeth Gale,1,0,0%,0,0%,0,0,0%,0,0%,0,0,0%,0,0%,0,0,0%,0,0%,1,0,0%,0,0%
5864,2025-08-25,K S McHugh,95,2,2.11%,14,14.74%,40,0,0%,7,17.50%,55,2,3.64%,7,12.73%,0,0,0%,0,0%,0,0,0%,0,0%
5865,2025-08-25,E O'Sullivan,1,0,0%,0,0%,1,0,0%,0,0%,0,0,0%,0,0%,0,0,0%,0,0%,0,0,0%,0,0%
5866,2025-08-25,Mr E M Nugent,4,0,0%,0,0%,0,0,0%,0,0%,3,0,0%,0,0%,0,0,0%,0,0%,1,0,0%,0,0%
5867,2025-08-25,Mr R Clancy,1,0,0%,0,0%,0,0,0%,0,0%,0,0,0%,0,0%,0,0,0%,0,0%,1,0,0%,0,0%
5868,2025-08-25,G Bakos,2,0,0%,0,0%,1,0,0%,0,0%,1,0,0%,0,0%,0,0,0%,0,0%,0,0,0%,0,0%
5870,2025-08-25,K Callaghan,260,26,10.00%,50,19.23%,0,0,0%,0,0%,5,0,0%,0,0%,55,4,7.27%,11,20.00%,200,22,11.00%,39,19.50%
5871,2025-08-25,Mr E Staples,14,1,7.14%,0,0.00%,0,0,0%,0,0%,4,0,0%,0,0%,4,0,0%,0,0%,6,1,16.67%,0,0%
5872,2025-08-25,Ms C A Walsh,20,0,0%,2,0%,0,0,0%,0,0%,19,0,0%,2,10.53%,0,0,0%,0,0%,1,0,0%,0,0%
5873,2025-08-25,N R Andrews,14,1,7.14%,1,7.14%,0,0,0%,0,0%,1,0,0%,0,0%,0,0,0%,0,0%,13,1,7.69%,1,7.69%
5874,2025-08-25,Mr J H Williamson,194,22,11.34%,30,15.46%,0,0,0%,0,0%,132,12,9.09%,20,15.15%,22,0,0%,4,18.18%,40,10,25.00%,6,15.00%
5875,2025-08-25,Mr I Cribbin,6,0,0%,1,0%,0,0,0%,0,0%,0,0,0%,0,0%,5,0,0%,1,20.00%,1,0,0%,0,0%
5876,2025-08-25,Mr C P Tierney,5,0,0%,2,0%,0,0,0%,0,0%,4,0,0%,2,50.00%,0,0,0%,0,0%,1,0,0%,0,0%
5877,2025-08-25,Mr D M Moylan,2,0,0%,0,0%,0,0,0%,0,0%,2,0,0%,0,0%,0,0,0%,0,0%,0,0,0%,0,0%
5878,2025-08-25,Ms E J Fitzgerald,2,0,0%,0,0%,0,0,0%,0,0%,2,0,0%,0,0%,0,0,0%,0,0%,0,0,0%,0,0%
5879,2025-08-25,Mr Simon Cavanagh,1,0,0%,0,0%,0,0,0%,0,0%,0,0,0%,0,0%,1,0,0%,0,0%,0,0,0%,0,0%
5880,2025-08-25,Mr Oliver Boyden,16,2,12.50%,1,6.25%,1,0,0%,0,0%,0,0,0%,0,0%,5,0,0%,1,20.00%,10,2,20.00%,0,0%
5881,2025-08-25,Miss Jessica Smith,7,1,14.29%,3,42.86%,0,0,0%,0,0%,1,0,0%,0,0%,4,0,0%,3,75.00%,2,1,50.00%,0,0%
5882,2025-08-25,Emily Ivory,10,0,0%,1,0%,7,0,0%,0,0%,3,0,0%,1,33.33%,0,0,0%,0,0%,0,0,0%,0,0%
5883,2025-08-25,Ms N Burns,8,0,0%,1,0%,1,0,0%,0,0%,7,0,0%,1,14.29%,0,0,0%,0,0%,0,0,0%,0,0%
5884,2025-08-25,Mr Michael Try,6,0,0%,1,0%,3,0,0%,1,33.33%,2,0,0%,0,0%,0,0,0%,0,0%,1,0,0%,0,0%
5885,2025-08-25,Ms Laura Ward,19,0,0%,4,0%,2,0,0%,0,0%,0,0,0%,0,0%,4,0,0%,0,0%,13,0,0%,4,30.77%
5886,2025-08-25,Mr George Cowley,8,1,12.50%,5,62.50%,0,0,0%,0,0%,0,0,0%,0,0%,7,1,14.29%,4,57.14%,1,0,0%,1,100.00%
5887,2025-08-25,Miss Claire Cobbold,1,0,0%,0,0%,0,0,0%,0,0%,0,0,0%,0,0%,0,0,0%,0,0%,1,0,0%,0,0%
5888,2025-08-25,Tommie Jakes,468,55,11.75%,82,17.52%,266,40,15.04%,52,19.55%,202,15,7.43%,30,14.85%,0,0,0%,0,0%,0,0,0%,0,0%
5889,2025-08-25,D N Cullinane,6,0,0%,2,0%,0,0,0%,0,0%,0,0,0%,0,0%,1,0,0%,0,0%,5,0,0%,2,40.00%
5890,2025-08-25,Miss Amy Tucker,19,0,0%,1,0%,11,0,0%,1,9.09%,8,0,0%,0,0%,0,0,0%,0,0%,0,0,0%,0,0%
5891,2025-08-25,Miss Arabella Fox,10,0,0%,2,0%,2,0,0%,0,0%,7,0,0%,2,28.57%,1,0,0%,0,0%,0,0,0%,0,0%
5892,2025-08-25,Miss Katie Garton,12,1,8.33%,0,0.00%,6,0,0%,0,0%,6,1,16.67%,0,0%,0,0,0%,0,0%,0,0,0%,0,0%
5893,2025-08-25,Miss Emma Stewart,2,0,0%,0,0%,2,0,0%,0,0%,0,0,0%,0,0%,0,0,0%,0,0%,0,0,0%,0,0%
5894,2025-08-25,Mr H Cheref,1,0,0%,0,0%,0,0,0%,0,0%,1,0,0%,0,0%,0,0,0%,0,0%,0,0,0%,0,0%
5895,2025-08-25,L Pinchin,3,0,0%,3,0%,0,0,0%,0,0%,1,0,0%,1,100.00%,1,0,0%,1,100.00%,1,0,0%,1,100.00%
5896,2025-08-25,Johnny Charron,2,1,50.00%,0,0.00%,0,0,0%,0,0%,0,0,0%,0,0%,0,0,0%,0,0%,2,1,50.00%,0,0%
5897,2025-08-25,Mr Rupert Wilks,6,0,0%,2,0%,0,0,0%,0,0%,0,0,0%,0,0%,2,0,0%,1,50.00%,4,0,0%,1,25.00%
5898,2025-08-25,J P Robottom,7,0,0%,0,0%,0,0,0%,0,0%,0,0,0%,0,0%,0,0,0%,0,0%,7,0,0%,0,0%
5899,2025-08-25,Mr Chad Bament,6,0,0%,1,0%,0,0,0%,0,0%,0,0,0%,0,0%,5,0,0%,1,20.00%,1,0,0%,0,0%
5900,2025-08-25,Ms C E Gunn,2,0,0%,2,0%,0,0,0%,0,0%,2,0,0%,2,100.00%,0,0,0%,0,0%,0,0,0%,0,0%
5901,2025-08-25,C M Hogan,154,15,9.74%,17,11.04%,24,2,8.33%,1,4.17%,33,0,0%,4,12.12%,12,1,8.33%,1,8.33%,85,12,14.12%,11,12.94%
5902,2025-08-25,C Ngcobo,24,0,0%,4,0%,2,0,0%,0,0%,22,0,0%,4,18.18%,0,0,0%,0,0%,0,0,0%,0,0%
5903,2025-08-25,Charlotte Tindale,2,0,0%,0,0%,2,0,0%,0,0%,0,0,0%,0,0%,0,0,0%,0,0%,0,0,0%,0,0%
5904,2025-08-25,Miss Poppy Scott,29,2,6.90%,4,13.79%,21,0,0%,3,14.29%,8,2,25.00%,1,12.50%,0,0,0%,0,0%,0,0,0%,0,0%
5905,2025-08-25,Miss Kayla Ruddy,7,0,0%,0,0%,4,0,0%,0,0%,2,0,0%,0,0%,1,0,0%,0,0%,0,0,0%,0,0%
5906,2025-08-25,H C Swan,1,0,0%,1,0%,0,0,0%,0,0%,1,0,0%,1,100.00%,0,0,0%,0,0%,0,0,0%,0,0%
5907,2025-08-25,C M Connolly,1,0,0%,0,0%,0,0,0%,0,0%,1,0,0%,0,0%,0,0,0%,0,0%,0,0,0%,0,0%
5908,2025-08-25,Archie Young,344,44,12.79%,67,19.48%,152,20,13.16%,35,23.03%,192,24,12.50%,32,16.67%,0,0,0%,0,0%,0,0,0%,0,0%
5909,2025-08-25,Emma Redmond,1,1,100.00%,0,0.00%,0,0,0%,0,0%,1,1,100.00%,0,0%,0,0,0%,0,0%,0,0,0%,0,0%
5910,2025-08-25,Janna Walsh,1,0,0%,1,0%,0,0,0%,0,0%,1,0,0%,1,100.00%,0,0,0%,0,0%,0,0,0%,0,0%
5911,2025-08-25,Caitriona Bolger,1,0,0%,1,0%,0,0,0%,0,0%,1,0,0%,1,100.00%,0,0,0%,0,0%,0,0,0%,0,0%
5912,2025-08-25,Robert Duffy,1,0,0%,1,0%,0,0,0%,0,0%,1,0,0%,1,100.00%,0,0,0%,0,0%,0,0,0%,0,0%
5913,2025-08-25,Correna Bowe,1,0,0%,0,0%,0,0,0%,0,0%,1,0,0%,0,0%,0,0,0%,0,0%,0,0,0%,0,0%
5914,2025-08-25,Lauren Hickey,1,0,0%,0,0%,0,0,0%,0,0%,1,0,0%,0,0%,0,0,0%,0,0%,0,0,0%,0,0%
5915,2025-08-25,John Ferguson,1,0,0%,0,0%,0,0,0%,0,0%,1,0,0%,0,0%,0,0,0%,0,0%,0,0,0%,0,0%
5916,2025-08-25,Hannah Hogan,1,0,0%,0,0%,0,0,0%,0,0%,1,0,0%,0,0%,0,0,0%,0,0%,0,0,0%,0,0%
5917,2025-08-25,Kate Hyland,1,0,0%,0,0%,0,0,0%,0,0%,1,0,0%,0,0%,0,0,0%,0,0%,0,0,0%,0,0%
5918,2025-08-25,Tessa Cordon,1,0,0%,0,0%,0,0,0%,0,0%,1,0,0%,0,0%,0,0,0%,0,0%,0,0,0%,0,0%
5919,2025-08-25,Mary Corcoran,1,0,0%,0,0%,0,0,0%,0,0%,1,0,0%,0,0%,0,0,0%,0,0%,0,0,0%,0,0%
5920,2025-08-25,Jamie Lee Gonet,3,0,0%,0,0%,1,0,0%,0,0%,2,0,0%,0,0%,0,0,0%,0,0%,0,0,0%,0,0%
5921,2025-08-25,Laura Bohan,1,0,0%,0,0%,0,0,0%,0,0%,1,0,0%,0,0%,0,0,0%,0,0%,0,0,0%,0,0%
5922,2025-08-25,Matthew Rigney,1,0,0%,0,0%,0,0,0%,0,0%,1,0,0%,0,0%,0,0,0%,0,0%,0,0,0%,0,0%
5923,2025-08-25,Patrick Murray,1,0,0%,0,0%,0,0,0%,0,0%,1,0,0%,0,0%,0,0,0%,0,0%,0,0,0%,0,0%
5924,2025-08-25,Miss C O O'Brien,5,1,20.00%,1,20.00%,0,0,0%,0,0%,0,0,0%,0,0%,3,0,0%,1,33.33%,2,1,50.00%,0,0%
5925,2025-08-25,Emilie Hasselbalch-holm,12,0,0%,1,0%,8,0,0%,1,12.50%,4,0,0%,0,0%,0,0,0%,0,0%,0,0,0%,0,0%
5926,2025-08-25,Danny Gilligan,16,0,0%,5,0%,1,0,0%,1,100.00%,1,0,0%,0,0%,6,0,0%,2,33.33%,8,0,0%,2,25.00%
5927,2025-08-25,Mr William Gough,3,0,0%,0,0%,0,0,0%,0,0%,0,0,0%,0,0%,1,0,0%,0,0%,2,0,0%,0,0%
5928,2025-08-25,Mr W R Hamilton,2,0,0%,0,0%,0,0,0%,0,0%,2,0,0%,0,0%,0,0,0%,0,0%,0,0,0%,0,0%
5929,2025-08-25,Mr Archie Loweth,5,0,0%,0,0%,1,0,0%,0,0%,0,0,0%,0,0%,4,0,0%,0,0%,0,0,0%,0,0%
5930,2025-08-25,J Gonet,6,0,0%,3,0%,2,0,0%,2,100.00%,4,0,0%,1,25.00%,0,0,0%,0,0%,0,0,0%,0,0%
5931,2025-08-25,Tpr Lucy Westlake,4,0,0%,2,0%,0,0,0%,0,0%,0,0,0%,0,0%,1,0,0%,1,100.00%,3,0,0%,1,33.33%
5932,2025-08-25,Col Alex Porter,2,0,0%,1,0%,0,0,0%,0,0%,0,0,0%,0,0%,1,0,0%,0,0%,1,0,0%,1,100.00%
5933,2025-08-25,Mr Elliott England,5,0,0%,1,0%,0,0,0%,0,0%,0,0,0%,0,0%,4,0,0%,1,25.00%,1,0,0%,0,0%
5934,2025-08-25,Miss Lucy Turner,64,9,14.06%,14,21.88%,0,0,0%,0,0%,2,1,50.00%,0,0%,44,5,11.36%,10,22.73%,18,3,16.67%,4,22.22%
5935,2025-08-25,Conor Smithers,1,0,0%,0,0%,0,0,0%,0,0%,0,0,0%,0,0%,0,0,0%,0,0%,1,0,0%,0,0%
5936,2025-08-25,Mr Abel O'Gorman,7,0,0%,1,0%,6,0,0%,1,16.67%,1,0,0%,0,0%,0,0,0%,0,0%,0,0,0%,0,0%
5937,2025-08-25,Rafael Souza,8,0,0%,0,0%,4,0,0%,0,0%,4,0,0%,0,0%,0,0,0%,0,0%,0,0,0%,0,0%
5938,2025-08-25,M Mjoka,21,2,9.52%,6,28.57%,3,1,33.33%,1,33.33%,18,1,5.56%,5,27.78%,0,0,0%,0,0%,0,0,0%,0,0%
5939,2025-08-25,Louise Akehurst,10,2,20.00%,1,10.00%,2,0,0%,0,0%,8,2,25.00%,1,12.50%,0,0,0%,0,0%,0,0,0%,0,0%
5940,2025-08-25,Mr M Havart,3,0,0%,1,0%,1,0,0%,0,0%,1,0,0%,0,0%,0,0,0%,0,0%,1,0,0%,1,100.00%
5941,2025-08-25,Mr S Tobin,31,2,6.45%,5,16.13%,0,0,0%,0,0%,7,0,0%,0,0%,5,1,20.00%,0,0%,19,1,5.26%,5,26.32%
5942,2025-08-25,Miss Mell Boucher,2,0,0%,1,0%,1,0,0%,0,0%,0,0,0%,0,0%,0,0,0%,0,0%,1,0,0%,1,100.00%
5943,2025-08-25,Ms N M Bradley,9,0,0%,0,0%,0,0,0%,0,0%,7,0,0%,0,0%,1,0,0%,0,0%,1,0,0%,0,0%
5944,2025-08-25,Mr Adam Ryan,10,2,20.00%,1,10.00%,0,0,0%,0,0%,1,1,100.00%,0,0%,2,0,0%,0,0%,7,1,14.29%,1,14.29%
5945,2025-08-25,Miss Aimee Jones,13,0,0%,2,0%,0,0,0%,0,0%,0,0,0%,0,0%,11,0,0%,2,18.18%,2,0,0%,0,0%
5946,2025-08-25,Miss Charlotte Summersby,2,0,0%,0,0%,0,0,0%,0,0%,1,0,0%,0,0%,1,0,0%,0,0%,0,0,0%,0,0%
5947,2025-08-25,Mr Sean P O'Connor,50,8,16.00%,9,18.00%,0,0,0%,0,0%,2,1,50.00%,0,0%,27,4,14.81%,7,25.93%,21,3,14.29%,2,9.52%
5948,2025-08-25,Mr P W Gleeson,44,1,2.27%,3,6.82%,0,0,0%,0,0%,17,0,0%,0,0%,14,0,0%,2,14.29%,13,1,7.69%,1,7.69%
5949,2025-08-25,Kyle Strydom,198,20,10.10%,32,16.16%,87,7,8.05%,13,14.94%,111,13,11.71%,19,17.12%,0,0,0%,0,0%,0,0,0%,0,0%
5950,2025-08-25,Alec Voikhansky,519,68,13.10%,97,18.69%,180,19,10.56%,34,18.89%,339,49,14.45%,63,18.58%,0,0,0%,0,0%,0,0,0%,0,0%
5952,2025-08-25,Miss Serena Brotherton,90,5,5.56%,23,25.56%,22,0,0%,5,22.73%,67,5,7.46%,18,26.87%,1,0,0%,0,0%,0,0,0%,0,0%
5953,2025-08-25,Miss Emily Easterby,1,0,0%,0,0%,0,0,0%,0,0%,1,0,0%,0,0%,0,0,0%,0,0%,0,0,0%,0,0%
5954,2025-08-25,Mr Jack Callan,20,1,5.00%,3,15.00%,5,0,0%,1,20.00%,15,1,6.67%,2,13.33%,0,0,0%,0,0%,0,0,0%,0,0%
5955,2025-08-25,Dr Misha Voikhansky,2,0,0%,0,0%,1,0,0%,0,0%,1,0,0%,0,0%,0,0,0%,0,0%,0,0,0%,0,0%
5956,2025-08-25,Miss Bethany Robinson,1,0,0%,0,0%,0,0,0%,0,0%,1,0,0%,0,0%,0,0,0%,0,0%,0,0,0%,0,0%
5957,2025-08-25,Mr John Reddington,4,0,0%,0,0%,0,0,0%,0,0%,4,0,0%,0,0%,0,0,0%,0,0%,0,0,0%,0,0%
5958,2025-08-25,Mr Patrick Millman,45,8,17.78%,4,8.89%,18,6,33.33%,1,5.56%,27,2,7.41%,3,11.11%,0,0,0%,0,0%,0,0,0%,0,0%
5959,2025-08-25,Miss Michelle Bryant,9,0,0%,0,0%,7,0,0%,0,0%,2,0,0%,0,0%,0,0,0%,0,0%,0,0,0%,0,0%
5960,2025-08-25,Mr Matthew Ennis,14,0,0%,1,0%,7,0,0%,0,0%,7,0,0%,1,14.29%,0,0,0%,0,0%,0,0,0%,0,0%
5961,2025-08-25,Mr Paul Kavanagh,7,1,14.29%,0,0.00%,2,0,0%,0,0%,5,1,20.00%,0,0%,0,0,0%,0,0%,0,0,0%,0,0%
5962,2025-08-25,Miss Heidi Palin,79,13,16.46%,12,15.19%,1,1,100.00%,0,0%,3,0,0%,0,0%,32,8,25.00%,5,15.63%,43,4,9.30%,7,16.28%
5963,2025-08-25,Mr James Waggott,2,0,0%,0,0%,0,0,0%,0,0%,0,0,0%,0,0%,1,0,0%,0,0%,1,0,0%,0,0%
5964,2025-08-25,Mr John Dixon,45,2,4.44%,4,8.89%,0,0,0%,0,0%,1,0,0%,0,0%,1,0,0%,0,0%,43,2,4.65%,4,9.30%
5965,2025-08-25,Conor Rabbitt,341,32,9.38%,56,16.42%,0,0,0%,0,0%,12,0,0%,2,16.67%,70,5,7.14%,11,15.71%,259,27,10.42%,43,16.60%
5966,2025-08-25,Dylan Hogan,1023,108,10.56%,207,20.23%,580,73,12.59%,127,21.90%,441,35,7.94%,80,18.14%,2,0,0%,0,0%,0,0,0%,0,0%
5967,2025-08-25,Mr William Easterby,51,6,11.76%,9,17.65%,1,0,0%,0,0%,10,0,0%,3,30.00%,20,3,15.00%,3,15.00%,20,3,15.00%,3,15.00%
5968,2025-08-25,Eddy Hardouin,1,0,0%,1,0%,1,0,0%,1,100.00%,0,0,0%,0,0%,0,0,0%,0,0%,0,0,0%,0,0%
5969,2025-08-25,Miss Amy Bennallick,2,0,0%,1,0%,0,0,0%,0,0%,0,0,0%,0,0%,2,0,0%,1,50.00%,0,0,0%,0,0%
5970,2025-08-25,Mia Childs,1,0,0%,0,0%,1,0,0%,0,0%,0,0,0%,0,0%,0,0,0%,0,0%,0,0,0%,0,0%
5971,2025-08-25,Mr Christopher Furness,3,0,0%,0,0%,0,0,0%,0,0%,0,0,0%,0,0%,3,0,0%,0,0%,0,0,0%,0,0%
5972,2025-08-25,Mr Daniel Cherriman,7,0,0%,0,0%,0,0,0%,0,0%,0,0,0%,0,0%,7,0,0%,0,0%,0,0,0%,0,0%
5973,2025-08-25,Mr Bradley Gibbs,10,3,30.00%,2,20.00%,0,0,0%,0,0%,0,0,0%,0,0%,10,3,30.00%,2,20.00%,0,0,0%,0,0%
5974,2025-08-25,Ricky Doyle,1,0,0%,0,0%,0,0,0%,0,0%,0,0,0%,0,0%,1,0,0%,0,0%,0,0,0%,0,0%
5975,2025-08-25,Shane O'Callaghan,1,0,0%,0,0%,0,0,0%,0,0%,0,0,0%,0,0%,0,0,0%,0,0%,1,0,0%,0,0%
5976,2025-08-25,Charlie Todd,4,0,0%,2,0%,1,0,0%,1,100.00%,0,0,0%,0,0%,1,0,0%,1,100.00%,2,0,0%,0,0%
5977,2025-08-25,Mr J Costello,15,0,0%,3,0%,0,0,0%,0,0%,9,0,0%,1,11.11%,1,0,0%,0,0%,5,0,0%,2,40.00%
5980,2025-08-25,Sam Twiston Davies,2,0,0%,0,0%,0,0,0%,0,0%,0,0,0%,0,0%,0,0,0%,0,0%,2,0,0%,0,0%
6053,2025-08-25,Mr Thomas Greenwood,5,0,0%,1,0%,0,0,0%,0,0%,1,0,0%,0,0%,4,0,0%,1,25.00%,0,0,0%,0,0%
6066,2025-08-25,A Khan,2,0,0%,0,0%,0,0,0%,0,0%,2,0,0%,0,0%,0,0,0%,0,0%,0,0,0%,0,0%
6076,2025-08-25,Miss Leah Cooper,2,0,0%,1,0%,0,0,0%,0,0%,0,0,0%,0,0%,0,0,0%,0,0%,2,0,0%,1,50.00%
6103,2025-08-25,Miss Ellie Callwood,16,0,0%,3,0%,0,0,0%,0,0%,0,0,0%,0,0%,12,0,0%,3,25.00%,4,0,0%,0,0%
6105,2025-08-25,Mr Jack Stenhouse,8,0,0%,0,0%,0,0,0%,0,0%,3,0,0%,0,0%,3,0,0%,0,0%,2,0,0%,0,0%
6108,2025-08-25,Miss J Corish,6,0,0%,0,0%,0,0,0%,0,0%,2,0,0%,0,0%,2,0,0%,0,0%,2,0,0%,0,0%
6109,2025-08-25,Mr Peter Bryan,3,0,0%,0,0%,0,0,0%,0,0%,1,0,0%,0,0%,2,0,0%,0,0%,0,0,0%,0,0%
6110,2025-08-25,Mr Callum Pritchard,55,1,1.82%,9,16.36%,0,0,0%,0,0%,3,0,0%,1,33.33%,14,1,7.14%,2,14.29%,38,0,0%,6,15.79%
6111,2025-08-25,L Stones,1,0,0%,1,0%,0,0,0%,0,0%,0,0,0%,0,0%,0,0,0%,0,0%,1,0,0%,1,100.00%
6112,2025-08-25,D McMenamin,1,0,0%,1,0%,0,0,0%,0,0%,0,0,0%,0,0%,0,0,0%,0,0%,1,0,0%,1,100.00%
6114,2025-08-25,Alison Clarke,9,0,0%,0,0%,0,0,0%,0,0%,0,0,0%,0,0%,4,0,0%,0,0%,5,0,0%,0,0%
6116,2025-08-25,Sinead Smullen,2,0,0%,1,0%,0,0,0%,0,0%,2,0,0%,1,50.00%,0,0,0%,0,0%,0,0,0%,0,0%
6117,2025-08-25,Alfonso Vidal,1,0,0%,1,0%,0,0,0%,0,0%,1,0,0%,1,100.00%,0,0,0%,0,0%,0,0,0%,0,0%
6118,2025-08-25,Raymond Loftus,1,0,0%,0,0%,0,0,0%,0,0%,1,0,0%,0,0%,0,0,0%,0,0%,0,0,0%,0,0%
6119,2025-08-25,Margaret Kilroy,1,0,0%,0,0%,0,0,0%,0,0%,1,0,0%,0,0%,0,0,0%,0,0%,0,0,0%,0,0%
6120,2025-08-25,Joy Bennett,1,0,0%,0,0%,0,0,0%,0,0%,1,0,0%,0,0%,0,0,0%,0,0%,0,0,0%,0,0%
6121,2025-08-25,Katie McManmon,1,0,0%,0,0%,0,0,0%,0,0%,1,0,0%,0,0%,0,0,0%,0,0%,0,0,0%,0,0%
6122,2025-08-25,Aoife Martha Kiernan,1,0,0%,0,0%,0,0,0%,0,0%,1,0,0%,0,0%,0,0,0%,0,0%,0,0,0%,0,0%
6123,2025-08-25,Killian Ryan,1,0,0%,0,0%,0,0,0%,0,0%,1,0,0%,0,0%,0,0,0%,0,0%,0,0,0%,0,0%
6124,2025-08-25,Eimear Smullen,2,0,0%,0,0%,0,0,0%,0,0%,2,0,0%,0,0%,0,0,0%,0,0%,0,0,0%,0,0%
6125,2025-08-25,Cian Fenelon,1,0,0%,0,0%,0,0,0%,0,0%,1,0,0%,0,0%,0,0,0%,0,0%,0,0,0%,0,0%
6126,2025-08-25,Ronan Wilson,1,0,0%,0,0%,0,0,0%,0,0%,1,0,0%,0,0%,0,0,0%,0,0%,0,0,0%,0,0%
6127,2025-08-25,Kate Macklin,2,0,0%,0,0%,0,0,0%,0,0%,2,0,0%,0,0%,0,0,0%,0,0%,0,0,0%,0,0%
6128,2025-08-25,Hannah Smullen,2,0,0%,1,0%,0,0,0%,0,0%,2,0,0%,1,50.00%,0,0,0%,0,0%,0,0,0%,0,0%
6129,2025-08-25,John Molloy,1,0,0%,0,0%,0,0,0%,0,0%,1,0,0%,0,0%,0,0,0%,0,0%,0,0,0%,0,0%
6130,2025-08-25,Jamie Kavanagh,2,0,0%,0,0%,0,0,0%,0,0%,2,0,0%,0,0%,0,0,0%,0,0%,0,0,0%,0,0%
6131,2025-08-25,Keith Hedderman,1,0,0%,0,0%,0,0,0%,0,0%,1,0,0%,0,0%,0,0,0%,0,0%,0,0,0%,0,0%
6132,2025-08-25,Elaine Browne,1,0,0%,0,0%,0,0,0%,0,0%,1,0,0%,0,0%,0,0,0%,0,0%,0,0,0%,0,0%
6133,2025-08-25,Michael Purcell,1,0,0%,0,0%,0,0,0%,0,0%,1,0,0%,0,0%,0,0,0%,0,0%,0,0,0%,0,0%
6136,2025-08-25,Mr M N Sharpe,16,3,18.75%,3,18.75%,0,0,0%,0,0%,8,1,12.50%,1,12.50%,5,2,40.00%,1,20.00%,3,0,0%,1,33.33%
6137,2025-08-25,Miss Aaliyah Bowers-Carter,3,0,0%,0,0%,1,0,0%,0,0%,2,0,0%,0,0%,0,0,0%,0,0%,0,0,0%,0,0%
6138,2025-08-25,Sean Cleary-Farrell,6,0,0%,1,0%,0,0,0%,0,0%,1,0,0%,0,0%,0,0,0%,0,0%,5,0,0%,1,20.00%
6139,2025-08-25,Miss M A Carpenter,3,0,0%,1,0%,0,0,0%,0,0%,3,0,0%,1,33.33%,0,0,0%,0,0%,0,0,0%,0,0%
6140,2025-08-25,Ryan Kavanagh,317,28,8.83%,59,18.61%,191,20,10.47%,41,21.47%,126,8,6.35%,18,14.29%,0,0,0%,0,0%,0,0,0%,0,0%
6141,2025-08-25,Mr Shay Halton,20,2,10.00%,3,15.00%,6,1,16.67%,2,33.33%,8,0,0%,1,12.50%,3,0,0%,0,0%,3,1,33.33%,0,0%
6142,2025-08-25,Mr Michael Coles,2,1,50.00%,0,0.00%,1,0,0%,0,0%,1,1,100.00%,0,0%,0,0,0%,0,0%,0,0,0%,0,0%
6143,2025-08-25,Miss Tilly Evans,27,3,11.11%,1,3.70%,17,2,11.76%,1,5.88%,10,1,10.00%,0,0%,0,0,0%,0,0%,0,0,0%,0,0%
6144,2025-08-25,Ms J E Grant,14,0,0%,1,0%,0,0,0%,0,0%,14,0,0%,1,7.14%,0,0,0%,0,0%,0,0,0%,0,0%
6145,2025-08-25,Miss Scarlett Frank,1,0,0%,0,0%,0,0,0%,0,0%,0,0,0%,0,0%,1,0,0%,0,0%,0,0,0%,0,0%
6146,2025-08-25,Ms S K Breen,12,0,0%,0,0%,0,0,0%,0,0%,12,0,0%,0,0%,0,0,0%,0,0%,0,0,0%,0,0%
6147,2025-08-25,Miss Pippa Glanville,2,0,0%,0,0%,0,0,0%,0,0%,0,0,0%,0,0%,2,0,0%,0,0%,0,0,0%,0,0%
6148,2025-08-25,J Smith,264,25,9.47%,46,17.42%,0,0,0%,0,0%,3,0,0%,0,0%,47,5,10.64%,9,19.15%,214,20,9.35%,37,17.29%
6149,2025-08-25,Ms P R Briselden,3,0,0%,0,0%,0,0,0%,0,0%,2,0,0%,0,0%,0,0,0%,0,0%,1,0,0%,0,0%
6151,2025-08-25,Jules Mobian,1,0,0%,0,0%,0,0,0%,0,0%,1,0,0%,0,0%,0,0,0%,0,0%,0,0,0%,0,0%
6152,2025-08-25,Miss Rhea Betts,9,1,11.11%,2,22.22%,3,0,0%,0,0%,6,1,16.67%,2,33.33%,0,0,0%,0,0%,0,0,0%,0,0%
6153,2025-08-25,Miss Kaitlen Robinson,2,0,0%,0,0%,0,0,0%,0,0%,2,0,0%,0,0%,0,0,0%,0,0%,0,0,0%,0,0%
6155,2025-08-25,Mr D J Walsh,11,0,0%,0,0%,0,0,0%,0,0%,11,0,0%,0,0%,0,0,0%,0,0%,0,0,0%,0,0%
6157,2025-08-25,J Quinn,3923,240,6.12%,1159,29.54%,2011,128,6.36%,621,30.88%,1906,111,5.82%,537,28.17%,6,1,16.67%,1,16.67%,0,0,0%,0,0%
6158,2025-08-25,Mr Jack Nicholls,42,8,19.05%,7,16.67%,18,2,11.11%,3,16.67%,24,6,25.00%,4,16.67%,0,0,0%,0,0%,0,0,0%,0,0%
6159,2025-08-25,M Telford Kelly,10,0,0%,1,0%,0,0,0%,0,0%,10,0,0%,1,10.00%,0,0,0%,0,0%,0,0,0%,0,0%
6160,2025-08-25,Lewis Chalkley,150,7,4.67%,21,14.00%,55,1,1.82%,8,14.55%,95,6,6.32%,13,13.68%,0,0,0%,0,0%,0,0,0%,0,0%
6162,2025-08-25,Richard Patrick,1304,158,12.12%,445,34.13%,9,2,22.22%,3,33.33%,104,8,7.69%,38,36.54%,480,61,12.71%,175,36.46%,711,87,12.24%,229,32.21%
6163,2025-08-25,M Laubies,1,0,0%,0,0%,0,0,0%,0,0%,0,0,0%,0,0%,0,0,0%,0,0%,1,0,0%,0,0%
6168,2025-08-25,A Balfe,56,2,3.57%,10,17.86%,0,0,0%,0,0%,1,0,0%,0,0%,5,0,0%,2,40.00%,50,2,4.00%,8,16.00%
6169,2025-08-25,A P Kelly,770,50,6.49%,144,18.70%,0,0,0%,0,0%,29,1,3.45%,9,31.03%,154,17,11.04%,38,24.68%,587,32,5.45%,97,16.52%
6171,2025-08-25,Ms C H McAuliffe,1,0,0%,0,0%,0,0,0%,0,0%,1,0,0%,0,0%,0,0,0%,0,0%,0,0,0%,0,0%
6172,2025-08-25,Ms T Kingsley,6,1,16.67%,2,33.33%,0,0,0%,0,0%,6,1,16.67%,2,33.33%,0,0,0%,0,0%,0,0,0%,0,0%
6173,2025-08-25,Ms A T McCarthy,1,0,0%,0,0%,0,0,0%,0,0%,1,0,0%,0,0%,0,0,0%,0,0%,0,0,0%,0,0%
6174,2025-08-25,Ms L M Hoyne Casey,1,0,0%,0,0%,0,0,0%,0,0%,1,0,0%,0,0%,0,0,0%,0,0%,0,0,0%,0,0%
6175,2025-08-25,Mr D P Nolan,1,0,0%,0,0%,0,0,0%,0,0%,1,0,0%,0,0%,0,0,0%,0,0%,0,0,0%,0,0%
6177,2025-08-25,Mr S Cotter,19,1,5.26%,2,10.53%,0,0,0%,0,0%,10,0,0%,1,10.00%,9,1,11.11%,1,11.11%,0,0,0%,0,0%
6178,2025-08-25,Minty Bloss,9,0,0%,2,0%,5,0,0%,1,20.00%,4,0,0%,1,25.00%,0,0,0%,0,0%,0,0,0%,0,0%
6179,2025-08-25,Mr B Finn,16,0,0%,2,0%,0,0,0%,0,0%,6,0,0%,1,16.67%,6,0,0%,1,16.67%,4,0,0%,0,0%
6180,2025-08-25,Mr J Sexton,2,0,0%,0,0%,0,0,0%,0,0%,2,0,0%,0,0%,0,0,0%,0,0%,0,0,0%,0,0%
6181,2025-08-25,Miss C Butler,28,3,10.71%,2,7.14%,0,0,0%,0,0%,12,1,8.33%,2,16.67%,3,2,66.67%,0,0%,13,0,0%,0,0%
6182,2025-08-25,Mr A T McCann,2,0,0%,0,0%,0,0,0%,0,0%,2,0,0%,0,0%,0,0,0%,0,0%,0,0,0%,0,0%
6183,2025-08-25,Miss Hannah Crawford,30,4,13.33%,3,10.00%,7,1,14.29%,1,14.29%,22,3,13.64%,2,9.09%,0,0,0%,0,0%,1,0,0%,0,0%
6184,2025-08-25,Mr Matt Brown,23,2,8.70%,6,26.09%,6,0,0%,1,16.67%,17,2,11.76%,5,29.41%,0,0,0%,0,0%,0,0,0%,0,0%
6185,2025-08-25,Miss Holly Flynn,6,0,0%,0,0%,2,0,0%,0,0%,2,0,0%,0,0%,0,0,0%,0,0%,2,0,0%,0,0%
6186,2025-08-25,Mr P M McGuigan,1,0,0%,0,0%,0,0,0%,0,0%,1,0,0%,0,0%,0,0,0%,0,0%,0,0,0%,0,0%
6187,2025-08-25,Miss Kayleigh Stephens,4,1,25.00%,1,25.00%,1,0,0%,1,100.00%,3,1,33.33%,0,0%,0,0,0%,0,0%,0,0,0%,0,0%
6189,2025-08-25,Mrs Emily Roberts,47,7,14.89%,10,21.28%,3,0,0%,1,33.33%,44,7,15.91%,9,20.45%,0,0,0%,0,0%,0,0,0%,0,0%
6191,2025-08-25,B Prebble,1,0,0%,0,0%,0,0,0%,0,0%,1,0,0%,0,0%,0,0,0%,0,0%,0,0,0%,0,0%
6192,2025-08-25,Javier Castellano,1,0,0%,0,0%,0,0,0%,0,0%,1,0,0%,0,0%,0,0,0%,0,0%,0,0,0%,0,0%
6193,2025-08-25,J R Leparoux,1,0,0%,0,0%,0,0,0%,0,0%,1,0,0%,0,0%,0,0,0%,0,0%,0,0,0%,0,0%
6197,2025-08-25,Elione Chaves,1,0,0%,0,0%,0,0,0%,0,0%,1,0,0%,0,0%,0,0,0%,0,0%,0,0,0%,0,0%
6204,2025-08-25,Mr Edward Mitchell,2,0,0%,0,0%,2,0,0%,0,0%,0,0,0%,0,0%,0,0,0%,0,0%,0,0,0%,0,0%
6206,2025-08-25,Miss Hannah West,1,0,0%,0,0%,1,0,0%,0,0%,0,0,0%,0,0%,0,0,0%,0,0%,0,0,0%,0,0%
6207,2025-08-25,Mr Andrea Pinna,1,0,0%,0,0%,1,0,0%,0,0%,0,0,0%,0,0%,0,0,0%,0,0%,0,0,0%,0,0%
6210,2025-08-25,K T ONeill,0,0,0%,0,0%,0,0,0%,0,0%,0,0,0%,0,0%,0,0,0%,0,0%,0,0,0%,0,0%
6211,2025-08-25,Mr Paddy Hanlon,33,2,6.06%,6,18.18%,1,0,0%,0,0%,24,1,4.17%,5,20.83%,2,0,0%,0,0%,6,1,16.67%,1,16.67%
6212,2025-08-25,Paul OBrien,0,0,0%,0,0%,0,0,0%,0,0%,0,0,0%,0,0%,0,0,0%,0,0%,0,0,0%,0,0%
6213,2025-08-25,Miss Fern OBrien,0,0,0%,0,0%,0,0,0%,0,0%,0,0,0%,0,0%,0,0,0%,0,0%,0,0,0%,0,0%
6214,2025-08-25,Pierre Louis Jamin,0,0,0%,0,0%,0,0,0%,0,0%,0,0,0%,0,0%,0,0,0%,0,0%,0,0,0%,0,0%
6215,2025-08-25,Dane ONeill,0,0,0%,0,0%,0,0,0%,0,0%,0,0,0%,0,0%,0,0,0%,0,0%,0,0,0%,0,0%
6216,2025-08-25,D W O'Connor,2173,147,6.76%,476,21.91%,872,78,8.94%,226,25.92%,1299,69,5.31%,250,19.25%,2,0,0%,0,0%,0,0,0%,0,0%
6217,2025-08-25,C Stone Walsh,0,0,0%,0,0%,0,0,0%,0,0%,0,0,0%,0,0%,0,0,0%,0,0%,0,0,0%,0,0%
6218,2025-08-25,Elle May Croot,0,0,0%,0,0%,0,0,0%,0,0%,0,0,0%,0,0%,0,0,0%,0,0%,0,0,0%,0,0%
6219,2025-08-25,Miss Amy Collier,35,7,20.00%,7,20.00%,8,3,37.50%,2,25.00%,26,4,15.38%,5,19.23%,1,0,0%,0,0%,0,0,0%,0,0%
6220,2025-08-25,Miss Sienna Shepard,9,1,11.11%,0,0.00%,5,1,20.00%,0,0%,4,0,0%,0,0%,0,0,0%,0,0%,0,0,0%,0,0%
6221,2025-08-25,Mr Anthony ONeill,0,0,0%,0,0%,0,0,0%,0,0%,0,0,0%,0,0%,0,0,0%,0,0%,0,0,0%,0,0%
6222,2025-08-25,C OFarrell,0,0,0%,0,0%,0,0,0%,0,0%,0,0,0%,0,0%,0,0,0%,0,0%,0,0,0%,0,0%
6223,2025-08-25,D W OConnor,0,0,0%,0,0%,0,0,0%,0,0%,0,0,0%,0,0%,0,0,0%,0,0%,0,0,0%,0,0%
6224,2025-08-25,M Rodrigues,1,0,0%,0,0%,0,0,0%,0,0%,1,0,0%,0,0%,0,0,0%,0,0%,0,0,0%,0,0%
6225,2025-08-25,P L Dennis,1,0,0%,0,0%,0,0,0%,0,0%,1,0,0%,0,0%,0,0,0%,0,0%,0,0,0%,0,0%
6226,2025-08-25,Miss K Robinson,1,0,0%,0,0%,0,0,0%,0,0%,1,0,0%,0,0%,0,0,0%,0,0%,0,0,0%,0,0%
6227,2025-08-25,S Brickley,2,0,0%,0,0%,0,0,0%,0,0%,2,0,0%,0,0%,0,0,0%,0,0%,0,0,0%,0,0%
6228,2025-08-25,A Satabin,1,0,0%,0,0%,0,0,0%,0,0%,1,0,0%,0,0%,0,0,0%,0,0%,0,0,0%,0,0%
6229,2025-08-25,Gearoid Brouder,8,0,0%,0,0%,3,0,0%,0,0%,1,0,0%,0,0%,1,0,0%,0,0%,3,0,0%,0,0%
6230,2025-08-25,Mr Evan Daly,1,0,0%,0,0%,0,0,0%,0,0%,1,0,0%,0,0%,0,0,0%,0,0%,0,0,0%,0,0%
6231,2025-08-25,Curtis Wilson Ruddock,0,0,0%,0,0%,0,0,0%,0,0%,0,0,0%,0,0%,0,0,0%,0,0%,0,0,0%,0,0%
6232,2025-08-25,S J Fitzsimons,4,0,0%,0,0%,0,0,0%,0,0%,0,0,0%,0,0%,0,0,0%,0,0%,4,0,0%,0,0%
6233,2025-08-25,Mr Samuel Healy,2,0,0%,0,0%,0,0,0%,0,0%,2,0,0%,0,0%,0,0,0%,0,0%,0,0,0%,0,0%
6234,2025-08-25,Rhys Elliott,399,26,6.52%,66,16.54%,101,6,5.94%,16,15.84%,298,20,6.71%,50,16.78%,0,0,0%,0,0%,0,0,0%,0,0%
6235,2025-08-25,Miss Aaliyah Bowers Carter,0,0,0%,0,0%,0,0,0%,0,0%,0,0,0%,0,0%,0,0,0%,0,0%,0,0,0%,0,0%
6236,2025-08-25,Mr G Barfoot Saunt,0,0,0%,0,0%,0,0,0%,0,0%,0,0,0%,0,0%,0,0,0%,0,0%,0,0,0%,0,0%
6237,2025-08-25,S Cleary Farrell,0,0,0%,0,0%,0,0,0%,0,0%,0,0,0%,0,0%,0,0,0%,0,0%,0,0,0%,0,0%
6238,2025-08-25,E M O'Sullivan,118,3,2.54%,13,11.02%,1,0,0%,0,0%,2,0,0%,1,50.00%,13,1,7.69%,3,23.08%,102,2,1.96%,9,8.82%
6239,2025-08-25,Miss Lizzie O'neill,5,0,0%,0,0%,0,0,0%,0,0%,5,0,0%,0,0%,0,0,0%,0,0%,0,0,0%,0,0%
6240,2025-08-25,Harvey Barfoot-Saunt,1,0,0%,0,0%,0,0,0%,0,0%,1,0,0%,0,0%,0,0,0%,0,0%,0,0,0%,0,0%
6241,2025-08-25,Mr S P Queally,6,0,0%,0,0%,1,0,0%,0,0%,5,0,0%,0,0%,0,0,0%,0,0%,0,0,0%,0,0%
6242,2025-08-25,Mr F D Brickley,11,2,18.18%,2,18.18%,0,0,0%,0,0%,9,2,22.22%,2,22.22%,1,0,0%,0,0%,1,0,0%,0,0%
6243,2025-08-25,Emilie Hasselbalch Holm,0,0,0%,0,0%,0,0,0%,0,0%,0,0,0%,0,0%,0,0,0%,0,0%,0,0,0%,0,0%
6244,2025-08-25,Miss Alice Tregoning,20,3,15.00%,3,15.00%,7,3,42.86%,1,14.29%,13,0,0%,2,15.38%,0,0,0%,0,0%,0,0,0%,0,0%
6245,2025-08-25,Konrad Mazur,0,0,0%,0,0%,0,0,0%,0,0%,0,0,0%,0,0%,0,0,0%,0,0%,0,0,0%,0,0%
6246,2025-08-25,T Marshall,13,0,0%,1,0%,0,0,0%,0,0%,13,0,0%,1,7.69%,0,0,0%,0,0%,0,0,0%,0,0%
6247,2025-08-25,Ms M Kelly,26,0,0%,0,0%,0,0,0%,0,0%,26,0,0%,0,0%,0,0,0%,0,0%,0,0,0%,0,0%
6248,2025-08-25,Ms R M O'Grady,9,0,0%,3,0%,0,0,0%,0,0%,9,0,0%,3,33.33%,0,0,0%,0,0%,0,0,0%,0,0%
6249,2025-08-25,Miss Rebecca Burley,8,0,0%,1,0%,0,0,0%,0,0%,8,0,0%,1,12.50%,0,0,0%,0,0%,0,0,0%,0,0%
6250,2025-08-25,Miss Clara Brewitt,11,2,18.18%,0,0.00%,0,0,0%,0,0%,1,0,0%,0,0%,3,1,33.33%,0,0%,7,1,14.29%,0,0%
6251,2025-08-25,Miss A Bowers-Carter,13,0,0%,1,0%,3,0,0%,1,33.33%,10,0,0%,0,0%,0,0,0%,0,0%,0,0,0%,0,0%
6252,2025-08-25,I Khan,6,0,0%,1,0%,0,0,0%,0,0%,6,0,0%,1,16.67%,0,0,0%,0,0%,0,0,0%,0,0%
6253,2025-08-25,P Verling,2,0,0%,0,0%,0,0,0%,0,0%,2,0,0%,0,0%,0,0,0%,0,0%,0,0,0%,0,0%
6254,2025-08-25,Miss H M Smullen,19,1,5.26%,1,5.26%,0,0,0%,0,0%,19,1,5.26%,1,5.26%,0,0,0%,0,0%,0,0,0%,0,0%
6255,2025-08-25,Maite Sarah Laubies,8,0,0%,0,0%,0,0,0%,0,0%,0,0,0%,0,0%,0,0,0%,0,0%,8,0,0%,0,0%
6256,2025-08-25,Mr L Burke Ott,0,0,0%,0,0%,0,0,0%,0,0%,0,0,0%,0,0%,0,0,0%,0,0%,0,0,0%,0,0%
6257,2025-08-25,B Garritty,4,1,25.00%,1,25.00%,0,0,0%,0,0%,4,1,25.00%,1,25.00%,0,0,0%,0,0%,0,0,0%,0,0%
6258,2025-08-25,Mr Billy Marshall,9,0,0%,0,0%,3,0,0%,0,0%,2,0,0%,0,0%,1,0,0%,0,0%,3,0,0%,0,0%
6259,2025-08-25,R Donaghue Leahy,0,0,0%,0,0%,0,0,0%,0,0%,0,0,0%,0,0%,0,0,0%,0,0%,0,0,0%,0,0%
6260,2025-08-25,Mr T A Halford,23,1,4.35%,5,21.74%,0,0,0%,0,0%,18,0,0%,3,16.67%,2,1,50.00%,0,0%,3,0,0%,2,66.67%
6261,2025-08-25,Mr J P Collins,7,0,0%,0,0%,0,0,0%,0,0%,5,0,0%,0,0%,2,0,0%,0,0%,0,0,0%,0,0%
6262,2025-08-25,Alexis Pouchin,11,0,0%,2,0%,2,0,0%,0,0%,9,0,0%,2,22.22%,0,0,0%,0,0%,0,0,0%,0,0%
6263,2025-08-25,Miss Jessica Flint,5,0,0%,1,0%,3,0,0%,0,0%,2,0,0%,1,50.00%,0,0,0%,0,0%,0,0,0%,0,0%
6264,2025-08-25,Mr J J Murphy Knight,0,0,0%,0,0%,0,0,0%,0,0%,0,0,0%,0,0%,0,0,0%,0,0%,0,0,0%,0,0%
6265,2025-08-25,Mr Kevin Healy,6,0,0%,0,0%,0,0,0%,0,0%,3,0,0%,0,0%,2,0,0%,0,0%,1,0,0%,0,0%
6266,2025-08-25,Mr J R Martin,16,0,0%,3,0%,0,0,0%,0,0%,13,0,0%,3,23.08%,1,0,0%,0,0%,2,0,0%,0,0%
6267,2025-08-25,Mr T R Costello,2,0,0%,0,0%,0,0,0%,0,0%,2,0,0%,0,0%,0,0,0%,0,0%,0,0,0%,0,0%
6268,2025-08-25,Miss Taylor Kingsley,1,0,0%,0,0%,0,0,0%,0,0%,1,0,0%,0,0%,0,0,0%,0,0%,0,0,0%,0,0%
6269,2025-08-25,Mr Frederick Daly,5,1,20.00%,1,20.00%,0,0,0%,0,0%,5,1,20.00%,1,20.00%,0,0,0%,0,0%,0,0,0%,0,0%
6270,2025-08-25,Miss Tereza Grbavcicova,2,0,0%,0,0%,2,0,0%,0,0%,0,0,0%,0,0%,0,0,0%,0,0%,0,0,0%,0,0%
6271,2025-08-25,Miss Margaux Collomb,1,0,0%,0,0%,1,0,0%,0,0%,0,0,0%,0,0%,0,0,0%,0,0%,0,0,0%,0,0%
6272,2025-08-25,Mr F R Buckley,60,5,8.33%,13,21.67%,1,0,0%,0,0%,53,5,9.43%,13,24.53%,2,0,0%,0,0%,4,0,0%,0,0%
6273,2025-08-25,Mr Jack Fox,1,0,0%,0,0%,0,0,0%,0,0%,1,0,0%,0,0%,0,0,0%,0,0%,0,0,0%,0,0%
6274,2025-08-25,Mr Ben Pollard,11,3,27.27%,0,0.00%,6,2,33.33%,0,0%,5,1,20.00%,0,0%,0,0,0%,0,0%,0,0,0%,0,0%
6275,2025-08-25,Mr Cameron Johnstone baker,0,0,0%,0,0%,0,0,0%,0,0%,0,0,0%,0,0%,0,0,0%,0,0%,0,0,0%,0,0%
6276,2025-08-25,Mr L Saunders,0,0,0%,0,0%,0,0,0%,0,0%,0,0,0%,0,0%,0,0,0%,0,0%,0,0,0%,0,0%
6277,2025-08-25,Miss Katie Martin,14,0,0%,2,0%,8,0,0%,2,25.00%,6,0,0%,0,0%,0,0,0%,0,0%,0,0,0%,0,0%
6278,2025-08-25,Ms L B Mellerick,1,0,0%,0,0%,0,0,0%,0,0%,1,0,0%,0,0%,0,0,0%,0,0%,0,0,0%,0,0%
6279,2025-08-25,Mr E M Wallis,1,0,0%,0,0%,0,0,0%,0,0%,1,0,0%,0,0%,0,0,0%,0,0%,0,0,0%,0,0%
6280,2025-08-25,Kazuo Yokoyama,5,1,20.00%,0,0.00%,0,0,0%,0,0%,5,1,20.00%,0,0%,0,0,0%,0,0%,0,0,0%,0,0%
6281,2025-08-25,Miss E Scully,1,1,100.00%,0,0.00%,0,0,0%,0,0%,1,1,100.00%,0,0%,0,0,0%,0,0%,0,0,0%,0,0%
6282,2025-08-25,Mr A Sainz,1,1,100.00%,0,0.00%,1,1,100.00%,0,0%,0,0,0%,0,0%,0,0,0%,0,0%,0,0,0%,0,0%
6283,2025-08-25,Mr M Luka,3,0,0%,1,0%,2,0,0%,0,0%,1,0,0%,1,100.00%,0,0,0%,0,0%,0,0,0%,0,0%
6284,2025-08-25,Mr E Cagney,77,14,18.18%,23,29.87%,33,5,15.15%,10,30.30%,44,9,20.45%,13,29.55%,0,0,0%,0,0%,0,0,0%,0,0%
6285,2025-08-25,Miss E Ahlin,1,0,0%,0,0%,0,0,0%,0,0%,1,0,0%,0,0%,0,0,0%,0,0%,0,0,0%,0,0%
6286,2025-08-25,Ms C J Worrell,5,0,0%,0,0%,0,0,0%,0,0%,5,0,0%,0,0%,0,0,0%,0,0%,0,0,0%,0,0%
6287,2025-08-25,Mr T B Merrigan,2,0,0%,0,0%,0,0,0%,0,0%,2,0,0%,0,0%,0,0,0%,0,0%,0,0,0%,0,0%
6288,2025-08-25,Mr P Hanlon,18,0,0%,1,0%,0,0,0%,0,0%,18,0,0%,1,5.56%,0,0,0%,0,0%,0,0,0%,0,0%
6289,2025-08-25,Szczepan Mazur,7,1,14.29%,0,0.00%,1,1,100.00%,0,0%,6,0,0%,0,0%,0,0,0%,0,0%,0,0,0%,0,0%
6290,2025-08-25,V Seguy,1,0,0%,0,0%,0,0,0%,0,0%,1,0,0%,0,0%,0,0,0%,0,0%,0,0,0%,0,0%
6291,2025-08-25,A Crastus,1,0,0%,0,0%,0,0,0%,0,0%,1,0,0%,0,0%,0,0,0%,0,0%,0,0,0%,0,0%
6292,2025-08-25,Benjamin Macey,110,13,11.82%,28,25.45%,0,0,0%,0,0%,3,0,0%,0,0%,26,5,19.23%,7,26.92%,81,8,9.88%,21,25.93%
6293,2025-08-25,Kate Harrington,1,1,100.00%,0,0.00%,0,0,0%,0,0%,1,1,100.00%,0,0%,0,0,0%,0,0%,0,0,0%,0,0%
6294,2025-08-25,Gillian Cody,1,0,0%,0,0%,0,0,0%,0,0%,1,0,0%,0,0%,0,0,0%,0,0%,0,0,0%,0,0%
6295,2025-08-25,Fergus Lawlor,1,0,0%,0,0%,0,0,0%,0,0%,1,0,0%,0,0%,0,0,0%,0,0%,0,0,0%,0,0%
6296,2025-08-25,Ber Fahey,1,0,0%,1,0%,0,0,0%,0,0%,1,0,0%,1,100.00%,0,0,0%,0,0%,0,0,0%,0,0%
6297,2025-08-25,Katherine Gordon-Quayle,1,0,0%,0,0%,0,0,0%,0,0%,1,0,0%,0,0%,0,0,0%,0,0%,0,0,0%,0,0%
6298,2025-08-25,Sue Shortt,1,0,0%,0,0%,0,0,0%,0,0%,1,0,0%,0,0%,0,0,0%,0,0%,0,0,0%,0,0%
6299,2025-08-25,Alan McParland,1,0,0%,0,0%,0,0,0%,0,0%,1,0,0%,0,0%,0,0,0%,0,0%,0,0,0%,0,0%
6300,2025-08-25,Grainne O'Neill,1,0,0%,0,0%,0,0,0%,0,0%,1,0,0%,0,0%,0,0,0%,0,0%,0,0,0%,0,0%
6301,2025-08-25,Eimear O'Gorman,3,0,0%,0,0%,0,0,0%,0,0%,3,0,0%,0,0%,0,0,0%,0,0%,0,0,0%,0,0%
6302,2025-08-25,Hazel Smith,2,0,0%,0,0%,0,0,0%,0,0%,2,0,0%,0,0%,0,0,0%,0,0%,0,0,0%,0,0%
6303,2025-08-25,Damien Moore,3,1,33.33%,2,66.67%,0,0,0%,0,0%,3,1,33.33%,2,66.67%,0,0,0%,0,0%,0,0,0%,0,0%
6304,2025-08-25,Niamh Ashe,3,0,0%,1,0%,0,0,0%,0,0%,3,0,0%,1,33.33%,0,0,0%,0,0%,0,0,0%,0,0%
6305,2025-08-25,Katy Brown,2,0,0%,1,0%,0,0,0%,0,0%,2,0,0%,1,50.00%,0,0,0%,0,0%,0,0,0%,0,0%
6306,2025-08-25,Michael O'Neill,3,1,33.33%,1,33.33%,0,0,0%,0,0%,3,1,33.33%,1,33.33%,0,0,0%,0,0%,0,0,0%,0,0%
6307,2025-08-25,Anna Cropper,5,0,0%,0,0%,0,0,0%,0,0%,5,0,0%,0,0%,0,0,0%,0,0%,0,0,0%,0,0%
6308,2025-08-25,Vivienne Connolly,3,0,0%,0,0%,0,0,0%,0,0%,3,0,0%,0,0%,0,0,0%,0,0%,0,0,0%,0,0%
6309,2025-08-25,Martina Dempsey,3,1,33.33%,1,33.33%,0,0,0%,0,0%,3,1,33.33%,1,33.33%,0,0,0%,0,0%,0,0,0%,0,0%
6310,2025-08-25,Aimee Murphy,3,0,0%,0,0%,0,0,0%,0,0%,3,0,0%,0,0%,0,0,0%,0,0%,0,0,0%,0,0%
6311,2025-08-25,Abigail Reilly,2,0,0%,0,0%,0,0,0%,0,0%,2,0,0%,0,0%,0,0,0%,0,0%,0,0,0%,0,0%
6312,2025-08-25,Mr A Burke Ott,0,0,0%,0,0%,0,0,0%,0,0%,0,0,0%,0,0%,0,0,0%,0,0%,0,0,0%,0,0%
6313,2025-08-25,Mr F D Tegetmeier,5,0,0%,1,0%,0,0,0%,0,0%,4,0,0%,1,25.00%,0,0,0%,0,0%,1,0,0%,0,0%
6314,2025-08-25,Miss Summer Nicholson,1,0,0%,0,0%,1,0,0%,0,0%,0,0,0%,0,0%,0,0,0%,0,0%,0,0,0%,0,0%
6315,2025-08-25,Dillon Butler,5,0,0%,1,0%,0,0,0%,0,0%,4,0,0%,0,0%,0,0,0%,0,0%,1,0,0%,1,100.00%
6316,2025-08-25,Mr Dominic Hislop,19,1,5.26%,7,36.84%,3,0,0%,1,33.33%,5,1,20.00%,2,40.00%,0,0,0%,0,0%,11,0,0%,4,36.36%
6317,2025-08-25,Miss Iesha Wilding,6,0,0%,1,0%,1,0,0%,0,0%,5,0,0%,1,20.00%,0,0,0%,0,0%,0,0,0%,0,0%
6318,2025-08-25,Mr Sam Garcia,5,0,0%,1,0%,1,0,0%,1,100.00%,4,0,0%,0,0%,0,0,0%,0,0%,0,0,0%,0,0%
6319,2025-08-25,Gabriella Adela Hill,12,0,0%,1,0%,1,0,0%,0,0%,11,0,0%,1,9.09%,0,0,0%,0,0%,0,0,0%,0,0%
6320,2025-08-25,C D Fahy,57,0,0%,2,0%,25,0,0%,1,4.00%,32,0,0%,1,3.13%,0,0,0%,0,0%,0,0,0%,0,0%
6321,2025-08-25,Mr Ryan Price,5,0,0%,1,0%,0,0,0%,0,0%,3,0,0%,0,0%,0,0,0%,0,0%,2,0,0%,1,50.00%
6322,2025-08-25,T Manley-Pender,6,0,0%,1,0%,0,0,0%,0,0%,6,0,0%,1,16.67%,0,0,0%,0,0%,0,0,0%,0,0%
6323,2025-08-25,Mr Ned Sangster,23,1,4.35%,2,8.70%,6,0,0%,0,0%,17,1,5.88%,2,11.76%,0,0,0%,0,0%,0,0,0%,0,0%
6324,2025-08-25,T Kiely-Marshall,15,0,0%,1,0%,9,0,0%,0,0%,6,0,0%,1,16.67%,0,0,0%,0,0%,0,0,0%,0,0%
6325,2025-08-25,Andrea Pinna,117,10,8.55%,23,19.66%,71,7,9.86%,15,21.13%,46,3,6.52%,8,17.39%,0,0,0%,0,0%,0,0,0%,0,0%
6326,2025-08-25,R Hornby,0,0,0%,0,0%,0,0,0%,0,0%,0,0,0%,0,0%,0,0,0%,0,0%,0,0,0%,0,0%
6327,2025-08-25,Emma Anne Murphy,5,0,0%,1,0%,2,0,0%,0,0%,3,0,0%,1,33.33%,0,0,0%,0,0%,0,0,0%,0,0%
6328,2025-08-25,Mr Edward Vaughan,45,4,8.89%,6,13.33%,0,0,0%,0,0%,5,0,0%,1,20.00%,27,4,14.81%,3,11.11%,13,0,0%,2,15.38%
6329,2025-08-25,J Gambin,1,0,0%,1,0%,1,0,0%,1,100.00%,0,0,0%,0,0%,0,0,0%,0,0%,0,0,0%,0,0%
6330,2025-08-25,Mr L Sanders,1,0,0%,1,0%,1,0,0%,1,100.00%,0,0,0%,0,0%,0,0,0%,0,0%,0,0,0%,0,0%
6331,2025-08-25,R Johnson,8597,1599,18.60%,3514,40.87%,52,5,9.62%,25,48.08%,835,156,18.68%,384,45.99%,2810,497,17.69%,1085,38.61%,4900,941,19.20%,2020,41.22%
6332,2025-08-25,Adrian Nicholls,1303,136,10.44%,337,25.86%,231,27,11.69%,70,30.30%,1066,107,10.04%,265,24.86%,5,2,40.00%,2,40.00%,1,0,0%,0,0%
6333,2025-08-25,V Janacek,1,0,0%,0,0%,0,0,0%,0,0%,1,0,0%,0,0%,0,0,0%,0,0%,0,0,0%,0,0%
6334,2025-08-25,Emma Smith Chaston,0,0,0%,0,0%,0,0,0%,0,0%,0,0,0%,0,0%,0,0,0%,0,0%,0,0,0%,0,0%
6335,2025-08-25,K G Kennedy,464,49,10.56%,75,16.16%,120,14,11.67%,15,12.50%,344,35,10.17%,60,17.44%,0,0,0%,0,0%,0,0,0%,0,0%
6336,2025-08-25,James Turner,232,19,8.19%,42,18.10%,1,0,0%,0,0%,26,2,7.69%,6,23.08%,54,3,5.56%,3,5.56%,151,14,9.27%,33,21.85%
6337,2025-08-25,Miss Heidi Stevens,21,0,0%,5,0%,0,0,0%,0,0%,7,0,0%,3,42.86%,7,0,0%,1,14.29%,7,0,0%,1,14.29%
6338,2025-08-25,Audrey Satabin,1,0,0%,0,0%,0,0,0%,0,0%,1,0,0%,0,0%,0,0,0%,0,0%,0,0,0%,0,0%
6339,2025-08-25,Miss K Lawless,2,0,0%,0,0%,0,0,0%,0,0%,2,0,0%,0,0%,0,0,0%,0,0%,0,0,0%,0,0%
6340,2025-08-25,Jamie Gambin,31,4,12.90%,1,3.23%,0,0,0%,0,0%,5,0,0%,0,0%,2,0,0%,0,0%,24,4,16.67%,1,4.17%
6341,2025-08-25,Ms D J Kirwan,3,0,0%,0,0%,0,0,0%,0,0%,3,0,0%,0,0%,0,0,0%,0,0%,0,0,0%,0,0%
6342,2025-08-25,Miss M Blichfeldt,1,0,0%,0,0%,0,0,0%,0,0%,1,0,0%,0,0%,0,0,0%,0,0%,0,0,0%,0,0%
6343,2025-08-25,Mr J Ratcliffe,1,0,0%,0,0%,0,0,0%,0,0%,1,0,0%,0,0%,0,0,0%,0,0%,0,0,0%,0,0%
6344,2025-08-25,Mr P Barlow,3,1,33.33%,0,0.00%,0,0,0%,0,0%,2,1,50.00%,0,0%,0,0,0%,0,0%,1,0,0%,0,0%
6345,2025-08-25,Ms S E O'Neill,1,0,0%,0,0%,0,0,0%,0,0%,1,0,0%,0,0%,0,0,0%,0,0%,0,0,0%,0,0%
6346,2025-08-25,Ms J I Stokes,5,0,0%,1,0%,0,0,0%,0,0%,3,0,0%,0,0%,0,0,0%,0,0%,2,0,0%,1,50.00%
6347,2025-08-25,Oscar Palmer,60,4,6.67%,10,16.67%,3,0,0%,0,0%,10,1,10.00%,2,20.00%,15,1,6.67%,2,13.33%,32,2,6.25%,6,18.75%
6348,2025-08-25,Stijn Cronin,0,0,0%,0,0%,0,0,0%,0,0%,0,0,0%,0,0%,0,0,0%,0,0%,0,0,0%,0,0%
6349,2025-08-25,Mr Toby McCain Mitchell,0,0,0%,0,0%,0,0,0%,0,0%,0,0,0%,0,0%,0,0,0%,0,0%,0,0,0%,0,0%
6350,2025-08-25,Lewis Saunders,110,20,18.18%,15,13.64%,3,0,0%,0,0%,11,1,9.09%,2,18.18%,3,0,0%,1,33.33%,93,19,20.43%,12,12.90%
6351,2025-08-25,Miss Margot Scudamore,18,1,5.56%,3,16.67%,6,0,0%,1,16.67%,12,1,8.33%,2,16.67%,0,0,0%,0,0%,0,0,0%,0,0%
6352,2025-08-25,Miss Ella Smart-Jones,11,2,18.18%,3,27.27%,5,1,20.00%,2,40.00%,6,1,16.67%,1,16.67%,0,0,0%,0,0%,0,0,0%,0,0%
6353,2025-08-25,Miss L Keen hawkins,0,0,0%,0,0%,0,0,0%,0,0%,0,0,0%,0,0%,0,0,0%,0,0%,0,0,0%,0,0%
6354,2025-08-25,Mr Billy Broomfield,3,0,0%,1,0%,0,0,0%,0,0%,0,0,0%,0,0%,1,0,0%,1,100.00%,2,0,0%,0,0%
6355,2025-08-25,Miss E McGarty Jones,1,0,0%,0,0%,0,0,0%,0,0%,0,0,0%,0,0%,0,0,0%,0,0%,1,0,0%,0,0%
6356,2025-08-25,Miss Ella Herbison,36,3,8.33%,9,25.00%,0,0,0%,0,0%,1,0,0%,1,100.00%,8,1,12.50%,2,25.00%,27,2,7.41%,6,22.22%
6357,2025-08-25,E O'Connell,499,22,4.41%,107,21.44%,0,0,0%,0,0%,21,1,4.76%,8,38.10%,54,0,0%,9,16.67%,424,21,4.95%,90,21.23%
6358,2025-08-25,Miss Lucy Brown,24,0,0%,5,0%,0,0,0%,0,0%,1,0,0%,0,0%,18,0,0%,3,16.67%,5,0,0%,2,40.00%
6359,2025-08-25,Capt W B Ramsay,17,3,17.65%,6,35.29%,0,0,0%,0,0%,0,0,0%,0,0%,17,3,17.65%,6,35.29%,0,0,0%,0,0%
6360,2025-08-25,Tadhg O'shea,1,1,100.00%,0,0.00%,0,0,0%,0,0%,1,1,100.00%,0,0%,0,0,0%,0,0%,0,0,0%,0,0%
6361,2025-08-25,Mr Joshua Brown,7,0,0%,1,0%,3,0,0%,0,0%,4,0,0%,1,25.00%,0,0,0%,0,0%,0,0,0%,0,0%
6362,2025-08-25,R McGrath,913,82,8.98%,213,23.33%,12,2,16.67%,3,25.00%,66,3,4.55%,17,25.76%,277,33,11.91%,62,22.38%,558,44,7.89%,131,23.48%
6363,2025-08-25,T Messenger,688,45,6.54%,141,20.49%,6,0,0%,3,50.00%,44,1,2.27%,1,2.27%,275,33,12.00%,67,24.36%,363,11,3.03%,70,19.28%
6364,2025-08-25,P Buchanan,1534,181,11.80%,496,32.33%,8,1,12.50%,3,37.50%,69,5,7.25%,25,36.23%,736,105,14.27%,238,32.34%,721,70,9.71%,230,31.90%
6365,2025-08-25,Gary Rutherford,318,27,8.49%,58,18.24%,2,1,50.00%,0,0%,19,0,0%,3,15.79%,122,11,9.02%,29,23.77%,175,15,8.57%,26,14.86%
6366,2025-08-25,K H Clarke,67,1,1.49%,3,4.48%,0,0,0%,0,0%,0,0,0%,0,0%,5,0,0%,1,20.00%,62,1,1.61%,2,3.23%
6367,2025-08-25,K Burke,48,4,8.33%,12,25.00%,1,0,0%,0,0%,1,0,0%,0,0%,23,3,13.04%,4,17.39%,23,1,4.35%,8,34.78%
6368,2025-08-25,Miss C Boxall,78,8,10.26%,26,33.33%,5,1,20.00%,2,40.00%,17,2,11.76%,9,52.94%,12,2,16.67%,6,50.00%,44,3,6.82%,9,20.45%
6369,2025-08-25,S Donohoe,4934,449,9.10%,1624,32.91%,2806,267,9.52%,962,34.28%,2121,182,8.58%,660,31.12%,6,0,0%,1,16.67%,1,0,0%,1,100.00%
6370,2025-08-25,Alice Haynes,65,9,13.85%,21,32.31%,34,4,11.76%,12,35.29%,31,5,16.13%,9,29.03%,0,0,0%,0,0%,0,0,0%,0,0%
6371,2025-08-25,Tjade Collier,34,2,5.88%,5,14.71%,4,0,0%,0,0%,11,0,0%,1,9.09%,9,0,0%,2,22.22%,10,2,20.00%,2,20.00%
6372,2025-08-25,Matt Crawley,163,13,7.98%,39,23.93%,6,0,0%,2,33.33%,19,3,15.79%,3,15.79%,25,5,20.00%,5,20.00%,113,5,4.42%,29,25.66%
6373,2025-08-25,Andrew Heffernan,230,15,6.52%,38,16.52%,111,11,9.91%,22,19.82%,118,4,3.39%,16,13.56%,1,0,0%,0,0%,0,0,0%,0,0%
6374,2025-08-25,Gerald Quinn,207,15,7.25%,60,28.99%,0,0,0%,0,0%,20,4,20.00%,4,20.00%,57,4,7.02%,20,35.09%,130,7,5.38%,36,27.69%
6375,2025-08-25,J R Barry,443,25,5.64%,56,12.64%,3,1,33.33%,0,0%,5,0,0%,0,0%,125,7,5.60%,19,15.20%,310,17,5.48%,37,11.94%
6376,2025-08-25,P Nolan,12,0,0%,0,0%,3,0,0%,0,0%,9,0,0%,0,0%,0,0,0%,0,0%,0,0,0%,0,0%
6377,2025-08-25,Byron Moorcroft,3,0,0%,1,0%,0,0,0%,0,0%,0,0,0%,0,0%,1,0,0%,0,0%,2,0,0%,1,50.00%
6378,2025-08-25,Miss L Gardner,160,20,12.50%,41,25.63%,2,0,0%,0,0%,23,1,4.35%,7,30.43%,28,5,17.86%,7,25.00%,107,14,13.08%,27,25.23%
6379,2025-08-25,Miss E C Sayer,179,23,12.85%,47,26.26%,3,0,0%,0,0%,36,4,11.11%,10,27.78%,24,1,4.17%,6,25.00%,116,18,15.52%,31,26.72%
6380,2025-08-25,R Thomas,220,8,3.64%,47,21.36%,109,4,3.67%,24,22.02%,111,4,3.60%,23,20.72%,0,0,0%,0,0%,0,0,0%,0,0%
6381,2025-08-25,Edward Glassonbury,35,3,8.57%,11,31.43%,0,0,0%,0,0%,5,1,20.00%,2,40.00%,9,0,0%,2,22.22%,21,2,9.52%,7,33.33%
6382,2025-08-25,Simon Pearce,850,42,4.94%,225,26.47%,431,20,4.64%,107,24.83%,417,22,5.28%,118,28.30%,1,0,0%,0,0%,1,0,0%,0,0%
6383,2025-08-25,Miss C L Wills,31,2,6.45%,6,19.35%,1,0,0%,0,0%,0,0,0%,0,0%,18,2,11.11%,2,11.11%,12,0,0%,4,33.33%
6384,2025-08-25,Edmond Linehan,116,9,7.76%,26,22.41%,2,0,0%,0,0%,28,4,14.29%,8,28.57%,9,0,0%,1,11.11%,77,5,6.49%,17,22.08%
6385,2025-08-25,Miss C Walton,561,50,8.91%,173,30.84%,19,1,5.26%,2,10.53%,166,16,9.64%,53,31.93%,159,14,8.81%,57,35.85%,217,19,8.76%,61,28.11%
6386,2025-08-25,Miss T Jackson,4,0,0%,0,0%,0,0,0%,0,0%,0,0,0%,0,0%,3,0,0%,0,0%,1,0,0%,0,0%
6387,2025-08-25,T O'Brien,3,0,0%,1,0%,0,0,0%,0,0%,0,0,0%,0,0%,0,0,0%,0,0%,3,0,0%,1,33.33%
6388,2025-08-25,Miss S Sharratt,8,0,0%,0,0%,0,0,0%,0,0%,0,0,0%,0,0%,8,0,0%,0,0%,0,0,0%,0,0%
6389,2025-08-25,Mr W Kinsey,37,10,27.03%,10,27.03%,1,0,0%,1,100.00%,0,0,0%,0,0%,31,9,29.03%,7,22.58%,5,1,20.00%,2,40.00%
6390,2025-08-25,Miss E Stead,9,0,0%,0,0%,0,0,0%,0,0%,1,0,0%,0,0%,5,0,0%,0,0%,3,0,0%,0,0%
6391,2025-08-25,Miss E Young,12,0,0%,1,0%,0,0,0%,0,0%,2,0,0%,0,0%,5,0,0%,1,20.00%,5,0,0%,0,0%
6392,2025-08-25,Miss C Roddick,5,1,20.00%,0,0.00%,0,0,0%,0,0%,0,0,0%,0,0%,5,1,20.00%,0,0%,0,0,0%,0,0%
6393,2025-08-25,Miss C V Hart,74,10,13.51%,28,37.84%,1,1,100.00%,0,0%,1,0,0%,0,0%,62,8,12.90%,24,38.71%,10,1,10.00%,4,40.00%
6394,2025-08-25,Adam Nicol,772,80,10.36%,258,33.42%,12,0,0%,3,25.00%,91,9,9.89%,36,39.56%,107,15,14.02%,29,27.10%,562,56,9.96%,190,33.81%
6395,2025-08-25,Ben Clarke,10,0,0%,1,0%,0,0,0%,0,0%,3,0,0%,0,0%,1,0,0%,0,0%,6,0,0%,1,16.67%
6396,2025-08-25,Harry Derham,342,48,14.04%,118,34.50%,7,1,14.29%,5,71.43%,21,4,19.05%,10,47.62%,104,8,7.69%,39,37.50%,210,35,16.67%,64,30.48%
6397,2025-08-25,D Cottin,9,0,0%,3,0%,0,0,0%,0,0%,0,0,0%,0,0%,4,0,0%,2,50.00%,5,0,0%,1,20.00%
6398,2025-08-25,Emmet Mullins,1,1,100.00%,0,0.00%,0,0,0%,0,0%,0,0,0%,0,0%,0,0,0%,0,0%,1,1,100.00%,0,0%
6399,2025-08-25,Miss L Sutcliffe,6,0,0%,1,0%,0,0,0%,0,0%,3,0,0%,0,0%,2,0,0%,0,0%,1,0,0%,1,100.00%
6400,2025-08-25,Miss H Lewis,36,3,8.33%,16,44.44%,0,0,0%,0,0%,1,0,0%,0,0%,27,3,11.11%,13,48.15%,8,0,0%,3,37.50%
6401,2025-08-25,Joseph O'Brien,90,14,15.56%,33,36.67%,21,5,23.81%,6,28.57%,69,9,13.04%,27,39.13%,0,0,0%,0,0%,0,0,0%,0,0%
6402,2025-08-25,R P McNamara,63,3,4.76%,18,28.57%,1,0,0%,0,0%,10,1,10.00%,3,30.00%,26,1,3.85%,8,30.77%,26,1,3.85%,7,26.92%
6403,2025-08-25,Kristin Stubbs,13,0,0%,1,0%,1,0,0%,0,0%,12,0,0%,1,8.33%,0,0,0%,0,0%,0,0,0%,0,0%
6404,2025-08-25,M Halford,131,6,4.58%,26,19.85%,58,3,5.17%,13,22.41%,73,3,4.11%,13,17.81%,0,0,0%,0,0%,0,0,0%,0,0%
6405,2025-08-25,Nick Williams,9,2,22.22%,2,22.22%,0,0,0%,0,0%,0,0,0%,0,0%,9,2,22.22%,2,22.22%,0,0,0%,0,0%
6406,2025-08-25,T Doyle,10,2,20.00%,1,10.00%,0,0,0%,0,0%,0,0,0%,0,0%,4,2,50.00%,0,0%,6,0,0%,1,16.67%
6407,2025-08-25,S Crawford,16,2,12.50%,6,37.50%,1,0,0%,0,0%,10,2,20.00%,4,40.00%,1,0,0%,1,100.00%,4,0,0%,1,25.00%
6408,2025-08-25,D Laverty,1,0,0%,0,0%,0,0,0%,0,0%,1,0,0%,0,0%,0,0,0%,0,0%,0,0,0%,0,0%
6409,2025-08-25,Richard Hughes,160,29,18.13%,60,37.50%,29,5,17.24%,13,44.83%,131,24,18.32%,47,35.88%,0,0,0%,0,0%,0,0,0%,0,0%
6410,2025-08-25,Miss Sarah-Jayne Davies,3,0,0%,1,0%,0,0,0%,0,0%,0,0,0%,0,0%,3,0,0%,1,33.33%,0,0,0%,0,0%
6411,2025-08-25,Miss A Goschen,21,0,0%,10,0%,0,0,0%,0,0%,0,0,0%,0,0%,19,0,0%,9,47.37%,2,0,0%,1,50.00%
6412,2025-08-25,Miss K Morgan,2,0,0%,0,0%,0,0,0%,0,0%,2,0,0%,0,0%,0,0,0%,0,0%,0,0,0%,0,0%
6413,2025-08-25,Mrs Joanne Brown,15,1,6.67%,5,33.33%,0,0,0%,0,0%,0,0,0%,0,0%,2,0,0%,0,0%,13,1,7.69%,5,38.46%
6414,2025-08-25,P Sogorb,2,1,50.00%,0,0.00%,0,0,0%,0,0%,2,1,50.00%,0,0%,0,0,0%,0,0%,0,0,0%,0,0%
6415,2025-08-25,Miss E Irving,4,0,0%,0,0%,0,0,0%,0,0%,3,0,0%,0,0%,1,0,0%,0,0%,0,0,0%,0,0%
6416,2025-08-25,C O'Dwyer,1,1,100.00%,0,0.00%,0,0,0%,0,0%,1,1,100.00%,0,0%,0,0,0%,0,0%,0,0,0%,0,0%
6417,2025-08-25,A Maguire,1,0,0%,1,0%,0,0,0%,0,0%,1,0,0%,1,100.00%,0,0,0%,0,0%,0,0,0%,0,0%
6418,2025-08-25,Mlle A Rosa,2,0,0%,0,0%,0,0,0%,0,0%,2,0,0%,0,0%,0,0,0%,0,0%,0,0,0%,0,0%
6419,2025-08-25,Luke Harvey,10,0,0%,5,0%,0,0,0%,0,0%,10,0,0%,5,50.00%,0,0,0%,0,0%,0,0,0%,0,0%
6420,2025-08-25,John Winston,104,6,5.77%,23,22.12%,2,1,50.00%,0,0%,12,1,8.33%,1,8.33%,20,1,5.00%,10,50.00%,70,3,4.29%,12,17.14%
6421,2025-08-25,Christian Williams,51,2,3.92%,12,23.53%,1,0,0%,0,0%,3,0,0%,0,0%,21,2,9.52%,5,23.81%,26,0,0%,7,26.92%
6422,2025-08-25,Miss E Doyle,1,1,100.00%,0,0.00%,0,0,0%,0,0%,1,1,100.00%,0,0%,0,0,0%,0,0%,0,0,0%,0,0%
6423,2025-08-25,S Byrne,1,0,0%,0,0%,0,0,0%,0,0%,0,0,0%,0,0%,1,0,0%,0,0%,0,0,0%,0,0%
6424,2025-08-25,Robert Hawker,96,8,8.33%,28,29.17%,0,0,0%,0,0%,1,0,0%,0,0%,23,2,8.70%,7,30.43%,72,6,8.33%,21,29.17%
6425,2025-08-25,George Baker,1,1,100.00%,0,0.00%,1,1,100.00%,0,0%,0,0,0%,0,0%,0,0,0%,0,0%,0,0,0%,0,0%
6426,2025-08-25,Gemma Tutty,824,68,8.25%,270,32.77%,246,14,5.69%,75,30.49%,572,54,9.44%,194,33.92%,0,0,0%,0,0%,6,0,0%,1,16.67%
6427,2025-08-25,Miss S L Gould,2,0,0%,0,0%,0,0,0%,0,0%,0,0,0%,0,0%,2,0,0%,0,0%,0,0,0%,0,0%
6428,2025-08-25,Miss S Rippon,17,1,5.88%,6,35.29%,0,0,0%,0,0%,0,0,0%,0,0%,17,1,5.88%,6,35.29%,0,0,0%,0,0%
6429,2025-08-25,Miss A Waugh,169,15,8.88%,51,30.18%,5,1,20.00%,0,0%,48,5,10.42%,7,14.58%,55,3,5.45%,24,43.64%,61,6,9.84%,20,32.79%
6430,2025-08-25,L Nolen,2,1,50.00%,1,50.00%,0,0,0%,0,0%,2,1,50.00%,1,50.00%,0,0,0%,0,0%,0,0,0%,0,0%
6431,2025-08-25,David Bergin,3,0,0%,1,0%,0,0,0%,0,0%,3,0,0%,1,33.33%,0,0,0%,0,0%,0,0,0%,0,0%
6432,2025-08-25,Miss J M Lee,2,0,0%,0,0%,0,0,0%,0,0%,2,0,0%,0,0%,0,0,0%,0,0%,0,0,0%,0,0%
6433,2025-08-25,M J Linehan,2,0,0%,0,0%,0,0,0%,0,0%,0,0,0%,0,0%,1,0,0%,0,0%,1,0,0%,0,0%
6434,2025-08-25,John Dawson,200,12,6.00%,85,42.50%,1,0,0%,0,0%,15,1,6.67%,8,53.33%,87,9,10.34%,36,41.38%,97,2,2.06%,41,42.27%
6435,2025-08-25,Ollie Pears,7,0,0%,1,0%,0,0,0%,0,0%,7,0,0%,1,14.29%,0,0,0%,0,0%,0,0,0%,0,0%
6436,2025-08-25,Miss M M Gannon,2,0,0%,0,0%,0,0,0%,0,0%,2,0,0%,0,0%,0,0,0%,0,0%,0,0,0%,0,0%
6437,2025-08-25,Miss R Leyshon,23,0,0%,5,0%,1,0,0%,0,0%,0,0,0%,0,0%,14,0,0%,4,28.57%,8,0,0%,1,12.50%
6438,2025-08-25,M Murphy,1,0,0%,0,0%,1,0,0%,0,0%,0,0,0%,0,0%,0,0,0%,0,0%,0,0,0%,0,0%
6439,2025-08-25,Mrs C L Taylor,3,0,0%,0,0%,0,0,0%,0,0%,0,0,0%,0,0%,3,0,0%,0,0%,0,0,0%,0,0%
6440,2025-08-25,Daragh Bourke,375,37,9.87%,152,40.53%,1,0,0%,0,0%,22,0,0%,8,36.36%,166,23,13.86%,70,42.17%,186,14,7.53%,74,39.78%
6441,2025-08-25,Miss E Harbour,5,0,0%,0,0%,0,0,0%,0,0%,1,0,0%,0,0%,2,0,0%,0,0%,2,0,0%,0,0%
6442,2025-08-25,Miss K Young,7,0,0%,1,0%,0,0,0%,0,0%,3,0,0%,1,33.33%,0,0,0%,0,0%,4,0,0%,0,0%
6443,2025-08-25,C D Timmons,491,24,4.89%,116,23.63%,0,0,0%,0,0%,4,1,25.00%,0,0%,109,8,7.34%,33,30.28%,378,15,3.97%,83,21.96%
6444,2025-08-25,Miss H Harper,9,1,11.11%,5,55.56%,0,0,0%,0,0%,0,0,0%,0,0%,5,1,20.00%,2,40.00%,4,0,0%,3,75.00%
6445,2025-08-25,Matthew Hampton,5,1,20.00%,0,0.00%,0,0,0%,0,0%,0,0,0%,0,0%,3,1,33.33%,0,0%,2,0,0%,0,0%
6446,2025-08-25,Eoghan O'Neill,2,0,0%,0,0%,0,0,0%,0,0%,2,0,0%,0,0%,0,0,0%,0,0%,0,0,0%,0,0%
6447,2025-08-25,Mrs S Ashby,1,0,0%,0,0%,0,0,0%,0,0%,0,0,0%,0,0%,1,0,0%,0,0%,0,0,0%,0,0%
6448,2025-08-25,Miss L Mager,4,0,0%,1,0%,0,0,0%,0,0%,1,0,0%,0,0%,3,0,0%,1,33.33%,0,0,0%,0,0%
6449,2025-08-25,Miss H Welch,78,7,8.97%,22,28.21%,9,2,22.22%,1,11.11%,19,2,10.53%,5,26.32%,15,1,6.67%,7,46.67%,35,2,5.71%,9,25.71%
6450,2025-08-25,B James,1,0,0%,0,0%,1,0,0%,0,0%,0,0,0%,0,0%,0,0,0%,0,0%,0,0,0%,0,0%
6451,2025-08-25,D Russell,2,0,0%,1,0%,0,0,0%,0,0%,0,0,0%,0,0%,0,0,0%,0,0%,2,0,0%,1,50.00%
6452,2025-08-25,Miss C R Crane,64,2,3.13%,23,35.94%,2,0,0%,1,50.00%,26,1,3.85%,13,50.00%,15,1,6.67%,6,40.00%,21,0,0%,3,14.29%
6453,2025-08-25,Miss A M Slack,12,0,0%,1,0%,2,0,0%,0,0%,10,0,0%,1,10.00%,0,0,0%,0,0%,0,0,0%,0,0%
6454,2025-08-25,Mrs Claire Hardwick,3,0,0%,0,0%,0,0,0%,0,0%,0,0,0%,0,0%,1,0,0%,0,0%,2,0,0%,0,0%
6455,2025-08-25,Miss A Bell,4,0,0%,2,0%,0,0,0%,0,0%,0,0,0%,0,0%,3,0,0%,2,66.67%,1,0,0%,0,0%
6456,2025-08-25,Ms S A Heffernan,1,0,0%,0,0%,0,0,0%,0,0%,1,0,0%,0,0%,0,0,0%,0,0%,0,0,0%,0,0%
6457,2025-08-25,D Dunn,1,0,0%,0,0%,0,0,0%,0,0%,0,0,0%,0,0%,0,0,0%,0,0%,0,0,0%,0,0%
6458,2025-08-25,S Baster,1,0,0%,0,0%,0,0,0%,0,0%,0,0,0%,0,0%,0,0,0%,0,0%,0,0,0%,0,0%
6459,2025-08-25,John Cullen,1,0,0%,0,0%,0,0,0%,0,0%,1,0,0%,0,0%,0,0,0%,0,0%,0,0,0%,0,0%
6460,2025-08-25,J G Murphy,2,1,50.00%,0,0.00%,0,0,0%,0,0%,2,1,50.00%,0,0%,0,0,0%,0,0%,0,0,0%,0,0%
6461,2025-08-25,D O'Shea,1,0,0%,0,0%,0,0,0%,0,0%,1,0,0%,0,0%,0,0,0%,0,0%,0,0,0%,0,0%
6462,2025-08-25,Donnacha O'brien,1,1,100.00%,0,0.00%,0,0,0%,0,0%,1,1,100.00%,0,0%,0,0,0%,0,0%,0,0,0%,0,0%
6463,2025-08-25,S Curran,1,0,0%,1,0%,0,0,0%,0,0%,1,0,0%,1,100.00%,0,0,0%,0,0%,0,0,0%,0,0%
6464,2025-08-25,Paul Robson,3,0,0%,1,0%,0,0,0%,0,0%,1,0,0%,1,100.00%,2,0,0%,0,0%,0,0,0%,0,0%
6465,2025-08-25,M Zahra,5,1,20.00%,2,40.00%,0,0,0%,0,0%,5,1,20.00%,2,40.00%,0,0,0%,0,0%,0,0,0%,0,0%
6466,2025-08-25,C Williams,1,0,0%,0,0%,0,0,0%,0,0%,0,0,0%,0,0%,0,0,0%,0,0%,1,0,0%,0,0%
6467,2025-08-25,John Allen,1,0,0%,1,0%,0,0,0%,0,0%,1,0,0%,1,100.00%,0,0,0%,0,0%,0,0,0%,0,0%
6468,2025-08-25,Miss Chloe Mills,3,0,0%,0,0%,0,0,0%,0,0%,0,0,0%,0,0%,3,0,0%,0,0%,0,0,0%,0,0%
6469,2025-08-25,Mr Benjamin Abbott,4,0,0%,0,0%,0,0,0%,0,0%,0,0,0%,0,0%,4,0,0%,0,0%,0,0,0%,0,0%
6470,2025-08-25,Ethan O'Sullivan,2,1,50.00%,0,0.00%,0,0,0%,0,0%,0,0,0%,0,0%,0,0,0%,0,0%,2,1,50.00%,0,0%
6471,2025-08-25,Alice Stevens,228,28,12.28%,33,14.47%,0,0,0%,0,0%,24,2,8.33%,2,8.33%,73,8,10.96%,13,17.81%,131,18,13.74%,18,13.74%
6473,2025-08-25,Mr F J Gillen,5,0,0%,0,0%,0,0,0%,0,0%,5,0,0%,0,0%,0,0,0%,0,0%,0,0,0%,0,0%
6474,2025-08-25,Stephen G Carey,0,0,0%,0,0%,0,0,0%,0,0%,0,0,0%,0,0%,0,0,0%,0,0%,0,0,0%,0,0%
6475,2025-08-25,J E Harnett,33,2,6.06%,2,6.06%,4,0,0%,0,0%,29,2,6.90%,2,6.90%,0,0,0%,0,0%,0,0,0%,0,0%
6476,2025-08-25,Freddie Gordon,214,37,17.29%,43,20.09%,0,0,0%,0,0%,13,3,23.08%,4,30.77%,38,7,18.42%,6,15.79%,163,27,16.56%,33,20.25%
6477,2025-08-25,Oliver Carmichael,72,6,8.33%,4,5.56%,29,2,6.90%,1,3.45%,43,4,9.30%,3,6.98%,0,0,0%,0,0%,0,0,0%,0,0%
6478,2025-08-25,Alyse Jane Clarke,48,3,6.25%,1,2.08%,15,0,0%,1,6.67%,33,3,9.09%,0,0%,0,0,0%,0,0%,0,0,0%,0,0%
6479,2025-08-25,Mr Archie Samuel Jones,2,0,0%,0,0%,0,0,0%,0,0%,0,0,0%,0,0%,0,0,0%,0,0%,2,0,0%,0,0%
6480,2025-08-25,Miss Alice Cooke,6,1,16.67%,0,0.00%,2,0,0%,0,0%,4,1,25.00%,0,0%,0,0,0%,0,0%,0,0,0%,0,0%
6481,2025-08-25,Mr M G Purcell,3,0,0%,0,0%,0,0,0%,0,0%,3,0,0%,0,0%,0,0,0%,0,0%,0,0,0%,0,0%
6482,2025-08-25,Eamonn Fitzgerald,1,0,0%,0,0%,0,0,0%,0,0%,0,0,0%,0,0%,0,0,0%,0,0%,1,0,0%,0,0%
6483,2025-08-25,Miss Isabella Francis,1,1,100.00%,0,0.00%,1,1,100.00%,0,0%,0,0,0%,0,0%,0,0,0%,0,0%,0,0,0%,0,0%
6484,2025-08-25,Mr Rian Corcoran,11,0,0%,1,0%,2,0,0%,0,0%,0,0,0%,0,0%,2,0,0%,0,0%,7,0,0%,1,14.29%
6485,2025-08-25,Mr Shane O'Callaghan,5,0,0%,0,0%,0,0,0%,0,0%,0,0,0%,0,0%,2,0,0%,0,0%,3,0,0%,0,0%
6486,2025-08-25,Mr D Andrews,21,4,19.05%,5,23.81%,0,0,0%,0,0%,3,1,33.33%,2,66.67%,17,3,17.65%,2,11.76%,1,0,0%,1,100.00%
6487,2025-08-25,Miss N Parker,18,3,16.67%,6,33.33%,0,0,0%,0,0%,0,0,0%,0,0%,16,3,18.75%,6,37.50%,2,0,0%,0,0%
6488,2025-08-25,Miss L Turner,1,0,0%,0,0%,0,0,0%,0,0%,0,0,0%,0,0%,1,0,0%,0,0%,0,0,0%,0,0%
6489,2025-08-25,Miss Megan Davies,14,1,7.14%,1,7.14%,3,0,0%,0,0%,8,1,12.50%,0,0%,0,0,0%,0,0%,3,0,0%,1,33.33%
6490,2025-08-25,Jack Doughty,838,110,13.13%,179,21.36%,449,53,11.80%,110,24.50%,388,57,14.69%,69,17.78%,1,0,0%,0,0%,0,0,0%,0,0%
6491,2025-08-25,Alicia Perkins,41,2,4.88%,5,12.20%,25,2,8.00%,2,8.00%,16,0,0%,3,18.75%,0,0,0%,0,0%,0,0,0%,0,0%
6492,2025-08-25,B Le Clerc,8,0,0%,3,0%,0,0,0%,0,0%,0,0,0%,0,0%,2,0,0%,1,50.00%,6,0,0%,2,33.33%
6493,2025-08-25,Mr Finn Tegetmeier,27,2,7.41%,3,11.11%,0,0,0%,0,0%,18,1,5.56%,2,11.11%,1,0,0%,0,0%,8,1,12.50%,1,12.50%
6494,2025-08-25,Miss Annabelle Haddon-Wight,1,0,0%,1,0%,1,0,0%,1,100.00%,0,0,0%,0,0%,0,0,0%,0,0%,0,0,0%,0,0%
6495,2025-08-25,Miss Ella Fryer,4,0,0%,0,0%,2,0,0%,0,0%,2,0,0%,0,0%,0,0,0%,0,0%,0,0,0%,0,0%
6496,2025-08-25,J Bowen,11,2,18.18%,4,36.36%,0,0,0%,0,0%,0,0,0%,0,0%,1,0,0%,0,0%,10,2,20.00%,4,40.00%
6497,2025-08-25,Ben Smith,141,11,7.80%,20,14.18%,1,0,0%,0,0%,5,0,0%,0,0%,19,2,10.53%,1,5.26%,116,9,7.76%,19,16.38%
6498,2025-08-25,P Slozil,2,0,0%,0,0%,0,0,0%,0,0%,0,0,0%,0,0%,1,0,0%,0,0%,1,0,0%,0,0%
6499,2025-08-25,Mr S R Hamilton,3,0,0%,0,0%,0,0,0%,0,0%,2,0,0%,0,0%,1,0,0%,0,0%,0,0,0%,0,0%
6500,2025-08-25,Mr A J Lord,9,0,0%,0,0%,0,0,0%,0,0%,9,0,0%,0,0%,0,0,0%,0,0%,0,0,0%,0,0%
6501,2025-08-25,Mr M J Delahunty,1,0,0%,0,0%,0,0,0%,0,0%,1,0,0%,0,0%,0,0,0%,0,0%,0,0,0%,0,0%
6502,2025-08-25,Mr J P Sampson,13,0,0%,0,0%,0,0,0%,0,0%,11,0,0%,0,0%,2,0,0%,0,0%,0,0,0%,0,0%
6503,2025-08-25,Mr O Watson,0,0,0%,0,0%,0,0,0%,0,0%,0,0,0%,0,0%,0,0,0%,0,0%,0,0,0%,0,0%
6504,2025-08-25,Tom Kiely-Marshall,268,28,10.45%,48,17.91%,76,8,10.53%,16,21.05%,192,20,10.42%,32,16.67%,0,0,0%,0,0%,0,0,0%,0,0%
6505,2025-08-25,Mr William Hamilton,5,0,0%,0,0%,0,0,0%,0,0%,0,0,0%,0,0%,2,0,0%,0,0%,3,0,0%,0,0%
6506,2025-08-25,Mr C Johnstone-Baker,6,1,16.67%,3,50.00%,0,0,0%,0,0%,2,1,50.00%,0,0%,0,0,0%,0,0%,4,0,0%,3,75.00%
6507,2025-08-25,Miss Courtney Peet,3,0,0%,0,0%,1,0,0%,0,0%,1,0,0%,0,0%,0,0,0%,0,0%,1,0,0%,0,0%
6508,2025-08-25,Anna McGuinness,68,5,7.35%,11,16.18%,0,0,0%,0,0%,6,1,16.67%,3,50.00%,18,0,0%,5,27.78%,44,4,9.09%,3,6.82%
6509,2025-08-25,Mr R L Payne,1,0,0%,0,0%,0,0,0%,0,0%,1,0,0%,0,0%,0,0,0%,0,0%,0,0,0%,0,0%
6510,2025-08-25,L Donnelly,8,1,12.50%,0,0.00%,0,0,0%,0,0%,0,0,0%,0,0%,0,0,0%,0,0%,8,1,12.50%,0,0%
6511,2025-08-25,Mr M J Kenneally,47,3,6.38%,10,21.28%,0,0,0%,0,0%,26,0,0%,5,19.23%,10,3,30.00%,4,40.00%,11,0,0%,1,9.09%
6512,2025-08-25,Miss Annabelle Hadden-Wight,1,0,0%,0,0%,1,0,0%,0,0%,0,0,0%,0,0%,0,0,0%,0,0%,0,0,0%,0,0%
6513,2025-08-25,Bdr B Durrell,2,0,0%,0,0%,0,0,0%,0,0%,0,0,0%,0,0%,1,0,0%,0,0%,1,0,0%,0,0%
6514,2025-08-25,Lt W Aprahamian,3,0,0%,1,0%,0,0,0%,0,0%,0,0,0%,0,0%,1,0,0%,0,0%,2,0,0%,1,50.00%
6515,2025-08-25,Bdr Jody Sole,4,1,25.00%,1,25.00%,0,0,0%,0,0%,0,0,0%,0,0%,2,0,0%,1,50.00%,2,1,50.00%,0,0%
6516,2025-08-25,Cpt Douglas White,1,0,0%,1,0%,0,0,0%,0,0%,0,0,0%,0,0%,1,0,0%,1,100.00%,0,0,0%,0,0%
6517,2025-08-25,Nicolas Gauffenic,1,0,0%,0,0%,0,0,0%,0,0%,0,0,0%,0,0%,1,0,0%,0,0%,0,0,0%,0,0%
6518,2025-08-25,Mr Cian Murphy,4,0,0%,1,0%,1,0,0%,0,0%,1,0,0%,1,100.00%,1,0,0%,0,0%,1,0,0%,0,0%
6519,2025-08-25,H D O'Dwyer,1,0,0%,0,0%,0,0,0%,0,0%,1,0,0%,0,0%,0,0,0%,0,0%,0,0,0%,0,0%
6520,2025-08-25,Miss E McGarty-Jones,4,0,0%,0,0%,2,0,0%,0,0%,1,0,0%,0,0%,0,0,0%,0,0%,1,0,0%,0,0%
6521,2025-08-25,Jamie-Lee Gonet,2,0,0%,0,0%,1,0,0%,0,0%,1,0,0%,0,0%,0,0,0%,0,0%,0,0,0%,0,0%
6522,2025-08-25,Barry Lewis,3,0,0%,0,0%,3,0,0%,0,0%,0,0,0%,0,0%,0,0,0%,0,0%,0,0,0%,0,0%
6523,2025-08-25,Mr Douglas White,5,1,20.00%,0,0.00%,0,0,0%,0,0%,0,0,0%,0,0%,5,1,20.00%,0,0%,0,0,0%,0,0%
6524,2025-08-25,Shauna Knowles,1,0,0%,1,0%,0,0,0%,0,0%,1,0,0%,1,100.00%,0,0,0%,0,0%,0,0,0%,0,0%
6525,2025-08-25,Sara Peyroles,1,0,0%,0,0%,0,0,0%,0,0%,1,0,0%,0,0%,0,0,0%,0,0%,0,0,0%,0,0%
6526,2025-08-25,Killian Dunne,1,0,0%,0,0%,0,0,0%,0,0%,1,0,0%,0,0%,0,0,0%,0,0%,0,0,0%,0,0%
6527,2025-08-25,Adam Connolly,1,0,0%,0,0%,0,0,0%,0,0%,1,0,0%,0,0%,0,0,0%,0,0%,0,0,0%,0,0%
6528,2025-08-25,Tara Carroll,1,0,0%,0,0%,0,0,0%,0,0%,1,0,0%,0,0%,0,0,0%,0,0%,0,0,0%,0,0%
6529,2025-08-25,Mark Dunne,1,0,0%,0,0%,0,0,0%,0,0%,1,0,0%,0,0%,0,0,0%,0,0%,0,0,0%,0,0%
6530,2025-08-25,Gro Hylen,1,0,0%,0,0%,0,0,0%,0,0%,1,0,0%,0,0%,0,0,0%,0,0%,0,0,0%,0,0%
6531,2025-08-25,Jane Griffin,1,0,0%,0,0%,0,0,0%,0,0%,1,0,0%,0,0%,0,0,0%,0,0%,0,0,0%,0,0%
6532,2025-08-25,Rachel Doody,1,0,0%,0,0%,0,0,0%,0,0%,1,0,0%,0,0%,0,0,0%,0,0%,0,0,0%,0,0%
6533,2025-08-25,Shauna Carroll,1,0,0%,0,0%,0,0,0%,0,0%,1,0,0%,0,0%,0,0,0%,0,0%,0,0,0%,0,0%
6534,2025-08-25,Emma Gilligan,1,1,100.00%,0,0.00%,0,0,0%,0,0%,1,1,100.00%,0,0%,0,0,0%,0,0%,0,0,0%,0,0%
6535,2025-08-25,Gary Regan,1,0,0%,1,0%,0,0,0%,0,0%,1,0,0%,1,100.00%,0,0,0%,0,0%,0,0,0%,0,0%
6536,2025-08-25,Jemma O'Sullivan,1,0,0%,0,0%,0,0,0%,0,0%,1,0,0%,0,0%,0,0,0%,0,0%,0,0,0%,0,0%
6537,2025-08-25,Grace Dorgan,2,0,0%,0,0%,0,0,0%,0,0%,2,0,0%,0,0%,0,0,0%,0,0%,0,0,0%,0,0%
6538,2025-08-25,Caoilfhionn Horgan,4,0,0%,0,0%,2,0,0%,0,0%,2,0,0%,0,0%,0,0,0%,0,0%,0,0,0%,0,0%
6539,2025-08-25,Miss Louise Chance,7,0,0%,1,0%,1,0,0%,0,0%,0,0,0%,0,0%,1,0,0%,0,0%,5,0,0%,1,20.00%
6540,2025-08-25,Miss Clodagh Horrigan,3,0,0%,0,0%,3,0,0%,0,0%,0,0,0%,0,0%,0,0,0%,0,0%,0,0,0%,0,0%
6541,2025-08-25,Mr T Hutsby,12,0,0%,1,0%,1,0,0%,0,0%,0,0,0%,0,0%,8,0,0%,1,12.50%,3,0,0%,0,0%
6542,2025-08-25,Dominique Van Der Kraats,16,1,6.25%,0,0.00%,7,1,14.29%,0,0%,9,0,0%,0,0%,0,0,0%,0,0%,0,0,0%,0,0%
6543,2025-08-25,D S O'Sullivan,168,12,7.14%,27,16.07%,46,2,4.35%,11,23.91%,122,10,8.20%,16,13.11%,0,0,0%,0,0%,0,0,0%,0,0%
6544,2025-08-25,Mr K P Healy,19,3,15.79%,2,10.53%,2,1,50.00%,0,0%,7,0,0%,0,0%,4,2,50.00%,1,25.00%,6,0,0%,1,16.67%
6545,2025-08-25,Mr Gary Derwin,1,0,0%,0,0%,0,0,0%,0,0%,0,0,0%,0,0%,1,0,0%,0,0%,0,0,0%,0,0%
6546,2025-08-25,Frederick Daly,6,0,0%,1,0%,3,0,0%,1,33.33%,3,0,0%,0,0%,0,0,0%,0,0%,0,0,0%,0,0%
6547,2025-08-25,C J Whiteley,9,0,0%,3,0%,3,0,0%,1,33.33%,6,0,0%,2,33.33%,0,0,0%,0,0%,0,0,0%,0,0%
6548,2025-08-25,Mr P R O'Neill,5,0,0%,0,0%,0,0,0%,0,0%,5,0,0%,0,0%,0,0,0%,0,0%,0,0,0%,0,0%
6549,2025-08-25,Ms A Egan,2,0,0%,0,0%,0,0,0%,0,0%,2,0,0%,0,0%,0,0,0%,0,0%,0,0,0%,0,0%
6550,2025-08-25,Mr George Edgedale,2,0,0%,1,0%,0,0,0%,0,0%,0,0,0%,0,0%,2,0,0%,1,50.00%,0,0,0%,0,0%
6551,2025-08-25,N Romain,1,0,0%,0,0%,0,0,0%,0,0%,0,0,0%,0,0%,1,0,0%,0,0%,0,0,0%,0,0%
6552,2025-08-25,James Robottom,16,3,18.75%,2,12.50%,0,0,0%,0,0%,0,0,0%,0,0%,0,0,0%,0,0%,16,3,18.75%,2,12.50%
6553,2025-08-25,Miss Remie Morgan,12,0,0%,1,0%,5,0,0%,1,20.00%,7,0,0%,0,0%,0,0,0%,0,0%,0,0,0%,0,0%
6554,2025-08-25,Miss Lillie May,2,0,0%,1,0%,2,0,0%,1,50.00%,0,0,0%,0,0%,0,0,0%,0,0%,0,0,0%,0,0%
6555,2025-08-25,Mr Darragh Allen,2,0,0%,0,0%,0,0,0%,0,0%,0,0,0%,0,0%,1,0,0%,0,0%,1,0,0%,0,0%
6556,2025-08-25,Hana Macdonald,7,0,0%,0,0%,4,0,0%,0,0%,3,0,0%,0,0%,0,0,0%,0,0%,0,0,0%,0,0%
6557,2025-08-25,M Crehan,20,3,15.00%,4,20.00%,3,0,0%,0,0%,17,3,17.65%,4,23.53%,0,0,0%,0,0%,0,0,0%,0,0%
6558,2025-08-25,D J Power,33,1,3.03%,1,3.03%,5,0,0%,1,20.00%,21,1,4.76%,0,0%,0,0,0%,0,0%,7,0,0%,0,0%
6559,2025-08-25,Mr E P Powell,3,0,0%,0,0%,0,0,0%,0,0%,1,0,0%,0,0%,2,0,0%,0,0%,0,0,0%,0,0%
6560,2025-08-25,Mr C Lamon,9,0,0%,0,0%,0,0,0%,0,0%,9,0,0%,0,0%,0,0,0%,0,0%,0,0,0%,0,0%
6561,2025-08-25,Mr J P O'Neill,3,0,0%,0,0%,0,0,0%,0,0%,3,0,0%,0,0%,0,0,0%,0,0%,0,0,0%,0,0%
6562,2025-08-25,J Lovegrove-Fielden,1,0,0%,0,0%,0,0,0%,0,0%,0,0,0%,0,0%,1,0,0%,0,0%,0,0,0%,0,0%
6563,2025-08-25,Charlotta Ericsson,1,0,0%,0,0%,0,0,0%,0,0%,0,0,0%,0,0%,0,0,0%,0,0%,1,0,0%,0,0%
6564,2025-08-25,H Sourbe,0,0,0%,0,0%,0,0,0%,0,0%,0,0,0%,0,0%,0,0,0%,0,0%,0,0,0%,0,0%
6565,2025-08-25,Baz Lewis,14,1,7.14%,4,28.57%,10,0,0%,3,30.00%,4,1,25.00%,1,25.00%,0,0,0%,0,0%,0,0,0%,0,0%
6566,2025-08-25,Miss Lauren Frost,34,3,8.82%,4,11.76%,17,3,17.65%,3,17.65%,17,0,0%,1,5.88%,0,0,0%,0,0%,0,0,0%,0,0%
6567,2025-08-25,Mr Jake Dickson,7,0,0%,1,0%,3,0,0%,0,0%,4,0,0%,1,25.00%,0,0,0%,0,0%,0,0,0%,0,0%
6568,2025-08-25,Mr Archiell Jones,8,0,0%,4,0%,0,0,0%,0,0%,0,0,0%,0,0%,5,0,0%,2,40.00%,3,0,0%,2,66.67%
6569,2025-08-25,Mr E J Roche,1,0,0%,0,0%,0,0,0%,0,0%,0,0,0%,0,0%,1,0,0%,0,0%,0,0,0%,0,0%
6570,2025-08-25,Taryn Langley,213,20,9.39%,47,22.07%,113,9,7.96%,22,19.47%,100,11,11.00%,25,25.00%,0,0,0%,0,0%,0,0,0%,0,0%
6571,2025-08-25,Mr Freddie Keighley,27,1,3.70%,3,11.11%,0,0,0%,0,0%,9,0,0%,1,11.11%,5,0,0%,1,20.00%,13,1,7.69%,1,7.69%
6572,2025-08-25,G Harney,0,0,0%,0,0%,0,0,0%,0,0%,0,0,0%,0,0%,0,0,0%,0,0%,0,0,0%,0,0%
6573,2025-08-25,Mr Henry Moore,2,0,0%,0,0%,0,0,0%,0,0%,2,0,0%,0,0%,0,0,0%,0,0%,0,0,0%,0,0%
6574,2025-08-25,Mr William Dunlop,13,0,0%,3,0%,5,0,0%,1,20.00%,8,0,0%,2,25.00%,0,0,0%,0,0%,0,0,0%,0,0%
6575,2025-08-25,D J Murphy,20,0,0%,3,0%,13,0,0%,1,7.69%,7,0,0%,2,28.57%,0,0,0%,0,0%,0,0,0%,0,0%
6576,2025-08-25,C O'Shea,1,0,0%,0,0%,0,0,0%,0,0%,1,0,0%,0,0%,0,0,0%,0,0%,0,0,0%,0,0%
6577,2025-08-25,Miss Emma J Brown,3,1,33.33%,1,33.33%,0,0,0%,0,0%,0,0,0%,0,0%,1,0,0%,1,100.00%,2,1,50.00%,0,0%
6578,2025-08-25,Miss Leah Banham,5,0,0%,1,0%,4,0,0%,1,25.00%,1,0,0%,0,0%,0,0,0%,0,0%,0,0,0%,0,0%
6579,2025-08-25,Miss Ella McGarry,5,1,20.00%,0,0.00%,0,0,0%,0,0%,1,0,0%,0,0%,0,0,0%,0,0%,4,1,25.00%,0,0%
6580,2025-08-25,Miss I M Oliver,7,1,14.29%,2,28.57%,0,0,0%,0,0%,6,1,16.67%,1,16.67%,0,0,0%,0,0%,1,0,0%,1,100.00%
6581,2025-08-25,Jack Power,73,13,17.81%,14,19.18%,0,0,0%,0,0%,4,2,50.00%,1,25.00%,24,5,20.83%,2,8.33%,45,6,13.33%,11,24.44%
6582,2025-08-25,T Casey,49,1,2.04%,10,20.41%,7,0,0%,2,28.57%,42,1,2.38%,8,19.05%,0,0,0%,0,0%,0,0,0%,0,0%
6583,2025-08-25,Alan King,2,1,50.00%,0,0.00%,0,0,0%,0,0%,0,0,0%,0,0%,2,1,50.00%,0,0%,0,0,0%,0,0%
6584,2025-08-25,Mr Joshua Parker,8,0,0%,2,0%,0,0,0%,0,0%,1,0,0%,0,0%,3,0,0%,1,33.33%,4,0,0%,1,25.00%
6585,2025-08-25,B Durrell,2,0,0%,1,0%,0,0,0%,0,0%,0,0,0%,0,0%,1,0,0%,0,0%,1,0,0%,1,100.00%
6586,2025-08-25,Nathan Rahman,3,1,33.33%,0,0.00%,0,0,0%,0,0%,0,0,0%,0,0%,1,0,0%,0,0%,2,1,50.00%,0,0%
6587,2025-08-25,Miss Isabel Harrison,2,0,0%,2,0%,0,0,0%,0,0%,0,0,0%,0,0%,0,0,0%,0,0%,2,0,0%,2,100.00%
6588,2025-08-25,Rebecca Parsons,13,0,0%,4,0%,1,0,0%,0,0%,12,0,0%,4,33.33%,0,0,0%,0,0%,0,0,0%,0,0%
6589,2025-08-25,Mr Conal Kavanagh,3,1,33.33%,1,33.33%,0,0,0%,0,0%,0,0,0%,0,0%,2,1,50.00%,0,0%,1,0,0%,1,100.00%
6590,2025-08-25,Mr Osian Radford,4,0,0%,1,0%,0,0,0%,0,0%,0,0,0%,0,0%,4,0,0%,1,25.00%,0,0,0%,0,0%
6591,2025-08-25,Mr Josh Barber,1,0,0%,0,0%,0,0,0%,0,0%,0,0,0%,0,0%,1,0,0%,0,0%,0,0,0%,0,0%
6592,2025-08-25,Aidan Jones,2,0,0%,1,0%,1,0,0%,0,0%,1,0,0%,1,100.00%,0,0,0%,0,0%,0,0,0%,0,0%
6593,2025-08-25,T R Costello,3,0,0%,0,0%,0,0,0%,0,0%,3,0,0%,0,0%,0,0,0%,0,0%,0,0,0%,0,0%
6594,2025-08-25,J Purtill,2,0,0%,0,0%,0,0,0%,0,0%,2,0,0%,0,0%,0,0,0%,0,0%,0,0,0%,0,0%
6595,2025-08-25,B Jones,2,0,0%,0,0%,0,0,0%,0,0%,0,0,0%,0,0%,1,0,0%,0,0%,1,0,0%,0,0%
6596,2025-08-25,Mr A J O'Neill,1,0,0%,0,0%,0,0,0%,0,0%,1,0,0%,0,0%,0,0,0%,0,0%,0,0,0%,0,0%
6597,2025-08-25,Miss Poppy Wynne,7,1,14.29%,1,14.29%,1,0,0%,0,0%,6,1,16.67%,1,16.67%,0,0,0%,0,0%,0,0,0%,0,0%
6598,2025-08-25,Miss Leanne Ferguson,5,0,0%,2,0%,2,0,0%,1,50.00%,3,0,0%,1,33.33%,0,0,0%,0,0%,0,0,0%,0,0%
6599,2025-08-25,Mr F P Murphy,7,0,0%,0,0%,0,0,0%,0,0%,1,0,0%,0,0%,5,0,0%,0,0%,1,0,0%,0,0%
6600,2025-08-25,R Patrick,183,16,8.74%,40,21.86%,0,0,0%,0,0%,6,0,0%,0,0%,62,6,9.68%,14,22.58%,115,10,8.70%,26,22.61%
6601,2025-08-25,Mr F Philipson-Stow,9,1,11.11%,1,11.11%,0,0,0%,0,0%,2,0,0%,0,0%,7,1,14.29%,1,14.29%,0,0,0%,0,0%
6602,2025-08-25,Mr Robbie David,73,9,12.33%,16,21.92%,0,0,0%,0,0%,3,0,0%,0,0%,23,1,4.35%,6,26.09%,47,8,17.02%,10,21.28%
6603,2025-08-25,Mr N Romain,1,0,0%,0,0%,0,0,0%,0,0%,0,0,0%,0,0%,1,0,0%,0,0%,0,0,0%,0,0%
6604,2025-08-25,Patrick Wadge,3,0,0%,1,0%,0,0,0%,0,0%,0,0,0%,0,0%,2,0,0%,1,50.00%,1,0,0%,0,0%
6605,2025-08-25,Peter Rathigan,1,0,0%,0,0%,0,0,0%,0,0%,1,0,0%,0,0%,0,0,0%,0,0%,0,0,0%,0,0%
6606,2025-08-25,Niall McCarthy,1,0,0%,0,0%,0,0,0%,0,0%,1,0,0%,0,0%,0,0,0%,0,0%,0,0,0%,0,0%
6607,2025-08-25,Conor Hawkins,1,0,0%,0,0%,0,0,0%,0,0%,1,0,0%,0,0%,0,0,0%,0,0%,0,0,0%,0,0%
6608,2025-08-25,Jack Tracy,1,0,0%,0,0%,0,0,0%,0,0%,1,0,0%,0,0%,0,0,0%,0,0%,0,0,0%,0,0%
6609,2025-08-25,Joanna Thornton,1,0,0%,0,0%,0,0,0%,0,0%,1,0,0%,0,0%,0,0,0%,0,0%,0,0,0%,0,0%
6610,2025-08-25,Sara Jane Tracy,1,0,0%,0,0%,0,0,0%,0,0%,1,0,0%,0,0%,0,0,0%,0,0%,0,0,0%,0,0%
6611,2025-08-25,Garry Cribbin,1,0,0%,1,0%,0,0,0%,0,0%,1,0,0%,1,100.00%,0,0,0%,0,0%,0,0,0%,0,0%
6612,2025-08-25,Dan Blanchfield,1,0,0%,0,0%,0,0,0%,0,0%,1,0,0%,0,0%,0,0,0%,0,0%,0,0,0%,0,0%
6613,2025-08-25,Adrian Sexton,1,0,0%,0,0%,0,0,0%,0,0%,1,0,0%,0,0%,0,0,0%,0,0%,0,0,0%,0,0%
6614,2025-08-25,Grace O'Rourke,1,0,0%,0,0%,0,0,0%,0,0%,1,0,0%,0,0%,0,0,0%,0,0%,0,0,0%,0,0%
6615,2025-08-25,Corra Doyle,1,0,0%,0,0%,0,0,0%,0,0%,1,0,0%,0,0%,0,0,0%,0,0%,0,0,0%,0,0%
6616,2025-08-25,David Morgan,1,0,0%,0,0%,0,0,0%,0,0%,1,0,0%,0,0%,0,0,0%,0,0%,0,0,0%,0,0%
6617,2025-08-25,Alfie Redman,57,5,8.77%,7,12.28%,28,2,7.14%,4,14.29%,29,3,10.34%,3,10.34%,0,0,0%,0,0%,0,0,0%,0,0%
6618,2025-08-25,A Harvey,361,41,11.36%,69,19.11%,1,0,0%,0,0%,8,2,25.00%,1,12.50%,83,7,8.43%,21,25.30%,269,32,11.90%,47,17.47%
6619,2025-08-25,Mr T C Kileff,8,0,0%,3,0%,0,0,0%,0,0%,1,0,0%,0,0%,4,0,0%,2,50.00%,3,0,0%,1,33.33%
6620,2025-08-25,Miss Isobel Mactaggart,3,0,0%,0,0%,0,0,0%,0,0%,1,0,0%,0,0%,2,0,0%,0,0%,0,0,0%,0,0%
6621,2025-08-25,Mr C B Sheehan,1,0,0%,1,0%,0,0,0%,0,0%,0,0,0%,0,0%,1,0,0%,1,100.00%,0,0,0%,0,0%
6622,2025-08-25,Daniel Muscott,1,1,100.00%,0,0.00%,0,0,0%,0,0%,1,1,100.00%,0,0%,0,0,0%,0,0%,0,0,0%,0,0%
6623,2025-08-25,Ms N J Irvine,1,0,0%,0,0%,0,0,0%,0,0%,1,0,0%,0,0%,0,0,0%,0,0%,0,0,0%,0,0%
6624,2025-08-25,Abigail Susan Murphy,5,0,0%,0,0%,0,0,0%,0,0%,5,0,0%,0,0%,0,0,0%,0,0%,0,0,0%,0,0%
6625,2025-08-25,S A Wallace,41,3,7.32%,3,7.32%,17,2,11.76%,1,5.88%,24,1,4.17%,2,8.33%,0,0,0%,0,0%,0,0,0%,0,0%
6626,2025-08-25,Mr James Shaw,11,0,0%,0,0%,0,0,0%,0,0%,0,0,0%,0,0%,8,0,0%,0,0%,3,0,0%,0,0%
6627,2025-08-25,Mr Michael Treneer,4,0,0%,0,0%,0,0,0%,0,0%,0,0,0%,0,0%,4,0,0%,0,0%,0,0,0%,0,0%
6628,2025-08-25,Mr Henry Bailey,4,1,25.00%,0,0.00%,0,0,0%,0,0%,0,0,0%,0,0%,4,1,25.00%,0,0%,0,0,0%,0,0%
6629,2025-08-25,Mr H D O'Dwyer,13,1,7.69%,2,15.38%,1,0,0%,0,0%,2,0,0%,0,0%,8,1,12.50%,2,25.00%,2,0,0%,0,0%
6630,2025-08-25,Mr D J Hanlon,3,0,0%,1,0%,0,0,0%,0,0%,1,0,0%,0,0%,2,0,0%,1,50.00%,0,0,0%,0,0%
6631,2025-08-25,Mitchell Aitken,1,0,0%,0,0%,0,0,0%,0,0%,1,0,0%,0,0%,0,0,0%,0,0%,0,0,0%,0,0%
6632,2025-08-25,Fern O'Brien,83,10,12.05%,16,19.28%,4,0,0%,0,0%,11,0,0%,2,18.18%,9,0,0%,3,33.33%,59,10,16.95%,11,18.64%
6633,2025-08-25,P Hanlon,357,18,5.04%,51,14.29%,0,0,0%,0,0%,26,1,3.85%,3,11.54%,60,5,8.33%,8,13.33%,271,12,4.43%,40,14.76%
6634,2025-08-25,Miss Becca Shepherd,3,0,0%,1,0%,0,0,0%,0,0%,0,0,0%,0,0%,2,0,0%,0,0%,1,0,0%,1,100.00%
6635,2025-08-25,Ms H Dunne,2,0,0%,0,0%,0,0,0%,0,0%,2,0,0%,0,0%,0,0,0%,0,0%,0,0,0%,0,0%
6636,2025-08-25,Mr Harvey Barfoot-Saunt,11,0,0%,0,0%,0,0,0%,0,0%,2,0,0%,0,0%,6,0,0%,0,0%,3,0,0%,0,0%
6637,2025-08-25,Mr T E O'Connor,1,0,0%,0,0%,0,0,0%,0,0%,1,0,0%,0,0%,0,0,0%,0,0%,0,0,0%,0,0%
6638,2025-08-25,H E Sexton,200,9,4.50%,26,13.00%,0,0,0%,0,0%,8,0,0%,1,12.50%,41,4,9.76%,8,19.51%,151,5,3.31%,17,11.26%
6639,2025-08-25,T E Breen,3,0,0%,0,0%,0,0,0%,0,0%,3,0,0%,0,0%,0,0,0%,0,0%,0,0,0%,0,0%
6640,2025-08-25,Ms S Peyroles,3,0,0%,0,0%,0,0,0%,0,0%,3,0,0%,0,0%,0,0,0%,0,0%,0,0,0%,0,0%
6641,2025-08-25,A C Ryan,1,0,0%,0,0%,0,0,0%,0,0%,1,0,0%,0,0%,0,0,0%,0,0%,0,0,0%,0,0%
6642,2025-08-25,Mr T P Aherne,2,0,0%,0,0%,0,0,0%,0,0%,1,0,0%,0,0%,1,0,0%,0,0%,0,0,0%,0,0%
6643,2025-08-25,Fred Daly,110,11,10.00%,22,20.00%,54,5,9.26%,11,20.37%,56,6,10.71%,11,19.64%,0,0,0%,0,0%,0,0,0%,0,0%
6644,2025-08-25,Gabriella Hill,40,3,7.50%,11,27.50%,4,0,0%,1,25.00%,36,3,8.33%,10,27.78%,0,0,0%,0,0%,0,0,0%,0,0%
6645,2025-08-25,Miss Stephanie Dorey,20,3,15.00%,3,15.00%,4,0,0%,1,25.00%,16,3,18.75%,2,12.50%,0,0,0%,0,0%,0,0,0%,0,0%
6646,2025-08-25,Zoe Lewis,29,2,6.90%,1,3.45%,14,2,14.29%,1,7.14%,15,0,0%,0,0%,0,0,0%,0,0%,0,0,0%,0,0%
6647,2025-08-25,Shay Farmer,139,14,10.07%,23,16.55%,32,1,3.13%,2,6.25%,107,13,12.15%,21,19.63%,0,0,0%,0,0%,0,0,0%,0,0%
6648,2025-08-25,D P White,5,0,0%,1,0%,0,0,0%,0,0%,0,0,0%,0,0%,0,0,0%,0,0%,5,0,0%,1,20.00%
6649,2025-08-25,Miss Kayleigh McCammon,3,0,0%,0,0%,1,0,0%,0,0%,2,0,0%,0,0%,0,0,0%,0,0%,0,0,0%,0,0%
6650,2025-08-25,C A Bowman,1,0,0%,0,0%,0,0,0%,0,0%,0,0,0%,0,0%,0,0,0%,0,0%,1,0,0%,0,0%
6651,2025-08-25,Isobelle Chalmers,43,2,4.65%,4,9.30%,22,1,4.55%,2,9.09%,21,1,4.76%,2,9.52%,0,0,0%,0,0%,0,0,0%,0,0%
6652,2025-08-25,S T Stafford,1,0,0%,0,0%,0,0,0%,0,0%,1,0,0%,0,0%,0,0,0%,0,0%,0,0,0%,0,0%
6653,2025-08-25,Thomas Foley,0,0,0%,0,0%,0,0,0%,0,0%,0,0,0%,0,0%,0,0,0%,0,0%,0,0,0%,0,0%
6654,2025-08-25,Ms Taylor Kingsley,1,0,0%,0,0%,0,0,0%,0,0%,1,0,0%,0,0%,0,0,0%,0,0%,0,0,0%,0,0%
6655,2025-08-25,Mr Harry Smith,9,1,11.11%,5,55.56%,2,1,50.00%,1,50.00%,7,0,0%,4,57.14%,0,0,0%,0,0%,0,0,0%,0,0%
6656,2025-08-25,Fabien Lefebvre,1,0,0%,0,0%,0,0,0%,0,0%,1,0,0%,0,0%,0,0,0%,0,0%,0,0,0%,0,0%
6657,2025-08-25,Emisael Jaramillo,1,0,0%,1,0%,0,0,0%,0,0%,1,0,0%,1,100.00%,0,0,0%,0,0%,0,0,0%,0,0%
6658,2025-08-25,Megan Telford-Kelly,13,1,7.69%,1,7.69%,0,0,0%,0,0%,13,1,7.69%,1,7.69%,0,0,0%,0,0%,0,0,0%,0,0%
6659,2025-08-25,Lauren Young,84,10,11.90%,13,15.48%,18,3,16.67%,3,16.67%,66,7,10.61%,10,15.15%,0,0,0%,0,0%,0,0,0%,0,0%
6660,2025-08-25,A J Casey,36,2,5.56%,0,0.00%,10,1,10.00%,0,0%,26,1,3.85%,0,0%,0,0,0%,0,0%,0,0,0%,0,0%
6661,2025-08-25,Mr C A Bowman,10,0,0%,0,0%,0,0,0%,0,0%,8,0,0%,0,0%,0,0,0%,0,0%,2,0,0%,0,0%
6662,2025-08-25,S McAteer,3,0,0%,0,0%,0,0,0%,0,0%,3,0,0%,0,0%,0,0,0%,0,0%,0,0,0%,0,0%
6663,2025-08-25,S D Greene,20,0,0%,2,0%,0,0,0%,0,0%,3,0,0%,0,0%,4,0,0%,0,0%,13,0,0%,2,15.38%
6664,2025-08-25,A Egan,4,1,25.00%,1,25.00%,0,0,0%,0,0%,4,1,25.00%,1,25.00%,0,0,0%,0,0%,0,0,0%,0,0%
6665,2025-08-25,Mr S T Stafford,1,0,0%,0,0%,0,0,0%,0,0%,1,0,0%,0,0%,0,0,0%,0,0%,0,0,0%,0,0%
6666,2025-08-25,Mr S E Cottrill,7,0,0%,0,0%,0,0,0%,0,0%,7,0,0%,0,0%,0,0,0%,0,0%,0,0,0%,0,0%
6667,2025-08-25,M De Souza-Wearen,4,0,0%,0,0%,2,0,0%,0,0%,2,0,0%,0,0%,0,0,0%,0,0%,0,0,0%,0,0%
6668,2025-08-25,R Berry,1,0,0%,0,0%,0,0,0%,0,0%,0,0,0%,0,0%,0,0,0%,0,0%,1,0,0%,0,0%
6669,2025-08-25,Mr D O'Sullivan,9,1,11.11%,1,11.11%,0,0,0%,0,0%,9,1,11.11%,1,11.11%,0,0,0%,0,0%,0,0,0%,0,0%
6670,2025-08-25,Mr E P Cloke,2,0,0%,0,0%,0,0,0%,0,0%,2,0,0%,0,0%,0,0,0%,0,0%,0,0,0%,0,0%
6671,2025-08-25,Mr O T Gilligan,19,0,0%,0,0%,0,0,0%,0,0%,18,0,0%,0,0%,0,0,0%,0,0%,1,0,0%,0,0%
6672,2025-08-25,T Power Roche,326,36,11.04%,53,16.26%,0,0,0%,0,0%,1,0,0%,0,0%,71,7,9.86%,13,18.31%,254,29,11.42%,40,15.75%
6673,2025-08-25,Miss A T McCarthy,1,0,0%,0,0%,0,0,0%,0,0%,1,0,0%,0,0%,0,0,0%,0,0%,0,0,0%,0,0%
6674,2025-08-25,Ms A T O'Reilly,1,0,0%,0,0%,0,0,0%,0,0%,1,0,0%,0,0%,0,0,0%,0,0%,0,0,0%,0,0%
6675,2025-08-25,Vincent Ho,1,0,0%,0,0%,0,0,0%,0,0%,1,0,0%,0,0%,0,0,0%,0,0%,0,0,0%,0,0%
6676,2025-08-25,Diane Scannell,1,0,0%,0,0%,0,0,0%,0,0%,1,0,0%,0,0%,0,0,0%,0,0%,0,0,0%,0,0%
6677,2025-08-25,Joanne Quirke,1,0,0%,0,0%,0,0,0%,0,0%,1,0,0%,0,0%,0,0,0%,0,0%,0,0,0%,0,0%
6678,2025-08-25,Bridgit Speirs,1,0,0%,1,0%,0,0,0%,0,0%,1,0,0%,1,100.00%,0,0,0%,0,0%,0,0,0%,0,0%
6679,2025-08-25,Ryan Sands,1,0,0%,0,0%,0,0,0%,0,0%,1,0,0%,0,0%,0,0,0%,0,0%,0,0,0%,0,0%
6680,2025-08-25,Megan O'Leary,1,1,100.00%,0,0.00%,0,0,0%,0,0%,1,1,100.00%,0,0%,0,0,0%,0,0%,0,0,0%,0,0%
6681,2025-08-25,Brian Mulvey,1,0,0%,0,0%,0,0,0%,0,0%,1,0,0%,0,0%,0,0,0%,0,0%,0,0,0%,0,0%
6682,2025-08-25,A O'Donoghue,1,0,0%,0,0%,0,0,0%,0,0%,1,0,0%,0,0%,0,0,0%,0,0%,0,0,0%,0,0%
6683,2025-08-25,Miss H Mackenzie,1,0,0%,0,0%,0,0,0%,0,0%,1,0,0%,0,0%,0,0,0%,0,0%,0,0,0%,0,0%
6684,2025-08-25,Stephanie Carter,1,0,0%,0,0%,0,0,0%,0,0%,1,0,0%,0,0%,0,0,0%,0,0%,0,0,0%,0,0%
6685,2025-08-25,Jenny Fitzsimons,1,0,0%,0,0%,0,0,0%,0,0%,1,0,0%,0,0%,0,0,0%,0,0%,0,0,0%,0,0%
6686,2025-08-25,Conor O'Hara,1,0,0%,0,0%,0,0,0%,0,0%,1,0,0%,0,0%,0,0,0%,0,0%,0,0,0%,0,0%
6687,2025-08-25,S Tormey,4,0,0%,1,0%,2,0,0%,1,50.00%,2,0,0%,0,0%,0,0,0%,0,0%,0,0,0%,0,0%
6688,2025-08-25,Mr C W Reddy,2,0,0%,0,0%,0,0,0%,0,0%,1,0,0%,0,0%,0,0,0%,0,0%,1,0,0%,0,0%
6689,2025-08-25,Mr G Daly,1,0,0%,0,0%,0,0,0%,0,0%,1,0,0%,0,0%,0,0,0%,0,0%,0,0,0%,0,0%
6690,2025-08-25,Sabina Mokrosova,1,0,0%,0,0%,0,0,0%,0,0%,1,0,0%,0,0%,0,0,0%,0,0%,0,0,0%,0,0%
6691,2025-08-25,Jack Dace,218,27,12.39%,31,14.22%,87,11,12.64%,10,11.49%,131,16,12.21%,21,16.03%,0,0,0%,0,0%,0,0,0%,0,0%
6692,2025-08-25,Mr L P Barnett,5,0,0%,0,0%,0,0,0%,0,0%,5,0,0%,0,0%,0,0,0%,0,0%,0,0,0%,0,0%
6693,2025-08-25,Mr Charlie Bell,6,1,16.67%,1,16.67%,0,0,0%,0,0%,2,1,50.00%,0,0%,1,0,0%,1,100.00%,3,0,0%,0,0%
6694,2025-08-25,Miss Judit Dickinson,2,0,0%,0,0%,2,0,0%,0,0%,0,0,0%,0,0%,0,0,0%,0,0%,0,0,0%,0,0%
6695,2025-08-25,Miss Karen Dieltjens,1,0,0%,0,0%,1,0,0%,0,0%,0,0,0%,0,0%,0,0,0%,0,0%,0,0,0%,0,0%
6696,2025-08-25,Miss Giulia Pellegrini,1,0,0%,1,0%,1,0,0%,1,100.00%,0,0,0%,0,0%,0,0,0%,0,0%,0,0,0%,0,0%
6697,2025-08-25,Miss Janina Boysen,1,0,0%,0,0%,0,0,0%,0,0%,1,0,0%,0,0%,0,0,0%,0,0%,0,0,0%,0,0%
6698,2025-08-25,Mr J Plassard,0,0,0%,0,0%,0,0,0%,0,0%,0,0,0%,0,0%,0,0,0%,0,0%,0,0,0%,0,0%
6699,2025-08-25,Mr D Poggi,1,0,0%,1,0%,0,0,0%,0,0%,1,0,0%,1,100.00%,0,0,0%,0,0%,0,0,0%,0,0%
6700,2025-08-25,Mrs Karen Dieltjens,2,0,0%,1,0%,1,0,0%,0,0%,1,0,0%,1,100.00%,0,0,0%,0,0%,0,0,0%,0,0%
6701,2025-08-25,Mr A Lezama,1,0,0%,0,0%,0,0,0%,0,0%,1,0,0%,0,0%,0,0,0%,0,0%,0,0,0%,0,0%
6702,2025-08-25,Miss E Finckenhagen,0,0,0%,0,0%,0,0,0%,0,0%,0,0,0%,0,0%,0,0,0%,0,0%,0,0,0%,0,0%
6703,2025-08-25,Ms Tereza Grbavcicova,2,0,0%,1,0%,1,0,0%,1,100.00%,1,0,0%,0,0%,0,0,0%,0,0%,0,0,0%,0,0%
6704,2025-08-25,F Brickley,43,3,6.98%,7,16.28%,0,0,0%,0,0%,3,0,0%,0,0%,3,0,0%,0,0%,37,3,8.11%,7,18.92%
6705,2025-08-25,Alexandra Egan,31,4,12.90%,6,19.35%,7,2,28.57%,2,28.57%,24,2,8.33%,4,16.67%,0,0,0%,0,0%,0,0,0%,0,0%
6706,2025-08-25,A S Murphy,2,0,0%,0,0%,0,0,0%,0,0%,1,0,0%,0,0%,0,0,0%,0,0%,1,0,0%,0,0%
6707,2025-08-25,Mr S J Butler,5,0,0%,0,0%,0,0,0%,0,0%,0,0,0%,0,0%,2,0,0%,0,0%,3,0,0%,0,0%
6708,2025-08-25,Marie Velon,6,0,0%,2,0%,0,0,0%,0,0%,6,0,0%,2,33.33%,0,0,0%,0,0%,0,0,0%,0,0%
6709,2025-08-25,Rachel Venniker,5,1,20.00%,2,40.00%,0,0,0%,0,0%,5,1,20.00%,2,40.00%,0,0,0%,0,0%,0,0,0%,0,0%
6710,2025-08-25,A Sanna,5,0,0%,2,0%,0,0,0%,0,0%,5,0,0%,2,40.00%,0,0,0%,0,0%,0,0,0%,0,0%
6711,2025-08-25,J L Borrego,5,0,0%,2,0%,0,0,0%,0,0%,5,0,0%,2,40.00%,0,0,0%,0,0%,0,0,0%,0,0%
6712,2025-08-25,R A Berry,64,1,1.56%,3,4.69%,0,0,0%,0,0%,3,0,0%,0,0%,5,0,0%,1,20.00%,56,1,1.79%,2,3.57%
6713,2025-08-25,Miss C Parker,30,4,13.33%,2,6.67%,6,0,0%,0,0%,24,4,16.67%,2,8.33%,0,0,0%,0,0%,0,0,0%,0,0%
6714,2025-08-25,Miss Milica Dusanovic,2,0,0%,0,0%,1,0,0%,0,0%,1,0,0%,0,0%,0,0,0%,0,0%,0,0,0%,0,0%
6715,2025-08-25,Miss Tessa Condon,4,0,0%,1,0%,0,0,0%,0,0%,4,0,0%,1,25.00%,0,0,0%,0,0%,0,0,0%,0,0%
6716,2025-08-25,P McGettigan,191,19,9.95%,28,14.66%,50,4,8.00%,6,12.00%,141,15,10.64%,22,15.60%,0,0,0%,0,0%,0,0,0%,0,0%
6717,2025-08-25,Mr M J O'Neill,13,1,7.69%,1,7.69%,0,0,0%,0,0%,13,1,7.69%,1,7.69%,0,0,0%,0,0%,0,0,0%,0,0%
6718,2025-08-25,O D' Andigne,1,0,0%,0,0%,0,0,0%,0,0%,1,0,0%,0,0%,0,0,0%,0,0%,0,0,0%,0,0%
6719,2025-08-25,L Delozier,1,0,0%,0,0%,0,0,0%,0,0%,1,0,0%,0,0%,0,0,0%,0,0%,0,0,0%,0,0%
6720,2025-08-25,Faleh Bughenaim,30,3,10.00%,7,23.33%,8,1,12.50%,2,25.00%,22,2,9.09%,5,22.73%,0,0,0%,0,0%,0,0,0%,0,0%
6721,2025-08-25,Callum Pritchard,245,34,13.88%,62,25.31%,0,0,0%,0,0%,21,3,14.29%,6,28.57%,76,10,13.16%,17,22.37%,148,21,14.19%,39,26.35%
6722,2025-08-25,J Aherne,27,0,0%,3,0%,0,0,0%,0,0%,0,0,0%,0,0%,3,0,0%,0,0%,24,0,0%,3,12.50%
6723,2025-08-25,Chad Bament,50,10,20.00%,11,22.00%,0,0,0%,0,0%,2,0,0%,1,50.00%,13,2,15.38%,4,30.77%,35,8,22.86%,6,17.14%
6724,2025-08-25,S Coen,214,20,9.35%,47,21.96%,73,6,8.22%,21,28.77%,141,14,9.93%,26,18.44%,0,0,0%,0,0%,0,0,0%,0,0%
6725,2025-08-25,M Ghiani,1,0,0%,1,0%,0,0,0%,0,0%,1,0,0%,1,100.00%,0,0,0%,0,0%,0,0,0%,0,0%
6726,2025-08-25,J S Dalton,85,1,1.18%,14,16.47%,22,0,0%,6,27.27%,63,1,1.59%,8,12.70%,0,0,0%,0,0%,0,0,0%,0,0%
6727,2025-08-25,Miss Grace Littmoden,9,0,0%,2,0%,2,0,0%,2,100.00%,7,0,0%,0,0%,0,0,0%,0,0%,0,0,0%,0,0%
6728,2025-08-25,Mr Harry Snellgrove,2,0,0%,1,0%,1,0,0%,1,100.00%,1,0,0%,0,0%,0,0,0%,0,0%,0,0,0%,0,0%
6729,2025-08-25,Lily Jones,8,0,0%,0,0%,0,0,0%,0,0%,1,0,0%,0,0%,0,0,0%,0,0%,7,0,0%,0,0%
6730,2025-08-25,Paddy Smullen,1,0,0%,1,0%,0,0,0%,0,0%,1,0,0%,1,100.00%,0,0,0%,0,0%,0,0,0%,0,0%
6731,2025-08-25,Aisling McGuinness,6,0,0%,0,0%,4,0,0%,0,0%,2,0,0%,0,0%,0,0,0%,0,0%,0,0,0%,0,0%
6732,2025-08-25,Emily MacMahon,1,0,0%,0,0%,0,0,0%,0,0%,1,0,0%,0,0%,0,0,0%,0,0%,0,0,0%,0,0%
6733,2025-08-25,Ellie Gartlan,1,0,0%,0,0%,0,0,0%,0,0%,1,0,0%,0,0%,0,0,0%,0,0%,0,0,0%,0,0%
6734,2025-08-25,Claire Farrell,1,0,0%,0,0%,0,0,0%,0,0%,1,0,0%,0,0%,0,0,0%,0,0%,0,0,0%,0,0%
6735,2025-08-25,Charles O'Neill,1,0,0%,0,0%,0,0,0%,0,0%,1,0,0%,0,0%,0,0,0%,0,0%,0,0,0%,0,0%
6736,2025-08-25,Richard Brede,1,0,0%,0,0%,0,0,0%,0,0%,1,0,0%,0,0%,0,0,0%,0,0%,0,0,0%,0,0%
6737,2025-08-25,Aidan Coonan,1,0,0%,0,0%,0,0,0%,0,0%,1,0,0%,0,0%,0,0,0%,0,0%,0,0,0%,0,0%
6738,2025-08-25,Erin Campbell,1,0,0%,0,0%,0,0,0%,0,0%,1,0,0%,0,0%,0,0,0%,0,0%,0,0,0%,0,0%
6739,2025-08-25,Shane Harris,1,0,0%,0,0%,0,0,0%,0,0%,1,0,0%,0,0%,0,0,0%,0,0%,0,0,0%,0,0%
6740,2025-08-25,Eva O'Neill,2,0,0%,1,0%,1,0,0%,0,0%,1,0,0%,1,100.00%,0,0,0%,0,0%,0,0,0%,0,0%
6741,2025-08-25,D Stamp,1,0,0%,0,0%,0,0,0%,0,0%,1,0,0%,0,0%,0,0,0%,0,0%,0,0,0%,0,0%
6742,2025-08-25,Mark Harley,1,0,0%,0,0%,0,0,0%,0,0%,1,0,0%,0,0%,0,0,0%,0,0%,0,0,0%,0,0%
6743,2025-08-25,Joan Widger,1,0,0%,0,0%,0,0,0%,0,0%,1,0,0%,0,0%,0,0,0%,0,0%,0,0,0%,0,0%
6744,2025-08-25,Cara Archbold,1,0,0%,0,0%,0,0,0%,0,0%,1,0,0%,0,0%,0,0,0%,0,0%,0,0,0%,0,0%
6745,2025-08-25,Andrew Kinirons,1,0,0%,0,0%,0,0,0%,0,0%,1,0,0%,0,0%,0,0,0%,0,0%,0,0,0%,0,0%
6746,2025-08-25,J Pietropaolo,112,5,4.46%,20,17.86%,30,0,0%,9,30.00%,82,5,6.10%,11,13.41%,0,0,0%,0,0%,0,0,0%,0,0%
6747,2025-08-25,Mr R M McParland,13,0,0%,0,0%,0,0,0%,0,0%,9,0,0%,0,0%,1,0,0%,0,0%,3,0,0%,0,0%
6748,2025-08-25,Ms L A Byrne,9,0,0%,3,0%,0,0,0%,0,0%,9,0,0%,3,33.33%,0,0,0%,0,0%,0,0,0%,0,0%
6749,2025-08-25,Miss Sophie Johnstone,1,0,0%,1,0%,0,0,0%,0,0%,1,0,0%,1,100.00%,0,0,0%,0,0%,0,0,0%,0,0%
6750,2025-08-25,N Pollard,1,0,0%,0,0%,0,0,0%,0,0%,1,0,0%,0,0%,0,0,0%,0,0%,0,0,0%,0,0%
6751,2025-08-25,M Lopez,0,0,0%,0,0%,0,0,0%,0,0%,0,0,0%,0,0%,0,0,0%,0,0%,0,0,0%,0,0%
6752,2025-08-25,Mr Jonathan Plassard,1,0,0%,0,0%,1,0,0%,0,0%,0,0,0%,0,0%,0,0,0%,0,0%,0,0,0%,0,0%
6753,2025-08-25,Mr Damiano Poggi,1,0,0%,0,0%,1,0,0%,0,0%,0,0,0%,0,0%,0,0,0%,0,0%,0,0,0%,0,0%
6754,2025-08-25,Mr Andoni Lezama,1,0,0%,0,0%,1,0,0%,0,0%,0,0,0%,0,0%,0,0,0%,0,0%,0,0,0%,0,0%
6755,2025-08-25,Reserve Runner,0,0,0%,0,0%,0,0,0%,0,0%,0,0,0%,0,0%,0,0,0%,0,0%,0,0,0%,0,0%
6756,2025-08-25,I Francis,2,0,0%,0,0%,0,0,0%,0,0%,2,0,0%,0,0%,0,0,0%,0,0%,0,0,0%,0,0%
6757,2025-08-25,Matthew Slater,51,5,9.80%,9,17.65%,17,0,0%,1,5.88%,34,5,14.71%,8,23.53%,0,0,0%,0,0%,0,0,0%,0,0%
6758,2025-08-25,Sam Garcia,9,0,0%,3,0%,7,0,0%,2,28.57%,2,0,0%,1,50.00%,0,0,0%,0,0%,0,0,0%,0,0%
6759,2025-08-25,Ms M Barcoe,10,0,0%,0,0%,1,0,0%,0,0%,9,0,0%,0,0%,0,0,0%,0,0%,0,0,0%,0,0%
6760,2025-08-25,Miss Katie Donnelly,1,0,0%,1,0%,1,0,0%,1,100.00%,0,0,0%,0,0%,0,0,0%,0,0%,0,0,0%,0,0%
6761,2025-08-25,Mr F Barlow,2,0,0%,0,0%,0,0,0%,0,0%,2,0,0%,0,0%,0,0,0%,0,0%,0,0,0%,0,0%
6762,2025-08-25,Mr H Barbe,1,0,0%,1,0%,0,0,0%,0,0%,1,0,0%,1,100.00%,0,0,0%,0,0%,0,0,0%,0,0%
6763,2025-08-25,Mr A Lemaire,1,0,0%,0,0%,0,0,0%,0,0%,1,0,0%,0,0%,0,0,0%,0,0%,0,0,0%,0,0%
6764,2025-08-25,Miss A Jones,1,0,0%,0,0%,0,0,0%,0,0%,1,0,0%,0,0%,0,0,0%,0,0%,0,0,0%,0,0%
6765,2025-08-25,Mrs C Schnyder,2,0,0%,0,0%,0,0,0%,0,0%,2,0,0%,0,0%,0,0,0%,0,0%,0,0,0%,0,0%
6766,2025-08-25,Mr C McConnell,1,0,0%,0,0%,0,0,0%,0,0%,1,0,0%,0,0%,0,0,0%,0,0%,0,0,0%,0,0%
6767,2025-08-25,T E O'Connor,33,2,6.06%,6,18.18%,0,0,0%,0,0%,3,0,0%,0,0%,0,0,0%,0,0%,30,2,6.67%,6,20.00%
6768,2025-08-25,Mr R N Hyland,5,0,0%,0,0%,0,0,0%,0,0%,5,0,0%,0,0%,0,0,0%,0,0%,0,0,0%,0,0%
6769,2025-08-25,Sean Clarke,9,0,0%,0,0%,0,0,0%,0,0%,0,0,0%,0,0%,7,0,0%,0,0%,2,0,0%,0,0%
6770,2025-08-25,Mr Paul Hainey,25,5,20.00%,12,48.00%,10,0,0%,4,40.00%,15,5,33.33%,8,53.33%,0,0,0%,0,0%,0,0,0%,0,0%
6771,2025-08-25,Nicola Burns,242,25,10.33%,54,22.31%,84,10,11.90%,19,22.62%,158,15,9.49%,35,22.15%,0,0,0%,0,0%,0,0,0%,0,0%
6772,2025-08-25,Emily Grifferty,8,0,0%,2,0%,4,0,0%,1,25.00%,4,0,0%,1,25.00%,0,0,0%,0,0%,0,0,0%,0,0%
6773,2025-08-25,M J R Ryan Casey,2,0,0%,1,0%,0,0,0%,0,0%,0,0,0%,0,0%,0,0,0%,0,0%,2,0,0%,1,50.00%
6774,2025-08-25,Mr Taylor Fisher,2,0,0%,0,0%,1,0,0%,0,0%,1,0,0%,0,0%,0,0,0%,0,0%,0,0,0%,0,0%
6775,2025-08-25,Mr Richard Upton,4,1,25.00%,1,25.00%,0,0,0%,0,0%,1,0,0%,0,0%,0,0,0%,0,0%,3,1,33.33%,1,33.33%
6776,2025-08-25,Miss Thomosina Eyston,12,2,16.67%,2,16.67%,0,0,0%,0,0%,0,0,0%,0,0%,3,0,0%,0,0%,9,2,22.22%,2,22.22%
6777,2025-08-25,Mr P Smullen,1,0,0%,0,0%,0,0,0%,0,0%,1,0,0%,0,0%,0,0,0%,0,0%,0,0,0%,0,0%
6778,2025-08-25,Mr L E Williams,4,0,0%,0,0%,0,0,0%,0,0%,0,0,0%,0,0%,0,0,0%,0,0%,4,0,0%,0,0%
6779,2025-08-25,Mr A P Kennedy,16,0,0%,0,0%,0,0,0%,0,0%,2,0,0%,0,0%,4,0,0%,0,0%,10,0,0%,0,0%
6780,2025-08-25,Warren Fentiman,425,44,10.35%,91,21.41%,254,28,11.02%,62,24.41%,171,16,9.36%,29,16.96%,0,0,0%,0,0%,0,0,0%,0,0%
6781,2025-08-25,Mr Archie Burgess,1,0,0%,0,0%,0,0,0%,0,0%,1,0,0%,0,0%,0,0,0%,0,0%,0,0,0%,0,0%
6782,2025-08-25,Mason Paetel,179,23,12.85%,41,22.91%,91,9,9.89%,20,21.98%,88,14,15.91%,21,23.86%,0,0,0%,0,0%,0,0,0%,0,0%
6783,2025-08-25,Alex Harvey,1,0,0%,0,0%,0,0,0%,0,0%,0,0,0%,0,0%,0,0,0%,0,0%,1,0,0%,0,0%
6784,2025-08-25,Mr Daniel Williams,4,0,0%,0,0%,0,0,0%,0,0%,0,0,0%,0,0%,3,0,0%,0,0%,1,0,0%,0,0%
6785,2025-08-25,P F Kavanagh,16,1,6.25%,4,25.00%,0,0,0%,0,0%,0,0,0%,0,0%,4,0,0%,1,25.00%,12,1,8.33%,3,25.00%
6786,2025-08-25,Mr G Devitt,1,0,0%,0,0%,0,0,0%,0,0%,1,0,0%,0,0%,0,0,0%,0,0%,0,0,0%,0,0%
6787,2025-08-25,R Kinkaid,13,0,0%,0,0%,9,0,0%,0,0%,4,0,0%,0,0%,0,0,0%,0,0%,0,0,0%,0,0%
6788,2025-08-25,Mr A Chadwick,0,0,0%,0,0%,0,0,0%,0,0%,0,0,0%,0,0%,0,0,0%,0,0%,0,0,0%,0,0%
6789,2025-08-25,Ms I Hill,1,0,0%,0,0%,0,0,0%,0,0%,0,0,0%,0,0%,1,0,0%,0,0%,0,0,0%,0,0%
6790,2025-08-25,Miss O Nicholls,2,0,0%,1,0%,0,0,0%,0,0%,0,0,0%,0,0%,2,0,0%,1,50.00%,0,0,0%,0,0%
6791,2025-08-25,A Browne-Souza,58,3,5.17%,12,20.69%,15,2,13.33%,1,6.67%,43,1,2.33%,11,25.58%,0,0,0%,0,0%,0,0,0%,0,0%
6792,2025-08-25,Murray Dodd,58,4,6.90%,10,17.24%,0,0,0%,0,0%,0,0,0%,0,0%,8,0,0%,3,37.50%,50,4,8.00%,7,14.00%
6793,2025-08-25,Mr McKenzie Graham,3,0,0%,1,0%,1,0,0%,0,0%,2,0,0%,1,50.00%,0,0,0%,0,0%,0,0,0%,0,0%
6794,2025-08-25,Mr Henry Callan,14,1,7.14%,6,42.86%,6,0,0%,3,50.00%,8,1,12.50%,3,37.50%,0,0,0%,0,0%,0,0,0%,0,0%
6795,2025-08-25,S Grantham,8,0,0%,0,0%,0,0,0%,0,0%,0,0,0%,0,0%,3,0,0%,0,0%,5,0,0%,0,0%
6796,2025-08-25,Ms I M Kingston,1,0,0%,0,0%,0,0,0%,0,0%,1,0,0%,0,0%,0,0,0%,0,0%,0,0,0%,0,0%
6797,2025-08-25,Osian Radford,12,1,8.33%,3,25.00%,0,0,0%,0,0%,0,0,0%,0,0%,7,1,14.29%,2,28.57%,5,0,0%,1,20.00%
6798,2025-08-25,Oliver Boyden,14,1,7.14%,1,7.14%,0,0,0%,0,0%,1,0,0%,0,0%,2,0,0%,0,0%,11,1,9.09%,1,9.09%
6799,2025-08-25,G Meunier,1,0,0%,0,0%,0,0,0%,0,0%,0,0,0%,0,0%,1,0,0%,0,0%,0,0,0%,0,0%
6800,2025-08-25,Mr Teddy Davies,2,0,0%,0,0%,0,0,0%,0,0%,0,0,0%,0,0%,1,0,0%,0,0%,1,0,0%,0,0%
6801,2025-08-25,Miss Mary Corcoran,1,0,0%,0,0%,0,0,0%,0,0%,1,0,0%,0,0%,0,0,0%,0,0%,0,0,0%,0,0%
6802,2025-08-25,Sadhbh Tormey,23,1,4.35%,3,13.04%,8,0,0%,0,0%,15,1,6.67%,3,20.00%,0,0,0%,0,0%,0,0,0%,0,0%
6803,2025-08-25,Benjamin Gelhay,2,0,0%,0,0%,0,0,0%,0,0%,0,0,0%,0,0%,2,0,0%,0,0%,0,0,0%,0,0%
6804,2025-08-25,B Harris,1,0,0%,0,0%,0,0,0%,0,0%,0,0,0%,0,0%,0,0,0%,0,0%,1,0,0%,0,0%
6805,2025-08-25,Mr Andrew Burke-ott,2,0,0%,0,0%,0,0,0%,0,0%,0,0,0%,0,0%,0,0,0%,0,0%,2,0,0%,0,0%
6806,2025-08-25,Mr Thomas P Smith Carberry,1,0,0%,0,0%,0,0,0%,0,0%,1,0,0%,0,0%,0,0,0%,0,0%,0,0,0%,0,0%
6807,2025-08-25,K A Corrigan Roche,0,0,0%,0,0%,0,0,0%,0,0%,0,0,0%,0,0%,0,0,0%,0,0%,0,0,0%,0,0%
6808,2025-08-25,A Seigneul,1,0,0%,0,0%,0,0,0%,0,0%,0,0,0%,0,0%,1,0,0%,0,0%,0,0,0%,0,0%
6809,2025-08-25,Tho  Journiac,1,0,0%,0,0%,0,0,0%,0,0%,0,0,0%,0,0%,1,0,0%,0,0%,0,0,0%,0,0%
6810,2025-08-25,Mr Simon Elliott,1,0,0%,0,0%,0,0,0%,0,0%,0,0,0%,0,0%,0,0,0%,0,0%,1,0,0%,0,0%
6811,2025-08-25,Elliott England,8,2,25.00%,2,25.00%,0,0,0%,0,0%,0,0,0%,0,0%,1,0,0%,0,0%,7,2,28.57%,2,28.57%
6812,2025-08-25,F Bayle,1,0,0%,0,0%,0,0,0%,0,0%,0,0,0%,0,0%,1,0,0%,0,0%,0,0,0%,0,0%
6813,2025-08-25,Mr L Hackett,8,0,0%,0,0%,0,0,0%,0,0%,8,0,0%,0,0%,0,0,0%,0,0%,0,0,0%,0,0%
6814,2025-08-25,Mr C M Connolly,1,0,0%,0,0%,0,0,0%,0,0%,1,0,0%,0,0%,0,0,0%,0,0%,0,0,0%,0,0%
6815,2025-08-25,Mr P Verling,1,0,0%,0,0%,0,0,0%,0,0%,1,0,0%,0,0%,0,0,0%,0,0%,0,0,0%,0,0%
6816,2025-08-25,Mr A W O'Donnell,2,0,0%,0,0%,0,0,0%,0,0%,2,0,0%,0,0%,0,0,0%,0,0%,0,0,0%,0,0%
6817,2025-08-25,Jake Dickson,31,3,9.68%,2,6.45%,5,0,0%,0,0%,26,3,11.54%,2,7.69%,0,0,0%,0,0%,0,0,0%,0,0%
6818,2025-08-25,Mr A J Browne,8,0,0%,3,0%,0,0,0%,0,0%,2,0,0%,0,0%,4,0,0%,2,50.00%,2,0,0%,1,50.00%
6819,2025-08-25,Cameron Johnstone-Baker,8,2,25.00%,3,37.50%,0,0,0%,0,0%,0,0,0%,0,0%,0,0,0%,0,0%,8,2,25.00%,3,37.50%
6820,2025-08-25,Ms A M Connolly,2,0,0%,0,0%,0,0,0%,0,0%,2,0,0%,0,0%,0,0,0%,0,0%,0,0,0%,0,0%
6821,2025-08-25,Mr Thomas Paul Smith Carberry,2,0,0%,0,0%,0,0,0%,0,0%,2,0,0%,0,0%,0,0,0%,0,0%,0,0,0%,0,0%
6822,2025-08-25,Nathan Andrews,8,1,12.50%,1,12.50%,0,0,0%,0,0%,0,0,0%,0,0%,1,0,0%,1,100.00%,7,1,14.29%,0,0%
6823,2025-08-25,Harry Brown,1,0,0%,0,0%,0,0,0%,0,0%,0,0,0%,0,0%,1,0,0%,0,0%,0,0,0%,0,0%
6824,2025-08-25,Miss A S O'Connor,3,0,0%,0,0%,0,0,0%,0,0%,2,0,0%,0,0%,1,0,0%,0,0%,0,0,0%,0,0%
6825,2025-08-25,Ashley Lewis,107,15,14.02%,13,12.15%,29,3,10.34%,4,13.79%,78,12,15.38%,9,11.54%,0,0,0%,0,0%,0,0,0%,0,0%
6826,2025-08-25,Mr Samuel Scott,5,1,20.00%,1,20.00%,0,0,0%,0,0%,1,0,0%,0,0%,4,1,25.00%,1,25.00%,0,0,0%,0,0%
6827,2025-08-25,Lillie Dingle,8,0,0%,0,0%,4,0,0%,0,0%,4,0,0%,0,0%,0,0,0%,0,0%,0,0,0%,0,0%
6828,2025-08-25,Mr Sebastian Perry,3,0,0%,0,0%,2,0,0%,0,0%,1,0,0%,0,0%,0,0,0%,0,0%,0,0,0%,0,0%
6829,2025-08-25,Zacharia Clarke,13,0,0%,1,0%,7,0,0%,0,0%,6,0,0%,1,16.67%,0,0,0%,0,0%,0,0,0%,0,0%
6830,2025-08-25,Mrs Izzie Hill,16,1,6.25%,2,12.50%,0,0,0%,0,0%,0,0,0%,0,0%,9,1,11.11%,1,11.11%,7,0,0%,1,14.29%
6831,2025-08-25,Finley Freeman,1,0,0%,0,0%,0,0,0%,0,0%,0,0,0%,0,0%,0,0,0%,0,0%,1,0,0%,0,0%
6832,2025-08-25,D J O'Connor,53,4,7.55%,11,20.75%,12,1,8.33%,4,33.33%,41,3,7.32%,7,17.07%,0,0,0%,0,0%,0,0,0%,0,0%
6833,2025-08-25,Dominic Hislop,15,2,13.33%,3,20.00%,0,0,0%,0,0%,0,0,0%,0,0%,0,0,0%,0,0%,15,2,13.33%,3,20.00%
6834,2025-08-25,Aimee Morrissey,1,1,100.00%,0,0.00%,0,0,0%,0,0%,1,1,100.00%,0,0%,0,0,0%,0,0%,0,0,0%,0,0%
6835,2025-08-25,Martin Fox,1,0,0%,0,0%,0,0,0%,0,0%,1,0,0%,0,0%,0,0,0%,0,0%,0,0,0%,0,0%
6836,2025-08-25,Shannan Walsh,1,0,0%,1,0%,0,0,0%,0,0%,1,0,0%,1,100.00%,0,0,0%,0,0%,0,0,0%,0,0%
6837,2025-08-25,Lean Nolan,1,0,0%,0,0%,0,0,0%,0,0%,1,0,0%,0,0%,0,0,0%,0,0%,0,0,0%,0,0%
6838,2025-08-25,Hannah Gayer,1,0,0%,0,0%,0,0,0%,0,0%,1,0,0%,0,0%,0,0,0%,0,0%,0,0,0%,0,0%
6839,2025-08-25,Helen Peppard,1,0,0%,0,0%,0,0,0%,0,0%,1,0,0%,0,0%,0,0,0%,0,0%,0,0,0%,0,0%
6840,2025-08-25,Shane Aylward,1,0,0%,0,0%,0,0,0%,0,0%,1,0,0%,0,0%,0,0,0%,0,0%,0,0,0%,0,0%
6841,2025-08-25,Warren Shanahan,1,0,0%,0,0%,0,0,0%,0,0%,1,0,0%,0,0%,0,0,0%,0,0%,0,0,0%,0,0%
6842,2025-08-25,Evie Pierce,1,0,0%,0,0%,0,0,0%,0,0%,1,0,0%,0,0%,0,0,0%,0,0%,0,0,0%,0,0%
6843,2025-08-25,Stoqn Germanov,1,0,0%,1,0%,0,0,0%,0,0%,1,0,0%,1,100.00%,0,0,0%,0,0%,0,0,0%,0,0%
6844,2025-08-25,Laura Bailey,1,0,0%,0,0%,0,0,0%,0,0%,1,0,0%,0,0%,0,0,0%,0,0%,0,0,0%,0,0%
6845,2025-08-25,Megan Harris,1,0,0%,0,0%,0,0,0%,0,0%,1,0,0%,0,0%,0,0,0%,0,0%,0,0,0%,0,0%
6846,2025-08-25,Lauryn Faulkner,1,0,0%,0,0%,0,0,0%,0,0%,1,0,0%,0,0%,0,0,0%,0,0%,0,0,0%,0,0%
6847,2025-08-25,Aoibhinn Ruane,1,0,0%,0,0%,0,0,0%,0,0%,1,0,0%,0,0%,0,0,0%,0,0%,0,0,0%,0,0%
6848,2025-08-25,Sacirse Duggan,1,0,0%,0,0%,0,0,0%,0,0%,1,0,0%,0,0%,0,0,0%,0,0%,0,0,0%,0,0%
6849,2025-08-25,Abbie Hilliard,1,0,0%,0,0%,0,0,0%,0,0%,1,0,0%,0,0%,0,0,0%,0,0%,0,0,0%,0,0%
6850,2025-08-25,Phoebe Edwards,19,0,0%,3,0%,7,0,0%,1,14.29%,12,0,0%,2,16.67%,0,0,0%,0,0%,0,0,0%,0,0%
6851,2025-08-25,T Andrieux,1,0,0%,1,0%,0,0,0%,0,0%,0,0,0%,0,0%,0,0,0%,0,0%,1,0,0%,1,100.00%
6852,2025-08-25,Capt Douglas White,1,0,0%,1,0%,0,0,0%,0,0%,0,0,0%,0,0%,1,0,0%,1,100.00%,0,0,0%,0,0%
6853,2025-08-25,Mr Curtis Wilson-Ruddock,3,0,0%,0,0%,3,0,0%,0,0%,0,0,0%,0,0%,0,0,0%,0,0%,0,0,0%,0,0%
6854,2025-08-25,Mr Alexander Woodford,3,0,0%,0,0%,3,0,0%,0,0%,0,0,0%,0,0%,0,0,0%,0,0%,0,0,0%,0,0%
6855,2025-08-25,Miss Madison Martin,1,0,0%,0,0%,0,0,0%,0,0%,0,0,0%,0,0%,0,0,0%,0,0%,1,0,0%,0,0%
6856,2025-08-25,Mr T J Stafford,4,0,0%,0,0%,0,0,0%,0,0%,4,0,0%,0,0%,0,0,0%,0,0%,0,0,0%,0,0%
6857,2025-08-25,S Elliott,1,0,0%,1,0%,0,0,0%,0,0%,0,0,0%,0,0%,1,0,0%,1,100.00%,0,0,0%,0,0%
6858,2025-08-25,Ms S North,4,0,0%,0,0%,0,0,0%,0,0%,4,0,0%,0,0%,0,0,0%,0,0%,0,0,0%,0,0%
6859,2025-08-25,Mr P J Smullen,7,2,28.57%,2,28.57%,1,1,100.00%,0,0%,6,1,16.67%,2,33.33%,0,0,0%,0,0%,0,0,0%,0,0%
6860,2025-08-25,Miss C Flynn,2,1,50.00%,0,0.00%,1,0,0%,0,0%,1,1,100.00%,0,0%,0,0,0%,0,0%,0,0,0%,0,0%
6861,2025-08-25,Enzo Crublet,16,0,0%,1,0%,7,0,0%,1,14.29%,9,0,0%,0,0%,0,0,0%,0,0%,0,0,0%,0,0%
6862,2025-08-25,Mr C J Quinn,1,0,0%,0,0%,0,0,0%,0,0%,1,0,0%,0,0%,0,0,0%,0,0%,0,0,0%,0,0%
6863,2025-08-25,Miss Shannon Holmes,2,0,0%,0,0%,0,0,0%,0,0%,0,0,0%,0,0%,1,0,0%,0,0%,1,0,0%,0,0%
6864,2025-08-25,Miss Grace Knowles,2,0,0%,0,0%,2,0,0%,0,0%,0,0,0%,0,0%,0,0,0%,0,0%,0,0,0%,0,0%
6865,2025-08-25,Tiernan Power Roche,27,1,3.70%,7,25.93%,0,0,0%,0,0%,0,0,0%,0,0%,7,0,0%,2,28.57%,20,1,5.00%,5,25.00%
6866,2025-08-25,Mr Thomas Costello,1,0,0%,0,0%,0,0,0%,0,0%,0,0,0%,0,0%,1,0,0%,0,0%,0,0,0%,0,0%
6867,2025-08-25,Mr Barry Thomas Stone,9,1,11.11%,2,22.22%,0,0,0%,0,0%,3,0,0%,1,33.33%,5,1,20.00%,1,20.00%,1,0,0%,0,0%
6868,2025-08-25,Mr Kenny Roussety,5,0,0%,2,0%,2,0,0%,1,50.00%,3,0,0%,1,33.33%,0,0,0%,0,0%,0,0,0%,0,0%
6869,2025-08-25,Mr Turlough O'connor,4,0,0%,0,0%,0,0,0%,0,0%,0,0,0%,0,0%,2,0,0%,0,0%,2,0,0%,0,0%
6870,2025-08-25,Finn Brickley,2,0,0%,0,0%,0,0,0%,0,0%,0,0,0%,0,0%,0,0,0%,0,0%,2,0,0%,0,0%
6871,2025-08-25,Jack Nicholls,130,12,9.23%,22,16.92%,27,3,11.11%,7,25.93%,103,9,8.74%,15,14.56%,0,0,0%,0,0%,0,0,0%,0,0%
6872,2025-08-25,Freddie Keighley,21,3,14.29%,2,9.52%,0,0,0%,0,0%,3,0,0%,0,0%,2,0,0%,0,0%,16,3,18.75%,2,12.50%
6873,2025-08-25,Mr L Chieregati,1,0,0%,0,0%,0,0,0%,0,0%,0,0,0%,0,0%,0,0,0%,0,0%,1,0,0%,0,0%
6874,2025-08-25,Philip Armson,20,0,0%,4,0%,0,0,0%,0,0%,3,0,0%,1,33.33%,6,0,0%,0,0%,11,0,0%,3,27.27%
6875,2025-08-25,J P O'Neill,4,0,0%,0,0%,0,0,0%,0,0%,1,0,0%,0,0%,0,0,0%,0,0%,3,0,0%,0,0%
6876,2025-08-25,C Cusack,20,3,15.00%,3,15.00%,2,0,0%,0,0%,18,3,16.67%,3,16.67%,0,0,0%,0,0%,0,0,0%,0,0%
6877,2025-08-25,Mr Bradley Furniss,5,1,20.00%,1,20.00%,1,0,0%,0,0%,4,1,25.00%,1,25.00%,0,0,0%,0,0%,0,0,0%,0,0%
6878,2025-08-25,C N Rowan,1,0,0%,0,0%,0,0,0%,0,0%,1,0,0%,0,0%,0,0,0%,0,0%,0,0,0%,0,0%
6879,2025-08-25,Miss Mia Fishwick,2,0,0%,0,0%,1,0,0%,0,0%,1,0,0%,0,0%,0,0,0%,0,0%,0,0,0%,0,0%
6880,2025-08-25,Jack Callan,150,18,12.00%,37,24.67%,24,4,16.67%,6,25.00%,126,14,11.11%,31,24.60%,0,0,0%,0,0%,0,0,0%,0,0%
6881,2025-08-25,Joshua Parker,5,0,0%,0,0%,0,0,0%,0,0%,0,0,0%,0,0%,3,0,0%,0,0%,2,0,0%,0,0%
6882,2025-08-25,Mr Troy Walsh,2,0,0%,0,0%,0,0,0%,0,0%,0,0,0%,0,0%,2,0,0%,0,0%,0,0,0%,0,0%
6883,2025-08-25,Poppy Scott,12,2,16.67%,3,25.00%,3,0,0%,1,33.33%,9,2,22.22%,2,22.22%,0,0,0%,0,0%,0,0,0%,0,0%
6884,2025-08-25,Mr James Innes,1,0,0%,1,0%,0,0,0%,0,0%,1,0,0%,1,100.00%,0,0,0%,0,0%,0,0,0%,0,0%
6885,2025-08-25,Megan Fox,2,0,0%,0,0%,0,0,0%,0,0%,0,0,0%,0,0%,1,0,0%,0,0%,1,0,0%,0,0%
6886,2025-08-25,Sienna Shepard,5,0,0%,1,0%,4,0,0%,1,25.00%,1,0,0%,0,0%,0,0,0%,0,0%,0,0,0%,0,0%
6887,2025-08-25,Ms Emily Costello,1,0,0%,0,0%,0,0,0%,0,0%,0,0,0%,0,0%,1,0,0%,0,0%,0,0,0%,0,0%
6888,2025-08-25,Miss R L M Duffy,4,0,0%,2,0%,0,0,0%,0,0%,0,0,0%,0,0%,2,0,0%,1,50.00%,2,0,0%,1,50.00%
6889,2025-08-25,Ms E Fallon,2,0,0%,0,0%,0,0,0%,0,0%,0,0,0%,0,0%,2,0,0%,0,0%,0,0,0%,0,0%
6890,2025-08-25,Mr L M Kelleher,4,0,0%,0,0%,0,0,0%,0,0%,4,0,0%,0,0%,0,0,0%,0,0%,0,0,0%,0,0%
6891,2025-08-25,Miss C Draper,2,0,0%,0,0%,0,0,0%,0,0%,2,0,0%,0,0%,0,0,0%,0,0%,0,0,0%,0,0%
6892,2025-08-25,Mr L A Gleeson,2,0,0%,0,0%,0,0,0%,0,0%,2,0,0%,0,0%,0,0,0%,0,0%,0,0,0%,0,0%
6893,2025-08-25,Miss Jesika Rennie,1,0,0%,0,0%,0,0,0%,0,0%,0,0,0%,0,0%,0,0,0%,0,0%,1,0,0%,0,0%
6894,2025-08-25,M L Malone,7,0,0%,0,0%,1,0,0%,0,0%,6,0,0%,0,0%,0,0,0%,0,0%,0,0,0%,0,0%
6895,2025-08-25,Orla Tynan,12,1,8.33%,1,8.33%,0,0,0%,0,0%,12,1,8.33%,1,8.33%,0,0,0%,0,0%,0,0,0%,0,0%
6896,2025-08-25,Marcelino Rodrigues,3,0,0%,0,0%,1,0,0%,0,0%,2,0,0%,0,0%,0,0,0%,0,0%,0,0,0%,0,0%
6897,2025-08-25,Miss Sophie Dobson,2,0,0%,0,0%,1,0,0%,0,0%,1,0,0%,0,0%,0,0,0%,0,0%,0,0,0%,0,0%
6898,2025-08-25,B Smith,1,1,100.00%,0,0.00%,0,0,0%,0,0%,0,0,0%,0,0%,0,0,0%,0,0%,1,1,100.00%,0,0%
6899,2025-08-25,Mr Luke Connolly,3,0,0%,0,0%,1,0,0%,0,0%,2,0,0%,0,0%,0,0,0%,0,0%,0,0,0%,0,0%
6900,2025-08-25,C Pritchard,1,0,0%,0,0%,0,0,0%,0,0%,0,0,0%,0,0%,0,0,0%,0,0%,1,0,0%,0,0%
6901,2025-08-25,Ms E Dunseath,3,0,0%,0,0%,0,0,0%,0,0%,2,0,0%,0,0%,0,0,0%,0,0%,1,0,0%,0,0%
6902,2025-08-25,Mr Hugh Lillingston,1,0,0%,0,0%,0,0,0%,0,0%,0,0,0%,0,0%,1,0,0%,0,0%,0,0,0%,0,0%
6903,2025-08-25,Mrs Iola Sankey,1,0,0%,0,0%,0,0,0%,0,0%,0,0,0%,0,0%,1,0,0%,0,0%,0,0,0%,0,0%
6904,2025-08-25,Mr A Coonan,0,0,0%,0,0%,0,0,0%,0,0%,0,0,0%,0,0%,0,0,0%,0,0%,0,0,0%,0,0%
6905,2025-08-25,Christopher Denny,1,0,0%,0,0%,0,0,0%,0,0%,1,0,0%,0,0%,0,0,0%,0,0%,0,0,0%,0,0%
6906,2025-08-25,Jennifer McGrath Kerins,1,0,0%,0,0%,0,0,0%,0,0%,1,0,0%,0,0%,0,0,0%,0,0%,0,0,0%,0,0%
6907,2025-08-25,Robert Harrison,1,0,0%,0,0%,0,0,0%,0,0%,1,0,0%,0,0%,0,0,0%,0,0%,0,0,0%,0,0%
6908,2025-08-25,Sarah Browne,1,0,0%,0,0%,0,0,0%,0,0%,1,0,0%,0,0%,0,0,0%,0,0%,0,0,0%,0,0%
6909,2025-08-25,Dorota Kulikowska,1,0,0%,1,0%,0,0,0%,0,0%,1,0,0%,1,100.00%,0,0,0%,0,0%,0,0,0%,0,0%
6910,2025-08-25,Thomas Howard,1,0,0%,0,0%,0,0,0%,0,0%,1,0,0%,0,0%,0,0,0%,0,0%,0,0,0%,0,0%
6911,2025-08-25,Sarah Leahy,1,0,0%,0,0%,0,0,0%,0,0%,1,0,0%,0,0%,0,0,0%,0,0%,0,0,0%,0,0%
6912,2025-08-25,Kerrie Gillespie,2,0,0%,0,0%,0,0,0%,0,0%,2,0,0%,0,0%,0,0,0%,0,0%,0,0,0%,0,0%
6913,2025-08-25,Sarah Costello,1,1,100.00%,0,0.00%,0,0,0%,0,0%,1,1,100.00%,0,0%,0,0,0%,0,0%,0,0,0%,0,0%
6914,2025-08-25,Siobhan Nolan,1,0,0%,0,0%,0,0,0%,0,0%,1,0,0%,0,0%,0,0,0%,0,0%,0,0,0%,0,0%
6915,2025-08-25,Triona McGuinness,0,0,0%,0,0%,0,0,0%,0,0%,0,0,0%,0,0%,0,0,0%,0,0%,0,0,0%,0,0%
6916,2025-08-25,Raymond Crowe,1,0,0%,0,0%,0,0,0%,0,0%,1,0,0%,0,0%,0,0,0%,0,0%,0,0,0%,0,0%
6917,2025-08-25,Nicky O'Connor,1,0,0%,1,0%,0,0,0%,0,0%,1,0,0%,1,100.00%,0,0,0%,0,0%,0,0,0%,0,0%
6918,2025-08-25,Ella Shanahan,1,0,0%,0,0%,0,0,0%,0,0%,1,0,0%,0,0%,0,0,0%,0,0%,0,0,0%,0,0%
6919,2025-08-25,Liam Phelan,1,0,0%,0,0%,0,0,0%,0,0%,1,0,0%,0,0%,0,0,0%,0,0%,0,0,0%,0,0%
6920,2025-08-25,Paul Burns,1,0,0%,0,0%,0,0,0%,0,0%,1,0,0%,0,0%,0,0,0%,0,0%,0,0,0%,0,0%
6921,2025-08-25,Gary Dowling,1,0,0%,0,0%,0,0,0%,0,0%,1,0,0%,0,0%,0,0,0%,0,0%,0,0,0%,0,0%
6922,2025-08-25,Amy Bannister Bell,1,0,0%,0,0%,0,0,0%,0,0%,1,0,0%,0,0%,0,0,0%,0,0%,0,0,0%,0,0%
6923,2025-08-25,Ella Budds,1,0,0%,0,0%,0,0,0%,0,0%,1,0,0%,0,0%,0,0,0%,0,0%,0,0,0%,0,0%
6924,2025-08-25,J A Orr,5,0,0%,1,0%,0,0,0%,0,0%,5,0,0%,1,20.00%,0,0,0%,0,0%,0,0,0%,0,0%
6925,2025-08-25,W Verling,0,0,0%,0,0%,0,0,0%,0,0%,0,0,0%,0,0%,0,0,0%,0,0%,0,0,0%,0,0%
6926,2025-08-25,Mr E J Daly,1,0,0%,0,0%,0,0,0%,0,0%,1,0,0%,0,0%,0,0,0%,0,0%,0,0,0%,0,0%
6927,2025-08-25,Mr B Aherne,6,0,0%,1,0%,0,0,0%,0,0%,6,0,0%,1,16.67%,0,0,0%,0,0%,0,0,0%,0,0%
6928,2025-08-25,Mr M O'Flynn,0,0,0%,0,0%,0,0,0%,0,0%,0,0,0%,0,0%,0,0,0%,0,0%,0,0,0%,0,0%
6929,2025-08-25,R J Lane,5,0,0%,0,0%,0,0,0%,0,0%,5,0,0%,0,0%,0,0,0%,0,0%,0,0,0%,0,0%
6930,2025-08-25,A Leahy,11,0,0%,1,0%,0,0,0%,0,0%,0,0,0%,0,0%,0,0,0%,0,0%,11,0,0%,1,9.09%
6931,2025-08-25,Miss Hope Regan,2,0,0%,1,0%,2,0,0%,1,50.00%,0,0,0%,0,0%,0,0,0%,0,0%,0,0,0%,0,0%
6932,2025-08-25,Miss M Carlin,2,0,0%,0,0%,0,0,0%,0,0%,2,0,0%,0,0%,0,0,0%,0,0%,0,0,0%,0,0%
6933,2025-08-25,F Foster,2,0,0%,0,0%,0,0,0%,0,0%,1,0,0%,0,0%,1,0,0%,0,0%,0,0,0%,0,0%
6934,2025-08-25,Miss Grace Bell,3,0,0%,0,0%,0,0,0%,0,0%,3,0,0%,0,0%,0,0,0%,0,0%,0,0,0%,0,0%
6935,2025-08-25,A D Ellis,1,0,0%,0,0%,0,0,0%,0,0%,0,0,0%,0,0%,0,0,0%,0,0%,1,0,0%,0,0%
6936,2025-08-25,Mr Laurie Gallacher,2,0,0%,0,0%,1,0,0%,0,0%,1,0,0%,0,0%,0,0,0%,0,0%,0,0,0%,0,0%
6937,2025-08-25,Mrs Camilla Parsonage,4,0,0%,0,0%,0,0,0%,0,0%,4,0,0%,0,0%,0,0,0%,0,0%,0,0,0%,0,0%
6938,2025-08-25,Ms E O'Regan,2,0,0%,0,0%,0,0,0%,0,0%,2,0,0%,0,0%,0,0,0%,0,0%,0,0,0%,0,0%
6939,2025-08-25,Ms L P McDonald,1,0,0%,0,0%,0,0,0%,0,0%,1,0,0%,0,0%,0,0,0%,0,0%,0,0,0%,0,0%
6940,2025-08-25,Mr C Hayden,1,0,0%,0,0%,0,0,0%,0,0%,1,0,0%,0,0%,0,0,0%,0,0%,0,0,0%,0,0%
6941,2025-08-25,Alfie Gee,19,2,10.53%,9,47.37%,2,0,0%,0,0%,17,2,11.76%,9,52.94%,0,0,0%,0,0%,0,0,0%,0,0%
6942,2025-08-25,Mr Lukke Morris,1,0,0%,0,0%,0,0,0%,0,0%,0,0,0%,0,0%,0,0,0%,0,0%,1,0,0%,0,0%
6943,2025-08-25,Mr Eddie Edge,1,0,0%,0,0%,0,0,0%,0,0%,1,0,0%,0,0%,0,0,0%,0,0%,0,0,0%,0,0%
6944,2025-08-25,Charlie Tucker,10,2,20.00%,2,20.00%,1,0,0%,0,0%,9,2,22.22%,2,22.22%,0,0,0%,0,0%,0,0,0%,0,0%
6945,2025-08-25,Travis Ford,0,0,0%,0,0%,0,0,0%,0,0%,0,0,0%,0,0%,0,0,0%,0,0%,0,0,0%,0,0%
6946,2025-08-25,Miss Amy Milburn,3,0,0%,0,0%,0,0,0%,0,0%,3,0,0%,0,0%,0,0,0%,0,0%,0,0,0%,0,0%
6947,2025-08-25,M T Sheridan,3,0,0%,0,0%,0,0,0%,0,0%,3,0,0%,0,0%,0,0,0%,0,0%,0,0,0%,0,0%
6948,2025-08-25,Mr J F Johnson,0,0,0%,0,0%,0,0,0%,0,0%,0,0,0%,0,0%,0,0,0%,0,0%,0,0,0%,0,0%
6949,2025-08-25,Donagh Murphy,22,0,0%,4,0%,3,0,0%,2,66.67%,19,0,0%,2,10.53%,0,0,0%,0,0%,0,0,0%,0,0%
6950,2025-08-25,B Bromley,2,0,0%,0,0%,0,0,0%,0,0%,0,0,0%,0,0%,0,0,0%,0,0%,2,0,0%,0,0%
6951,2025-08-25,Miss Delphi Parkinson,2,0,0%,0,0%,0,0,0%,0,0%,2,0,0%,0,0%,0,0,0%,0,0%,0,0,0%,0,0%
6952,2025-08-25,Mark Zahra,1,1,100.00%,0,0.00%,0,0,0%,0,0%,1,1,100.00%,0,0%,0,0,0%,0,0%,0,0,0%,0,0%
6953,2025-08-25,C Lecoeuvre,1,0,0%,0,0%,0,0,0%,0,0%,1,0,0%,0,0%,0,0,0%,0,0%,0,0,0%,0,0%
6954,2025-08-25,Luis Saez,1,0,0%,1,0%,0,0,0%,0,0%,1,0,0%,1,100.00%,0,0,0%,0,0%,0,0,0%,0,0%
6955,2025-08-25,Flavien Prat,2,0,0%,0,0%,0,0,0%,0,0%,2,0,0%,0,0%,0,0,0%,0,0%,0,0,0%,0,0%
6956,2025-08-25,Nathan Howie,3,0,0%,3,0%,0,0,0%,0,0%,0,0,0%,0,0%,0,0,0%,0,0%,3,0,0%,3,100.00%
6957,2025-08-25,Janina Boysen,1,0,0%,0,0%,1,0,0%,0,0%,0,0,0%,0,0%,0,0,0%,0,0%,0,0,0%,0,0%
6958,2025-08-25,Sara Horcajada,2,0,0%,1,0%,1,0,0%,0,0%,1,0,0%,1,100.00%,0,0,0%,0,0%,0,0,0%,0,0%
6959,2025-08-25,Marvin Grandin,1,0,0%,0,0%,0,0,0%,0,0%,1,0,0%,0,0%,0,0,0%,0,0%,0,0,0%,0,0%
6960,2025-08-25,A S Grant,9,1,11.11%,3,33.33%,0,0,0%,0,0%,9,1,11.11%,3,33.33%,0,0,0%,0,0%,0,0,0%,0,0%
6961,2025-08-25,Muhammed Hassan Ali Alabdulmal,2,0,0%,0,0%,0,0,0%,0,0%,2,0,0%,0,0%,0,0,0%,0,0%,0,0,0%,0,0%
6962,2025-08-25,Mr Jake Holman,1,0,0%,0,0%,1,0,0%,0,0%,0,0,0%,0,0%,0,0,0%,0,0%,0,0,0%,0,0%
6963,2025-08-25,Miss Rebecca Hitchen,7,2,28.57%,2,28.57%,1,0,0%,1,100.00%,5,2,40.00%,1,20.00%,0,0,0%,0,0%,1,0,0%,0,0%
6964,2025-08-25,Madison Clancy,1,0,0%,0,0%,0,0,0%,0,0%,1,0,0%,0,0%,0,0,0%,0,0%,0,0,0%,0,0%
6965,2025-08-25,Robin De Pelsmaeker,1,0,0%,0,0%,0,0,0%,0,0%,1,0,0%,0,0%,0,0,0%,0,0%,0,0,0%,0,0%
6966,2025-08-25,Susan Salter,1,0,0%,0,0%,0,0,0%,0,0%,1,0,0%,0,0%,0,0,0%,0,0%,0,0,0%,0,0%
6967,2025-08-25,Mohammed Al Attiyah,1,1,100.00%,0,0.00%,0,0,0%,0,0%,1,1,100.00%,0,0%,0,0,0%,0,0%,0,0,0%,0,0%
6968,2025-08-25,Chloe Kirwan,1,0,0%,0,0%,0,0,0%,0,0%,1,0,0%,0,0%,0,0,0%,0,0%,0,0,0%,0,0%
6969,2025-08-25,Clive Ryan,1,0,0%,1,0%,0,0,0%,0,0%,1,0,0%,1,100.00%,0,0,0%,0,0%,0,0,0%,0,0%
6970,2025-08-25,Grainne Cotter,1,0,0%,0,0%,0,0,0%,0,0%,1,0,0%,0,0%,0,0,0%,0,0%,0,0,0%,0,0%
6971,2025-08-25,Lydia Dodd,1,0,0%,0,0%,0,0,0%,0,0%,1,0,0%,0,0%,0,0,0%,0,0%,0,0,0%,0,0%
6972,2025-08-25,Julia Crowe,1,0,0%,0,0%,0,0,0%,0,0%,1,0,0%,0,0%,0,0,0%,0,0%,0,0,0%,0,0%
6973,2025-08-25,Megan Sheedy,1,0,0%,0,0%,0,0,0%,0,0%,1,0,0%,0,0%,0,0,0%,0,0%,0,0,0%,0,0%
6974,2025-08-25,Nicole Groyer,1,0,0%,0,0%,0,0,0%,0,0%,1,0,0%,0,0%,0,0,0%,0,0%,0,0,0%,0,0%
6975,2025-08-25,Lydia Rogers,1,0,0%,0,0%,0,0,0%,0,0%,1,0,0%,0,0%,0,0,0%,0,0%,0,0,0%,0,0%
6976,2025-08-25,Alisha Mccormack,1,0,0%,1,0%,0,0,0%,0,0%,1,0,0%,1,100.00%,0,0,0%,0,0%,0,0,0%,0,0%
6977,2025-08-25,C J Worrell,3,0,0%,1,0%,0,0,0%,0,0%,2,0,0%,1,50.00%,0,0,0%,0,0%,1,0,0%,0,0%
6978,2025-08-25,Mr Josh Halford,3,1,33.33%,1,33.33%,1,0,0%,0,0%,2,1,50.00%,1,50.00%,0,0,0%,0,0%,0,0,0%,0,0%
6979,2025-08-25,Mirai Iwata,10,0,0%,2,0%,0,0,0%,0,0%,10,0,0%,2,20.00%,0,0,0%,0,0%,0,0,0%,0,0%
6980,2025-08-25,Harry Smith,6,3,50.00%,1,16.67%,1,1,100.00%,0,0%,5,2,40.00%,1,20.00%,0,0,0%,0,0%,0,0,0%,0,0%
6981,2025-08-25,Miss Evie Lee,4,0,0%,0,0%,1,0,0%,0,0%,3,0,0%,0,0%,0,0,0%,0,0%,0,0,0%,0,0%
6982,2025-08-25,E Finegan,18,1,5.56%,1,5.56%,0,0,0%,0,0%,2,0,0%,0,0%,1,0,0%,0,0%,15,1,6.67%,1,6.67%
6983,2025-08-25,Ms E R McNeill,3,0,0%,0,0%,0,0,0%,0,0%,3,0,0%,0,0%,0,0,0%,0,0%,0,0,0%,0,0%
6984,2025-08-25,Robbie David,1,0,0%,0,0%,0,0,0%,0,0%,0,0,0%,0,0%,0,0,0%,0,0%,1,0,0%,0,0%
6985,2025-08-25,Ms E L Herbison,3,0,0%,2,0%,0,0,0%,0,0%,1,0,0%,0,0%,0,0,0%,0,0%,2,0,0%,2,100.00%
6986,2025-08-25,Libby Swallow,1,0,0%,0,0%,0,0,0%,0,0%,1,0,0%,0,0%,0,0,0%,0,0%,0,0,0%,0,0%
6987,2025-08-25,Mr G Norris,3,0,0%,0,0%,0,0,0%,0,0%,3,0,0%,0,0%,0,0,0%,0,0%,0,0,0%,0,0%
6988,2025-08-25,Ms Z McMullan,1,0,0%,0,0%,1,0,0%,0,0%,0,0,0%,0,0%,0,0,0%,0,0%,0,0,0%,0,0%
6989,2025-08-25,Mr J J Berry,1,1,100.00%,0,0.00%,0,0,0%,0,0%,1,1,100.00%,0,0%,0,0,0%,0,0%,0,0,0%,0,0%
6990,2025-08-25,Miss Nell Biker,1,0,0%,1,0%,0,0,0%,0,0%,1,0,0%,1,100.00%,0,0,0%,0,0%,0,0,0%,0,0%
6991,2025-08-25,Ms K M Ryan,3,0,0%,1,0%,0,0,0%,0,0%,3,0,0%,1,33.33%,0,0,0%,0,0%,0,0,0%,0,0%
6992,2025-08-25,Zoe McMullan,1,0,0%,0,0%,0,0,0%,0,0%,1,0,0%,0,0%,0,0,0%,0,0%,0,0,0%,0,0%
6993,2025-08-25,Mr Simon Walker,3,0,0%,0,0%,0,0,0%,0,0%,3,0,0%,0,0%,0,0,0%,0,0%,0,0,0%,0,0%
6994,2025-08-25,Mr Louis Burke,2,0,0%,0,0%,0,0,0%,0,0%,2,0,0%,0,0%,0,0,0%,0,0%,0,0,0%,0,0%
6995,2025-08-25,Mr Frederick Tett,3,1,33.33%,0,0.00%,0,0,0%,0,0%,3,1,33.33%,0,0%,0,0,0%,0,0%,0,0,0%,0,0%
6996,2025-08-25,P J Cody,8,1,12.50%,3,37.50%,0,0,0%,0,0%,0,0,0%,0,0%,2,1,50.00%,0,0%,6,0,0%,3,50.00%
6997,2025-08-25,Mr James Hills,2,0,0%,1,0%,0,0,0%,0,0%,2,0,0%,1,50.00%,0,0,0%,0,0%,0,0,0%,0,0%
6998,2025-08-25,Eryka Snioch,2,0,0%,0,0%,0,0,0%,0,0%,2,0,0%,0,0%,0,0,0%,0,0%,0,0,0%,0,0%
6999,2025-08-25,Ali Husain,1,0,0%,0,0%,1,0,0%,0,0%,0,0,0%,0,0%,0,0,0%,0,0%,0,0,0%,0,0%
7000,2025-08-25,Angus Chung,1,0,0%,0,0%,0,0,0%,0,0%,1,0,0%,0,0%,0,0,0%,0,0%,0,0,0%,0,0%
7001,2025-08-25,Mr C J White,1,0,0%,0,0%,0,0,0%,0,0%,1,0,0%,0,0%,0,0,0%,0,0%,0,0,0%,0,0%
7002,2025-08-25,Mr Lucas Murphy,2,0,0%,0,0%,0,0,0%,0,0%,2,0,0%,0,0%,0,0,0%,0,0%,0,0,0%,0,0%
7003,2025-08-25,Taylor Kingsley,4,0,0%,0,0%,0,0,0%,0,0%,4,0,0%,0,0%,0,0,0%,0,0%,0,0,0%,0,0%
7004,2025-08-25,H Crouch,58,7,12.07%,15,25.86%,19,4,21.05%,8,42.11%,39,3,7.69%,7,17.95%,0,0,0%,0,0%,0,0,0%,0,0%
7005,2025-08-25,Mr T McCain-Mitchell,1,0,0%,0,0%,0,0,0%,0,0%,1,0,0%,0,0%,0,0,0%,0,0%,0,0,0%,0,0%
7006,2025-08-25,M Popan,1,0,0%,0,0%,0,0,0%,0,0%,1,0,0%,0,0%,0,0,0%,0,0%,0,0,0%,0,0%
7007,2025-08-25,R P Fagan,2,0,0%,0,0%,0,0,0%,0,0%,2,0,0%,0,0%,0,0,0%,0,0%,0,0,0%,0,0%
7008,2025-08-25,C Shepherd,1,0,0%,0,0%,0,0,0%,0,0%,1,0,0%,0,0%,0,0,0%,0,0%,0,0,0%,0,0%
7009,2025-08-25,Miss Daisy Warden,1,0,0%,0,0%,0,0,0%,0,0%,1,0,0%,0,0%,0,0,0%,0,0%,0,0,0%,0,0%
7010,2025-08-25,Matthew Poon,2,0,0%,0,0%,1,0,0%,0,0%,1,0,0%,0,0%,0,0,0%,0,0%,0,0,0%,0,0%
7011,2025-08-25,Thuva Hjalmarsson,1,0,0%,0,0%,0,0,0%,0,0%,1,0,0%,0,0%,0,0,0%,0,0%,0,0,0%,0,0%
7012,2025-08-25,Noemi Pulcini,1,0,0%,1,0%,0,0,0%,0,0%,1,0,0%,1,100.00%,0,0,0%,0,0%,0,0,0%,0,0%
7013,2025-08-25,Miss A Ruane,1,0,0%,0,0%,0,0,0%,0,0%,1,0,0%,0,0%,0,0,0%,0,0%,0,0,0%,0,0%
7014,2025-08-25,Mr L Cullen,1,0,0%,0,0%,0,0,0%,0,0%,1,0,0%,0,0%,0,0,0%,0,0%,0,0,0%,0,0%
7015,2025-08-25,Dario Di Tocco,4,0,0%,1,0%,0,0,0%,0,0%,4,0,0%,1,25.00%,0,0,0%,0,0%,0,0,0%,0,0%
7016,2025-08-25,Delphine Santiago,5,1,20.00%,1,20.00%,0,0,0%,0,0%,5,1,20.00%,1,20.00%,0,0,0%,0,0%,0,0,0%,0,0%
7017,2025-08-25,Katie Davis,5,0,0%,0,0%,0,0,0%,0,0%,5,0,0%,0,0%,0,0,0%,0,0%,0,0,0%,0,0%
7018,2025-08-25,K Teetan,5,0,0%,2,0%,0,0,0%,0,0%,5,0,0%,2,40.00%,0,0,0%,0,0%,0,0,0%,0,0%
7019,2025-08-25,Suraj Narredu,8,1,12.50%,1,12.50%,2,0,0%,1,50.00%,6,1,16.67%,0,0%,0,0,0%,0,0%,0,0,0%,0,0%
7020,2025-08-25,Sam Coen,11,2,18.18%,5,45.45%,1,0,0%,1,100.00%,10,2,20.00%,4,40.00%,0,0,0%,0,0%,0,0,0%,0,0%
7021,2025-08-25,Miss N Lockhead Anderson,2,0,0%,0,0%,0,0,0%,0,0%,2,0,0%,0,0%,0,0,0%,0,0%,0,0,0%,0,0%
7022,2025-08-25,Mr P Breen,0,0,0%,0,0%,0,0,0%,0,0%,0,0,0%,0,0%,0,0,0%,0,0%,0,0,0%,0,0%
7023,2025-08-25,Mr Jamie Martin,0,0,0%,0,0%,0,0,0%,0,0%,0,0,0%,0,0%,0,0,0%,0,0%,0,0,0%,0,0%
7024,2025-08-25,Mr Gonzalo Pineda,1,0,0%,0,0%,1,0,0%,0,0%,0,0,0%,0,0%,0,0,0%,0,0%,0,0,0%,0,0%
7025,2025-08-25,Miss Khadijah Mellah,1,0,0%,0,0%,0,0,0%,0,0%,1,0,0%,0,0%,0,0,0%,0,0%,0,0,0%,0,0%
7026,2025-08-25,D Browne McMonagle,11,4,36.36%,3,27.27%,0,0,0%,0,0%,11,4,36.36%,3,27.27%,0,0,0%,0,0%,0,0,0%,0,0%
7027,2025-08-25,Am Ellie Holder,1,0,0%,0,0%,0,0,0%,0,0%,0,0,0%,0,0%,1,0,0%,0,0%,0,0,0%,0,0%
