Trainer_ID,UptoDate,Name,Total_races,Wins,Percentage_wins,Placed,Percentage_placed,Flat_AW_races,Flat_AW_wins,Flat_AW_rate,Flat_AW_placed,Flat_AW_placed_rate,Flat_Turf_races,Flat_Turf_wins,Flat_Turf_rate,Flat_Turf_placed,Flat_Turf_placed_rate,Chase_races,Chase_wins,Chase_rate,Chase_placed,Chase_placed_rate,Hurdle_races,Hurdle_wins,Hurdle_rate,Hurdle_placed,Hurdle_placed_rate
1,2025-08-25,B Ellison,8465,1009,11.92%,2888,34.12%,2205,259,11.75%,748,33.92%,3673,374,10.18%,1167,31.77%,799,125,15.64%,289,36.17%,1788,251,14.04%,684,38.26%
2,2025-08-25,Tom Dascombe,5592,720,12.88%,2015,36.03%,1707,249,14.59%,671,39.31%,3866,466,12.05%,1339,34.64%,2,1,50.00%,1,50.00%,17,4,23.53%,4,23.53%
3,2025-08-25,Miss Gay Kelleway,2878,258,8.96%,964,33.50%,1625,175,10.77%,577,35.51%,1222,82,6.71%,376,30.77%,4,0,0%,1,25.00%,27,1,3.70%,10,37.04%
4,2025-08-25,Miss J Feilden,2523,188,7.45%,839,33.25%,1242,92,7.41%,422,33.98%,1256,95,7.56%,413,32.88%,2,0,0%,0,0%,23,1,4.35%,4,17.39%
5,2025-08-25,T T Clement,217,12,5.53%,33,15.21%,110,7,6.36%,16,14.55%,87,4,4.60%,14,16.09%,4,0,0%,1,25.00%,16,1,6.25%,2,12.50%
6,2025-08-25,R A Fahey,19599,2273,11.60%,6992,35.68%,4817,547,11.36%,1787,37.10%,14625,1714,11.72%,5146,35.19%,20,0,0%,10,50.00%,137,12,8.76%,49,35.77%
7,2025-08-25,Paul Murphy,0,0,0%,0,0%,0,0,0%,0,0%,0,0,0%,0,0%,0,0,0%,0,0%,0,0,0%,0,0%
8,2025-08-25,Ollie Pears,2627,206,7.84%,804,30.61%,842,78,9.26%,273,32.42%,1701,121,7.11%,505,29.69%,6,0,0%,1,16.67%,78,7,8.97%,25,32.05%
9,2025-08-25,B Smart,3790,392,10.34%,1262,33.30%,1230,143,11.63%,410,33.33%,2554,249,9.75%,851,33.32%,4,0,0%,1,25.00%,2,0,0%,0,0%
10,2025-08-25,D H Brown,1840,191,10.38%,673,36.58%,674,83,12.31%,263,39.02%,1147,107,9.33%,402,35.05%,3,0,0%,2,66.67%,16,1,6.25%,6,37.50%
11,2025-08-25,J L Spearing,1271,115,9.05%,417,32.81%,299,19,6.35%,71,23.75%,684,68,9.94%,229,33.48%,79,11,13.92%,39,49.37%,209,17,8.13%,78,37.32%
12,2025-08-25,R M H Cowell,3959,411,10.38%,1362,34.40%,1786,206,11.53%,641,35.89%,2171,205,9.44%,721,33.21%,1,0,0%,0,0%,1,0,0%,0,0%
13,2025-08-25,R Curtis,291,22,7.56%,55,18.90%,67,4,5.97%,14,20.90%,54,4,7.41%,8,14.81%,58,5,8.62%,14,24.14%,112,9,8.04%,19,16.96%
14,2025-08-25,W J H Ratcliffe,20,2,10.00%,4,20.00%,20,2,10.00%,4,20.00%,0,0,0%,0,0%,0,0,0%,0,0%,0,0,0%,0,0%
15,2025-08-25,Miss A Stokell,564,22,3.90%,166,29.43%,418,16,3.83%,127,30.38%,143,6,4.20%,39,27.27%,2,0,0%,0,0%,1,0,0%,0,0%
16,2025-08-25,Mrs S Lamyman,0,0,0%,0,0%,0,0,0%,0,0%,0,0,0%,0,0%,0,0,0%,0,0%,0,0,0%,0,0%
17,2025-08-25,P W Hiatt,1101,86,7.81%,306,27.79%,548,48,8.76%,144,26.28%,463,33,7.13%,147,31.75%,24,1,4.17%,4,16.67%,66,4,6.06%,11,16.67%
18,2025-08-25,A D Brown,1544,125,8.10%,410,26.55%,737,70,9.50%,213,28.90%,664,48,7.23%,164,24.70%,57,5,8.77%,17,29.82%,86,2,2.33%,16,18.60%
19,2025-08-25,M Johnston,16282,2430,14.92%,6046,37.13%,4974,784,15.76%,1942,39.04%,11275,1645,14.59%,4089,36.27%,15,1,6.67%,6,40.00%,18,0,0%,9,50.00%
20,2025-08-25,R C Guest,4066,330,8.12%,1141,28.06%,1866,167,8.95%,519,27.81%,1931,149,7.72%,560,29.00%,54,6,11.11%,13,24.07%,215,8,3.72%,49,22.79%
21,2025-08-25,T D Barron,4502,546,12.13%,1444,32.07%,1176,173,14.71%,434,36.90%,3319,371,11.18%,1010,30.43%,4,1,25.00%,0,0%,3,1,33.33%,0,0%
22,2025-08-25,A J Mccabe,1762,152,8.63%,438,24.86%,983,99,10.07%,267,27.16%,743,48,6.46%,163,21.94%,9,1,11.11%,2,22.22%,27,4,14.81%,6,22.22%
23,2025-08-25,P T Midgley,5164,487,9.43%,1478,28.62%,1066,80,7.50%,267,25.05%,4060,406,10.00%,1204,29.66%,1,0,0%,1,100.00%,37,1,2.70%,6,16.22%
24,2025-08-25,M Botti,5918,744,12.57%,2325,39.29%,3496,475,13.59%,1456,41.65%,2416,268,11.09%,867,35.89%,6,1,16.67%,2,33.33%,0,0,0%,0,0%
25,2025-08-25,M G Quinlan,29,2,6.90%,3,10.34%,25,2,8.00%,3,12.00%,1,0,0%,0,0%,0,0,0%,0,0%,3,0,0%,0,0%
26,2025-08-25,A G Newcombe,901,70,7.77%,210,23.31%,410,31,7.56%,88,21.46%,423,35,8.27%,107,25.30%,13,0,0%,5,38.46%,55,4,7.27%,10,18.18%
27,2025-08-25,W G M Turner,1990,156,7.84%,525,26.38%,666,53,7.96%,165,24.77%,858,67,7.81%,226,26.34%,140,19,13.57%,36,25.71%,326,17,5.21%,98,30.06%
28,2025-08-25,K A Ryan,9392,1181,12.57%,3138,33.41%,2109,304,14.41%,758,35.94%,7187,857,11.92%,2338,32.53%,10,0,0%,5,50.00%,86,20,23.26%,37,43.02%
29,2025-08-25,H Morrison,4667,582,12.47%,1643,35.20%,1661,195,11.74%,560,33.71%,2726,333,12.22%,987,36.21%,53,12,22.64%,18,33.96%,227,42,18.50%,78,34.36%
30,2025-08-25,P Butler,960,31,3.23%,145,15.10%,567,18,3.17%,87,15.34%,180,4,2.22%,21,11.67%,68,5,7.35%,15,22.06%,145,4,2.76%,22,15.17%
31,2025-08-25,P Howling,361,12,3.32%,85,23.55%,289,11,3.81%,69,23.88%,68,0,0%,15,22.06%,3,1,33.33%,1,33.33%,1,0,0%,0,0%
32,2025-08-25,A B Haynes,206,20,9.71%,32,15.53%,47,4,8.51%,4,8.51%,143,15,10.49%,25,17.48%,0,0,0%,0,0%,16,1,6.25%,3,18.75%
33,2025-08-25,B P J Baugh,990,61,6.16%,270,27.27%,594,34,5.72%,170,28.62%,381,27,7.09%,100,26.25%,0,0,0%,0,0%,15,0,0%,0,0%
34,2025-08-25,John A Harris,113,5,4.42%,17,15.04%,28,2,7.14%,4,14.29%,47,2,4.26%,4,8.51%,10,1,10.00%,0,0%,28,0,0%,9,32.14%
35,2025-08-25,R Craggs,347,29,8.36%,111,31.99%,165,21,12.73%,51,30.91%,132,7,5.30%,43,32.58%,4,0,0%,1,25.00%,46,1,2.17%,16,34.78%
36,2025-08-25,D J S Ffrench Davis,1624,128,7.88%,465,28.63%,626,44,7.03%,185,29.55%,750,68,9.07%,194,25.87%,53,4,7.55%,23,43.40%,195,12,6.15%,63,32.31%
37,2025-08-25,N J Henderson,7642,1770,23.16%,2434,31.85%,158,35,22.15%,65,41.14%,913,211,23.11%,360,39.43%,1963,458,23.33%,493,25.11%,4608,1066,23.13%,1516,32.90%
38,2025-08-25,Jonjo O'Neill,7843,1064,13.57%,2567,32.73%,117,7,5.98%,56,47.86%,726,86,11.85%,285,39.26%,2791,392,14.05%,863,30.92%,4209,579,13.76%,1363,32.38%
39,2025-08-25,W K Goldsworthy,295,18,6.10%,61,20.68%,11,0,0%,1,9.09%,48,3,6.25%,9,18.75%,71,4,5.63%,17,23.94%,165,11,6.67%,34,20.61%
40,2025-08-25,K C Bailey,3739,574,15.35%,1323,35.38%,85,15,17.65%,31,36.47%,399,62,15.54%,160,40.10%,1250,210,16.80%,416,33.28%,2005,287,14.31%,716,35.71%
41,2025-08-25,M Keighley,2905,327,11.26%,903,31.08%,75,4,5.33%,27,36.00%,332,20,6.02%,105,31.63%,943,145,15.38%,260,27.57%,1555,158,10.16%,511,32.86%
42,2025-08-25,P R Webber,1964,152,7.74%,637,32.43%,154,13,8.44%,46,29.87%,339,21,6.19%,107,31.56%,594,63,10.61%,220,37.04%,877,55,6.27%,264,30.10%
43,2025-08-25,D McCain Jnr,8413,1263,15.01%,2976,35.37%,272,28,10.29%,78,28.68%,918,135,14.71%,315,34.31%,2125,347,16.33%,666,31.34%,5098,753,14.77%,1917,37.60%
44,2025-08-25,Tim Vaughan,5503,621,11.28%,1819,33.05%,228,13,5.70%,60,26.32%,437,44,10.07%,154,35.24%,1594,207,12.99%,560,35.13%,3244,357,11.00%,1045,32.21%
45,2025-08-25,Ian Williams,8609,1014,11.78%,2746,31.90%,2578,327,12.68%,806,31.26%,3581,383,10.70%,1090,30.44%,779,117,15.02%,280,35.94%,1671,187,11.19%,570,34.11%
46,2025-08-25,H D Daly,2360,327,13.86%,802,33.98%,1,0,0%,0,0%,266,19,7.14%,100,37.59%,840,129,15.36%,275,32.74%,1253,179,14.29%,427,34.08%
47,2025-08-25,D Pipe,7149,1014,14.18%,2268,31.72%,126,8,6.35%,26,20.63%,635,112,17.64%,207,32.60%,2143,319,14.89%,634,29.58%,4245,575,13.55%,1401,33.00%
48,2025-08-25,R H Buckler,666,60,9.01%,177,26.58%,5,0,0%,3,60.00%,76,3,3.95%,15,19.74%,353,42,11.90%,100,28.33%,232,15,6.47%,59,25.43%
49,2025-08-25,N A Twiston-Davies,7385,1028,13.92%,2540,34.39%,165,16,9.70%,63,38.18%,731,94,12.86%,270,36.94%,3063,431,14.07%,984,32.13%,3426,487,14.21%,1223,35.70%
50,2025-08-25,Mrs S J Smith,3851,464,12.05%,1389,36.07%,40,3,7.50%,8,20.00%,214,10,4.67%,77,35.98%,1918,273,14.23%,729,38.01%,1679,178,10.60%,575,34.25%
51,2025-08-25,K G Reveley,1132,162,14.31%,395,34.89%,86,6,6.98%,25,29.07%,269,28,10.41%,102,37.92%,310,55,17.74%,100,32.26%,467,73,15.63%,168,35.97%
52,2025-08-25,P J Hobbs,6425,1033,16.08%,2425,37.74%,25,4,16.00%,9,36.00%,559,83,14.85%,233,41.68%,2462,386,15.68%,916,37.21%,3379,560,16.57%,1267,37.50%
53,2025-08-25,K Bishop,618,43,6.96%,140,22.65%,17,0,0%,2,11.76%,60,1,1.67%,9,15.00%,110,11,10.00%,30,27.27%,431,31,7.19%,99,22.97%
54,2025-08-25,P F Nicholls,8648,1970,22.78%,2863,33.11%,104,16,15.38%,61,58.65%,708,154,21.75%,261,36.86%,3667,820,22.36%,1054,28.74%,4169,980,23.51%,1487,35.67%
55,2025-08-25,B G Powell,2449,226,9.23%,719,29.36%,547,57,10.42%,139,25.41%,802,82,10.22%,255,31.80%,324,38,11.73%,109,33.64%,776,49,6.31%,216,27.84%
56,2025-08-25,A M Hales,2135,205,9.60%,726,34.00%,218,7,3.21%,79,36.24%,243,20,8.23%,74,30.45%,533,61,11.44%,184,34.52%,1141,117,10.25%,389,34.09%
57,2025-08-25,A King,8670,1224,14.12%,3335,38.47%,1150,134,11.65%,482,41.91%,2255,276,12.24%,852,37.78%,1507,247,16.39%,474,31.45%,3758,567,15.09%,1527,40.63%
58,2025-08-25,M F Harris,1544,210,13.60%,519,33.61%,166,10,6.02%,37,22.29%,260,38,14.62%,76,29.23%,205,30,14.63%,75,36.59%,913,132,14.46%,331,36.25%
59,2025-08-25,J L Flint,1972,173,8.77%,570,28.90%,261,9,3.45%,66,25.29%,858,78,9.09%,235,27.39%,237,24,10.13%,79,33.33%,616,62,10.06%,190,30.84%
60,2025-08-25,Paul Green,715,58,8.11%,174,24.34%,249,18,7.23%,54,21.69%,461,40,8.68%,119,25.81%,0,0,0%,0,0%,5,0,0%,1,20.00%
61,2025-08-25,D E Cantillon,371,77,20.75%,136,36.66%,126,31,24.60%,40,31.75%,127,18,14.17%,52,40.94%,22,5,22.73%,4,18.18%,96,23,23.96%,40,41.67%
62,2025-08-25,M H Tompkins,1345,79,5.87%,390,29.00%,565,44,7.79%,183,32.39%,687,31,4.51%,181,26.35%,9,0,0%,2,22.22%,84,4,4.76%,24,28.57%
63,2025-08-25,Ms E L McWilliam,1,0,0%,0,0%,0,0,0%,0,0%,0,0,0%,0,0%,1,0,0%,0,0%,0,0,0%,0,0%
64,2025-08-25,C E Longsdon,4729,661,13.98%,1619,34.24%,92,11,11.96%,30,32.61%,425,61,14.35%,148,34.82%,1912,288,15.06%,624,32.64%,2300,301,13.09%,817,35.52%
65,2025-08-25,A L T Moore,1168,97,8.30%,314,26.88%,34,0,0%,4,11.76%,229,20,8.73%,62,27.07%,481,38,7.90%,140,29.11%,424,39,9.20%,108,25.47%
66,2025-08-25,H De Bromhead,7969,1136,14.26%,2675,33.57%,266,25,9.40%,75,28.20%,1013,97,9.58%,342,33.76%,3036,482,15.88%,1043,34.35%,3654,532,14.56%,1215,33.25%
67,2025-08-25,T J Nagle-Jr,426,32,7.51%,125,29.34%,0,0,0%,0,0%,69,5,7.25%,21,30.43%,118,13,11.02%,34,28.81%,239,14,5.86%,70,29.29%
68,2025-08-25,L McAteer,282,9,3.19%,39,13.83%,80,5,6.25%,12,15.00%,185,4,2.16%,25,13.51%,11,0,0%,2,18.18%,6,0,0%,0,0%
69,2025-08-25,P Fenton,1194,110,9.21%,314,26.30%,1,0,0%,0,0%,184,20,10.87%,58,31.52%,243,28,11.52%,52,21.40%,766,62,8.09%,204,26.63%
70,2025-08-25,P J Rothwell,4934,224,4.54%,954,19.34%,77,0,0%,6,7.79%,390,8,2.05%,68,17.44%,1280,74,5.78%,310,24.22%,3185,142,4.46%,569,17.86%
71,2025-08-25,W J Burke,1238,59,4.77%,291,23.51%,10,0,0%,0,0%,156,10,6.41%,43,27.56%,323,19,5.88%,89,27.55%,749,30,4.01%,159,21.23%
72,2025-08-25,M T Moran,112,3,2.68%,16,14.29%,0,0,0%,0,0%,9,0,0%,1,11.11%,31,1,3.23%,5,16.13%,72,2,2.78%,10,13.89%
73,2025-08-25,E Doyle,2211,170,7.69%,619,28.00%,138,11,7.97%,25,18.12%,408,37,9.07%,88,21.57%,413,41,9.93%,145,35.11%,1252,81,6.47%,361,28.83%
74,2025-08-25,P A Roche,104,1,0.96%,8,7.69%,2,0,0%,0,0%,31,0,0%,0,0%,28,0,0%,3,10.71%,43,1,2.33%,5,11.63%
75,2025-08-25,W P Mullins,12547,3207,25.56%,4158,33.14%,60,4,6.67%,10,16.67%,2818,745,26.44%,1046,37.12%,3468,870,25.09%,1005,28.98%,6201,1588,25.61%,2097,33.82%
76,2025-08-25,L Whitmore,176,13,7.39%,34,19.32%,0,0,0%,0,0%,2,0,0%,0,0%,81,7,8.64%,17,20.99%,93,6,6.45%,17,18.28%
77,2025-08-25,Mrs J Harrington,10094,1113,11.03%,3418,33.86%,744,61,8.20%,230,30.91%,6073,672,11.07%,2071,34.10%,928,129,13.90%,339,36.53%,2349,251,10.69%,778,33.12%
78,2025-08-25,T G O'Leary,4,0,0%,1,25.00%,0,0,0%,0,0%,0,0,0%,0,0%,0,0,0%,0,0%,4,0,0%,1,25.00%
79,2025-08-25,C F Swan,935,91,9.73%,259,27.70%,107,15,14.02%,34,31.78%,265,30,11.32%,72,27.17%,167,13,7.78%,39,23.35%,396,33,8.33%,114,28.79%
80,2025-08-25,J J Lennon,3,0,0%,0,0%,0,0,0%,0,0%,0,0,0%,0,0%,2,0,0%,0,0%,1,0,0%,0,0%
81,2025-08-25,A Slattery,3583,307,8.57%,964,26.90%,790,68,8.61%,238,30.13%,2153,183,8.50%,544,25.27%,118,11,9.32%,26,22.03%,522,45,8.62%,156,29.89%
82,2025-08-25,M Hurley,24,0,0%,5,20.83%,0,0,0%,0,0%,9,0,0%,0,0%,4,0,0%,0,0%,11,0,0%,5,45.45%
83,2025-08-25,Miss E Doyle,1820,155,8.52%,598,32.86%,52,2,3.85%,14,26.92%,407,35,8.60%,152,37.35%,357,37,10.36%,115,32.21%,1004,81,8.07%,317,31.57%
84,2025-08-25,A Maguire,251,26,10.36%,88,35.06%,5,1,20.00%,2,40.00%,53,5,9.43%,24,45.28%,68,8,11.76%,23,33.82%,125,12,9.60%,39,31.20%
85,2025-08-25,J F O'Shea,417,16,3.84%,57,13.67%,38,0,0%,4,10.53%,152,2,1.32%,19,12.50%,18,3,16.67%,5,27.78%,209,11,5.26%,29,13.88%
86,2025-08-25,P J Flynn,2514,198,7.88%,604,24.03%,493,54,10.95%,108,21.91%,1548,105,6.78%,366,23.64%,67,6,8.96%,18,26.87%,406,33,8.13%,112,27.59%
87,2025-08-25,S Fahey,1331,57,4.28%,300,22.54%,158,5,3.16%,26,16.46%,475,23,4.84%,92,19.37%,75,4,5.33%,28,37.33%,623,25,4.01%,154,24.72%
88,2025-08-25,Miss McGuinness,125,4,3.20%,14,11.20%,13,0,0%,0,0%,44,1,2.27%,3,6.82%,2,0,0%,0,0%,66,3,4.55%,11,16.67%
89,2025-08-25,E J O'Grady,2247,186,8.28%,682,30.35%,86,3,3.49%,26,30.23%,517,34,6.58%,177,34.24%,582,50,8.59%,173,29.73%,1062,99,9.32%,306,28.81%
90,2025-08-25,Brian Jordan,136,10,7.35%,48,35.29%,0,0,0%,0,0%,27,1,3.70%,5,18.52%,54,4,7.41%,30,55.56%,55,5,9.09%,13,23.64%
91,2025-08-25,A K Wyse,41,1,2.44%,7,17.07%,0,0,0%,0,0%,1,0,0%,0,0%,10,0,0%,2,20.00%,30,1,3.33%,5,16.67%
92,2025-08-25,M Hourigan,1867,132,7.07%,520,27.85%,19,1,5.26%,2,10.53%,310,16,5.16%,77,24.84%,480,34,7.08%,144,30.00%,1058,81,7.66%,297,28.07%
93,2025-08-25,P Magnier,70,7,10.00%,6,8.57%,2,0,0%,0,0%,26,4,15.38%,1,3.85%,6,0,0%,0,0%,36,3,8.33%,5,13.89%
94,2025-08-25,R Donohoe,781,43,5.51%,137,17.54%,150,8,5.33%,24,16.00%,296,22,7.43%,50,16.89%,34,2,5.88%,4,11.76%,301,11,3.65%,59,19.60%
95,2025-08-25,E Sheehy,852,23,2.70%,105,12.32%,66,0,0%,6,9.09%,182,2,1.10%,23,12.64%,174,10,5.75%,33,18.97%,430,11,2.56%,43,10.00%
96,2025-08-25,F Flood,748,50,6.68%,163,21.79%,1,0,0%,0,0%,71,3,4.23%,18,25.35%,272,26,9.56%,67,24.63%,404,21,5.20%,78,19.31%
97,2025-08-25,W C O'Brien,135,6,4.44%,21,15.56%,7,0,0%,0,0%,59,3,5.08%,4,6.78%,9,1,11.11%,1,11.11%,60,2,3.33%,16,26.67%
98,2025-08-25,Ms H P Markham,205,5,2.44%,33,16.10%,0,0,0%,0,0%,6,0,0%,0,0%,105,4,3.81%,22,20.95%,94,1,1.06%,11,11.70%
99,2025-08-25,G Hayes,54,2,3.70%,11,20.37%,4,0,0%,0,0%,15,0,0%,4,26.67%,13,0,0%,4,30.77%,22,2,9.09%,3,13.64%
100,2025-08-25,P J Colville,112,5,4.46%,26,23.21%,0,0,0%,0,0%,29,2,6.90%,8,27.59%,19,1,5.26%,5,26.32%,64,2,3.13%,13,20.31%
101,2025-08-25,R F O'Gorman,0,0,0%,0,0%,0,0,0%,0,0%,0,0,0%,0,0%,0,0,0%,0,0%,0,0,0%,0,0%
102,2025-08-25,J F Coupland,0,0,0%,0,0%,0,0,0%,0,0%,0,0,0%,0,0%,0,0,0%,0,0%,0,0,0%,0,0%
103,2025-08-25,C R Dore,1806,150,8.31%,509,28.18%,1270,109,8.58%,335,26.38%,298,24,8.05%,85,28.52%,34,3,8.82%,12,35.29%,204,14,6.86%,77,37.75%
104,2025-08-25,Miss J R Tooth,0,0,0%,0,0%,0,0,0%,0,0%,0,0,0%,0,0%,0,0,0%,0,0%,0,0,0%,0,0%
105,2025-08-25,M Quinn,852,67,7.86%,302,35.45%,331,20,6.04%,103,31.12%,484,43,8.88%,184,38.02%,2,0,0%,0,0%,35,4,11.43%,15,42.86%
106,2025-08-25,J Pearce,7,0,0%,1,14.29%,6,0,0%,1,16.67%,1,0,0%,0,0%,0,0,0%,0,0%,0,0,0%,0,0%
107,2025-08-25,J M Bradley,2498,157,6.29%,678,27.14%,1334,98,7.35%,404,30.28%,1051,55,5.23%,247,23.50%,58,4,6.90%,21,36.21%,55,0,0%,6,10.91%
108,2025-08-25,George Baker,3522,399,11.33%,1099,31.20%,1264,162,12.82%,390,30.85%,1986,209,10.52%,619,31.17%,30,5,16.67%,8,26.67%,242,23,9.50%,82,33.88%
109,2025-08-25,D Shaw,4012,282,7.03%,1090,27.17%,2957,246,8.32%,840,28.41%,852,29,3.40%,187,21.95%,29,1,3.45%,10,34.48%,174,6,3.45%,53,30.46%
110,2025-08-25,J R Best,1937,159,8.21%,613,31.65%,1219,103,8.45%,411,33.72%,714,55,7.70%,200,28.01%,4,1,25.00%,2,50.00%,0,0,0%,0,0%
111,2025-08-25,J S Moore,3266,223,6.83%,1020,31.23%,1662,142,8.54%,594,35.74%,1569,81,5.16%,418,26.64%,2,0,0%,1,50.00%,33,0,0%,7,21.21%
112,2025-08-25,J R Boyle,2622,252,9.61%,767,29.25%,1239,110,8.88%,378,30.51%,1234,124,10.05%,353,28.61%,27,1,3.70%,6,22.22%,122,17,13.93%,30,24.59%
113,2025-08-25,Karen George,445,24,5.39%,122,27.42%,175,15,8.57%,42,24.00%,186,7,3.76%,56,30.11%,8,0,0%,4,50.00%,76,2,2.63%,20,26.32%
114,2025-08-25,P D Evans,9851,1023,10.38%,3380,34.31%,4849,544,11.22%,1650,34.03%,4741,455,9.60%,1652,34.84%,58,9,15.52%,12,20.69%,203,15,7.39%,66,32.51%
115,2025-08-25,H J Collingridge,1,0,0%,1,100.00%,1,0,0%,1,100.00%,0,0,0%,0,0%,0,0,0%,0,0%,0,0,0%,0,0%
116,2025-08-25,B Forsey,231,13,5.63%,58,25.11%,65,4,6.15%,12,18.46%,38,4,10.53%,12,31.58%,30,2,6.67%,4,13.33%,98,3,3.06%,30,30.61%
117,2025-08-25,G P Enright,74,2,2.70%,8,10.81%,20,0,0%,2,10.00%,8,0,0%,0,0%,19,2,10.53%,3,15.79%,27,0,0%,3,11.11%
118,2025-08-25,P S McEntee,3591,290,8.08%,1072,29.85%,2604,204,7.83%,828,31.80%,943,84,8.91%,236,25.03%,6,0,0%,2,33.33%,38,2,5.26%,6,15.79%
119,2025-08-25,A J Lidderdale,737,62,8.41%,178,24.15%,411,40,9.73%,102,24.82%,237,16,6.75%,61,25.74%,18,2,11.11%,1,5.56%,71,4,5.63%,14,19.72%
120,2025-08-25,I W McInnes,667,29,4.35%,120,17.99%,287,11,3.83%,59,20.56%,358,16,4.47%,58,16.20%,2,0,0%,0,0%,20,2,10.00%,3,15.00%
121,2025-08-25,C N Kellett,715,34,4.76%,151,21.12%,218,9,4.13%,47,21.56%,276,21,7.61%,57,20.65%,94,1,1.06%,28,29.79%,127,3,2.36%,19,14.96%
122,2025-08-25,S A Harris,2080,142,6.83%,539,25.91%,976,74,7.58%,277,28.38%,764,46,6.02%,174,22.77%,79,10,12.66%,32,40.51%,261,12,4.60%,56,21.46%
123,2025-08-25,M R Bosley,753,45,5.98%,209,27.76%,359,22,6.13%,96,26.74%,168,12,7.14%,38,22.62%,79,6,7.59%,34,43.04%,147,5,3.40%,41,27.89%
124,2025-08-25,S Woodman,285,13,4.56%,85,29.82%,148,9,6.08%,44,29.73%,108,4,3.70%,29,26.85%,9,0,0%,6,66.67%,20,0,0%,6,30.00%
125,2025-08-25,N P Littmoden,836,82,9.81%,245,29.31%,492,57,11.59%,170,34.55%,248,14,5.65%,49,19.76%,18,5,27.78%,4,22.22%,78,6,7.69%,22,28.21%
126,2025-08-25,M J Attwater,3738,251,6.71%,1053,28.17%,2409,155,6.43%,682,28.31%,1281,94,7.34%,368,28.73%,3,1,33.33%,0,0%,45,1,2.22%,3,6.67%
127,2025-08-25,C F Wall,2111,287,13.60%,689,32.64%,702,97,13.82%,254,36.18%,1408,190,13.49%,434,30.82%,1,0,0%,1,100.00%,0,0,0%,0,0%
128,2025-08-25,Miss Amy Weaver,259,18,6.95%,51,19.69%,112,10,8.93%,27,24.11%,126,8,6.35%,21,16.67%,3,0,0%,0,0%,18,0,0%,3,16.67%
129,2025-08-25,N B King,2686,326,12.14%,992,36.93%,158,27,17.09%,51,32.28%,303,32,10.56%,101,33.33%,705,102,14.47%,240,34.04%,1520,165,10.86%,600,39.47%
130,2025-08-25,T D McCarthy,212,9,4.25%,53,25.00%,170,9,5.29%,47,27.65%,34,0,0%,6,17.65%,1,0,0%,0,0%,7,0,0%,0,0%
131,2025-08-25,G G Margarson,1732,174,10.05%,524,30.25%,701,92,13.12%,274,39.09%,1030,82,7.96%,250,24.27%,0,0,0%,0,0%,1,0,0%,0,0%
132,2025-08-25,C Gordon,3249,412,12.68%,1076,33.12%,204,10,4.90%,49,24.02%,412,44,10.68%,148,35.92%,877,134,15.28%,290,33.07%,1756,224,12.76%,589,33.54%
133,2025-08-25,M Wellings,51,4,7.84%,7,13.73%,46,4,8.70%,7,15.22%,5,0,0%,0,0%,0,0,0%,0,0%,0,0,0%,0,0%
134,2025-08-25,W R Swinburn,300,32,10.67%,60,20.00%,85,9,10.59%,18,21.18%,215,23,10.70%,42,19.53%,0,0,0%,0,0%,0,0,0%,0,0%
135,2025-08-25,A W Carroll,11335,1069,9.43%,3477,30.67%,5658,540,9.54%,1806,31.92%,4295,417,9.71%,1258,29.29%,349,37,10.60%,113,32.38%,1033,75,7.26%,300,29.04%
136,2025-08-25,J J Bridger,2572,168,6.53%,773,30.05%,1224,54,4.41%,330,26.96%,1322,113,8.55%,438,33.13%,6,0,0%,1,16.67%,20,1,5.00%,4,20.00%
137,2025-08-25,Stef Liddiard,46,4,8.70%,7,15.22%,15,1,6.67%,1,6.67%,31,3,9.68%,6,19.35%,0,0,0%,0,0%,0,0,0%,0,0%
138,2025-08-25,Mrs L C Jewell,800,40,5.00%,177,22.13%,231,10,4.33%,51,22.08%,150,6,4.00%,30,20.00%,151,16,10.60%,42,27.81%,268,8,2.99%,54,20.15%
139,2025-08-25,J Gask,1514,135,8.92%,452,29.85%,878,93,10.59%,282,32.12%,636,42,6.60%,170,26.73%,0,0,0%,0,0%,0,0,0%,0,0%
140,2025-08-25,I A Wood,261,25,9.58%,57,21.84%,155,16,10.32%,34,21.94%,106,9,8.49%,23,21.70%,0,0,0%,0,0%,0,0,0%,0,0%
141,2025-08-25,J J Quinn,5122,638,12.46%,1895,37.00%,1091,120,11.00%,395,36.21%,3439,403,11.72%,1267,36.84%,39,5,12.82%,14,35.90%,553,110,19.89%,219,39.60%
142,2025-08-25,G A Ham,33,5,15.15%,3,9.09%,0,0,0%,0,0%,2,0,0%,0,0%,16,4,25.00%,2,12.50%,15,1,6.67%,1,6.67%
143,2025-08-25,J M Jefferson,1305,217,16.63%,525,40.23%,35,6,17.14%,15,42.86%,253,38,15.02%,109,43.08%,467,90,19.27%,166,35.55%,550,83,15.09%,235,42.73%
144,2025-08-25,P A Kirby,5753,536,9.32%,1658,28.82%,1412,112,7.93%,474,33.57%,1882,146,7.76%,488,25.93%,420,70,16.67%,103,24.52%,2039,208,10.20%,593,29.08%
145,2025-08-25,O Sherwood,2309,307,13.30%,915,39.63%,47,7,14.89%,15,31.91%,258,35,13.57%,116,44.96%,755,119,15.76%,254,33.64%,1249,146,11.69%,530,42.43%
146,2025-08-25,W Stone,1158,112,9.67%,402,34.72%,561,48,8.56%,200,35.65%,593,63,10.62%,202,34.06%,3,0,0%,0,0%,1,1,100.00%,0,0%
147,2025-08-25,W J Haggas,8701,1918,22.04%,3346,38.46%,2109,471,22.33%,916,43.43%,6575,1440,21.90%,2425,36.88%,15,5,33.33%,5,33.33%,2,2,100.00%,0,0%
148,2025-08-25,D Carroll,3379,326,9.65%,989,29.27%,692,71,10.26%,206,29.77%,2585,249,9.63%,763,29.52%,9,0,0%,2,22.22%,93,6,6.45%,18,19.35%
149,2025-08-25,D Nicholls,2754,285,10.35%,732,26.58%,625,85,13.60%,183,29.28%,2122,198,9.33%,547,25.78%,6,2,33.33%,2,33.33%,1,0,0%,0,0%
150,2025-08-25,M C Chapman,1341,45,3.36%,258,19.24%,302,13,4.30%,41,13.58%,269,6,2.23%,29,10.78%,374,15,4.01%,121,32.35%,396,11,2.78%,67,16.92%
151,2025-08-25,R W Price,0,0,0%,0,0%,0,0,0%,0,0%,0,0,0%,0,0%,0,0,0%,0,0%,0,0,0%,0,0%
152,2025-08-25,R M Beckett,7244,1265,17.46%,2649,36.57%,1984,384,19.35%,756,38.10%,5249,880,16.77%,1887,35.95%,7,1,14.29%,3,42.86%,4,0,0%,3,75.00%
153,2025-08-25,G Prodromou,106,12,11.32%,15,14.15%,80,12,15.00%,15,18.75%,23,0,0%,0,0%,0,0,0%,0,0%,3,0,0%,0,0%
154,2025-08-25,J R Jenkins,3695,279,7.55%,1066,28.85%,2106,170,8.07%,652,30.96%,1213,82,6.76%,317,26.13%,44,2,4.55%,18,40.91%,332,25,7.53%,79,23.80%
155,2025-08-25,M E Rimmer,159,8,5.03%,44,27.67%,76,3,3.95%,23,30.26%,71,4,5.63%,18,25.35%,0,0,0%,0,0%,12,1,8.33%,3,25.00%
156,2025-08-25,N Bycroft,516,44,8.53%,128,24.81%,97,8,8.25%,23,23.71%,400,35,8.75%,102,25.50%,0,0,0%,0,0%,19,1,5.26%,3,15.79%
157,2025-08-25,Mrs Hill,121,25,20.66%,23,19.01%,7,0,0%,2,28.57%,10,1,10.00%,0,0%,26,5,19.23%,4,15.38%,78,19,24.36%,17,21.79%
158,2025-08-25,P F I Cole,2366,272,11.50%,923,39.01%,914,107,11.71%,381,41.68%,1451,165,11.37%,542,37.35%,0,0,0%,0,0%,1,0,0%,0,0%
159,2025-08-25,G J Smith,0,0,0%,0,0%,0,0,0%,0,0%,0,0,0%,0,0%,0,0,0%,0,0%,0,0,0%,0,0%
160,2025-08-25,S P Griffiths,43,0,0%,3,6.98%,25,0,0%,2,8.00%,10,0,0%,0,0%,0,0,0%,0,0%,8,0,0%,1,12.50%
161,2025-08-25,M D Squance,268,22,8.21%,68,25.37%,189,19,10.05%,50,26.46%,71,3,4.23%,16,22.54%,0,0,0%,0,0%,8,0,0%,2,25.00%
162,2025-08-25,B R Millman,4190,450,10.74%,1391,33.20%,1243,123,9.90%,396,31.86%,2853,318,11.15%,974,34.14%,12,4,33.33%,2,16.67%,82,5,6.10%,19,23.17%
163,2025-08-25,J Balding,625,55,8.80%,190,30.40%,418,44,10.53%,138,33.01%,207,11,5.31%,52,25.12%,0,0,0%,0,0%,0,0,0%,0,0%
164,2025-08-25,R Brotherton,780,42,5.38%,171,21.92%,360,21,5.83%,80,22.22%,228,16,7.02%,39,17.11%,76,4,5.26%,19,25.00%,116,1,0.86%,33,28.45%
165,2025-08-25,Miss Z C Davison,1274,62,4.87%,357,28.02%,356,8,2.25%,94,26.40%,186,2,1.08%,47,25.27%,281,25,8.90%,110,39.15%,451,27,5.99%,106,23.50%
166,2025-08-25,P W D'Arcy,994,100,10.06%,329,33.10%,554,62,11.19%,181,32.67%,434,38,8.76%,146,33.64%,0,0,0%,0,0%,6,0,0%,2,33.33%
167,2025-08-25,Matthew Salaman,267,14,5.24%,60,22.47%,101,8,7.92%,20,19.80%,142,5,3.52%,32,22.54%,2,0,0%,0,0%,22,1,4.55%,8,36.36%
168,2025-08-25,B W Duke,859,35,4.07%,191,22.24%,109,4,3.67%,26,23.85%,542,20,3.69%,99,18.27%,12,0,0%,6,50.00%,196,11,5.61%,60,30.61%
169,2025-08-25,A Crook,1270,49,3.86%,276,21.73%,198,4,2.02%,35,17.68%,420,10,2.38%,85,20.24%,186,14,7.53%,45,24.19%,466,21,4.51%,111,23.82%
170,2025-08-25,R Hollinshead,709,55,7.76%,186,26.23%,338,31,9.17%,99,29.29%,316,23,7.28%,77,24.37%,2,0,0%,1,50.00%,53,1,1.89%,9,16.98%
171,2025-08-25,R E Barr,734,31,4.22%,201,27.38%,102,5,4.90%,25,24.51%,628,26,4.14%,176,28.03%,0,0,0%,0,0%,4,0,0%,0,0%
172,2025-08-25,R Harris,4183,359,8.58%,1274,30.46%,1851,172,9.29%,573,30.96%,2264,184,8.13%,678,29.95%,11,1,9.09%,5,45.45%,57,2,3.51%,18,31.58%
173,2025-08-25,Denis Hogan,5808,411,7.08%,1579,27.19%,997,72,7.22%,240,24.07%,2240,152,6.79%,646,28.84%,514,47,9.14%,152,29.57%,2057,140,6.81%,541,26.30%
174,2025-08-25,R Tyner,1906,188,9.86%,475,24.92%,1,0,0%,0,0%,161,26,16.15%,67,41.61%,818,88,10.76%,229,28.00%,926,74,7.99%,179,19.33%
175,2025-08-25,J R Phelan,0,0,0%,0,0%,0,0,0%,0,0%,0,0,0%,0,0%,0,0,0%,0,0%,0,0,0%,0,0%
176,2025-08-25,J H Scott,135,3,2.22%,23,17.04%,17,0,0%,3,17.65%,90,2,2.22%,11,12.22%,4,0,0%,0,0%,24,1,4.17%,9,37.50%
177,2025-08-25,M J Hogan,19,1,5.26%,4,21.05%,0,0,0%,0,0%,8,0,0%,4,50.00%,1,0,0%,0,0%,10,1,10.00%,0,0%
178,2025-08-25,P Nolan,3111,265,8.52%,847,27.23%,25,0,0%,4,16.00%,443,29,6.55%,135,30.47%,772,89,11.53%,217,28.11%,1871,147,7.86%,491,26.24%
179,2025-08-25,E M O'Sullivan,1182,59,4.99%,240,20.30%,30,2,6.67%,8,26.67%,228,8,3.51%,36,15.79%,290,25,8.62%,75,25.86%,634,24,3.79%,121,19.09%
180,2025-08-25,J G Bennett,31,1,3.23%,8,25.81%,0,0,0%,0,0%,6,0,0%,1,16.67%,3,0,0%,0,0%,22,1,4.55%,7,31.82%
181,2025-08-25,M P Sunderland,131,3,2.29%,30,22.90%,25,0,0%,5,20.00%,52,0,0%,7,13.46%,25,2,8.00%,9,36.00%,29,1,3.45%,9,31.03%
182,2025-08-25,M F Morris,1868,156,8.35%,571,30.57%,0,0,0%,0,0%,91,3,3.30%,28,30.77%,840,80,9.52%,260,30.95%,937,73,7.79%,283,30.20%
183,2025-08-25,T Doyle,1890,103,5.45%,407,21.53%,204,12,5.88%,51,25.00%,1070,53,4.95%,228,21.31%,95,12,12.63%,22,23.16%,521,26,4.99%,106,20.35%
184,2025-08-25,Ivor Kingston,23,1,4.35%,2,8.70%,0,0,0%,0,0%,0,0,0%,0,0%,6,0,0%,0,0%,17,1,5.88%,2,11.76%
185,2025-08-25,E O'Grady,562,45,8.01%,139,24.73%,1,0,0%,0,0%,42,1,2.38%,14,33.33%,233,26,11.16%,65,27.90%,286,18,6.29%,60,20.98%
186,2025-08-25,T Foley,665,48,7.22%,219,32.93%,6,1,16.67%,2,33.33%,202,8,3.96%,70,34.65%,66,8,12.12%,30,45.45%,391,31,7.93%,117,29.92%
187,2025-08-25,John Neilan,182,4,2.20%,36,19.78%,0,0,0%,0,0%,75,2,2.67%,12,16.00%,25,0,0%,6,24.00%,82,2,2.44%,18,21.95%
188,2025-08-25,C Byrnes,2588,303,11.71%,720,27.82%,36,5,13.89%,4,11.11%,538,61,11.34%,156,29.00%,501,51,10.18%,151,30.14%,1513,186,12.29%,409,27.03%
189,2025-08-25,T J O'Mara,937,35,3.74%,181,19.32%,207,7,3.38%,40,19.32%,584,18,3.08%,117,20.03%,29,3,10.34%,5,17.24%,117,7,5.98%,19,16.24%
190,2025-08-25,D E Finn,116,2,1.72%,19,16.38%,4,0,0%,0,0%,21,0,0%,1,4.76%,42,1,2.38%,8,19.05%,49,1,2.04%,10,20.41%
191,2025-08-25,T O'Callaghan,34,0,0%,5,14.71%,0,0,0%,0,0%,1,0,0%,0,0%,28,0,0%,5,17.86%,5,0,0%,0,0%
192,2025-08-25,P W Flynn,2488,160,6.43%,528,21.22%,409,42,10.27%,90,22.00%,955,50,5.24%,178,18.64%,314,26,8.28%,95,30.25%,810,42,5.19%,165,20.37%
193,2025-08-25,D K Weld,5931,905,15.26%,2084,35.14%,462,51,11.04%,168,36.36%,5172,803,15.53%,1817,35.13%,39,6,15.38%,7,17.95%,258,45,17.44%,92,35.66%
194,2025-08-25,A Leahy,1017,49,4.82%,253,24.88%,80,3,3.75%,22,27.50%,568,29,5.11%,135,23.77%,30,2,6.67%,9,30.00%,339,15,4.42%,87,25.66%
195,2025-08-25,J Halley,362,16,4.42%,100,27.62%,8,1,12.50%,0,0%,129,2,1.55%,30,23.26%,39,2,5.13%,16,41.03%,186,11,5.91%,54,29.03%
196,2025-08-25,Miss McLoughlin,528,29,5.49%,117,22.16%,104,10,9.62%,28,26.92%,337,17,5.04%,73,21.66%,21,0,0%,5,23.81%,66,2,3.03%,11,16.67%
197,2025-08-25,Miss G Lee,1,0,0%,0,0%,0,0,0%,0,0%,0,0,0%,0,0%,0,0,0%,0,0%,1,0,0%,0,0%
198,2025-08-25,E Griffin,1017,66,6.49%,229,22.52%,50,2,4.00%,6,12.00%,232,9,3.88%,52,22.41%,121,9,7.44%,29,23.97%,614,46,7.49%,142,23.13%
199,2025-08-25,M J Kelly,0,0,0%,0,0%,0,0,0%,0,0%,0,0,0%,0,0%,0,0,0%,0,0%,0,0,0%,0,0%
200,2025-08-25,Miss M T Quigley,13,0,0%,4,30.77%,0,0,0%,0,0%,4,0,0%,0,0%,0,0,0%,0,0%,9,0,0%,4,44.44%
201,2025-08-25,G L Moore,9187,1178,12.82%,2986,32.50%,2265,271,11.96%,729,32.19%,2310,242,10.48%,697,30.17%,1559,250,16.04%,494,31.69%,3053,415,13.59%,1066,34.92%
202,2025-08-25,Mrs A J Perrett,3014,318,10.55%,1027,34.07%,1116,142,12.72%,415,37.19%,1845,169,9.16%,591,32.03%,6,1,16.67%,2,33.33%,47,6,12.77%,19,40.43%
203,2025-08-25,Miss S Smith,816,82,10.05%,279,34.19%,65,5,7.69%,23,35.38%,88,14,15.91%,30,34.09%,175,16,9.14%,62,35.43%,488,47,9.63%,164,33.61%
204,2025-08-25,D C O'Brien,214,7,3.27%,48,22.43%,13,0,0%,1,7.69%,11,0,0%,1,9.09%,36,2,5.56%,10,27.78%,154,5,3.25%,36,23.38%
205,2025-08-25,Miss V Williams,5083,742,14.60%,1666,32.78%,10,0,0%,4,40.00%,209,26,12.44%,81,38.76%,2982,482,16.16%,977,32.76%,1882,234,12.43%,604,32.09%
206,2025-08-25,J W Mullins,3549,322,9.07%,1154,32.52%,213,15,7.04%,51,23.94%,492,33,6.71%,151,30.69%,1046,124,11.85%,352,33.65%,1798,150,8.34%,600,33.37%
207,2025-08-25,Mrs L J Mongan,1633,97,5.94%,454,27.80%,873,53,6.07%,243,27.84%,405,26,6.42%,101,24.94%,80,8,10.00%,31,38.75%,275,10,3.64%,79,28.73%
208,2025-08-25,R Rowe,1011,64,6.33%,259,25.62%,189,17,8.99%,24,12.70%,92,3,3.26%,15,16.30%,330,27,8.18%,104,31.52%,400,17,4.25%,116,29.00%
209,2025-08-25,N J Gifford,1394,127,9.11%,448,32.14%,79,4,5.06%,38,48.10%,189,17,8.99%,60,31.75%,480,67,13.96%,157,32.71%,646,39,6.04%,193,29.88%
210,2025-08-25,Miss A M Newton-Smith,440,26,5.91%,105,23.86%,16,0,0%,1,6.25%,21,0,0%,2,9.52%,189,19,10.05%,52,27.51%,214,7,3.27%,50,23.36%
211,2025-08-25,P Phelan,1896,135,7.12%,504,26.58%,1005,93,9.25%,263,26.17%,542,32,5.90%,135,24.91%,51,2,3.92%,18,35.29%,298,8,2.68%,88,29.53%
212,2025-08-25,M J Roberts,224,17,7.59%,84,37.50%,31,2,6.45%,16,51.61%,24,2,8.33%,11,45.83%,4,0,0%,1,25.00%,165,13,7.88%,56,33.94%
213,2025-08-25,Noel T Chance,131,6,4.58%,25,19.08%,37,1,2.70%,8,21.62%,25,0,0%,5,20.00%,29,3,10.34%,9,31.03%,40,2,5.00%,3,7.50%
214,2025-08-25,C J Mann,1437,174,12.11%,460,32.01%,39,9,23.08%,16,41.03%,48,5,10.42%,10,20.83%,615,79,12.85%,172,27.97%,735,81,11.02%,262,35.65%
215,2025-08-25,R H & Mrs S Alner,0,0,0%,0,0%,0,0,0%,0,0%,0,0,0%,0,0%,0,0,0%,0,0%,0,0,0%,0,0%
216,2025-08-25,M Bradstock,379,40,10.55%,96,25.33%,7,0,0%,1,14.29%,59,3,5.08%,13,22.03%,98,16,16.33%,28,28.57%,215,21,9.77%,54,25.12%
217,2025-08-25,C L Tizzard,4566,598,13.10%,1693,37.08%,22,3,13.64%,6,27.27%,352,22,6.25%,128,36.36%,2215,323,14.58%,814,36.75%,1977,250,12.65%,745,37.68%
218,2025-08-25,P Henderson,1644,128,7.79%,546,33.21%,26,0,0%,5,19.23%,132,12,9.09%,45,34.09%,684,75,10.96%,247,36.11%,802,41,5.11%,249,31.05%
219,2025-08-25,Miss S West,1278,134,10.49%,443,34.66%,177,9,5.08%,44,24.86%,333,52,15.62%,101,30.33%,93,11,11.83%,33,35.48%,675,62,9.19%,265,39.26%
220,2025-08-25,Jim Best,810,85,10.49%,243,30.00%,151,13,8.61%,32,21.19%,131,10,7.63%,45,34.35%,41,4,9.76%,15,36.59%,487,58,11.91%,151,31.01%
221,2025-08-25,R J Hodges,940,86,9.15%,252,26.81%,275,24,8.73%,78,28.36%,403,42,10.42%,111,27.54%,93,10,10.75%,31,33.33%,169,10,5.92%,32,18.93%
222,2025-08-25,M G Rimell,673,71,10.55%,168,24.96%,211,28,13.27%,59,27.96%,237,25,10.55%,57,24.05%,57,3,5.26%,15,26.32%,168,15,8.93%,37,22.02%
223,2025-08-25,R Hannon,17653,2313,13.10%,6465,36.62%,4649,630,13.55%,1748,37.60%,12972,1679,12.94%,4705,36.27%,24,4,16.67%,8,33.33%,8,0,0%,4,50.00%
224,2025-08-25,J G Portman,3672,325,8.85%,1167,31.78%,1310,110,8.40%,430,32.82%,2235,212,9.49%,706,31.59%,25,2,8.00%,7,28.00%,102,1,0.98%,24,23.53%
225,2025-08-25,K McAuliffe,1,0,0%,0,0%,1,0,0%,0,0%,0,0,0%,0,0%,0,0,0%,0,0%,0,0,0%,0,0%
226,2025-08-25,R T Phillips,1534,105,6.84%,429,27.97%,226,10,4.42%,58,25.66%,234,16,6.84%,58,24.79%,198,12,6.06%,52,26.26%,876,67,7.65%,261,29.79%
227,2025-08-25,D K Ivory,3709,372,10.03%,1129,30.44%,2215,224,10.11%,687,31.02%,1461,146,9.99%,432,29.57%,6,0,0%,2,33.33%,27,2,7.41%,8,29.63%
228,2025-08-25,M W Easterby,6707,608,9.07%,1991,29.69%,1817,198,10.90%,592,32.58%,4163,341,8.19%,1145,27.50%,214,28,13.08%,91,42.52%,513,41,7.99%,163,31.77%
229,2025-08-25,T Keddy,240,22,9.17%,45,18.75%,131,15,11.45%,31,23.66%,90,7,7.78%,11,12.22%,1,0,0%,0,0%,18,0,0%,3,16.67%
230,2025-08-25,C G Cox,6071,815,13.42%,2254,37.13%,1674,224,13.38%,665,39.73%,4382,589,13.44%,1586,36.19%,8,1,12.50%,3,37.50%,7,1,14.29%,0,0%
231,2025-08-25,T G Mills,0,0,0%,0,0%,0,0,0%,0,0%,0,0,0%,0,0%,0,0,0%,0,0%,0,0,0%,0,0%
232,2025-08-25,J Akehurst,113,12,10.62%,17,15.04%,69,6,8.70%,10,14.49%,42,5,11.90%,6,14.29%,2,1,50.00%,1,50.00%,0,0,0%,0,0%
233,2025-08-25,G Brown,486,42,8.64%,108,22.22%,168,17,10.12%,34,20.24%,88,7,7.95%,26,29.55%,60,8,13.33%,20,33.33%,170,10,5.88%,28,16.47%
234,2025-08-25,M A Jarvis,4,2,50.00%,0,0%,4,2,50.00%,0,0%,0,0,0%,0,0%,0,0,0%,0,0%,0,0,0%,0,0%
235,2025-08-25,B R Johnson,1242,104,8.37%,354,28.50%,861,73,8.48%,260,30.20%,345,28,8.12%,88,25.51%,3,1,33.33%,1,33.33%,33,2,6.06%,5,15.15%
236,2025-08-25,R J Smith,528,26,4.92%,135,25.57%,314,12,3.82%,76,24.20%,171,12,7.02%,47,27.49%,5,0,0%,2,40.00%,38,2,5.26%,10,26.32%
237,2025-08-25,Pat Eddery,542,28,5.17%,153,28.23%,327,21,6.42%,92,28.13%,215,7,3.26%,61,28.37%,0,0,0%,0,0%,0,0,0%,0,0%
238,2025-08-25,Miss E C Lavelle,3427,487,14.21%,1191,34.75%,104,14,13.46%,34,32.69%,475,55,11.58%,160,33.68%,1139,163,14.31%,374,32.84%,1709,255,14.92%,623,36.45%
239,2025-08-25,A Bailey,1777,176,9.90%,579,32.58%,960,105,10.94%,348,36.25%,776,70,9.02%,222,28.61%,2,0,0%,0,0%,39,1,2.56%,9,23.08%
240,2025-08-25,Mrs L Stubbs,471,42,8.92%,153,32.48%,235,24,10.21%,86,36.60%,234,18,7.69%,67,28.63%,2,0,0%,0,0%,0,0,0%,0,0%
241,2025-08-25,L Montague Hall,17,0,0%,0,0%,11,0,0%,0,0%,6,0,0%,0,0%,0,0,0%,0,0%,0,0,0%,0,0%
242,2025-08-25,Miss T Spearing,0,0,0%,0,0%,0,0,0%,0,0%,0,0,0%,0,0%,0,0,0%,0,0%,0,0,0%,0,0%
243,2025-08-25,L A Dace,1045,78,7.46%,293,28.04%,501,34,6.79%,136,27.15%,410,35,8.54%,123,30.00%,29,2,6.90%,6,20.69%,105,7,6.67%,28,26.67%
244,2025-08-25,D M Simcock,5963,841,14.10%,2270,38.07%,2926,455,15.55%,1173,40.09%,3025,386,12.76%,1088,35.97%,7,0,0%,7,100.00%,5,0,0%,2,40.00%
245,2025-08-25,S Kirk,3380,274,8.11%,1119,33.11%,1733,140,8.08%,592,34.16%,1636,134,8.19%,523,31.97%,2,0,0%,1,50.00%,9,0,0%,3,33.33%
246,2025-08-25,E J Alston,1628,184,11.30%,490,30.10%,328,42,12.80%,97,29.57%,1300,142,10.92%,393,30.23%,0,0,0%,0,0%,0,0,0%,0,0%
247,2025-08-25,B Palling,283,10,3.53%,60,21.20%,118,4,3.39%,32,27.12%,165,6,3.64%,28,16.97%,0,0,0%,0,0%,0,0,0%,0,0%
248,2025-08-25,R J Price,1486,104,7.00%,411,27.66%,333,15,4.50%,80,24.02%,825,73,8.85%,239,28.97%,68,2,2.94%,19,27.94%,260,14,5.38%,73,28.08%
249,2025-08-25,R Charlton,3681,634,17.22%,1400,38.03%,1196,190,15.89%,473,39.55%,2480,442,17.82%,926,37.34%,4,2,50.00%,1,25.00%,1,0,0%,0,0%
250,2025-08-25,J Noseda,1479,293,19.81%,564,38.13%,596,152,25.50%,247,41.44%,882,141,15.99%,317,35.94%,1,0,0%,0,0%,0,0,0%,0,0%
251,2025-08-25,M Mullineaux,2154,125,5.80%,526,24.42%,784,45,5.74%,189,24.11%,977,66,6.76%,249,25.49%,59,3,5.08%,19,32.20%,334,11,3.29%,69,20.66%
252,2025-08-25,L Smyth,812,39,4.80%,144,17.73%,357,23,6.44%,56,15.69%,434,16,3.69%,85,19.59%,5,0,0%,2,40.00%,16,0,0%,1,6.25%
253,2025-08-25,P R Hedger,777,61,7.85%,243,31.27%,435,33,7.59%,145,33.33%,279,27,9.68%,85,30.47%,4,0,0%,1,25.00%,59,1,1.69%,12,20.34%
254,2025-08-25,Mrs N S Evans,1359,39,2.87%,250,18.40%,370,9,2.43%,48,12.97%,481,18,3.74%,98,20.37%,101,2,1.98%,26,25.74%,407,10,2.46%,78,19.16%
255,2025-08-25,W M Brisbourne,1395,103,7.38%,397,28.46%,790,54,6.84%,230,29.11%,587,49,8.35%,165,28.11%,5,0,0%,1,20.00%,13,0,0%,1,7.69%
256,2025-08-25,A M Balding,11507,1722,14.96%,4246,36.90%,3686,580,15.74%,1450,39.34%,7775,1137,14.62%,2780,35.76%,17,1,5.88%,4,23.53%,29,4,13.79%,12,41.38%
257,2025-08-25,J R Weymes,794,38,4.79%,204,25.69%,359,23,6.41%,91,25.35%,387,12,3.10%,97,25.06%,4,0,0%,2,50.00%,44,3,6.82%,14,31.82%
258,2025-08-25,J A Glover,0,0,0%,0,0%,0,0,0%,0,0%,0,0,0%,0,0%,0,0,0%,0,0%,0,0,0%,0,0%
259,2025-08-25,M R Hoad,718,30,4.18%,185,25.77%,443,21,4.74%,120,27.09%,171,6,3.51%,36,21.05%,5,0,0%,4,80.00%,99,3,3.03%,25,25.25%
260,2025-08-25,P Morris,1093,79,7.23%,260,23.79%,658,50,7.60%,174,26.44%,427,28,6.56%,86,20.14%,2,1,50.00%,0,0%,6,0,0%,0,0%
261,2025-08-25,M R Channon,8186,874,10.68%,3157,38.57%,1505,167,11.10%,577,38.34%,6317,664,10.51%,2415,38.23%,164,22,13.41%,75,45.73%,200,21,10.50%,90,45.00%
262,2025-08-25,J A Osborne,4774,536,11.23%,1652,34.60%,2934,345,11.76%,1086,37.01%,1820,186,10.22%,560,30.77%,3,1,33.33%,0,0%,17,4,23.53%,6,35.29%
263,2025-08-25,T J Pitt,333,34,10.21%,98,29.43%,136,19,13.97%,39,28.68%,157,15,9.55%,49,31.21%,11,0,0%,1,9.09%,29,0,0%,9,31.03%
264,2025-08-25,L M Cumani,2139,363,16.97%,890,41.61%,417,72,17.27%,183,43.88%,1720,291,16.92%,706,41.05%,1,0,0%,0,0%,1,0,0%,1,100.00%
265,2025-08-25,E S McMahon,924,106,11.47%,353,38.20%,277,22,7.94%,109,39.35%,646,84,13.00%,244,37.77%,0,0,0%,0,0%,1,0,0%,0,0%
266,2025-08-25,J G Given,2395,246,10.27%,746,31.15%,1128,143,12.68%,377,33.42%,1248,103,8.25%,364,29.17%,1,0,0%,0,0%,18,0,0%,5,27.78%
267,2025-08-25,D Haydn Jones,458,26,5.68%,147,32.10%,242,10,4.13%,80,33.06%,215,16,7.44%,67,31.16%,0,0,0%,0,0%,1,0,0%,0,0%
268,2025-08-25,J R Holt,541,28,5.18%,151,27.91%,177,7,3.95%,48,27.12%,318,19,5.97%,99,31.13%,6,2,33.33%,0,0%,40,0,0%,4,10.00%
269,2025-08-25,E F Vaughan,1041,135,12.97%,406,39.00%,501,76,15.17%,193,38.52%,540,59,10.93%,213,39.44%,0,0,0%,0,0%,0,0,0%,0,0%
270,2025-08-25,C Smith,608,28,4.61%,156,25.66%,354,23,6.50%,109,30.79%,251,5,1.99%,47,18.73%,0,0,0%,0,0%,3,0,0%,0,0%
271,2025-08-25,S R Bowring,1414,160,11.32%,412,29.14%,814,106,13.02%,269,33.05%,600,54,9.00%,143,23.83%,0,0,0%,0,0%,0,0,0%,0,0%
272,2025-08-25,B I Case,1766,166,9.40%,625,35.39%,59,2,3.39%,18,30.51%,205,12,5.85%,59,28.78%,554,61,11.01%,193,34.84%,948,91,9.60%,355,37.45%
273,2025-08-25,G M Moore,929,71,7.64%,227,24.43%,88,8,9.09%,23,26.14%,485,33,6.80%,117,24.12%,86,9,10.47%,28,32.56%,270,21,7.78%,59,21.85%
274,2025-08-25,Jane Chapple-Hyam,2686,282,10.50%,818,30.45%,1324,156,11.78%,462,34.89%,1352,125,9.25%,355,26.26%,6,1,16.67%,1,16.67%,4,0,0%,0,0%
275,2025-08-25,J Jay,0,0,0%,0,0%,0,0,0%,0,0%,0,0,0%,0,0%,0,0,0%,0,0%,0,0,0%,0,0%
276,2025-08-25,M Brittain,795,66,8.30%,254,31.95%,221,20,9.05%,91,41.18%,566,44,7.77%,163,28.80%,0,0,0%,0,0%,8,2,25.00%,0,0%
277,2025-08-25,Mrs G S Rees,0,0,0%,0,0%,0,0,0%,0,0%,0,0,0%,0,0%,0,0,0%,0,0%,0,0,0%,0,0%
278,2025-08-25,J A McShane,0,0,0%,0,0%,0,0,0%,0,0%,0,0,0%,0,0%,0,0,0%,0,0%,0,0,0%,0,0%
279,2025-08-25,J Hetherton,0,0,0%,0,0%,0,0,0%,0,0%,0,0,0%,0,0%,0,0,0%,0,0%,0,0,0%,0,0%
280,2025-08-25,D Morris,194,12,6.19%,54,27.84%,103,7,6.80%,31,30.10%,91,5,5.49%,23,25.27%,0,0,0%,0,0%,0,0,0%,0,0%
281,2025-08-25,M G Hazell,20,0,0%,3,15.00%,0,0,0%,0,0%,4,0,0%,1,25.00%,13,0,0%,2,15.38%,3,0,0%,0,0%
282,2025-08-25,S C Williams,5418,642,11.85%,1817,33.54%,2803,401,14.31%,1055,37.64%,2612,241,9.23%,760,29.10%,3,0,0%,2,66.67%,0,0,0%,0,0%
283,2025-08-25,M Wigham,1612,193,11.97%,451,27.98%,978,123,12.58%,287,29.35%,523,62,11.85%,133,25.43%,17,0,0%,5,29.41%,94,8,8.51%,26,27.66%
284,2025-08-25,M H-Fairley,31,0,0%,4,12.90%,12,0,0%,2,16.67%,18,0,0%,2,11.11%,0,0,0%,0,0%,1,0,0%,0,0%
285,2025-08-25,H J Evans,1356,138,10.18%,386,28.47%,468,58,12.39%,138,29.49%,283,24,8.48%,72,25.44%,238,30,12.61%,75,31.51%,367,26,7.08%,101,27.52%
286,2025-08-25,Miss Tor Sturgis,68,3,4.41%,9,13.24%,27,1,3.70%,2,7.41%,17,0,0%,2,11.76%,3,0,0%,0,0%,21,2,9.52%,5,23.81%
287,2025-08-25,D Donovan,850,54,6.35%,179,21.06%,365,28,7.67%,74,20.27%,361,22,6.09%,75,20.78%,30,1,3.33%,9,30.00%,94,3,3.19%,21,22.34%
288,2025-08-25,S Dow,2379,221,9.29%,718,30.18%,1804,188,10.42%,575,31.87%,572,33,5.77%,143,25.00%,3,0,0%,0,0%,0,0,0%,0,0%
289,2025-08-25,J W Hills,742,60,8.09%,212,28.57%,291,29,9.97%,102,35.05%,450,31,6.89%,110,24.44%,0,0,0%,0,0%,1,0,0%,0,0%
290,2025-08-25,David Pinder,74,4,5.41%,10,13.51%,55,4,7.27%,9,16.36%,19,0,0%,1,5.26%,0,0,0%,0,0%,0,0,0%,0,0%
291,2025-08-25,A Sadik,410,10,2.44%,94,22.93%,66,2,3.03%,11,16.67%,17,0,0%,7,41.18%,239,7,2.93%,53,22.18%,88,1,1.14%,23,26.14%
292,2025-08-25,C A Dwyer,1934,241,12.46%,667,34.49%,1117,151,13.52%,412,36.88%,777,86,11.07%,243,31.27%,14,3,21.43%,2,14.29%,26,1,3.85%,10,38.46%
293,2025-08-25,J R Norton,513,13,2.53%,101,19.69%,181,5,2.76%,43,23.76%,147,3,2.04%,20,13.61%,10,1,10.00%,6,60.00%,175,4,2.29%,32,18.29%
294,2025-08-25,M A Magnusson,76,6,7.89%,23,30.26%,28,2,7.14%,9,32.14%,48,4,8.33%,14,29.17%,0,0,0%,0,0%,0,0,0%,0,0%
295,2025-08-25,E A L Dunlop,5658,619,10.94%,1908,33.72%,2411,273,11.32%,818,33.93%,3242,345,10.64%,1089,33.59%,2,1,50.00%,0,0%,3,0,0%,1,33.33%
296,2025-08-25,B W Hills,548,82,14.96%,173,31.57%,55,15,27.27%,22,40.00%,493,67,13.59%,151,30.63%,0,0,0%,0,0%,0,0,0%,0,0%
297,2025-08-25,W Jarvis,1395,150,10.75%,471,33.76%,553,60,10.85%,203,36.71%,832,88,10.58%,266,31.97%,1,1,100.00%,0,0%,9,1,11.11%,2,22.22%
298,2025-08-25,M Murphy,1609,171,10.63%,477,29.65%,941,115,12.22%,280,29.76%,658,56,8.51%,197,29.94%,0,0,0%,0,0%,10,0,0%,0,0%
299,2025-08-25,S Curran,843,97,11.51%,281,33.33%,366,55,15.03%,126,34.43%,136,14,10.29%,44,32.35%,96,12,12.50%,32,33.33%,245,16,6.53%,79,32.24%
300,2025-08-25,G A Butler,348,43,12.36%,123,35.34%,181,30,16.57%,72,39.78%,161,12,7.45%,51,31.68%,1,0,0%,0,0%,5,1,20.00%,0,0%
301,2025-08-25,Mrs P Sly,1513,171,11.30%,564,37.28%,205,14,6.83%,82,40.00%,620,69,11.13%,235,37.90%,193,40,20.73%,56,29.02%,495,48,9.70%,191,38.59%
302,2025-08-25,D W P Arbuthnot,520,56,10.77%,166,31.92%,103,3,2.91%,31,30.10%,87,11,12.64%,29,33.33%,118,14,11.86%,38,32.20%,212,28,13.21%,68,32.08%
303,2025-08-25,R A Teal,2636,266,10.09%,813,30.84%,1145,131,11.44%,343,29.96%,1271,120,9.44%,403,31.71%,23,4,17.39%,2,8.70%,197,11,5.58%,65,32.99%
304,2025-08-25,W R Muir,2580,258,10.00%,897,34.77%,974,104,10.68%,344,35.32%,1567,150,9.57%,534,34.08%,2,1,50.00%,0,0%,37,3,8.11%,19,51.35%
305,2025-08-25,K A Morgan,257,23,8.95%,60,23.35%,114,11,9.65%,27,23.68%,69,4,5.80%,15,21.74%,12,1,8.33%,3,25.00%,62,7,11.29%,15,24.19%
306,2025-08-25,H S Howe,151,8,5.30%,38,25.17%,25,1,4.00%,6,24.00%,38,1,2.63%,9,23.68%,5,0,0%,0,0%,83,6,7.23%,23,27.71%
307,2025-08-25,Miss S L Davison,6,0,0%,0,0%,5,0,0%,0,0%,1,0,0%,0,0%,0,0,0%,0,0%,0,0,0%,0,0%
308,2025-08-25,Eve Johnson Houghton,4870,541,11.11%,1647,33.82%,1446,150,10.37%,516,35.68%,3409,390,11.44%,1127,33.06%,1,1,100.00%,0,0%,14,0,0%,4,28.57%
309,2025-08-25,Jean-Rene Auvray,154,6,3.90%,40,25.97%,87,5,5.75%,31,35.63%,44,1,2.27%,3,6.82%,8,0,0%,2,25.00%,15,0,0%,4,26.67%
310,2025-08-25,M Hill,454,34,7.49%,143,31.50%,34,0,0%,10,29.41%,60,2,3.33%,12,20.00%,74,7,9.46%,33,44.59%,286,25,8.74%,88,30.77%
311,2025-08-25,J C Fox,733,51,6.96%,211,28.79%,468,37,7.91%,134,28.63%,224,14,6.25%,70,31.25%,5,0,0%,0,0%,36,0,0%,7,19.44%
312,2025-08-25,N P Mulholland,6618,852,12.87%,2060,31.13%,623,74,11.88%,168,26.97%,738,67,9.08%,199,26.96%,1651,238,14.42%,539,32.65%,3606,473,13.12%,1154,32.00%
313,2025-08-25,Mrs C A Dunnett,1711,65,3.80%,376,21.98%,893,36,4.03%,224,25.08%,752,29,3.86%,145,19.28%,4,0,0%,0,0%,62,0,0%,7,11.29%
314,2025-08-25,Ferdy Murphy,754,60,7.96%,194,25.73%,8,1,12.50%,2,25.00%,30,1,3.33%,6,20.00%,448,41,9.15%,125,27.90%,268,17,6.34%,61,22.76%
315,2025-08-25,A J Lockwood,65,0,0%,8,12.31%,8,0,0%,0,0%,56,0,0%,8,14.29%,0,0,0%,0,0%,1,0,0%,0,0%
316,2025-08-25,J O'Reilly,0,0,0%,0,0%,0,0,0%,0,0%,0,0,0%,0,0%,0,0,0%,0,0%,0,0,0%,0,0%
317,2025-08-25,G R Oldroyd,660,75,11.36%,168,25.45%,279,41,14.70%,69,24.73%,378,34,8.99%,98,25.93%,1,0,0%,0,0%,2,0,0%,1,50.00%
318,2025-08-25,M L W Bell,5295,678,12.80%,1861,35.15%,1678,236,14.06%,626,37.31%,3578,434,12.13%,1218,34.04%,2,0,0%,2,100.00%,36,8,22.22%,14,38.89%
319,2025-08-25,Sir Mark Prescott,3720,666,17.90%,1232,33.12%,2061,323,15.67%,674,32.70%,1657,343,20.70%,558,33.68%,2,0,0%,0,0%,0,0,0%,0,0%
320,2025-08-25,M Dods,6571,705,10.73%,2207,33.59%,1161,132,11.37%,345,29.72%,5388,572,10.62%,1854,34.41%,3,0,0%,1,33.33%,19,1,5.26%,7,36.84%
321,2025-08-25,R A Farrant,5,0,0%,1,20.00%,4,0,0%,0,0%,0,0,0%,0,0%,0,0,0%,0,0%,1,0,0%,1,100.00%
322,2025-08-25,F Jordan,0,0,0%,0,0%,0,0,0%,0,0%,0,0,0%,0,0%,0,0,0%,0,0%,0,0,0%,0,0%
323,2025-08-25,P G Murphy,530,33,6.23%,157,29.62%,156,6,3.85%,40,25.64%,146,9,6.16%,35,23.97%,96,11,11.46%,39,40.63%,132,7,5.30%,43,32.58%
324,2025-08-25,J Ryan,2806,262,9.34%,867,30.90%,1354,132,9.75%,446,32.94%,1358,121,8.91%,393,28.94%,2,0,0%,0,0%,92,9,9.78%,28,30.43%
325,2025-08-25,Peter Grayson,458,16,3.49%,125,27.29%,403,14,3.47%,109,27.05%,51,2,3.92%,13,25.49%,4,0,0%,3,75.00%,0,0,0%,0,0%
326,2025-08-25,Mrs A M Thorpe,286,18,6.29%,47,16.43%,5,0,0%,0,0%,15,0,0%,2,13.33%,18,3,16.67%,4,22.22%,248,15,6.05%,41,16.53%
327,2025-08-25,J M P Eustace,1167,110,9.43%,450,38.56%,388,49,12.63%,139,35.82%,535,35,6.54%,212,39.63%,16,6,37.50%,5,31.25%,228,20,8.77%,94,41.23%
328,2025-08-25,R Dickin,1487,107,7.20%,434,29.19%,89,6,6.74%,20,22.47%,158,3,1.90%,35,22.15%,509,55,10.81%,181,35.56%,731,43,5.88%,198,27.09%
329,2025-08-25,P R Chamings,1790,173,9.66%,545,30.45%,788,76,9.64%,223,28.30%,958,96,10.02%,312,32.57%,10,0,0%,1,10.00%,34,1,2.94%,9,26.47%
330,2025-08-25,M D I Usher,3731,284,7.61%,1111,29.78%,2290,187,8.17%,692,30.22%,1249,85,6.81%,345,27.62%,3,0,0%,0,0%,189,12,6.35%,74,39.15%
331,2025-08-25,Miss Jo Crowley,408,35,8.58%,135,33.09%,277,28,10.11%,89,32.13%,130,7,5.38%,45,34.62%,1,0,0%,1,100.00%,0,0,0%,0,0%
332,2025-08-25,R Ingram,997,50,5.02%,233,23.37%,740,41,5.54%,188,25.41%,239,9,3.77%,43,17.99%,0,0,0%,0,0%,18,0,0%,2,11.11%
333,2025-08-25,R Johnson,532,24,4.51%,128,24.06%,125,6,4.80%,25,20.00%,113,8,7.08%,25,22.12%,112,5,4.46%,31,27.68%,182,5,2.75%,47,25.82%
334,2025-08-25,P Beaumont,0,0,0%,0,0%,0,0,0%,0,0%,0,0,0%,0,0%,0,0,0%,0,0%,0,0,0%,0,0%
335,2025-08-25,J Mackie,1991,181,9.09%,661,33.20%,771,71,9.21%,265,34.37%,829,74,8.93%,284,34.26%,75,10,13.33%,19,25.33%,316,26,8.23%,93,29.43%
336,2025-08-25,Mrs L Wadham,2136,301,14.09%,864,40.45%,214,28,13.08%,91,42.52%,500,66,13.20%,196,39.20%,442,65,14.71%,158,35.75%,980,142,14.49%,419,42.76%
337,2025-08-25,C T Pogson,624,38,6.09%,241,38.62%,1,0,0%,0,0%,36,1,2.78%,11,30.56%,271,21,7.75%,121,44.65%,316,16,5.06%,109,34.49%
338,2025-08-25,J Howard Johnson,331,50,15.11%,58,17.52%,11,1,9.09%,2,18.18%,69,8,11.59%,15,21.74%,121,24,19.83%,20,16.53%,130,17,13.08%,21,16.15%
339,2025-08-25,Mrs C Ferguson,13,0,0%,2,15.38%,0,0,0%,0,0%,0,0,0%,0,0%,9,0,0%,2,22.22%,4,0,0%,0,0%
340,2025-08-25,R Ford,766,77,10.05%,216,28.20%,311,30,9.65%,84,27.01%,208,16,7.69%,58,27.88%,103,15,14.56%,39,37.86%,144,16,11.11%,35,24.31%
341,2025-08-25,C C Bealby,488,49,10.04%,129,26.43%,50,4,8.00%,13,26.00%,43,1,2.33%,5,11.63%,174,23,13.22%,48,27.59%,221,21,9.50%,63,28.51%
342,2025-08-25,T D Walford,454,46,10.13%,119,26.21%,53,4,7.55%,13,24.53%,187,20,10.70%,50,26.74%,24,2,8.33%,7,29.17%,190,20,10.53%,49,25.79%
343,2025-08-25,C Grant,2333,166,7.12%,669,28.68%,153,6,3.92%,35,22.88%,325,12,3.69%,88,27.08%,625,62,9.92%,175,28.00%,1230,86,6.99%,371,30.16%
344,2025-08-25,Michael O'hare,280,20,7.14%,43,15.36%,0,0,0%,0,0%,39,5,12.82%,8,20.51%,45,2,4.44%,10,22.22%,196,13,6.63%,25,12.76%
345,2025-08-25,M C Banks,54,1,1.85%,13,24.07%,3,0,0%,1,33.33%,1,0,0%,0,0%,4,0,0%,1,25.00%,46,1,2.17%,11,23.91%
346,2025-08-25,A E Price,82,3,3.66%,15,18.29%,4,0,0%,1,25.00%,23,0,0%,4,17.39%,22,1,4.55%,9,40.91%,33,2,6.06%,1,3.03%
347,2025-08-25,M J Coombe,76,4,5.26%,21,27.63%,3,0,0%,0,0%,4,0,0%,0,0%,5,0,0%,0,0%,64,4,6.25%,21,32.81%
348,2025-08-25,Mrs H S Main,131,14,10.69%,20,15.27%,60,8,13.33%,11,18.33%,57,5,8.77%,9,15.79%,2,0,0%,0,0%,12,1,8.33%,0,0%
349,2025-08-25,N Wilson,1128,70,6.21%,243,21.54%,232,12,5.17%,41,17.67%,833,55,6.60%,194,23.29%,7,0,0%,0,0%,56,3,5.36%,8,14.29%
350,2025-08-25,B J Curley,138,13,9.42%,16,11.59%,48,7,14.58%,5,10.42%,62,4,6.45%,6,9.68%,1,0,0%,1,100.00%,27,2,7.41%,4,14.81%
351,2025-08-25,J S Wainwright,1528,64,4.19%,331,21.66%,520,21,4.04%,118,22.69%,764,35,4.58%,151,19.76%,54,5,9.26%,20,37.04%,190,3,1.58%,42,22.11%
352,2025-08-25,T G McCourt,2691,143,5.31%,516,19.18%,765,53,6.93%,163,21.31%,1404,65,4.63%,242,17.24%,91,5,5.49%,17,18.68%,431,20,4.64%,94,21.81%
353,2025-08-25,J W Unett,690,45,6.52%,202,29.28%,436,33,7.57%,138,31.65%,228,10,4.39%,63,27.63%,3,0,0%,1,33.33%,23,2,8.70%,0,0%
354,2025-08-25,N J Vaughan,141,11,7.80%,22,15.60%,64,6,9.38%,12,18.75%,73,5,6.85%,10,13.70%,0,0,0%,0,0%,4,0,0%,0,0%
355,2025-08-25,P W Chapple-Hyam,1425,170,11.93%,466,32.70%,363,49,13.50%,129,35.54%,1059,120,11.33%,336,31.73%,2,1,50.00%,1,50.00%,1,0,0%,0,0%
356,2025-08-25,T P Tate,1015,89,8.77%,303,29.85%,262,28,10.69%,79,30.15%,708,56,7.91%,207,29.24%,12,2,16.67%,6,50.00%,33,3,9.09%,11,33.33%
357,2025-08-25,Micky Hammond,6417,532,8.29%,1925,30.00%,527,33,6.26%,140,26.57%,2175,146,6.71%,626,28.78%,1454,153,10.52%,436,29.99%,2261,200,8.85%,723,31.98%
358,2025-08-25,F Sheridan,379,30,7.92%,78,20.58%,289,22,7.61%,58,20.07%,73,7,9.59%,18,24.66%,2,0,0%,0,0%,15,1,6.67%,2,13.33%
359,2025-08-25,W J Musson,828,70,8.45%,237,28.62%,471,45,9.55%,140,29.72%,288,20,6.94%,70,24.31%,2,0,0%,1,50.00%,67,5,7.46%,26,38.81%
360,2025-08-25,Mark Gillard,1570,87,5.54%,395,25.16%,124,2,1.61%,17,13.71%,315,10,3.17%,62,19.68%,333,28,8.41%,91,27.33%,798,47,5.89%,225,28.20%
361,2025-08-25,J R Fanshawe,3922,587,14.97%,1572,40.08%,1879,325,17.30%,757,40.29%,2030,261,12.86%,809,39.85%,4,1,25.00%,1,25.00%,9,0,0%,5,55.56%
362,2025-08-25,A P Jarvis,560,56,10.00%,130,23.21%,177,16,9.04%,32,18.08%,372,37,9.95%,97,26.08%,1,0,0%,0,0%,10,3,30.00%,1,10.00%
363,2025-08-25,R Bastiman,496,39,7.86%,133,26.81%,121,11,9.09%,31,25.62%,366,28,7.65%,102,27.87%,0,0,0%,0,0%,9,0,0%,0,0%
364,2025-08-25,A G Juckes,11,1,9.09%,0,0%,8,1,12.50%,0,0%,3,0,0%,0,0%,0,0,0%,0,0%,0,0,0%,0,0%
365,2025-08-25,H A McWilliams,182,7,3.85%,21,11.54%,79,1,1.27%,9,11.39%,94,3,3.19%,9,9.57%,6,1,16.67%,3,50.00%,3,2,66.67%,0,0%
366,2025-08-25,A J Martin,4416,397,8.99%,1110,25.14%,300,33,11.00%,80,26.67%,1366,121,8.86%,328,24.01%,799,70,8.76%,221,27.66%,1951,173,8.87%,481,24.65%
367,2025-08-25,M Scudamore,2067,207,10.01%,643,31.11%,280,20,7.14%,76,27.14%,428,37,8.64%,138,32.24%,617,96,15.56%,185,29.98%,742,54,7.28%,244,32.88%
368,2025-08-25,P Burgoyne,357,32,8.96%,108,30.25%,289,25,8.65%,96,33.22%,61,5,8.20%,11,18.03%,7,2,28.57%,1,14.29%,0,0,0%,0,0%
369,2025-08-25,Ms J S Doyle,0,0,0%,0,0%,0,0,0%,0,0%,0,0,0%,0,0%,0,0,0%,0,0%,0,0,0%,0,0%
370,2025-08-25,P L Gilligan,85,5,5.88%,14,16.47%,57,4,7.02%,7,12.28%,19,1,5.26%,6,31.58%,3,0,0%,0,0%,6,0,0%,1,16.67%
371,2025-08-25,J R Cornwall,515,26,5.05%,154,29.90%,2,0,0%,0,0%,0,0,0%,0,0%,455,26,5.71%,148,32.53%,58,0,0%,6,10.34%
372,2025-08-25,P J McBride,1632,198,12.13%,525,32.17%,823,95,11.54%,290,35.24%,774,96,12.40%,229,29.59%,3,0,0%,0,0%,32,7,21.88%,6,18.75%
373,2025-08-25,John Berry,1012,95,9.39%,322,31.82%,296,17,5.74%,84,28.38%,629,76,12.08%,209,33.23%,5,0,0%,3,60.00%,82,2,2.44%,26,31.71%
374,2025-08-25,J A B Old,157,16,10.19%,37,23.57%,8,0,0%,5,62.50%,14,0,0%,3,21.43%,59,5,8.47%,18,30.51%,76,11,14.47%,11,14.47%
375,2025-08-25,B N Pollock,10,1,10.00%,0,0%,0,0,0%,0,0%,2,0,0%,0,0%,6,1,16.67%,0,0%,2,0,0%,0,0%
376,2025-08-25,Nick Mitchell,530,37,6.98%,143,26.98%,3,0,0%,0,0%,38,1,2.63%,11,28.95%,190,21,11.05%,48,25.26%,299,15,5.02%,84,28.09%
377,2025-08-25,Mrs D M Grissell,361,22,6.09%,91,25.21%,4,0,0%,0,0%,27,2,7.41%,4,14.81%,186,15,8.06%,62,33.33%,144,5,3.47%,25,17.36%
378,2025-08-25,W Greatrex,3156,460,14.58%,1141,36.15%,120,23,19.17%,44,36.67%,590,91,15.42%,215,36.44%,748,127,16.98%,242,32.35%,1698,219,12.90%,640,37.69%
379,2025-08-25,G R I Smyly,249,14,5.62%,73,29.32%,2,0,0%,1,50.00%,33,0,0%,9,27.27%,92,5,5.43%,27,29.35%,122,9,7.38%,36,29.51%
380,2025-08-25,Andrew Turnell,428,41,9.58%,110,25.70%,55,1,1.82%,14,25.45%,40,1,2.50%,10,25.00%,164,20,12.20%,51,31.10%,169,19,11.24%,35,20.71%
381,2025-08-25,Dr R D P Newland,2859,532,18.61%,1113,38.93%,42,6,14.29%,14,33.33%,102,12,11.76%,41,40.20%,1059,188,17.75%,376,35.51%,1656,326,19.69%,682,41.18%
382,2025-08-25,W J Greatrex,208,28,13.46%,51,24.52%,16,3,18.75%,7,43.75%,40,7,17.50%,11,27.50%,41,4,9.76%,11,26.83%,111,14,12.61%,22,19.82%
383,2025-08-25,G Elliott,16374,2496,15.24%,5580,34.08%,333,31,9.31%,103,30.93%,2594,466,17.96%,990,38.16%,4576,629,13.75%,1494,32.65%,8871,1370,15.44%,2993,33.74%
384,2025-08-25,Miss R Curtis,2018,305,15.11%,677,33.55%,5,1,20.00%,1,20.00%,311,42,13.50%,130,41.80%,748,125,16.71%,187,25.00%,954,137,14.36%,359,37.63%
385,2025-08-25,Evan Williams,6556,798,12.17%,2125,32.41%,32,3,9.38%,10,31.25%,376,40,10.64%,119,31.65%,2553,343,13.44%,831,32.55%,3595,412,11.46%,1165,32.41%
386,2025-08-25,D A Rees,781,76,9.73%,247,31.63%,0,0,0%,0,0%,11,0,0%,1,9.09%,333,40,12.01%,124,37.24%,437,36,8.24%,122,27.92%
387,2025-08-25,S G Griffiths,34,1,2.94%,5,14.71%,0,0,0%,0,0%,10,0,0%,1,10.00%,14,0,0%,3,21.43%,10,1,10.00%,1,10.00%
388,2025-08-25,Mrs D A Hamer,692,72,10.40%,187,27.02%,0,0,0%,0,0%,71,4,5.63%,20,28.17%,197,26,13.20%,66,33.50%,424,42,9.91%,101,23.82%
389,2025-08-25,P Bowen,4272,603,14.12%,1401,32.79%,27,1,3.70%,7,25.93%,501,81,16.17%,189,37.72%,1866,314,16.83%,588,31.51%,1878,207,11.02%,617,32.85%
390,2025-08-25,C W Fairhurst,916,61,6.66%,261,28.49%,260,14,5.38%,85,32.69%,522,41,7.85%,140,26.82%,11,1,9.09%,3,27.27%,123,5,4.07%,33,26.83%
391,2025-08-25,A Berry,1663,58,3.49%,370,22.25%,309,2,0.65%,66,21.36%,1254,55,4.39%,278,22.17%,21,0,0%,9,42.86%,79,1,1.27%,17,21.52%
392,2025-08-25,Miss M E Rowland,379,23,6.07%,70,18.47%,283,19,6.71%,55,19.43%,67,4,5.97%,13,19.40%,5,0,0%,2,40.00%,24,0,0%,0,0%
393,2025-08-25,P Leech,33,1,3.03%,13,39.39%,30,1,3.33%,13,43.33%,3,0,0%,0,0%,0,0,0%,0,0%,0,0,0%,0,0%
394,2025-08-25,A B Coogan,108,5,4.63%,13,12.04%,30,3,10.00%,3,10.00%,52,2,3.85%,7,13.46%,5,0,0%,1,20.00%,21,0,0%,2,9.52%
395,2025-08-25,P Hughes,147,12,8.16%,18,12.24%,2,0,0%,0,0%,31,3,9.68%,5,16.13%,60,5,8.33%,1,1.67%,54,4,7.41%,12,22.22%
396,2025-08-25,D T Hughes,1767,210,11.88%,551,31.18%,4,0,0%,1,25.00%,230,23,10.00%,75,32.61%,566,68,12.01%,172,30.39%,967,119,12.31%,303,31.33%
397,2025-08-25,N Meade,6450,787,12.20%,2187,33.91%,350,32,9.14%,100,28.57%,2181,262,12.01%,705,32.32%,1480,163,11.01%,519,35.07%,2439,330,13.53%,863,35.38%
398,2025-08-25,Ms O'connell,233,6,2.58%,26,11.16%,6,0,0%,1,16.67%,55,2,3.64%,9,16.36%,97,4,4.12%,12,12.37%,75,0,0%,4,5.33%
399,2025-08-25,G Ahern,366,19,5.19%,78,21.31%,22,2,9.09%,4,18.18%,72,3,4.17%,10,13.89%,109,8,7.34%,30,27.52%,163,6,3.68%,34,20.86%
400,2025-08-25,I R Ferguson,186,13,6.99%,59,31.72%,0,0,0%,0,0%,37,5,13.51%,9,24.32%,83,7,8.43%,33,39.76%,66,1,1.52%,17,25.76%
401,2025-08-25,G Donnelly,903,59,6.53%,202,22.37%,322,26,8.07%,79,24.53%,461,28,6.07%,100,21.69%,30,1,3.33%,8,26.67%,90,4,4.44%,15,16.67%
402,2025-08-25,C O'Dwyer,1560,92,5.90%,377,24.17%,131,11,8.40%,30,22.90%,330,19,5.76%,65,19.70%,320,20,6.25%,93,29.06%,779,42,5.39%,189,24.26%
403,2025-08-25,J T R Dreaper,756,83,10.98%,231,30.56%,1,0,0%,0,0%,47,3,6.38%,15,31.91%,394,53,13.45%,130,32.99%,314,27,8.60%,86,27.39%
404,2025-08-25,V l Halley,434,21,4.84%,128,29.49%,1,0,0%,0,0%,34,0,0%,11,32.35%,120,6,5.00%,44,36.67%,279,15,5.38%,73,26.16%
405,2025-08-25,Colm A Murphy,981,108,11.01%,289,29.46%,10,3,30.00%,2,20.00%,123,5,4.07%,28,22.76%,245,41,16.73%,74,30.20%,603,59,9.78%,185,30.68%
406,2025-08-25,S Donohoe,584,34,5.82%,109,18.66%,213,16,7.51%,41,19.25%,293,13,4.44%,53,18.09%,5,0,0%,1,20.00%,73,5,6.85%,14,19.18%
407,2025-08-25,M Cunningham,123,3,2.44%,31,25.20%,8,2,25.00%,4,50.00%,16,0,0%,3,18.75%,46,1,2.17%,17,36.96%,53,0,0%,7,13.21%
408,2025-08-25,T K Geraghty,10,0,0%,1,10.00%,0,0,0%,0,0%,5,0,0%,0,0%,1,0,0%,0,0%,4,0,0%,1,25.00%
409,2025-08-25,B R Hamilton,475,46,9.68%,154,32.42%,14,3,21.43%,5,35.71%,98,12,12.24%,43,43.88%,74,7,9.46%,26,35.14%,288,24,8.33%,80,27.78%
410,2025-08-25,B P Galvin,105,1,0.95%,6,5.71%,27,0,0%,3,11.11%,51,1,1.96%,2,3.92%,3,0,0%,0,0%,24,0,0%,1,4.17%
411,2025-08-25,J J Hanlon,4101,242,5.90%,888,21.65%,121,2,1.65%,20,16.53%,837,35,4.18%,198,23.66%,812,84,10.34%,213,26.23%,2330,120,5.15%,457,19.61%
412,2025-08-25,V C Ward,320,7,2.19%,50,15.63%,55,3,5.45%,10,18.18%,143,3,2.10%,26,18.18%,23,0,0%,2,8.70%,99,1,1.01%,12,12.12%
413,2025-08-25,J Quinn,67,2,2.99%,11,16.42%,18,1,5.56%,2,11.11%,21,0,0%,3,14.29%,20,1,5.00%,5,25.00%,8,0,0%,1,12.50%
414,2025-08-25,T M Walsh,1112,120,10.79%,355,31.92%,95,7,7.37%,42,44.21%,321,21,6.54%,91,28.35%,307,44,14.33%,103,33.55%,389,48,12.34%,119,30.59%
415,2025-08-25,R Hennessy,488,38,7.79%,140,28.69%,11,0,0%,3,27.27%,65,5,7.69%,16,24.62%,126,14,11.11%,48,38.10%,286,19,6.64%,73,25.52%
416,2025-08-25,P Martin,2279,153,6.71%,601,26.37%,796,54,6.78%,207,26.01%,1222,85,6.96%,330,27.00%,44,2,4.55%,10,22.73%,217,12,5.53%,54,24.88%
417,2025-08-25,K Purcell,711,44,6.19%,156,21.94%,8,0,0%,1,12.50%,226,12,5.31%,50,22.12%,66,4,6.06%,14,21.21%,411,28,6.81%,91,22.14%
418,2025-08-25,E McNamara,1830,138,7.54%,355,19.40%,42,3,7.14%,6,14.29%,241,16,6.64%,41,17.01%,357,27,7.56%,82,22.97%,1190,92,7.73%,226,18.99%
419,2025-08-25,J J Murphy,2668,167,6.26%,639,23.95%,404,31,7.67%,119,29.46%,1968,122,6.20%,467,23.73%,57,2,3.51%,12,21.05%,239,12,5.02%,41,17.15%
420,2025-08-25,J F O'Neill,256,3,1.17%,31,12.11%,1,0,0%,0,0%,80,0,0%,6,7.50%,41,1,2.44%,5,12.20%,134,2,1.49%,20,14.93%
421,2025-08-25,P J Gilligan,1149,53,4.61%,197,17.15%,7,0,0%,1,14.29%,153,2,1.31%,21,13.73%,311,24,7.72%,62,19.94%,678,27,3.98%,113,16.67%
422,2025-08-25,W Harney,298,18,6.04%,78,26.17%,0,0,0%,0,0%,32,1,3.13%,7,21.88%,116,8,6.90%,33,28.45%,150,9,6.00%,38,25.33%
423,2025-08-25,T O'Brien,1099,106,9.65%,308,28.03%,33,5,15.15%,12,36.36%,173,17,9.83%,60,34.68%,296,37,12.50%,96,32.43%,597,47,7.87%,140,23.45%
424,2025-08-25,P Neville,810,60,7.41%,182,22.47%,9,1,11.11%,0,0%,85,6,7.06%,16,18.82%,230,23,10.00%,65,28.26%,486,30,6.17%,101,20.78%
425,2025-08-25,R Hurley,36,3,8.33%,6,16.67%,1,0,0%,0,0%,5,0,0%,1,20.00%,10,1,10.00%,3,30.00%,20,2,10.00%,2,10.00%
426,2025-08-25,J R Finn,529,34,6.43%,130,24.57%,15,0,0%,2,13.33%,52,4,7.69%,7,13.46%,213,16,7.51%,67,31.46%,249,14,5.62%,54,21.69%
427,2025-08-25,Mrs P Dobbs,770,45,5.84%,184,23.90%,132,11,8.33%,48,36.36%,318,18,5.66%,65,20.44%,62,0,0%,22,35.48%,258,16,6.20%,49,18.99%
428,2025-08-25,D Cullen,1268,72,5.68%,255,20.11%,150,7,4.67%,30,20.00%,419,19,4.53%,75,17.90%,170,16,9.41%,50,29.41%,529,30,5.67%,100,18.90%
429,2025-08-25,S Lynch,0,0,0%,0,0%,0,0,0%,0,0%,0,0,0%,0,0%,0,0,0%,0,0%,0,0,0%,0,0%
430,2025-08-25,M Winters,1288,127,9.86%,331,25.70%,7,0,0%,1,14.29%,169,18,10.65%,41,24.26%,329,37,11.25%,118,35.87%,783,72,9.20%,171,21.84%
431,2025-08-25,Miss Andrews,1,0,0%,0,0%,0,0,0%,0,0%,1,0,0%,0,0%,0,0,0%,0,0%,0,0,0%,0,0%
432,2025-08-25,J P Ryan,3151,211,6.70%,876,27.80%,10,0,0%,1,10.00%,280,12,4.29%,67,23.93%,1139,85,7.46%,338,29.68%,1722,114,6.62%,470,27.29%
433,2025-08-25,P Carey,157,5,3.18%,37,23.57%,3,0,0%,1,33.33%,25,0,0%,4,16.00%,66,4,6.06%,21,31.82%,63,1,1.59%,11,17.46%
434,2025-08-25,J McAuley,1278,73,5.71%,318,24.88%,764,42,5.50%,216,28.27%,453,30,6.62%,91,20.09%,7,0,0%,1,14.29%,54,1,1.85%,10,18.52%
435,2025-08-25,L J Donnelly,84,4,4.76%,9,10.71%,0,0,0%,0,0%,10,0,0%,0,0%,37,0,0%,3,8.11%,37,4,10.81%,6,16.22%
436,2025-08-25,Ms C Hutchinson,0,0,0%,0,0%,0,0,0%,0,0%,0,0,0%,0,0%,0,0,0%,0,0%,0,0,0%,0,0%
437,2025-08-25,M E O'Callaghan,7,0,0%,0,0%,0,0,0%,0,0%,0,0,0%,0,0%,4,0,0%,0,0%,3,0,0%,0,0%
438,2025-08-25,V T Keane,77,3,3.90%,8,10.39%,0,0,0%,0,0%,13,0,0%,1,7.69%,17,1,5.88%,3,17.65%,47,2,4.26%,4,8.51%
439,2025-08-25,Miss M M O'Sullivan,13,0,0%,4,30.77%,0,0,0%,0,0%,2,0,0%,0,0%,6,0,0%,3,50.00%,5,0,0%,1,20.00%
440,2025-08-25,T Hogan,868,48,5.53%,220,25.35%,102,7,6.86%,30,29.41%,527,31,5.88%,139,26.38%,50,3,6.00%,8,16.00%,189,7,3.70%,43,22.75%
441,2025-08-25,P Cashman,55,2,3.64%,10,18.18%,7,1,14.29%,1,14.29%,23,0,0%,4,17.39%,10,1,10.00%,2,20.00%,15,0,0%,3,20.00%
442,2025-08-25,M Butler,442,22,4.98%,78,17.65%,52,4,7.69%,10,19.23%,92,3,3.26%,20,21.74%,80,6,7.50%,18,22.50%,218,9,4.13%,30,13.76%
443,2025-08-25,R Murphy,251,18,7.17%,54,21.51%,6,0,0%,1,16.67%,72,4,5.56%,9,12.50%,49,3,6.12%,15,30.61%,124,11,8.87%,29,23.39%
444,2025-08-25,P F O'Donnell,271,17,6.27%,60,22.14%,31,2,6.45%,6,19.35%,174,12,6.90%,43,24.71%,4,0,0%,0,0%,62,3,4.84%,11,17.74%
445,2025-08-25,A J Honeyball,2451,448,18.28%,829,33.82%,39,5,12.82%,15,38.46%,436,82,18.81%,166,38.07%,752,149,19.81%,223,29.65%,1224,212,17.32%,425,34.72%
446,2025-08-25,Mrs A M Batchelor,251,17,6.77%,61,24.30%,28,1,3.57%,10,35.71%,9,0,0%,2,22.22%,83,9,10.84%,21,25.30%,131,7,5.34%,28,21.37%
447,2025-08-25,A E Jones,465,35,7.53%,111,23.87%,10,0,0%,0,0%,63,7,11.11%,13,20.63%,147,20,13.61%,38,25.85%,245,8,3.27%,60,24.49%
448,2025-08-25,M Herrington,2011,194,9.65%,656,32.62%,1354,139,10.27%,459,33.90%,656,55,8.38%,197,30.03%,0,0,0%,0,0%,1,0,0%,0,0%
449,2025-08-25,J D Bethell,1423,163,11.45%,521,36.61%,468,64,13.68%,175,37.39%,876,93,10.62%,323,36.87%,11,2,18.18%,4,36.36%,68,4,5.88%,19,27.94%
450,2025-08-25,Mrs Caroline Bailey,1088,135,12.41%,418,38.42%,5,0,0%,3,60.00%,27,0,0%,9,33.33%,614,96,15.64%,258,42.02%,442,39,8.82%,148,33.48%
451,2025-08-25,M Brassil,924,98,10.61%,224,24.24%,9,0,0%,2,22.22%,162,14,8.64%,53,32.72%,248,31,12.50%,60,24.19%,504,53,10.52%,108,21.43%
452,2025-08-25,C Ross,223,11,4.93%,41,18.39%,20,0,0%,3,15.00%,95,3,3.16%,15,15.79%,34,4,11.76%,9,26.47%,74,4,5.41%,14,18.92%
453,2025-08-25,S Aherne,700,42,6.00%,133,19.00%,2,0,0%,0,0%,91,4,4.40%,15,16.48%,166,10,6.02%,45,27.11%,441,28,6.35%,73,16.55%
454,2025-08-25,P Stafford,647,30,4.64%,136,21.02%,20,0,0%,0,0%,90,1,1.11%,12,13.33%,269,24,8.92%,77,28.62%,268,5,1.87%,47,17.54%
455,2025-08-25,M J Byrne,137,5,3.65%,12,8.76%,24,3,12.50%,5,20.83%,94,2,2.13%,6,6.38%,2,0,0%,0,0%,17,0,0%,1,5.88%
456,2025-08-25,Michael Brassil,19,0,0%,1,5.26%,2,0,0%,0,0%,9,0,0%,1,11.11%,0,0,0%,0,0%,8,0,0%,0,0%
457,2025-08-25,M Fitzsimons,76,2,2.63%,10,13.16%,17,0,0%,3,17.65%,21,1,4.76%,4,19.05%,14,0,0%,1,7.14%,24,1,4.17%,2,8.33%
458,2025-08-25,D P Murphy,187,11,5.88%,55,29.41%,0,0,0%,0,0%,68,8,11.76%,25,36.76%,84,3,3.57%,23,27.38%,32,0,0%,5,15.63%
459,2025-08-25,P A Fahy,2006,120,5.98%,529,26.37%,31,0,0%,3,9.68%,806,47,5.83%,216,26.80%,342,26,7.60%,104,30.41%,827,47,5.68%,206,24.91%
460,2025-08-25,E P Harty,999,76,7.61%,261,26.13%,46,2,4.35%,12,26.09%,316,13,4.11%,83,26.27%,166,10,6.02%,46,27.71%,471,51,10.83%,120,25.48%
461,2025-08-25,P O'Rourke,131,2,1.53%,22,16.79%,23,0,0%,4,17.39%,88,2,2.27%,17,19.32%,4,0,0%,0,0%,16,0,0%,1,6.25%
462,2025-08-25,D Hassett,304,12,3.95%,62,20.39%,2,0,0%,1,50.00%,42,0,0%,8,19.05%,76,8,10.53%,17,22.37%,184,4,2.17%,36,19.57%
463,2025-08-25,D J Barry,274,4,1.46%,42,15.33%,60,3,5.00%,9,15.00%,76,0,0%,14,18.42%,41,0,0%,4,9.76%,96,1,1.04%,14,14.58%
464,2025-08-25,I Madden,815,12,1.47%,112,13.74%,14,1,7.14%,2,14.29%,215,4,1.86%,27,12.56%,228,3,1.32%,42,18.42%,358,4,1.12%,41,11.45%
465,2025-08-25,D M O'Brien,827,53,6.41%,247,29.87%,0,0,0%,0,0%,117,9,7.69%,33,28.21%,219,19,8.68%,70,31.96%,491,25,5.09%,144,29.33%
466,2025-08-25,P Salmon,140,10,7.14%,31,22.14%,38,2,5.26%,9,23.68%,91,8,8.79%,21,23.08%,6,0,0%,0,0%,5,0,0%,1,20.00%
467,2025-08-25,Mrs S Leech,1848,143,7.74%,565,30.57%,187,12,6.42%,53,28.34%,147,11,7.48%,36,24.49%,504,43,8.53%,166,32.94%,1010,77,7.62%,310,30.69%
468,2025-08-25,Mrs Dianne Sayer,2661,281,10.56%,860,32.32%,70,5,7.14%,11,15.71%,785,74,9.43%,241,30.70%,502,60,11.95%,193,38.45%,1304,142,10.89%,415,31.83%
469,2025-08-25,Mrs E Slack,119,7,5.88%,30,25.21%,0,0,0%,0,0%,0,0,0%,0,0%,18,2,11.11%,4,22.22%,101,5,4.95%,26,25.74%
470,2025-08-25,T D Easterby,16670,1538,9.23%,5279,31.67%,1748,165,9.44%,561,32.09%,13750,1255,9.13%,4283,31.15%,318,46,14.47%,127,39.94%,854,72,8.43%,308,36.07%
471,2025-08-25,Mrs R Dobbin,1788,183,10.23%,663,37.08%,26,0,0%,11,42.31%,103,11,10.68%,31,30.10%,693,94,13.56%,295,42.57%,966,78,8.07%,326,33.75%
472,2025-08-25,A C Whillans,2552,212,8.31%,850,33.31%,420,27,6.43%,134,31.90%,1149,88,7.66%,393,34.20%,204,23,11.27%,69,33.82%,779,74,9.50%,254,32.61%
473,2025-08-25,Mrs Marjorie Fife,1427,114,7.99%,435,30.48%,366,29,7.92%,119,32.51%,931,78,8.38%,281,30.18%,1,0,0%,0,0%,129,7,5.43%,35,27.13%
474,2025-08-25,P C Haslam,0,0,0%,0,0%,0,0,0%,0,0%,0,0,0%,0,0%,0,0,0%,0,0%,0,0,0%,0,0%
475,2025-08-25,J H M Gosden,3983,843,21.16%,1706,42.83%,1218,304,24.96%,544,44.66%,2762,539,19.51%,1160,42.00%,2,0,0%,1,50.00%,1,0,0%,1,100.00%
476,2025-08-25,D E Fitzgerald,633,26,4.11%,150,23.70%,0,0,0%,0,0%,64,2,3.13%,9,14.06%,181,10,5.52%,57,31.49%,388,14,3.61%,84,21.65%
477,2025-08-25,P O Brady,612,33,5.39%,127,20.75%,47,2,4.26%,14,29.79%,96,6,6.25%,21,21.88%,147,6,4.08%,27,18.37%,322,19,5.90%,65,20.19%
478,2025-08-25,J Morrissey,28,3,10.71%,4,14.29%,0,0,0%,0,0%,5,1,20.00%,0,0%,9,2,22.22%,3,33.33%,14,0,0%,1,7.14%
479,2025-08-25,C A McBratney,1265,57,4.51%,270,21.34%,17,0,0%,0,0%,96,2,2.08%,25,26.04%,370,21,5.68%,99,26.76%,782,34,4.35%,146,18.67%
480,2025-08-25,C W J Farrell,481,30,6.24%,114,23.70%,83,6,7.23%,27,32.53%,187,8,4.28%,39,20.86%,57,8,14.04%,17,29.82%,154,8,5.19%,31,20.13%
481,2025-08-25,W J Austin,609,46,7.55%,145,23.81%,5,0,0%,0,0%,53,4,7.55%,4,7.55%,154,12,7.79%,60,38.96%,397,30,7.56%,81,20.40%
482,2025-08-25,T Carberry,57,2,3.51%,14,24.56%,0,0,0%,0,0%,1,0,0%,1,100.00%,18,0,0%,3,16.67%,38,2,5.26%,10,26.32%
483,2025-08-25,P P Goulding,0,0,0%,0,0%,0,0,0%,0,0%,0,0,0%,0,0%,0,0,0%,0,0%,0,0,0%,0,0%
484,2025-08-25,M Palussiere,105,6,5.71%,17,16.19%,1,0,0%,0,0%,50,3,6.00%,8,16.00%,6,1,16.67%,2,33.33%,48,2,4.17%,7,14.58%
485,2025-08-25,Timothy O'sullivan,18,0,0%,2,11.11%,0,0,0%,0,0%,6,0,0%,2,33.33%,0,0,0%,0,0%,12,0,0%,0,0%
486,2025-08-25,G Farrell,10,0,0%,0,0%,0,0,0%,0,0%,0,0,0%,0,0%,3,0,0%,0,0%,7,0,0%,0,0%
487,2025-08-25,W G Rankin,20,0,0%,6,30.00%,0,0,0%,0,0%,3,0,0%,0,0%,4,0,0%,1,25.00%,13,0,0%,5,38.46%
488,2025-08-25,A A Howard,1019,68,6.67%,202,19.82%,59,5,8.47%,18,30.51%,484,42,8.68%,93,19.21%,135,8,5.93%,28,20.74%,340,13,3.82%,63,18.53%
489,2025-08-25,T Cooper,1069,52,4.86%,255,23.85%,38,1,2.63%,10,26.32%,243,12,4.94%,54,22.22%,199,15,7.54%,50,25.13%,589,24,4.07%,141,23.94%
490,2025-08-25,M Phelan,220,15,6.82%,48,21.82%,21,3,14.29%,5,23.81%,76,4,5.26%,18,23.68%,38,3,7.89%,6,15.79%,85,5,5.88%,19,22.35%
491,2025-08-25,S Osborne,35,0,0%,6,17.14%,0,0,0%,0,0%,9,0,0%,2,22.22%,9,0,0%,2,22.22%,17,0,0%,2,11.76%
492,2025-08-25,W J Lanigan,342,15,4.39%,66,19.30%,3,0,0%,0,0%,50,2,4.00%,8,16.00%,87,4,4.60%,17,19.54%,202,9,4.46%,41,20.30%
493,2025-08-25,W J Knight,3161,351,11.10%,1057,33.44%,1476,193,13.08%,541,36.65%,1681,158,9.40%,515,30.64%,4,0,0%,1,25.00%,0,0,0%,0,0%
494,2025-08-25,N G Richards,3020,508,16.82%,1061,35.13%,52,12,23.08%,19,36.54%,310,54,17.42%,137,44.19%,837,150,17.92%,296,35.36%,1821,292,16.04%,609,33.44%
495,2025-08-25,E A Wheeler,268,10,3.73%,78,29.10%,166,8,4.82%,57,34.34%,102,2,1.96%,21,20.59%,0,0,0%,0,0%,0,0,0%,0,0%
496,2025-08-25,Miss Lucinda V Russell,6739,793,11.77%,2336,34.66%,184,20,10.87%,46,25.00%,784,69,8.80%,227,28.95%,2589,370,14.29%,894,34.53%,3182,334,10.50%,1169,36.74%
497,2025-08-25,N W Alexander,2767,318,11.49%,934,33.75%,26,0,0%,4,15.38%,176,13,7.39%,50,28.41%,943,133,14.10%,338,35.84%,1622,172,10.60%,542,33.42%
498,2025-08-25,J Wade,815,71,8.71%,261,32.02%,5,0,0%,0,0%,65,2,3.08%,22,33.85%,416,48,11.54%,138,33.17%,329,21,6.38%,101,30.70%
499,2025-08-25,S H Shirley-Beavan,33,7,21.21%,8,24.24%,0,0,0%,0,0%,5,0,0%,1,20.00%,15,7,46.67%,2,13.33%,13,0,0%,5,38.46%
500,2025-08-25,Mrs S C Bradburne,95,5,5.26%,13,13.68%,1,0,0%,0,0%,4,0,0%,0,0%,32,3,9.38%,7,21.88%,58,2,3.45%,6,10.34%
501,2025-08-25,J P L Ewart,1700,211,12.41%,629,37.00%,70,5,7.14%,20,28.57%,233,13,5.58%,84,36.05%,616,95,15.42%,226,36.69%,781,98,12.55%,299,38.28%
502,2025-08-25,J S Goldie,7217,741,10.27%,2145,29.72%,1292,143,11.07%,381,29.49%,5074,509,10.03%,1498,29.52%,149,14,9.40%,52,34.90%,702,75,10.68%,214,30.48%
503,2025-08-25,Miss R Brewis,14,0,0%,5,35.71%,1,0,0%,0,0%,2,0,0%,1,50.00%,0,0,0%,0,0%,11,0,0%,4,36.36%
504,2025-08-25,Mrs H O Graham,413,46,11.14%,124,30.02%,6,0,0%,0,0%,47,1,2.13%,11,23.40%,164,19,11.59%,59,35.98%,196,26,13.27%,54,27.55%
505,2025-08-25,Mrs K Walton,305,24,7.87%,69,22.62%,15,1,6.67%,3,20.00%,103,4,3.88%,28,27.18%,36,4,11.11%,11,30.56%,151,15,9.93%,27,17.88%
506,2025-08-25,Miss S E Forster,668,53,7.93%,207,30.99%,7,0,0%,1,14.29%,30,1,3.33%,5,16.67%,330,33,10.00%,121,36.67%,301,19,6.31%,80,26.58%
507,2025-08-25,Miss Tracy Waggott,2194,165,7.52%,662,30.17%,596,51,8.56%,165,27.68%,1481,109,7.36%,458,30.93%,0,0,0%,0,0%,117,5,4.27%,39,33.33%
508,2025-08-25,Mrs T M Gibson,19,0,0%,4,21.05%,0,0,0%,0,0%,2,0,0%,0,0%,15,0,0%,4,26.67%,2,0,0%,0,0%
509,2025-08-25,W G Young,48,0,0%,1,2.08%,0,0,0%,0,0%,2,0,0%,0,0%,5,0,0%,0,0%,41,0,0%,1,2.44%
510,2025-08-25,Miss J E Foster,739,62,8.39%,231,31.26%,9,1,11.11%,3,33.33%,24,1,4.17%,2,8.33%,406,43,10.59%,146,35.96%,300,17,5.67%,80,26.67%
511,2025-08-25,M Madgwick,1225,68,5.55%,354,28.90%,625,41,6.56%,221,35.36%,362,12,3.31%,78,21.55%,42,5,11.90%,8,19.05%,196,10,5.10%,47,23.98%
512,2025-08-25,Miss N A Lloyd-beavis,307,12,3.91%,66,21.50%,119,3,2.52%,24,20.17%,99,6,6.06%,22,22.22%,33,2,6.06%,11,33.33%,56,1,1.79%,9,16.07%
513,2025-08-25,S Cox,0,0,0%,0,0%,0,0,0%,0,0%,0,0,0%,0,0%,0,0,0%,0,0%,0,0,0%,0,0%
514,2025-08-25,M McCabe,238,9,3.78%,64,26.89%,0,0,0%,0,0%,24,1,4.17%,4,16.67%,57,1,1.75%,16,28.07%,156,7,4.49%,44,28.21%
515,2025-08-25,D O'Connell,17,0,0%,3,17.65%,0,0,0%,0,0%,1,0,0%,0,0%,0,0,0%,0,0%,16,0,0%,3,18.75%
516,2025-08-25,Robert Alan Hennessy,2,1,50.00%,0,0%,0,0,0%,0,0%,0,0,0%,0,0%,1,0,0%,0,0%,1,1,100.00%,0,0%
517,2025-08-25,M M McNiff,1486,101,6.80%,368,24.76%,70,2,2.86%,11,15.71%,316,16,5.06%,57,18.04%,207,13,6.28%,58,28.02%,893,70,7.84%,242,27.10%
518,2025-08-25,Miss S J Harty,645,43,6.67%,150,23.26%,131,9,6.87%,32,24.43%,263,24,9.13%,64,24.33%,42,1,2.38%,12,28.57%,209,9,4.31%,42,20.10%
519,2025-08-25,Mrs J B Ross,65,3,4.62%,9,13.85%,0,0,0%,0,0%,10,0,0%,2,20.00%,20,2,10.00%,4,20.00%,35,1,2.86%,3,8.57%
520,2025-08-25,J Keegan,20,0,0%,2,10.00%,0,0,0%,0,0%,6,0,0%,2,33.33%,0,0,0%,0,0%,14,0,0%,0,0%
521,2025-08-25,G Keane,1185,71,5.99%,273,23.04%,224,10,4.46%,50,22.32%,579,43,7.43%,139,24.01%,63,5,7.94%,18,28.57%,319,13,4.08%,66,20.69%
522,2025-08-25,P Day,24,0,0%,5,20.83%,0,0,0%,0,0%,3,0,0%,0,0%,5,0,0%,2,40.00%,16,0,0%,3,18.75%
523,2025-08-25,M Keane,93,2,2.15%,10,10.75%,2,0,0%,0,0%,18,0,0%,3,16.67%,18,1,5.56%,0,0%,55,1,1.82%,7,12.73%
524,2025-08-25,R P Burns,275,10,3.64%,43,15.64%,52,1,1.92%,2,3.85%,110,5,4.55%,16,14.55%,34,1,2.94%,4,11.76%,79,3,3.80%,21,26.58%
525,2025-08-25,R P Rath,416,15,3.61%,80,19.23%,1,0,0%,0,0%,96,3,3.13%,18,18.75%,128,4,3.13%,31,24.22%,191,8,4.19%,31,16.23%
526,2025-08-25,S Spillane,242,16,6.61%,71,29.34%,0,0,0%,0,0%,21,0,0%,7,33.33%,75,7,9.33%,28,37.33%,146,9,6.16%,36,24.66%
527,2025-08-25,C J Down,1508,119,7.89%,455,30.17%,52,4,7.69%,9,17.31%,129,3,2.33%,24,18.60%,229,22,9.61%,68,29.69%,1098,90,8.20%,354,32.24%
528,2025-08-25,B J Llewellyn,2569,204,7.94%,885,34.45%,264,12,4.55%,74,28.03%,1041,87,8.36%,350,33.62%,121,9,7.44%,39,32.23%,1143,96,8.40%,422,36.92%
529,2025-08-25,J D Frost,1124,57,5.07%,258,22.95%,4,0,0%,1,25.00%,50,1,2.00%,7,14.00%,360,22,6.11%,118,32.78%,710,34,4.79%,132,18.59%
530,2025-08-25,S C Burrough,121,7,5.79%,23,19.01%,4,0,0%,1,25.00%,11,0,0%,0,0%,59,7,11.86%,13,22.03%,47,0,0%,9,19.15%
531,2025-08-25,Mrs Caroline Keevil,642,45,7.01%,153,23.83%,12,0,0%,4,33.33%,79,1,1.27%,11,13.92%,189,23,12.17%,60,31.75%,362,21,5.80%,78,21.55%
532,2025-08-25,V R A Dartnall,1285,159,12.37%,432,33.62%,89,8,8.99%,30,33.71%,191,25,13.09%,67,35.08%,436,55,12.61%,155,35.55%,569,71,12.48%,180,31.63%
533,2025-08-25,Richard Hawker,337,21,6.23%,72,21.36%,6,0,0%,0,0%,29,1,3.45%,3,10.34%,83,9,10.84%,29,34.94%,219,11,5.02%,40,18.26%
534,2025-08-25,N J Hawke,2483,234,9.42%,772,31.09%,92,4,4.35%,16,17.39%,172,8,4.65%,55,31.98%,614,86,14.01%,199,32.41%,1605,136,8.47%,502,31.28%
535,2025-08-25,Nick Williams,1284,183,14.25%,521,40.58%,1,0,0%,0,0%,86,15,17.44%,36,41.86%,564,77,13.65%,205,36.35%,633,91,14.38%,280,44.23%
536,2025-08-25,R Waley-Cohen,66,5,7.58%,12,18.18%,0,0,0%,0,0%,6,0,0%,1,16.67%,48,5,10.42%,9,18.75%,12,0,0%,2,16.67%
537,2025-08-25,J Scott,2638,358,13.57%,931,35.29%,48,9,18.75%,14,29.17%,249,25,10.04%,79,31.73%,776,127,16.37%,301,38.79%,1565,197,12.59%,537,34.31%
538,2025-08-25,E O'Connell,749,44,5.87%,163,21.76%,125,7,5.60%,24,19.20%,307,19,6.19%,67,21.82%,23,0,0%,7,30.43%,294,18,6.12%,65,22.11%
539,2025-08-25,T Mullins,2492,218,8.75%,643,25.80%,119,10,8.40%,22,18.49%,936,70,7.48%,237,25.32%,352,34,9.66%,94,26.70%,1085,104,9.59%,290,26.73%
540,2025-08-25,Ms M Mullins,1033,117,11.33%,360,34.85%,22,2,9.09%,2,9.09%,328,38,11.59%,133,40.55%,175,23,13.14%,66,37.71%,508,54,10.63%,159,31.30%
541,2025-08-25,J A Nash,1596,83,5.20%,439,27.51%,253,11,4.35%,61,24.11%,438,18,4.11%,110,25.11%,207,15,7.25%,72,34.78%,698,39,5.59%,196,28.08%
542,2025-08-25,J J Mangan,1061,68,6.41%,310,29.22%,11,0,0%,4,36.36%,137,11,8.03%,38,27.74%,401,27,6.73%,146,36.41%,512,30,5.86%,122,23.83%
543,2025-08-25,M L Fagan,155,5,3.23%,36,23.23%,14,1,7.14%,1,7.14%,58,0,0%,9,15.52%,20,1,5.00%,6,30.00%,63,3,4.76%,20,31.75%
544,2025-08-25,P Mooney,144,11,7.64%,51,35.42%,10,1,10.00%,6,60.00%,21,3,14.29%,7,33.33%,15,0,0%,5,33.33%,98,7,7.14%,33,33.67%
545,2025-08-25,Miss J A Moore,0,0,0%,0,0%,0,0,0%,0,0%,0,0,0%,0,0%,0,0,0%,0,0%,0,0,0%,0,0%
546,2025-08-25,J H Culloty,451,38,8.43%,147,32.59%,3,0,0%,1,33.33%,85,8,9.41%,24,28.24%,168,12,7.14%,62,36.90%,195,18,9.23%,60,30.77%
547,2025-08-25,G J Power,535,37,6.92%,137,25.61%,18,1,5.56%,2,11.11%,94,7,7.45%,24,25.53%,52,8,15.38%,19,36.54%,371,21,5.66%,92,24.80%
548,2025-08-25,B Nolan,170,9,5.29%,49,28.82%,15,0,0%,4,26.67%,136,8,5.88%,42,30.88%,0,0,0%,0,0%,19,1,5.26%,3,15.79%
549,2025-08-25,Mrs K J Tutty,1210,97,8.02%,391,32.31%,369,19,5.15%,115,31.17%,757,72,9.51%,249,32.89%,10,1,10.00%,4,40.00%,74,5,6.76%,23,31.08%
550,2025-08-25,M Todhunter,1640,162,9.88%,530,32.32%,49,6,12.24%,15,30.61%,314,34,10.83%,101,32.17%,573,68,11.87%,205,35.78%,704,54,7.67%,209,29.69%
551,2025-08-25,F P Murtagh,1153,53,4.60%,282,24.46%,76,4,5.26%,2,2.63%,159,3,1.89%,23,14.47%,270,14,5.19%,85,31.48%,648,32,4.94%,172,26.54%
552,2025-08-25,S B Clark,0,0,0%,0,0%,0,0,0%,0,0%,0,0,0%,0,0%,0,0,0%,0,0%,0,0,0%,0,0%
553,2025-08-25,P Monteith,0,0,0%,0,0%,0,0,0%,0,0%,0,0,0%,0,0%,0,0,0%,0,0%,0,0,0%,0,0%
554,2025-08-25,Mrs S A Watt,344,28,8.14%,76,22.09%,71,6,8.45%,18,25.35%,157,10,6.37%,32,20.38%,18,1,5.56%,4,22.22%,98,11,11.22%,22,22.45%
555,2025-08-25,S G West,919,47,5.11%,252,27.42%,283,7,2.47%,75,26.50%,329,16,4.86%,96,29.18%,61,3,4.92%,22,36.07%,246,21,8.54%,59,23.98%
556,2025-08-25,H P Hogarth,595,38,6.39%,195,32.77%,1,0,0%,0,0%,6,0,0%,1,16.67%,320,26,8.13%,116,36.25%,268,12,4.48%,78,29.10%
557,2025-08-25,J Davies,649,41,6.32%,202,31.12%,156,10,6.41%,46,29.49%,436,29,6.65%,136,31.19%,1,0,0%,0,0%,56,2,3.57%,20,35.71%
558,2025-08-25,Mrs S J Humphrey,953,100,10.49%,277,29.07%,68,3,4.41%,22,32.35%,80,6,7.50%,18,22.50%,336,52,15.48%,101,30.06%,469,39,8.32%,136,29.00%
559,2025-08-25,S R B Crawford,2736,247,9.03%,968,35.38%,25,5,20.00%,9,36.00%,590,74,12.54%,246,41.69%,510,43,8.43%,171,33.53%,1611,125,7.76%,542,33.64%
560,2025-08-25,D R C Elsworth,1807,236,13.06%,644,35.64%,589,84,14.26%,214,36.33%,1210,152,12.56%,426,35.21%,2,0,0%,1,50.00%,6,0,0%,3,50.00%
561,2025-08-25,Jamie Poulton,234,17,7.26%,54,23.08%,69,5,7.25%,18,26.09%,68,2,2.94%,14,20.59%,30,5,16.67%,3,10.00%,67,5,7.46%,19,28.36%
562,2025-08-25,Miss H C Knight,369,25,6.78%,54,14.63%,18,2,11.11%,0,0%,65,6,9.23%,7,10.77%,105,11,10.48%,22,20.95%,181,6,3.31%,25,13.81%
563,2025-08-25,F Doumen,9,1,11.11%,6,66.67%,0,0,0%,0,0%,9,1,11.11%,6,66.67%,0,0,0%,0,0%,0,0,0%,0,0%
564,2025-08-25,D M Richards,29,6,20.69%,9,31.03%,0,0,0%,0,0%,3,0,0%,0,0%,13,3,23.08%,6,46.15%,13,3,23.08%,3,23.08%
565,2025-08-25,D G Duggan,0,0,0%,0,0%,0,0,0%,0,0%,0,0,0%,0,0%,0,0,0%,0,0%,0,0,0%,0,0%
566,2025-08-25,Mrs H Main,1372,148,10.79%,439,32.00%,637,71,11.15%,221,34.69%,685,72,10.51%,194,28.32%,30,5,16.67%,15,50.00%,20,0,0%,9,45.00%
567,2025-08-25,Miss T Jackson,913,59,6.46%,226,24.75%,78,3,3.85%,18,23.08%,535,37,6.92%,130,24.30%,96,6,6.25%,31,32.29%,204,13,6.37%,47,23.04%
568,2025-08-25,G A Charlton,397,11,2.77%,107,26.95%,11,0,0%,1,9.09%,67,0,0%,17,25.37%,119,3,2.52%,34,28.57%,200,8,4.00%,55,27.50%
569,2025-08-25,Mrs L J Young,660,30,4.55%,163,24.70%,30,1,3.33%,8,26.67%,93,5,5.38%,19,20.43%,116,5,4.31%,39,33.62%,421,19,4.51%,97,23.04%
570,2025-08-25,Mrs K J Stephens,199,6,3.02%,47,23.62%,2,0,0%,1,50.00%,6,0,0%,0,0%,57,5,8.77%,19,33.33%,134,1,0.75%,27,20.15%
571,2025-08-25,J d Moore,7,1,14.29%,1,14.29%,0,0,0%,0,0%,2,0,0%,1,50.00%,1,0,0%,0,0%,4,1,25.00%,0,0%
572,2025-08-25,J S Smith,318,22,6.92%,114,35.85%,0,0,0%,0,0%,24,0,0%,4,16.67%,133,14,10.53%,58,43.61%,161,8,4.97%,52,32.30%
573,2025-08-25,Jamie Snowden,2888,466,16.14%,1047,36.25%,30,2,6.67%,15,50.00%,342,56,16.37%,150,43.86%,869,149,17.15%,275,31.65%,1647,259,15.73%,607,36.85%
574,2025-08-25,J Brassil,84,3,3.57%,17,20.24%,0,0,0%,0,0%,11,0,0%,3,27.27%,36,2,5.56%,7,19.44%,37,1,2.70%,7,18.92%
575,2025-08-25,T Collins,1126,84,7.46%,307,27.26%,359,48,13.37%,111,30.92%,747,35,4.69%,191,25.57%,0,0,0%,0,0%,20,1,5.00%,5,25.00%
576,2025-08-25,A McGuinness,5190,408,7.86%,1336,25.74%,1778,184,10.35%,509,28.63%,3092,207,6.69%,757,24.48%,22,0,0%,5,22.73%,298,17,5.70%,65,21.81%
577,2025-08-25,J E Mulhern,0,0,0%,0,0%,0,0,0%,0,0%,0,0,0%,0,0%,0,0,0%,0,0%,0,0,0%,0,0%
578,2025-08-25,Ms J Morgan,833,58,6.96%,200,24.01%,175,15,8.57%,49,28.00%,534,38,7.12%,120,22.47%,18,0,0%,4,22.22%,106,5,4.72%,27,25.47%
579,2025-08-25,J J Coleman,70,5,7.14%,14,20.00%,11,0,0%,2,18.18%,31,2,6.45%,8,25.81%,16,3,18.75%,3,18.75%,12,0,0%,1,8.33%
580,2025-08-25,J G Coogan,504,25,4.96%,106,21.03%,125,12,9.60%,37,29.60%,283,10,3.53%,48,16.96%,23,2,8.70%,4,17.39%,73,1,1.37%,17,23.29%
581,2025-08-25,E U Hales,228,7,3.07%,55,24.12%,8,0,0%,2,25.00%,92,3,3.26%,12,13.04%,23,0,0%,10,43.48%,105,4,3.81%,31,29.52%
582,2025-08-25,O McKiernan,1690,124,7.34%,403,23.85%,41,0,0%,6,14.63%,276,14,5.07%,70,25.36%,425,31,7.29%,93,21.88%,948,79,8.33%,234,24.68%
583,2025-08-25,J Leavy,87,3,3.45%,23,26.44%,16,0,0%,3,18.75%,57,3,5.26%,16,28.07%,0,0,0%,0,0%,14,0,0%,4,28.57%
584,2025-08-25,Mrs K A Buckett,137,11,8.03%,51,37.23%,0,0,0%,0,0%,3,0,0%,1,33.33%,51,6,11.76%,17,33.33%,83,5,6.02%,33,39.76%
585,2025-08-25,C Roberts,0,0,0%,0,0%,0,0,0%,0,0%,0,0,0%,0,0%,0,0,0%,0,0%,0,0,0%,0,0%
586,2025-08-25,Mrs A E Brooks,138,11,7.97%,35,25.36%,2,0,0%,0,0%,5,0,0%,0,0%,41,2,4.88%,11,26.83%,90,9,10.00%,24,26.67%
587,2025-08-25,A Middleton,512,27,5.27%,155,30.27%,64,1,1.56%,14,21.88%,76,4,5.26%,8,10.53%,100,8,8.00%,42,42.00%,272,14,5.15%,91,33.46%
588,2025-08-25,Mrs C M Hamilton,37,2,5.41%,4,10.81%,0,0,0%,0,0%,3,1,33.33%,0,0%,22,1,4.55%,4,18.18%,12,0,0%,0,0%
589,2025-08-25,P A Pritchard,286,13,4.55%,54,18.88%,5,0,0%,0,0%,25,0,0%,4,16.00%,67,3,4.48%,16,23.88%,189,10,5.29%,34,17.99%
590,2025-08-25,P E Cowley,129,8,6.20%,47,36.43%,0,0,0%,0,0%,13,0,0%,2,15.38%,53,4,7.55%,22,41.51%,63,4,6.35%,23,36.51%
591,2025-08-25,J A T De Giles,41,2,4.88%,7,17.07%,6,0,0%,1,16.67%,7,0,0%,1,14.29%,7,1,14.29%,3,42.86%,21,1,4.76%,2,9.52%
592,2025-08-25,A J Wilson,92,6,6.52%,18,19.57%,0,0,0%,0,0%,8,0,0%,1,12.50%,18,0,0%,4,22.22%,66,6,9.09%,13,19.70%
593,2025-08-25,C P Morlock,43,4,9.30%,6,13.95%,1,0,0%,0,0%,2,0,0%,0,0%,12,1,8.33%,1,8.33%,28,3,10.71%,5,17.86%
594,2025-08-25,F E Sutherland,3,0,0%,0,0%,0,0,0%,0,0%,0,0,0%,0,0%,0,0,0%,0,0%,3,0,0%,0,0%
595,2025-08-25,J Candlish,3364,395,11.74%,1119,33.26%,427,55,12.88%,120,28.10%,620,68,10.97%,167,26.94%,768,98,12.76%,300,39.06%,1549,174,11.23%,532,34.34%
596,2025-08-25,S D Dixon,159,4,2.52%,44,27.67%,5,0,0%,0,0%,7,0,0%,1,14.29%,4,0,0%,0,0%,143,4,2.80%,43,30.07%
597,2025-08-25,S T Lewis,7,0,0%,0,0%,0,0,0%,0,0%,1,0,0%,0,0%,1,0,0%,0,0%,5,0,0%,0,0%
598,2025-08-25,M Sheppard,1241,136,10.96%,381,30.70%,5,0,0%,0,0%,47,0,0%,9,19.15%,527,86,16.32%,180,34.16%,662,50,7.55%,192,29.00%
599,2025-08-25,H Candy,2717,325,11.96%,995,36.62%,600,66,11.00%,221,36.83%,2116,258,12.19%,774,36.58%,1,1,100.00%,0,0%,0,0,0%,0,0%
600,2025-08-25,P G Atkinson,194,36,18.56%,56,28.87%,7,1,14.29%,2,28.57%,18,4,22.22%,2,11.11%,38,8,21.05%,12,31.58%,131,23,17.56%,40,30.53%
601,2025-08-25,John R Upson,159,5,3.14%,24,15.09%,3,0,0%,0,0%,13,0,0%,0,0%,51,1,1.96%,9,17.65%,92,4,4.35%,15,16.30%
602,2025-08-25,Mrs P Robeson,281,38,13.52%,98,34.88%,10,1,10.00%,8,80.00%,25,1,4.00%,9,36.00%,46,7,15.22%,17,36.96%,200,29,14.50%,64,32.00%
603,2025-08-25,Miss L C Siddall,625,30,4.80%,165,26.40%,175,17,9.71%,53,30.29%,210,6,2.86%,54,25.71%,13,0,0%,5,38.46%,227,7,3.08%,53,23.35%
604,2025-08-25,A Kinsella,95,2,2.11%,23,24.21%,12,0,0%,4,33.33%,80,2,2.50%,19,23.75%,0,0,0%,0,0%,3,0,0%,0,0%
605,2025-08-25,J G Carr,631,19,3.01%,88,13.95%,59,4,6.78%,5,8.47%,89,0,0%,11,12.36%,149,4,2.68%,41,27.52%,334,11,3.29%,31,9.28%
606,2025-08-25,J P Fogarty,157,7,4.46%,35,22.29%,11,0,0%,0,0%,53,5,9.43%,14,26.42%,48,2,4.17%,13,27.08%,45,0,0%,8,17.78%
607,2025-08-25,T J Taaffe,517,51,9.86%,172,33.27%,8,1,12.50%,4,50.00%,107,6,5.61%,44,41.12%,180,22,12.22%,50,27.78%,222,22,9.91%,74,33.33%
608,2025-08-25,S T Nolan,180,9,5.00%,33,18.33%,10,0,0%,0,0%,53,2,3.77%,5,9.43%,21,2,9.52%,8,38.10%,96,5,5.21%,20,20.83%
609,2025-08-25,G Stewart,63,1,1.59%,10,15.87%,0,0,0%,0,0%,14,0,0%,2,14.29%,25,1,4.00%,5,20.00%,24,0,0%,3,12.50%
610,2025-08-25,T Stack,972,131,13.48%,338,34.77%,217,34,15.67%,87,40.09%,733,94,12.82%,248,33.83%,3,0,0%,0,0%,19,3,15.79%,3,15.79%
611,2025-08-25,A J Kennedy,76,3,3.95%,16,21.05%,0,0,0%,0,0%,20,1,5.00%,3,15.00%,37,2,5.41%,13,35.14%,18,0,0%,0,0%
612,2025-08-25,P Hogan,99,3,3.03%,18,18.18%,0,0,0%,0,0%,9,0,0%,3,33.33%,8,0,0%,1,12.50%,82,3,3.66%,14,17.07%
613,2025-08-25,G O'Leary,840,61,7.26%,246,29.29%,265,26,9.81%,92,34.72%,504,35,6.94%,144,28.57%,7,0,0%,3,42.86%,64,0,0%,7,10.94%
614,2025-08-25,Lady J Fowler,64,4,6.25%,13,20.31%,0,0,0%,0,0%,9,0,0%,0,0%,27,4,14.81%,6,22.22%,28,0,0%,7,25.00%
615,2025-08-25,L Prendergast,0,0,0%,0,0%,0,0,0%,0,0%,0,0,0%,0,0%,0,0,0%,0,0%,0,0,0%,0,0%
616,2025-08-25,Greg Broderick,0,0,0%,0,0%,0,0,0%,0,0%,0,0,0%,0,0%,0,0,0%,0,0%,0,0,0%,0,0%
617,2025-08-25,C J Dore,11,0,0%,1,9.09%,0,0,0%,0,0%,0,0,0%,0,0%,10,0,0%,1,10.00%,1,0,0%,0,0%
618,2025-08-25,Miss Dunphy,56,1,1.79%,11,19.64%,3,0,0%,2,66.67%,21,1,4.76%,4,19.05%,3,0,0%,0,0%,29,0,0%,5,17.24%
619,2025-08-25,J A Berry,668,24,3.59%,160,23.95%,0,0,0%,0,0%,127,0,0%,15,11.81%,172,6,3.49%,57,33.14%,369,18,4.88%,88,23.85%
620,2025-08-25,S Braddish,183,9,4.92%,40,21.86%,0,0,0%,0,0%,12,1,8.33%,3,25.00%,33,2,6.06%,8,24.24%,138,6,4.35%,29,21.01%
621,2025-08-25,Miss M M Gannon,155,8,5.16%,30,19.35%,0,0,0%,0,0%,39,2,5.13%,12,30.77%,25,1,4.00%,8,32.00%,91,5,5.49%,10,10.99%
622,2025-08-25,J G Lonergan,34,2,5.88%,8,23.53%,0,0,0%,0,0%,9,0,0%,1,11.11%,0,0,0%,0,0%,25,2,8.00%,7,28.00%
623,2025-08-25,Ms M Flynn,337,9,2.67%,59,17.51%,0,0,0%,0,0%,31,2,6.45%,10,32.26%,39,2,5.13%,8,20.51%,267,5,1.87%,41,15.36%
624,2025-08-25,J A Staunton,58,1,1.72%,7,12.07%,0,0,0%,0,0%,8,1,12.50%,2,25.00%,23,0,0%,3,13.04%,27,0,0%,2,7.41%
625,2025-08-25,S Neville,320,20,6.25%,76,23.75%,1,0,0%,0,0%,15,0,0%,5,33.33%,131,14,10.69%,33,25.19%,173,6,3.47%,38,21.97%
626,2025-08-25,M Barry,150,7,4.67%,28,18.67%,0,0,0%,0,0%,13,0,0%,3,23.08%,51,3,5.88%,2,3.92%,86,4,4.65%,23,26.74%
627,2025-08-25,P Sharp,15,0,0%,0,0%,0,0,0%,0,0%,4,0,0%,0,0%,2,0,0%,0,0%,9,0,0%,0,0%
628,2025-08-25,K Tork,96,12,12.50%,26,27.08%,9,0,0%,0,0%,6,0,0%,0,0%,77,12,15.58%,26,33.77%,4,0,0%,0,0%
629,2025-08-25,W S Kittow,1765,168,9.52%,567,32.12%,352,35,9.94%,86,24.43%,1189,115,9.67%,406,34.15%,23,1,4.35%,9,39.13%,201,17,8.46%,66,32.84%
630,2025-08-25,Lady Herries,123,17,13.82%,41,33.33%,33,4,12.12%,14,42.42%,65,8,12.31%,20,30.77%,5,1,20.00%,2,40.00%,20,4,20.00%,5,25.00%
631,2025-08-25,M J Smith,0,0,0%,0,0%,0,0,0%,0,0%,0,0,0%,0,0%,0,0,0%,0,0%,0,0,0%,0,0%
632,2025-08-25,Miss D Mountain,0,0,0%,0,0%,0,0,0%,0,0%,0,0,0%,0,0%,0,0,0%,0,0%,0,0,0%,0,0%
633,2025-08-25,F J Brennan,750,48,6.40%,194,25.87%,120,4,3.33%,19,15.83%,100,2,2.00%,27,27.00%,138,11,7.97%,47,34.06%,392,31,7.91%,101,25.77%
634,2025-08-25,Karen Mclintock,752,99,13.16%,288,38.30%,232,28,12.07%,86,37.07%,312,44,14.10%,118,37.82%,83,15,18.07%,35,42.17%,125,12,9.60%,49,39.20%
635,2025-08-25,N Lawlor,270,15,5.56%,61,22.59%,73,7,9.59%,20,27.40%,96,5,5.21%,16,16.67%,19,0,0%,5,26.32%,82,3,3.66%,20,24.39%
636,2025-08-25,G d Blake,1,0,0%,1,100.00%,1,0,0%,1,100.00%,0,0,0%,0,0%,0,0,0%,0,0%,0,0,0%,0,0%
637,2025-08-25,H R A Cecil,545,105,19.27%,171,31.38%,96,15,15.63%,34,35.42%,449,90,20.04%,137,30.51%,0,0,0%,0,0%,0,0,0%,0,0%
638,2025-08-25,Dr J D Scargill,399,26,6.52%,107,26.82%,246,19,7.72%,73,29.67%,147,6,4.08%,34,23.13%,2,1,50.00%,0,0%,4,0,0%,0,0%
639,2025-08-25,E J Cooper,111,8,7.21%,17,15.32%,1,0,0%,0,0%,17,0,0%,1,5.88%,22,1,4.55%,6,27.27%,71,7,9.86%,10,14.08%
640,2025-08-25,D W Whillans,960,95,9.90%,315,32.81%,79,8,10.13%,25,31.65%,188,18,9.57%,49,26.06%,115,12,10.43%,43,37.39%,578,57,9.86%,198,34.26%
641,2025-08-25,W S Coltherd,217,23,10.60%,45,20.74%,3,0,0%,1,33.33%,18,1,5.56%,2,11.11%,100,15,15.00%,25,25.00%,96,7,7.29%,17,17.71%
642,2025-08-25,Mrs L B Normile,788,45,5.71%,250,31.73%,28,1,3.57%,11,39.29%,217,18,8.29%,87,40.09%,117,8,6.84%,26,22.22%,426,18,4.23%,126,29.58%
643,2025-08-25,A G Foster,252,10,3.97%,53,21.03%,66,3,4.55%,16,24.24%,157,7,4.46%,33,21.02%,0,0,0%,0,0%,29,0,0%,4,13.79%
644,2025-08-25,J G O'Neill,120,3,2.50%,19,15.83%,2,0,0%,0,0%,18,1,5.56%,5,27.78%,44,2,4.55%,10,22.73%,56,0,0%,4,7.14%
645,2025-08-25,Mrs D J Sanderson,223,19,8.52%,65,29.15%,97,8,8.25%,31,31.96%,126,11,8.73%,34,26.98%,0,0,0%,0,0%,0,0,0%,0,0%
646,2025-08-25,B D Leavy,525,29,5.52%,158,30.10%,70,1,1.43%,5,7.14%,93,4,4.30%,25,26.88%,57,1,1.75%,16,28.07%,305,23,7.54%,112,36.72%
647,2025-08-25,J A Geake,322,23,7.14%,95,29.50%,48,2,4.17%,13,27.08%,127,16,12.60%,37,29.13%,50,3,6.00%,18,36.00%,97,2,2.06%,27,27.84%
648,2025-08-25,R M Carson,0,0,0%,0,0%,0,0,0%,0,0%,0,0,0%,0,0%,0,0,0%,0,0%,0,0,0%,0,0%
649,2025-08-25,S Lycett,1011,82,8.11%,315,31.16%,440,39,8.86%,142,32.27%,227,19,8.37%,65,28.63%,35,3,8.57%,10,28.57%,309,21,6.80%,98,31.72%
650,2025-08-25,A Fleming,546,70,12.82%,185,33.88%,16,3,18.75%,7,43.75%,87,15,17.24%,30,34.48%,145,19,13.10%,47,32.41%,298,33,11.07%,101,33.89%
651,2025-08-25,Miss S Johnstone,16,0,0%,0,0%,0,0,0%,0,0%,3,0,0%,0,0%,0,0,0%,0,0%,13,0,0%,0,0%
652,2025-08-25,R F Fisher,18,0,0%,0,0%,17,0,0%,0,0%,0,0,0%,0,0%,0,0,0%,0,0%,1,0,0%,0,0%
653,2025-08-25,Miss P Robson,559,73,13.06%,226,40.43%,23,3,13.04%,9,39.13%,32,5,15.63%,14,43.75%,229,32,13.97%,94,41.05%,275,33,12.00%,109,39.64%
654,2025-08-25,J Barclay,0,0,0%,0,0%,0,0,0%,0,0%,0,0,0%,0,0%,0,0,0%,0,0%,0,0,0%,0,0%
655,2025-08-25,Mrs A Hamilton,539,101,18.74%,176,32.65%,7,0,0%,1,14.29%,27,0,0%,11,40.74%,296,61,20.61%,98,33.11%,209,40,19.14%,66,31.58%
656,2025-08-25,Mrs P Gavin,136,8,5.88%,35,25.74%,0,0,0%,0,0%,8,0,0%,1,12.50%,72,3,4.17%,24,33.33%,56,5,8.93%,10,17.86%
657,2025-08-25,S Ryan,353,19,5.38%,91,25.78%,0,0,0%,0,0%,26,4,15.38%,10,38.46%,64,2,3.13%,17,26.56%,263,13,4.94%,64,24.33%
658,2025-08-25,W McCreery,3880,354,9.12%,1257,32.40%,520,30,5.77%,161,30.96%,3226,316,9.80%,1062,32.92%,11,0,0%,1,9.09%,123,8,6.50%,33,26.83%
659,2025-08-25,E Cawley,1021,57,5.58%,194,19.00%,0,0,0%,0,0%,28,0,0%,3,10.71%,247,19,7.69%,64,25.91%,746,38,5.09%,127,17.02%
660,2025-08-25,G Young,5,0,0%,0,0%,0,0,0%,0,0%,4,0,0%,0,0%,0,0,0%,0,0%,1,0,0%,0,0%
661,2025-08-25,Mrs C O'Leary,220,12,5.45%,39,17.73%,12,2,16.67%,1,8.33%,76,2,2.63%,12,15.79%,44,1,2.27%,14,31.82%,88,7,7.95%,12,13.64%
662,2025-08-25,J J Lambe,1448,70,4.83%,304,20.99%,193,8,4.15%,41,21.24%,398,21,5.28%,82,20.60%,194,9,4.64%,52,26.80%,663,32,4.83%,129,19.46%
663,2025-08-25,P Casey,444,31,6.98%,104,23.42%,118,9,7.63%,30,25.42%,148,2,1.35%,26,17.57%,55,10,18.18%,15,27.27%,123,10,8.13%,33,26.83%
664,2025-08-25,Mrs D A Love,932,65,6.97%,307,32.94%,78,4,5.13%,16,20.51%,328,18,5.49%,102,31.10%,201,18,8.96%,79,39.30%,325,25,7.69%,110,33.85%
665,2025-08-25,J P Kenny,91,4,4.40%,28,30.77%,0,0,0%,0,0%,11,0,0%,3,27.27%,23,2,8.70%,8,34.78%,57,2,3.51%,17,29.82%
666,2025-08-25,C Moore,275,10,3.64%,32,11.64%,90,4,4.44%,7,7.78%,126,5,3.97%,18,14.29%,8,0,0%,0,0%,51,1,1.96%,7,13.73%
667,2025-08-25,William Cronin,83,6,7.23%,21,25.30%,0,0,0%,0,0%,14,0,0%,6,42.86%,22,2,9.09%,4,18.18%,47,4,8.51%,11,23.40%
668,2025-08-25,T McLaughlin,51,4,7.84%,8,15.69%,38,4,10.53%,7,18.42%,9,0,0%,1,11.11%,0,0,0%,0,0%,4,0,0%,0,0%
669,2025-08-25,N F Glynn,131,7,5.34%,39,29.77%,0,0,0%,0,0%,11,0,0%,6,54.55%,53,3,5.66%,8,15.09%,67,4,5.97%,25,37.31%
670,2025-08-25,I A Duncan,605,44,7.27%,178,29.42%,2,0,0%,0,0%,79,0,0%,22,27.85%,193,15,7.77%,61,31.61%,331,29,8.76%,95,28.70%
671,2025-08-25,P E Collins,148,12,8.11%,49,33.11%,0,0,0%,0,0%,38,3,7.89%,13,34.21%,14,3,21.43%,5,35.71%,96,6,6.25%,31,32.29%
672,2025-08-25,J P Fahey,1135,77,6.78%,272,23.96%,135,5,3.70%,30,22.22%,679,57,8.39%,147,21.65%,26,1,3.85%,7,26.92%,295,14,4.75%,88,29.83%
673,2025-08-25,L Lennon,678,38,5.60%,163,24.04%,60,1,1.67%,11,18.33%,107,5,4.67%,18,16.82%,260,20,7.69%,91,35.00%,251,12,4.78%,43,17.13%
674,2025-08-25,Danny Miley,0,0,0%,0,0%,0,0,0%,0,0%,0,0,0%,0,0%,0,0,0%,0,0%,0,0,0%,0,0%
675,2025-08-25,Mike Hammond,177,6,3.39%,43,24.29%,21,2,9.52%,4,19.05%,31,0,0%,3,9.68%,48,3,6.25%,23,47.92%,77,1,1.30%,13,16.88%
676,2025-08-25,T R George,3448,477,13.83%,1314,38.11%,24,1,4.17%,5,20.83%,243,36,14.81%,93,38.27%,1937,294,15.18%,732,37.79%,1244,146,11.74%,484,38.91%
677,2025-08-25,J F Panvert,189,3,1.59%,45,23.81%,8,0,0%,0,0%,30,0,0%,5,16.67%,9,0,0%,0,0%,142,3,2.11%,40,28.17%
678,2025-08-25,B J M Ryall,75,4,5.33%,18,24.00%,0,0,0%,0,0%,10,0,0%,4,40.00%,41,3,7.32%,8,19.51%,24,1,4.17%,6,25.00%
679,2025-08-25,Mrs R Carr,6320,571,9.03%,1871,29.60%,2069,192,9.28%,580,28.03%,4210,375,8.91%,1278,30.36%,4,1,25.00%,0,0%,37,3,8.11%,13,35.14%
680,2025-08-25,L Corcoran,284,7,2.46%,60,21.13%,43,2,4.65%,16,37.21%,24,1,4.17%,6,25.00%,49,1,2.04%,7,14.29%,168,3,1.79%,31,18.45%
681,2025-08-25,C J Gray,520,14,2.69%,114,21.92%,38,2,5.26%,14,36.84%,50,0,0%,5,10.00%,132,7,5.30%,45,34.09%,300,5,1.67%,50,16.67%
682,2025-08-25,Miss C Dyson,889,40,4.50%,200,22.50%,7,0,0%,0,0%,61,0,0%,5,8.20%,262,18,6.87%,77,29.39%,559,22,3.94%,118,21.11%
683,2025-08-25,Dr J R J Naylor,177,3,1.69%,34,19.21%,46,2,4.35%,6,13.04%,21,0,0%,1,4.76%,32,0,0%,9,28.13%,78,1,1.28%,18,23.08%
684,2025-08-25,J Groucott,485,39,8.04%,139,28.66%,5,0,0%,0,0%,43,0,0%,8,18.60%,218,29,13.30%,84,38.53%,219,10,4.57%,47,21.46%
685,2025-08-25,B De Haan,206,17,8.25%,85,41.26%,32,1,3.13%,15,46.88%,78,5,6.41%,34,43.59%,33,2,6.06%,17,51.52%,63,9,14.29%,19,30.16%
686,2025-08-25,Mrs M Hobbs,173,15,8.67%,46,26.59%,0,0,0%,0,0%,18,0,0%,3,16.67%,35,3,8.57%,9,25.71%,120,12,10.00%,34,28.33%
687,2025-08-25,Mrs A L M King,680,49,7.21%,206,30.29%,228,16,7.02%,85,37.28%,192,10,5.21%,56,29.17%,23,4,17.39%,2,8.70%,237,19,8.02%,63,26.58%
688,2025-08-25,A Lee,213,8,3.76%,43,20.19%,15,0,0%,2,13.33%,81,3,3.70%,14,17.28%,55,3,5.45%,18,32.73%,62,2,3.23%,9,14.52%
689,2025-08-25,N Madden,801,66,8.24%,151,18.85%,135,15,11.11%,31,22.96%,143,9,6.29%,27,18.88%,152,12,7.89%,29,19.08%,371,30,8.09%,64,17.25%
690,2025-08-25,R O'Leary,277,15,5.42%,52,18.77%,18,1,5.56%,0,0%,42,7,16.67%,12,28.57%,74,3,4.05%,20,27.03%,143,4,2.80%,20,13.99%
691,2025-08-25,N Cassidy,104,4,3.85%,19,18.27%,14,0,0%,2,14.29%,52,1,1.92%,12,23.08%,14,1,7.14%,1,7.14%,24,2,8.33%,4,16.67%
692,2025-08-25,Michael Mulvany,435,20,4.60%,103,23.68%,57,1,1.75%,11,19.30%,306,15,4.90%,76,24.84%,14,1,7.14%,1,7.14%,58,3,5.17%,15,25.86%
693,2025-08-25,J Queally,557,53,9.52%,176,31.60%,5,0,0%,2,40.00%,137,14,10.22%,45,32.85%,113,11,9.73%,38,33.63%,302,28,9.27%,91,30.13%
694,2025-08-25,T P O'Connor,298,8,2.68%,36,12.08%,9,0,0%,1,11.11%,53,0,0%,4,7.55%,46,2,4.35%,7,15.22%,190,6,3.16%,24,12.63%
695,2025-08-25,P Redmond,17,1,5.88%,0,0%,0,0,0%,0,0%,0,0,0%,0,0%,15,1,6.67%,0,0%,2,0,0%,0,0%
696,2025-08-25,P P Moloney,39,1,2.56%,2,5.13%,0,0,0%,0,0%,1,0,0%,0,0%,14,0,0%,2,14.29%,24,1,4.17%,0,0%
697,2025-08-25,J G Sheehan,108,5,4.63%,28,25.93%,0,0,0%,0,0%,25,0,0%,3,12.00%,30,4,13.33%,15,50.00%,53,1,1.89%,10,18.87%
698,2025-08-25,D M Christie,595,57,9.58%,136,22.86%,14,0,0%,3,21.43%,89,1,1.12%,18,20.22%,283,45,15.90%,78,27.56%,208,11,5.29%,37,17.79%
699,2025-08-25,D Burchell,1007,89,8.84%,311,30.88%,133,5,3.76%,26,19.55%,177,16,9.04%,47,26.55%,263,40,15.21%,110,41.83%,434,28,6.45%,128,29.49%
700,2025-08-25,P Dando,258,14,5.43%,83,32.17%,0,0,0%,0,0%,29,0,0%,7,24.14%,26,0,0%,9,34.62%,203,14,6.90%,67,33.00%
701,2025-08-25,G P Mcpherson,1773,181,10.21%,681,38.41%,109,9,8.26%,43,39.45%,199,21,10.55%,79,39.70%,384,40,10.42%,164,42.71%,1081,111,10.27%,395,36.54%
702,2025-08-25,Miss L Blackford,378,16,4.23%,104,27.51%,0,0,0%,0,0%,60,2,3.33%,8,13.33%,103,6,5.83%,39,37.86%,215,8,3.72%,57,26.51%
703,2025-08-25,A Hollingsworth,25,0,0%,1,4.00%,0,0,0%,0,0%,3,0,0%,1,33.33%,5,0,0%,0,0%,17,0,0%,0,0%
704,2025-08-25,R Lee,659,88,13.35%,215,32.63%,14,3,21.43%,3,21.43%,43,5,11.63%,19,44.19%,361,51,14.13%,118,32.69%,241,29,12.03%,75,31.12%
705,2025-08-25,Joss Saville,0,0,0%,0,0%,0,0,0%,0,0%,0,0,0%,0,0%,0,0,0%,0,0%,0,0,0%,0,0%
706,2025-08-25,P D Niven,1299,113,8.70%,388,29.87%,379,35,9.23%,97,25.59%,492,47,9.55%,137,27.85%,118,16,13.56%,40,33.90%,310,15,4.84%,114,36.77%
707,2025-08-25,Jedd O'Keeffe,2490,269,10.80%,907,36.43%,558,51,9.14%,183,32.80%,1545,160,10.36%,571,36.96%,81,12,14.81%,24,29.63%,306,46,15.03%,129,42.16%
708,2025-08-25,T J FitzGerald,357,30,8.40%,114,31.93%,142,13,9.15%,43,30.28%,122,11,9.02%,37,30.33%,48,6,12.50%,18,37.50%,45,0,0%,16,35.56%
709,2025-08-25,Mrs Mary Hambro,67,5,7.46%,16,23.88%,25,1,4.00%,8,32.00%,31,1,3.23%,8,25.81%,8,3,37.50%,0,0%,3,0,0%,0,0%
710,2025-08-25,Rae Guest,2071,286,13.81%,747,36.07%,872,118,13.53%,320,36.70%,1184,166,14.02%,420,35.47%,3,0,0%,1,33.33%,12,2,16.67%,6,50.00%
711,2025-08-25,C E Brittain,1079,81,7.51%,321,29.75%,341,26,7.62%,124,36.36%,738,55,7.45%,197,26.69%,0,0,0%,0,0%,0,0,0%,0,0%
712,2025-08-25,Mrs L Williamson,2042,80,3.92%,506,24.78%,1229,63,5.13%,332,27.01%,745,17,2.28%,169,22.68%,17,0,0%,0,0%,51,0,0%,5,9.80%
713,2025-08-25,A P Boxhall,0,0,0%,0,0%,0,0,0%,0,0%,0,0,0%,0,0%,0,0,0%,0,0%,0,0,0%,0,0%
714,2025-08-25,W De Best-Turner,91,2,2.20%,5,5.49%,21,0,0%,0,0%,21,0,0%,1,4.76%,22,2,9.09%,3,13.64%,27,0,0%,1,3.70%
715,2025-08-25,C W Moore,59,6,10.17%,6,10.17%,32,3,9.38%,3,9.38%,8,0,0%,1,12.50%,0,0,0%,0,0%,19,3,15.79%,2,10.53%
716,2025-08-25,Miss S Wheelwright,10,0,0%,1,10.00%,0,0,0%,0,0%,0,0,0%,0,0%,6,0,0%,1,16.67%,4,0,0%,0,0%
717,2025-08-25,P L Clinton,34,2,5.88%,7,20.59%,4,0,0%,1,25.00%,21,1,4.76%,5,23.81%,0,0,0%,0,0%,9,1,11.11%,1,11.11%
718,2025-08-25,James Moffatt,1668,171,10.25%,514,30.82%,86,6,6.98%,24,27.91%,186,12,6.45%,40,21.51%,286,42,14.69%,76,26.57%,1110,111,10.00%,374,33.69%
719,2025-08-25,W Amos,265,19,7.17%,62,23.40%,0,0,0%,0,0%,21,2,9.52%,3,14.29%,124,10,8.06%,34,27.42%,120,7,5.83%,25,20.83%
720,2025-08-25,M Blanshard,1254,60,4.78%,385,30.70%,619,34,5.49%,189,30.53%,566,22,3.89%,185,32.69%,1,0,0%,0,0%,68,4,5.88%,11,16.18%
721,2025-08-25,N R Mitchell,320,15,4.69%,84,26.25%,29,0,0%,5,17.24%,60,0,0%,19,31.67%,71,3,4.23%,16,22.54%,160,12,7.50%,44,27.50%
722,2025-08-25,Miss M A Doran,89,1,1.12%,7,7.87%,11,1,9.09%,1,9.09%,16,0,0%,4,25.00%,7,0,0%,0,0%,55,0,0%,2,3.64%
723,2025-08-25,J C McConnell,6333,459,7.25%,1305,20.61%,1650,106,6.42%,338,20.48%,2769,162,5.85%,517,18.67%,320,33,10.31%,82,25.63%,1594,158,9.91%,368,23.09%
724,2025-08-25,W F Codd,195,17,8.72%,46,23.59%,0,0,0%,0,0%,23,3,13.04%,3,13.04%,51,3,5.88%,17,33.33%,121,11,9.09%,26,21.49%
725,2025-08-25,C O'Brien,1654,125,7.56%,439,26.54%,369,31,8.40%,110,29.81%,946,68,7.19%,245,25.90%,18,0,0%,6,33.33%,321,26,8.10%,78,24.30%
726,2025-08-25,J P O'Keeffe,166,6,3.61%,42,25.30%,0,0,0%,0,0%,47,2,4.26%,15,31.91%,27,3,11.11%,5,18.52%,92,1,1.09%,22,23.91%
727,2025-08-25,O J Power,25,0,0%,5,20.00%,3,0,0%,1,33.33%,10,0,0%,2,20.00%,5,0,0%,0,0%,7,0,0%,2,28.57%
728,2025-08-25,Laurence Butler,110,4,3.64%,10,9.09%,3,0,0%,0,0%,23,0,0%,0,0%,16,2,12.50%,5,31.25%,68,2,2.94%,5,7.35%
729,2025-08-25,K O'Sullivan,40,2,5.00%,11,27.50%,0,0,0%,0,0%,10,1,10.00%,5,50.00%,1,0,0%,0,0%,29,1,3.45%,6,20.69%
730,2025-08-25,W Power,77,4,5.19%,22,28.57%,0,0,0%,0,0%,8,0,0%,0,0%,5,1,20.00%,0,0%,64,3,4.69%,22,34.38%
731,2025-08-25,Ms Hartnett,129,3,2.33%,26,20.16%,0,0,0%,0,0%,11,0,0%,3,27.27%,25,0,0%,7,28.00%,93,3,3.23%,16,17.20%
732,2025-08-25,J Cousins,21,1,4.76%,2,9.52%,0,0,0%,0,0%,6,0,0%,0,0%,6,0,0%,1,16.67%,9,1,11.11%,1,11.11%
733,2025-08-25,David Nagle,267,13,4.87%,46,17.23%,63,2,3.17%,12,19.05%,164,10,6.10%,27,16.46%,24,1,4.17%,6,25.00%,16,0,0%,1,6.25%
734,2025-08-25,E Bolger,1323,164,12.40%,365,27.59%,0,0,0%,0,0%,18,1,5.56%,5,27.78%,826,118,14.29%,256,30.99%,479,45,9.39%,104,21.71%
735,2025-08-25,Mrs L Drumm,0,0,0%,0,0%,0,0,0%,0,0%,0,0,0%,0,0%,0,0,0%,0,0%,0,0,0%,0,0%
736,2025-08-25,Miss A M Lambert,9,1,11.11%,1,11.11%,0,0,0%,0,0%,0,0,0%,0,0%,0,0,0%,0,0%,9,1,11.11%,1,11.11%
737,2025-08-25,D O'Sullivan,208,10,4.81%,43,20.67%,48,2,4.17%,19,39.58%,119,7,5.88%,17,14.29%,11,1,9.09%,1,9.09%,30,0,0%,6,20.00%
738,2025-08-25,A Mullins,1316,94,7.14%,321,24.39%,118,7,5.93%,33,27.97%,542,39,7.20%,126,23.25%,77,9,11.69%,25,32.47%,579,39,6.74%,137,23.66%
739,2025-08-25,C Roche,1003,95,9.47%,271,27.02%,10,0,0%,1,10.00%,194,23,11.86%,60,30.93%,308,24,7.79%,79,25.65%,491,48,9.78%,131,26.68%
740,2025-08-25,P M Pierce,86,1,1.16%,8,9.30%,1,0,0%,0,0%,12,1,8.33%,2,16.67%,8,0,0%,1,12.50%,65,0,0%,5,7.69%
741,2025-08-25,J P Cahill,74,7,9.46%,18,24.32%,3,2,66.67%,1,33.33%,19,2,10.53%,3,15.79%,19,0,0%,7,36.84%,33,3,9.09%,7,21.21%
742,2025-08-25,Lucinda Featherstone,78,2,2.56%,9,11.54%,26,0,0%,1,3.85%,41,2,4.88%,7,17.07%,1,0,0%,0,0%,10,0,0%,1,10.00%
743,2025-08-25,B J Meehan,3647,404,11.08%,1195,32.77%,779,90,11.55%,277,35.56%,2867,314,10.95%,918,32.02%,1,0,0%,0,0%,0,0,0%,0,0%
744,2025-08-25,Miss J A Camacho,2826,312,11.04%,916,32.41%,1140,114,10.00%,374,32.81%,1660,197,11.87%,533,32.11%,4,1,25.00%,1,25.00%,22,0,0%,8,36.36%
745,2025-08-25,G F Edwards,103,5,4.85%,33,32.04%,0,0,0%,0,0%,0,0,0%,0,0%,49,3,6.12%,22,44.90%,54,2,3.70%,11,20.37%
746,2025-08-25,C Heard,56,2,3.57%,13,23.21%,0,0,0%,0,0%,3,0,0%,0,0%,6,0,0%,1,16.67%,47,2,4.26%,12,25.53%
747,2025-08-25,R Mathew,105,4,3.81%,25,23.81%,0,0,0%,0,0%,8,0,0%,2,25.00%,34,1,2.94%,12,35.29%,63,3,4.76%,11,17.46%
748,2025-08-25,M S Tuck,0,0,0%,0,0%,0,0,0%,0,0%,0,0,0%,0,0%,0,0,0%,0,0%,0,0,0%,0,0%
749,2025-08-25,Mrs H R J Nelmes,435,19,4.37%,81,18.62%,5,0,0%,0,0%,42,1,2.38%,7,16.67%,91,7,7.69%,12,13.19%,297,11,3.70%,62,20.88%
750,2025-08-25,D D Scott,41,1,2.44%,6,14.63%,0,0,0%,0,0%,0,0,0%,0,0%,31,0,0%,6,19.35%,10,1,10.00%,0,0%
751,2025-08-25,P Cody,36,0,0%,2,5.56%,2,0,0%,0,0%,13,0,0%,0,0%,3,0,0%,0,0%,18,0,0%,2,11.11%
752,2025-08-25,D Miley,199,5,2.51%,31,15.58%,22,1,4.55%,9,40.91%,68,0,0%,6,8.82%,35,2,5.71%,11,31.43%,74,2,2.70%,5,6.76%
753,2025-08-25,Ms M Kelly,95,1,1.05%,8,8.42%,9,0,0%,0,0%,47,0,0%,2,4.26%,17,1,5.88%,3,17.65%,22,0,0%,3,13.64%
754,2025-08-25,R McGlinchey,95,0,0%,20,21.05%,29,0,0%,5,17.24%,24,0,0%,3,12.50%,15,0,0%,4,26.67%,27,0,0%,8,29.63%
755,2025-08-25,I Buchanan,0,0,0%,0,0%,0,0,0%,0,0%,0,0,0%,0,0%,0,0,0%,0,0%,0,0,0%,0,0%
756,2025-08-25,J G Cosgrave,247,20,8.10%,69,27.94%,9,1,11.11%,2,22.22%,79,6,7.59%,21,26.58%,44,7,15.91%,15,34.09%,115,6,5.22%,31,26.96%
757,2025-08-25,Mrs D Foster,1486,99,6.66%,378,25.44%,96,6,6.25%,17,17.71%,435,21,4.83%,111,25.52%,256,18,7.03%,73,28.52%,699,54,7.73%,177,25.32%
758,2025-08-25,P Cluskey,393,13,3.31%,44,11.20%,50,0,0%,9,18.00%,141,3,2.13%,15,10.64%,45,4,8.89%,8,17.78%,157,6,3.82%,12,7.64%
759,2025-08-25,M Torrens,338,11,3.25%,69,20.41%,22,1,4.55%,2,9.09%,69,2,2.90%,10,14.49%,45,2,4.44%,16,35.56%,202,6,2.97%,41,20.30%
760,2025-08-25,Ronan O'dwyer,21,1,4.76%,2,9.52%,0,0,0%,0,0%,1,0,0%,0,0%,10,0,0%,2,20.00%,10,1,10.00%,0,0%
761,2025-08-25,M Kidd,12,0,0%,0,0%,0,0,0%,0,0%,0,0,0%,0,0%,11,0,0%,0,0%,1,0,0%,0,0%
762,2025-08-25,A Lynch,268,24,8.96%,70,26.12%,0,0,0%,0,0%,30,2,6.67%,7,23.33%,95,7,7.37%,26,27.37%,143,15,10.49%,37,25.87%
763,2025-08-25,G A Kingston,419,15,3.58%,67,15.99%,78,5,6.41%,15,19.23%,193,6,3.11%,36,18.65%,27,2,7.41%,4,14.81%,121,2,1.65%,12,9.92%
764,2025-08-25,R T J Wilson,93,7,7.53%,21,22.58%,1,0,0%,0,0%,15,1,6.67%,1,6.67%,32,2,6.25%,9,28.13%,45,4,8.89%,11,24.44%
765,2025-08-25,Miss S Barkley,96,2,2.08%,25,26.04%,0,0,0%,0,0%,21,0,0%,4,19.05%,3,0,0%,2,66.67%,72,2,2.78%,19,26.39%
766,2025-08-25,Colin Kidd,225,18,8.00%,44,19.56%,11,1,9.09%,5,45.45%,43,3,6.98%,3,6.98%,33,3,9.09%,14,42.42%,138,11,7.97%,22,15.94%
767,2025-08-25,G A Swinbank,2002,273,13.64%,723,36.11%,441,74,16.78%,170,38.55%,1302,162,12.44%,450,34.56%,70,15,21.43%,26,37.14%,189,22,11.64%,77,40.74%
768,2025-08-25,T R Gretton,974,50,5.13%,270,27.72%,36,0,0%,4,11.11%,68,0,0%,13,19.12%,374,35,9.36%,133,35.56%,496,15,3.02%,120,24.19%
769,2025-08-25,P Kelsall,0,0,0%,0,0%,0,0,0%,0,0%,0,0,0%,0,0%,0,0,0%,0,0%,0,0,0%,0,0%
770,2025-08-25,J G Cann,262,26,9.92%,79,30.15%,0,0,0%,0,0%,19,1,5.26%,8,42.11%,131,18,13.74%,43,32.82%,112,7,6.25%,28,25.00%
771,2025-08-25,S Regan,138,6,4.35%,33,23.91%,30,0,0%,4,13.33%,73,3,4.11%,22,30.14%,2,0,0%,0,0%,33,3,9.09%,7,21.21%
772,2025-08-25,B R Summers,443,23,5.19%,105,23.70%,1,0,0%,0,0%,17,0,0%,3,17.65%,235,17,7.23%,71,30.21%,190,6,3.16%,31,16.32%
773,2025-08-25,Lady Connell,8,0,0%,1,12.50%,0,0,0%,0,0%,4,0,0%,1,25.00%,0,0,0%,0,0%,4,0,0%,0,0%
774,2025-08-25,E G Bevan,184,11,5.98%,52,28.26%,45,1,2.22%,7,15.56%,95,9,9.47%,29,30.53%,7,0,0%,2,28.57%,37,1,2.70%,14,37.84%
775,2025-08-25,P R Rodford,37,4,10.81%,6,16.22%,0,0,0%,0,0%,1,0,0%,0,0%,22,3,13.64%,4,18.18%,14,1,7.14%,2,14.29%
776,2025-08-25,P Winkworth,109,13,11.93%,27,24.77%,47,4,8.51%,12,25.53%,58,8,13.79%,15,25.86%,0,0,0%,0,0%,4,1,25.00%,0,0%
777,2025-08-25,D M Kelly,149,10,6.71%,35,23.49%,4,0,0%,0,0%,19,1,5.26%,4,21.05%,21,2,9.52%,3,14.29%,105,7,6.67%,28,26.67%
778,2025-08-25,P C O'Connor,144,7,4.86%,33,22.92%,0,0,0%,0,0%,12,0,0%,3,25.00%,37,2,5.41%,9,24.32%,95,5,5.26%,21,22.11%
779,2025-08-25,L P Cusack,798,63,7.89%,165,20.68%,11,2,18.18%,3,27.27%,86,4,4.65%,11,12.79%,212,20,9.43%,58,27.36%,489,37,7.57%,93,19.02%
780,2025-08-25,Daniel G Murphy,330,13,3.94%,88,26.67%,0,0,0%,0,0%,39,1,2.56%,12,30.77%,70,5,7.14%,20,28.57%,221,7,3.17%,56,25.34%
781,2025-08-25,R Sweeney,736,59,8.02%,181,24.59%,149,11,7.38%,44,29.53%,203,12,5.91%,36,17.73%,139,16,11.51%,44,31.65%,245,20,8.16%,57,23.27%
782,2025-08-25,A J McNamara,608,22,3.62%,91,14.97%,11,0,0%,0,0%,147,3,2.04%,19,12.93%,85,6,7.06%,21,24.71%,365,13,3.56%,51,13.97%
783,2025-08-25,G T Lynch,396,10,2.53%,62,15.66%,23,0,0%,4,17.39%,90,1,1.11%,13,14.44%,57,1,1.75%,9,15.79%,226,8,3.54%,36,15.93%
784,2025-08-25,L Byrne,313,13,4.15%,58,18.53%,9,0,0%,0,0%,47,0,0%,6,12.77%,50,2,4.00%,12,24.00%,207,11,5.31%,40,19.32%
785,2025-08-25,D Hickey,84,6,7.14%,24,28.57%,0,0,0%,0,0%,10,0,0%,4,40.00%,9,1,11.11%,2,22.22%,65,5,7.69%,18,27.69%
786,2025-08-25,L Kenny,106,12,11.32%,36,33.96%,0,0,0%,0,0%,28,5,17.86%,10,35.71%,44,4,9.09%,13,29.55%,33,3,9.09%,12,36.36%
787,2025-08-25,Patrick J Halley,11,0,0%,1,9.09%,0,0,0%,0,0%,0,0,0%,0,0%,5,0,0%,0,0%,6,0,0%,1,16.67%
788,2025-08-25,P F Sullivan,9,0,0%,1,11.11%,0,0,0%,0,0%,0,0,0%,0,0%,0,0,0%,0,0%,9,0,0%,1,11.11%
789,2025-08-25,A J Chamberlain,71,7,9.86%,9,12.68%,28,5,17.86%,3,10.71%,31,2,6.45%,5,16.13%,3,0,0%,0,0%,9,0,0%,1,11.11%
790,2025-08-25,E J Creighton,287,11,3.83%,70,24.39%,174,10,5.75%,50,28.74%,78,1,1.28%,14,17.95%,18,0,0%,5,27.78%,17,0,0%,1,5.88%
791,2025-08-25,Miss L Kendall,37,0,0%,9,24.32%,0,0,0%,0,0%,2,0,0%,0,0%,5,0,0%,0,0%,30,0,0%,9,30.00%
792,2025-08-25,G A Harker,1334,109,8.17%,409,30.66%,318,22,6.92%,95,29.87%,981,85,8.66%,307,31.29%,4,0,0%,1,25.00%,31,2,6.45%,6,19.35%
793,2025-08-25,F Kirby,0,0,0%,0,0%,0,0,0%,0,0%,0,0,0%,0,0%,0,0,0%,0,0%,0,0,0%,0,0%
794,2025-08-25,C R Egerton,141,16,11.35%,29,20.57%,21,4,19.05%,5,23.81%,31,4,12.90%,5,16.13%,16,0,0%,3,18.75%,73,8,10.96%,16,21.92%
795,2025-08-25,C A Mulhall,254,12,4.72%,57,22.44%,59,3,5.08%,16,27.12%,145,7,4.83%,35,24.14%,4,0,0%,0,0%,46,2,4.35%,6,13.04%
796,2025-08-25,G Fierro,50,3,6.00%,5,10.00%,3,0,0%,1,33.33%,15,1,6.67%,1,6.67%,0,0,0%,0,0%,32,2,6.25%,3,9.38%
797,2025-08-25,R Mills,393,40,10.18%,127,32.32%,216,25,11.57%,85,39.35%,171,15,8.77%,41,23.98%,1,0,0%,0,0%,5,0,0%,1,20.00%
798,2025-08-25,Mrs Tracey Barfoot-Saunt,237,7,2.95%,33,13.92%,14,0,0%,1,7.14%,55,6,10.91%,7,12.73%,51,0,0%,7,13.73%,117,1,0.85%,18,15.38%
799,2025-08-25,J E Dixon,193,16,8.29%,49,25.39%,1,0,0%,0,0%,8,0,0%,1,12.50%,4,0,0%,0,0%,180,16,8.89%,48,26.67%
800,2025-08-25,L R James,109,4,3.67%,14,12.84%,27,0,0%,5,18.52%,64,3,4.69%,9,14.06%,0,0,0%,0,0%,18,1,5.56%,0,0%
801,2025-08-25,R M Whitaker,1324,111,8.38%,420,31.72%,308,20,6.49%,96,31.17%,1013,91,8.98%,324,31.98%,0,0,0%,0,0%,3,0,0%,0,0%
802,2025-08-25,N Tinkler,4194,362,8.63%,1204,28.71%,914,78,8.53%,265,28.99%,3279,284,8.66%,939,28.64%,0,0,0%,0,0%,1,0,0%,0,0%
803,2025-08-25,Mrs V S Jackson,36,2,5.56%,12,33.33%,0,0,0%,0,0%,3,0,0%,0,0%,8,1,12.50%,3,37.50%,25,1,4.00%,9,36.00%
804,2025-08-25,C P M Wells,0,0,0%,0,0%,0,0,0%,0,0%,0,0,0%,0,0%,0,0,0%,0,0%,0,0,0%,0,0%
805,2025-08-25,S Waugh,590,25,4.24%,171,28.98%,46,0,0%,9,19.57%,87,1,1.15%,16,18.39%,157,10,6.37%,59,37.58%,300,14,4.67%,87,29.00%
806,2025-08-25,F A Hutsby,70,14,20.00%,34,48.57%,0,0,0%,0,0%,0,0,0%,0,0%,70,14,20.00%,34,48.57%,0,0,0%,0,0%
807,2025-08-25,Miss S A Drake,4,1,25.00%,2,50.00%,0,0,0%,0,0%,0,0,0%,0,0%,4,1,25.00%,2,50.00%,0,0,0%,0,0%
808,2025-08-25,B Storey,176,3,1.70%,13,7.39%,3,0,0%,0,0%,24,2,8.33%,1,4.17%,34,1,2.94%,4,11.76%,115,0,0%,8,6.96%
809,2025-08-25,J O'Callaghan,35,0,0%,12,34.29%,0,0,0%,0,0%,4,0,0%,1,25.00%,14,0,0%,5,35.71%,17,0,0%,6,35.29%
810,2025-08-25,M J Fitzgerald,45,1,2.22%,9,20.00%,5,0,0%,1,20.00%,11,0,0%,1,9.09%,9,0,0%,3,33.33%,20,1,5.00%,4,20.00%
811,2025-08-25,S Byrne,556,31,5.58%,137,24.64%,31,1,3.23%,6,19.35%,211,13,6.16%,54,25.59%,69,3,4.35%,25,36.23%,245,14,5.71%,52,21.22%
812,2025-08-25,Eamonn Fehily,34,2,5.88%,5,14.71%,0,0,0%,0,0%,1,0,0%,0,0%,22,2,9.09%,4,18.18%,11,0,0%,1,9.09%
813,2025-08-25,Denis W Cullen,0,0,0%,0,0%,0,0,0%,0,0%,0,0,0%,0,0%,0,0,0%,0,0%,0,0,0%,0,0%
814,2025-08-25,F Kavanagh,0,0,0%,0,0%,0,0,0%,0,0%,0,0,0%,0,0%,0,0,0%,0,0%,0,0,0%,0,0%
815,2025-08-25,William O'Doherty,142,6,4.23%,21,14.79%,3,1,33.33%,0,0%,22,1,4.55%,8,36.36%,6,0,0%,1,16.67%,111,4,3.60%,12,10.81%
816,2025-08-25,J P A Kenny,13,0,0%,2,15.38%,0,0,0%,0,0%,3,0,0%,0,0%,1,0,0%,0,0%,9,0,0%,2,22.22%
817,2025-08-25,P J McKenna,456,15,3.29%,116,25.44%,212,9,4.25%,59,27.83%,188,6,3.19%,47,25.00%,7,0,0%,2,28.57%,49,0,0%,8,16.33%
818,2025-08-25,J A Quinn,0,0,0%,0,0%,0,0,0%,0,0%,0,0,0%,0,0%,0,0,0%,0,0%,0,0,0%,0,0%
819,2025-08-25,J P Broderick,283,17,6.01%,55,19.43%,16,0,0%,1,6.25%,28,2,7.14%,5,17.86%,68,7,10.29%,19,27.94%,171,8,4.68%,30,17.54%
820,2025-08-25,G J O'Keeffe,23,1,4.35%,6,26.09%,0,0,0%,0,0%,8,1,12.50%,4,50.00%,6,0,0%,1,16.67%,9,0,0%,1,11.11%
821,2025-08-25,T Horgan,9,0,0%,1,11.11%,0,0,0%,0,0%,0,0,0%,0,0%,9,0,0%,1,11.11%,0,0,0%,0,0%
822,2025-08-25,Noel Dempsey,15,0,0%,2,13.33%,0,0,0%,0,0%,0,0,0%,0,0%,7,0,0%,2,28.57%,8,0,0%,0,0%
823,2025-08-25,Michael G Cleary,402,9,2.24%,50,12.44%,133,5,3.76%,23,17.29%,123,1,0.81%,11,8.94%,21,0,0%,2,9.52%,125,3,2.40%,14,11.20%
824,2025-08-25,M Kelly,389,11,2.83%,50,12.85%,114,2,1.75%,11,9.65%,191,8,4.19%,26,13.61%,4,0,0%,1,25.00%,80,1,1.25%,12,15.00%
825,2025-08-25,Mrs L Richards,663,64,9.65%,182,27.45%,303,31,10.23%,78,25.74%,113,5,4.42%,30,26.55%,99,16,16.16%,39,39.39%,148,12,8.11%,35,23.65%
826,2025-08-25,N A Dunger,63,4,6.35%,20,31.75%,2,0,0%,0,0%,6,0,0%,1,16.67%,0,0,0%,0,0%,55,4,7.27%,19,34.55%
827,2025-08-25,Miss J S Davis,611,32,5.24%,176,28.81%,27,1,3.70%,6,22.22%,106,5,4.72%,28,26.42%,129,6,4.65%,34,26.36%,349,20,5.73%,108,30.95%
828,2025-08-25,Mrs H J Manners,11,1,9.09%,2,18.18%,0,0,0%,0,0%,0,0,0%,0,0%,5,1,20.00%,2,40.00%,6,0,0%,0,0%
829,2025-08-25,G C Bravery,502,45,8.96%,147,29.28%,250,22,8.80%,71,28.40%,244,23,9.43%,76,31.15%,0,0,0%,0,0%,8,0,0%,0,0%
830,2025-08-25,M Smith,412,45,10.92%,128,31.07%,58,7,12.07%,10,17.24%,126,10,7.94%,39,30.95%,56,7,12.50%,23,41.07%,172,21,12.21%,56,32.56%
831,2025-08-25,Michael Smith,0,0,0%,0,0%,0,0,0%,0,0%,0,0,0%,0,0%,0,0,0%,0,0%,0,0,0%,0,0%
832,2025-08-25,M Halford,4632,514,11.10%,1621,35.00%,1678,266,15.85%,634,37.78%,2840,241,8.49%,954,33.59%,5,1,20.00%,2,40.00%,109,6,5.50%,31,28.44%
833,2025-08-25,L Comer,1854,54,2.91%,284,15.32%,698,26,3.72%,125,17.91%,1022,24,2.35%,146,14.29%,13,1,7.69%,0,0%,121,3,2.48%,13,10.74%
834,2025-08-25,Roger McGrath,290,22,7.59%,92,31.72%,5,0,0%,0,0%,80,8,10.00%,24,30.00%,47,2,4.26%,16,34.04%,158,12,7.59%,52,32.91%
835,2025-08-25,J E Kiely,1115,142,12.74%,376,33.72%,22,5,22.73%,4,18.18%,420,59,14.05%,164,39.05%,165,17,10.30%,62,37.58%,508,61,12.01%,146,28.74%
836,2025-08-25,K F O'Donnell,127,6,4.72%,34,26.77%,17,1,5.88%,2,11.76%,71,4,5.63%,21,29.58%,6,0,0%,0,0%,33,1,3.03%,11,33.33%
837,2025-08-25,S Buggy,78,5,6.41%,13,16.67%,13,2,15.38%,3,23.08%,25,3,12.00%,6,24.00%,1,0,0%,0,0%,39,0,0%,4,10.26%
838,2025-08-25,E V Stanford,246,20,8.13%,87,35.37%,141,15,10.64%,52,36.88%,92,4,4.35%,30,32.61%,2,0,0%,0,0%,11,1,9.09%,5,45.45%
839,2025-08-25,N M Lampard,155,7,4.52%,26,16.77%,10,0,0%,0,0%,26,0,0%,0,0%,27,0,0%,3,11.11%,92,7,7.61%,23,25.00%
840,2025-08-25,H E Haynes,32,0,0%,4,12.50%,7,0,0%,0,0%,9,0,0%,0,0%,7,0,0%,3,42.86%,9,0,0%,1,11.11%
841,2025-08-25,Mrs Susan Nock,44,5,11.36%,8,18.18%,0,0,0%,0,0%,3,0,0%,0,0%,25,3,12.00%,3,12.00%,16,2,12.50%,5,31.25%
842,2025-08-25,J R Turner,164,24,14.63%,51,31.10%,14,0,0%,5,35.71%,93,19,20.43%,34,36.56%,18,3,16.67%,4,22.22%,39,2,5.13%,8,20.51%
843,2025-08-25,Miss L Harrison,903,68,7.53%,307,34.00%,2,0,0%,0,0%,52,1,1.92%,16,30.77%,243,27,11.11%,110,45.27%,606,40,6.60%,181,29.87%
844,2025-08-25,W Storey,921,61,6.62%,275,29.86%,306,13,4.25%,87,28.43%,525,47,8.95%,176,33.52%,13,1,7.69%,2,15.38%,77,0,0%,10,12.99%
845,2025-08-25,M A Barnes,1903,136,7.15%,583,30.64%,24,0,0%,0,0%,142,1,0.70%,28,19.72%,705,77,10.92%,251,35.60%,1032,58,5.62%,304,29.46%
846,2025-08-25,L A Mullaney,1036,83,8.01%,363,35.04%,300,27,9.00%,111,37.00%,712,55,7.72%,240,33.71%,2,0,0%,1,50.00%,22,1,4.55%,11,50.00%
847,2025-08-25,M E Sowersby,1229,52,4.23%,282,22.95%,33,2,6.06%,4,12.12%,162,3,1.85%,19,11.73%,293,18,6.14%,109,37.20%,741,29,3.91%,150,20.24%
848,2025-08-25,Mrs J R Buckley,0,0,0%,0,0%,0,0,0%,0,0%,0,0,0%,0,0%,0,0,0%,0,0%,0,0,0%,0,0%
849,2025-08-25,David M Easterby,6,1,16.67%,2,33.33%,0,0,0%,0,0%,0,0,0%,0,0%,6,1,16.67%,2,33.33%,0,0,0%,0,0%
850,2025-08-25,Miss J Houldey,34,1,2.94%,12,35.29%,0,0,0%,0,0%,0,0,0%,0,0%,34,1,2.94%,12,35.29%,0,0,0%,0,0%
851,2025-08-25,Miss H Campbell,1,0,0%,0,0%,0,0,0%,0,0%,0,0,0%,0,0%,1,0,0%,0,0%,0,0,0%,0,0%
852,2025-08-25,Mrs M Sowersby,4,0,0%,1,25.00%,0,0,0%,0,0%,0,0,0%,0,0%,4,0,0%,1,25.00%,0,0,0%,0,0%
853,2025-08-25,Michael Gates,232,19,8.19%,57,24.57%,1,0,0%,0,0%,8,0,0%,3,37.50%,105,16,15.24%,27,25.71%,118,3,2.54%,27,22.88%
854,2025-08-25,R Smart,8,0,0%,0,0%,0,0,0%,0,0%,0,0,0%,0,0%,8,0,0%,0,0%,0,0,0%,0,0%
855,2025-08-25,Mrs Brewer,24,2,8.33%,10,41.67%,0,0,0%,0,0%,0,0,0%,0,0%,24,2,8.33%,10,41.67%,0,0,0%,0,0%
856,2025-08-25,M V Coglan,6,0,0%,0,0%,0,0,0%,0,0%,1,0,0%,0,0%,5,0,0%,0,0%,0,0,0%,0,0%
857,2025-08-25,Mrs M Bissill,0,0,0%,0,0%,0,0,0%,0,0%,0,0,0%,0,0%,0,0,0%,0,0%,0,0,0%,0,0%
858,2025-08-25,D Deacon,131,7,5.34%,22,16.79%,0,0,0%,0,0%,19,0,0%,1,5.26%,46,3,6.52%,9,19.57%,66,4,6.06%,12,18.18%
859,2025-08-25,S O O'Brien,250,29,11.60%,80,32.00%,0,0,0%,0,0%,37,6,16.22%,7,18.92%,80,9,11.25%,29,36.25%,133,14,10.53%,44,33.08%
860,2025-08-25,S McConville,179,7,3.91%,28,15.64%,8,0,0%,1,12.50%,17,0,0%,3,17.65%,66,4,6.06%,13,19.70%,88,3,3.41%,11,12.50%
861,2025-08-25,J p McAllen,12,1,8.33%,5,41.67%,0,0,0%,0,0%,0,0,0%,0,0%,2,0,0%,1,50.00%,10,1,10.00%,4,40.00%
862,2025-08-25,W M Roper,181,4,2.21%,32,17.68%,19,0,0%,3,15.79%,83,2,2.41%,14,16.87%,9,0,0%,2,22.22%,70,2,2.86%,13,18.57%
863,2025-08-25,D McDonogh,875,46,5.26%,215,24.57%,35,0,0%,1,2.86%,211,8,3.79%,45,21.33%,41,0,0%,14,34.15%,588,38,6.46%,155,26.36%
864,2025-08-25,H J L Dunlop,1740,137,7.87%,612,35.17%,821,65,7.92%,326,39.71%,900,71,7.89%,280,31.11%,4,0,0%,0,0%,15,1,6.67%,6,40.00%
865,2025-08-25,Miss Joanne Priest,11,0,0%,1,9.09%,4,0,0%,0,0%,1,0,0%,1,100.00%,6,0,0%,0,0%,0,0,0%,0,0%
866,2025-08-25,Mrs A Price,46,2,4.35%,3,6.52%,0,0,0%,0,0%,0,0,0%,0,0%,42,2,4.76%,3,7.14%,4,0,0%,0,0%
867,2025-08-25,S Flook,487,33,6.78%,146,29.98%,94,2,2.13%,26,27.66%,103,4,3.88%,30,29.13%,205,27,13.17%,71,34.63%,85,0,0%,19,22.35%
868,2025-08-25,Mrs Myfanwy Miles,25,2,8.00%,13,52.00%,0,0,0%,0,0%,0,0,0%,0,0%,25,2,8.00%,13,52.00%,0,0,0%,0,0%
869,2025-08-25,R J Hewitt,0,0,0%,0,0%,0,0,0%,0,0%,0,0,0%,0,0%,0,0,0%,0,0%,0,0,0%,0,0%
870,2025-08-25,F L Matthews,0,0,0%,0,0%,0,0,0%,0,0%,0,0,0%,0,0%,0,0,0%,0,0%,0,0,0%,0,0%
871,2025-08-25,R Knipe,0,0,0%,0,0%,0,0,0%,0,0%,0,0,0%,0,0%,0,0,0%,0,0%,0,0,0%,0,0%
872,2025-08-25,Miss C E Griffiths,0,0,0%,0,0%,0,0,0%,0,0%,0,0,0%,0,0%,0,0,0%,0,0%,0,0,0%,0,0%
873,2025-08-25,Miss A Davies,0,0,0%,0,0%,0,0,0%,0,0%,0,0,0%,0,0%,0,0,0%,0,0%,0,0,0%,0,0%
874,2025-08-25,N J Pomfret,65,0,0%,7,10.77%,0,0,0%,0,0%,11,0,0%,0,0%,5,0,0%,1,20.00%,49,0,0%,6,12.24%
875,2025-08-25,D M Leigh,29,1,3.45%,1,3.45%,5,0,0%,0,0%,15,1,6.67%,1,6.67%,0,0,0%,0,0%,9,0,0%,0,0%
876,2025-08-25,J S Cullen,14,0,0%,0,0%,0,0,0%,0,0%,1,0,0%,0,0%,0,0,0%,0,0%,13,0,0%,0,0%
877,2025-08-25,L Young,585,22,3.76%,109,18.63%,11,0,0%,0,0%,82,0,0%,7,8.54%,85,5,5.88%,26,30.59%,407,17,4.18%,76,18.67%
878,2025-08-25,R K Watson,1106,36,3.25%,202,18.26%,144,3,2.08%,23,15.97%,313,11,3.51%,52,16.61%,259,14,5.41%,75,28.96%,390,8,2.05%,52,13.33%
879,2025-08-25,S J Kelly,11,0,0%,0,0%,0,0,0%,0,0%,1,0,0%,0,0%,1,0,0%,0,0%,9,0,0%,0,0%
880,2025-08-25,V P Donoghue,0,0,0%,0,0%,0,0,0%,0,0%,0,0,0%,0,0%,0,0,0%,0,0%,0,0,0%,0,0%
881,2025-08-25,Miss R Bonner,0,0,0%,0,0%,0,0,0%,0,0%,0,0,0%,0,0%,0,0,0%,0,0%,0,0,0%,0,0%
882,2025-08-25,James Kelly,18,0,0%,2,11.11%,0,0,0%,0,0%,5,0,0%,0,0%,1,0,0%,1,100.00%,12,0,0%,1,8.33%
883,2025-08-25,R E Peacock,176,6,3.41%,22,12.50%,108,5,4.63%,12,11.11%,57,1,1.75%,9,15.79%,6,0,0%,1,16.67%,5,0,0%,0,0%
884,2025-08-25,Mark Loughnane,4036,333,8.25%,1382,34.24%,2695,259,9.61%,951,35.29%,1256,72,5.73%,404,32.17%,0,0,0%,0,0%,85,2,2.35%,27,31.76%
885,2025-08-25,Norma Twomey,46,0,0%,6,13.04%,0,0,0%,0,0%,5,0,0%,0,0%,12,0,0%,2,16.67%,29,0,0%,4,13.79%
886,2025-08-25,Geoffrey Deacon,817,51,6.24%,227,27.78%,388,30,7.73%,113,29.12%,320,17,5.31%,89,27.81%,10,0,0%,2,20.00%,99,4,4.04%,23,23.23%
887,2025-08-25,Mrs Fleur Hawes,52,2,3.85%,10,19.23%,1,0,0%,0,0%,6,0,0%,0,0%,29,2,6.90%,6,20.69%,16,0,0%,4,25.00%
888,2025-08-25,R Abrey,1,0,0%,0,0%,0,0,0%,0,0%,0,0,0%,0,0%,1,0,0%,0,0%,0,0,0%,0,0%
889,2025-08-25,Mrs C J Robinson,30,3,10.00%,9,30.00%,0,0,0%,0,0%,0,0,0%,0,0%,30,3,10.00%,9,30.00%,0,0,0%,0,0%
890,2025-08-25,Mrs H M Kemp,30,2,6.67%,9,30.00%,0,0,0%,0,0%,0,0,0%,0,0%,30,2,6.67%,9,30.00%,0,0,0%,0,0%
891,2025-08-25,E Walker,732,105,14.34%,169,23.09%,171,22,12.87%,36,21.05%,531,82,15.44%,116,21.85%,30,1,3.33%,17,56.67%,0,0,0%,0,0%
892,2025-08-25,Mrs A Vaughan-Jones,0,0,0%,0,0%,0,0,0%,0,0%,0,0,0%,0,0%,0,0,0%,0,0%,0,0,0%,0,0%
893,2025-08-25,Alan Hill,153,25,16.34%,51,33.33%,0,0,0%,0,0%,1,0,0%,1,100.00%,152,25,16.45%,50,32.89%,0,0,0%,0,0%
894,2025-08-25,S Pike,0,0,0%,0,0%,0,0,0%,0,0%,0,0,0%,0,0%,0,0,0%,0,0%,0,0,0%,0,0%
895,2025-08-25,P D Cundell,11,1,9.09%,2,18.18%,10,1,10.00%,2,20.00%,1,0,0%,0,0%,0,0,0%,0,0%,0,0,0%,0,0%
896,2025-08-25,M P Tregoning,2132,262,12.29%,753,35.32%,703,80,11.38%,243,34.57%,1427,182,12.75%,510,35.74%,0,0,0%,0,0%,2,0,0%,0,0%
897,2025-08-25,T Wall,200,3,1.50%,39,19.50%,34,0,0%,4,11.76%,34,1,2.94%,6,17.65%,10,1,10.00%,1,10.00%,122,1,0.82%,28,22.95%
898,2025-08-25,P J Jones,14,0,0%,1,7.14%,0,0,0%,0,0%,0,0,0%,0,0%,9,0,0%,1,11.11%,5,0,0%,0,0%
899,2025-08-25,Mrs P Townsley,0,0,0%,0,0%,0,0,0%,0,0%,0,0,0%,0,0%,0,0,0%,0,0%,0,0,0%,0,0%
900,2025-08-25,J A Bennett,210,8,3.81%,50,23.81%,139,7,5.04%,37,26.62%,43,0,0%,7,16.28%,1,0,0%,0,0%,27,1,3.70%,6,22.22%
901,2025-08-25,B J McMath,21,2,9.52%,6,28.57%,14,2,14.29%,3,21.43%,7,0,0%,3,42.86%,0,0,0%,0,0%,0,0,0%,0,0%
902,2025-08-25,T E Powell,54,7,12.96%,14,25.93%,20,1,5.00%,6,30.00%,34,6,17.65%,8,23.53%,0,0,0%,0,0%,0,0,0%,0,0%
903,2025-08-25,D G Bridgwater,1949,195,10.01%,694,35.61%,204,8,3.92%,62,30.39%,231,11,4.76%,66,28.57%,783,123,15.71%,292,37.29%,731,53,7.25%,274,37.48%
904,2025-08-25,R H Goldie,67,2,2.99%,18,26.87%,0,0,0%,0,0%,1,0,0%,0,0%,43,1,2.33%,14,32.56%,23,1,4.35%,4,17.39%
905,2025-08-25,Mrs J C McGregor,239,0,0%,31,12.97%,0,0,0%,0,0%,31,0,0%,0,0%,76,0,0%,13,17.11%,132,0,0%,18,13.64%
906,2025-08-25,J Larkin,787,29,3.68%,152,19.31%,191,7,3.66%,49,25.65%,404,16,3.96%,67,16.58%,31,0,0%,10,32.26%,161,6,3.73%,26,16.15%
907,2025-08-25,R Nixon,111,3,2.70%,14,12.61%,1,0,0%,0,0%,11,0,0%,1,9.09%,33,0,0%,2,6.06%,66,3,4.55%,11,16.67%
908,2025-08-25,J G M O'Shea,2365,194,8.20%,689,29.13%,654,44,6.73%,184,28.13%,1046,104,9.94%,301,28.78%,109,9,8.26%,43,39.45%,556,37,6.65%,161,28.96%
909,2025-08-25,A Parker,127,13,10.24%,36,28.35%,0,0,0%,0,0%,7,0,0%,2,28.57%,44,5,11.36%,10,22.73%,76,8,10.53%,24,31.58%
910,2025-08-25,J T Gorman,871,37,4.25%,166,19.06%,173,9,5.20%,37,21.39%,639,26,4.07%,125,19.56%,4,1,25.00%,0,0%,55,1,1.82%,4,7.27%
911,2025-08-25,E Stanners,121,5,4.13%,26,21.49%,0,0,0%,0,0%,24,0,0%,6,25.00%,23,0,0%,4,17.39%,74,5,6.76%,16,21.62%
912,2025-08-25,M M Lynch,129,4,3.10%,26,20.16%,14,0,0%,4,28.57%,46,3,6.52%,9,19.57%,10,0,0%,4,40.00%,59,1,1.69%,9,15.25%
913,2025-08-25,M Cullen,126,8,6.35%,36,28.57%,0,0,0%,0,0%,7,0,0%,3,42.86%,47,4,8.51%,10,21.28%,72,4,5.56%,23,31.94%
914,2025-08-25,J P Brennan,43,2,4.65%,17,39.53%,0,0,0%,0,0%,8,0,0%,1,12.50%,22,1,4.55%,11,50.00%,13,1,7.69%,5,38.46%
915,2025-08-25,S J Treacy,158,6,3.80%,25,15.82%,8,0,0%,0,0%,65,3,4.62%,2,3.08%,3,0,0%,0,0%,82,3,3.66%,23,28.05%
916,2025-08-25,William Delahunty,72,2,2.78%,13,18.06%,0,0,0%,0,0%,17,0,0%,3,17.65%,1,0,0%,0,0%,54,2,3.70%,10,18.52%
917,2025-08-25,G Mullins,70,4,5.71%,16,22.86%,1,0,0%,0,0%,13,0,0%,3,23.08%,14,0,0%,2,14.29%,42,4,9.52%,11,26.19%
918,2025-08-25,M J Phillips,30,0,0%,1,3.33%,1,0,0%,0,0%,15,0,0%,1,6.67%,7,0,0%,0,0%,7,0,0%,0,0%
919,2025-08-25,F Ennis,45,3,6.67%,4,8.89%,4,0,0%,0,0%,38,3,7.89%,3,7.89%,0,0,0%,0,0%,3,0,0%,1,33.33%
920,2025-08-25,Miss Tracey Watkins,57,3,5.26%,16,28.07%,2,0,0%,0,0%,2,0,0%,0,0%,0,0,0%,0,0%,53,3,5.66%,16,30.19%
921,2025-08-25,S J Gilmore,3,0,0%,0,0%,0,0,0%,0,0%,0,0,0%,0,0%,3,0,0%,0,0%,0,0,0%,0,0%
922,2025-08-25,D Thompson,2213,129,5.83%,647,29.24%,705,56,7.94%,205,29.08%,832,39,4.69%,233,28.00%,172,14,8.14%,57,33.14%,504,20,3.97%,152,30.16%
923,2025-08-25,J L Needham,98,8,8.16%,20,20.41%,0,0,0%,0,0%,9,0,0%,2,22.22%,44,6,13.64%,13,29.55%,45,2,4.44%,5,11.11%
924,2025-08-25,B J Eckley,199,13,6.53%,58,29.15%,0,0,0%,0,0%,66,5,7.58%,19,28.79%,13,1,7.69%,3,23.08%,120,7,5.83%,36,30.00%
925,2025-08-25,Miss J Lightholder,0,0,0%,0,0%,0,0,0%,0,0%,0,0,0%,0,0%,0,0,0%,0,0%,0,0,0%,0,0%
926,2025-08-25,Mrs S Gardner,1518,124,8.17%,405,26.68%,43,0,0%,3,6.98%,223,10,4.48%,61,27.35%,246,29,11.79%,71,28.86%,1006,85,8.45%,270,26.84%
927,2025-08-25,M B Shears,55,0,0%,5,9.09%,0,0,0%,0,0%,6,0,0%,0,0%,14,0,0%,3,21.43%,35,0,0%,2,5.71%
928,2025-08-25,S Gollings,776,106,13.66%,285,36.73%,193,29,15.03%,73,37.82%,239,30,12.55%,98,41.00%,111,17,15.32%,30,27.03%,233,30,12.88%,84,36.05%
929,2025-08-25,Mrs A M O'Shea,205,3,1.46%,35,17.07%,41,0,0%,7,17.07%,155,3,1.94%,28,18.06%,0,0,0%,0,0%,9,0,0%,0,0%
930,2025-08-25,M J Bowe,376,28,7.45%,140,37.23%,2,0,0%,1,50.00%,46,1,2.17%,6,13.04%,52,5,9.62%,25,48.08%,276,22,7.97%,108,39.13%
931,2025-08-25,E W Tuer,346,29,8.38%,94,27.17%,42,1,2.38%,14,33.33%,250,25,10.00%,67,26.80%,0,0,0%,0,0%,54,3,5.56%,13,24.07%
932,2025-08-25,Miss S E Hall,99,7,7.07%,26,26.26%,20,1,5.00%,5,25.00%,50,5,10.00%,10,20.00%,0,0,0%,0,0%,29,1,3.45%,11,37.93%
933,2025-08-25,C R Wilson,178,10,5.62%,56,31.46%,20,1,5.00%,6,30.00%,100,6,6.00%,30,30.00%,28,3,10.71%,12,42.86%,30,0,0%,8,26.67%
934,2025-08-25,S J Marshall,12,0,0%,0,0%,0,0,0%,0,0%,1,0,0%,0,0%,2,0,0%,0,0%,9,0,0%,0,0%
935,2025-08-25,J K Magee,22,0,0%,2,9.09%,0,0,0%,0,0%,9,0,0%,0,0%,6,0,0%,2,33.33%,7,0,0%,0,0%
936,2025-08-25,A M Thomson,1650,220,13.33%,567,34.36%,25,6,24.00%,10,40.00%,98,11,11.22%,30,30.61%,680,103,15.15%,215,31.62%,847,100,11.81%,312,36.84%
937,2025-08-25,G T Bewley,1008,89,8.83%,336,33.33%,16,0,0%,2,12.50%,79,4,5.06%,29,36.71%,331,44,13.29%,114,34.44%,582,41,7.04%,191,32.82%
938,2025-08-25,J A R Toller,314,22,7.01%,100,31.85%,137,11,8.03%,48,35.04%,177,11,6.21%,52,29.38%,0,0,0%,0,0%,0,0,0%,0,0%
939,2025-08-25,G C Maundrell,64,8,12.50%,22,34.38%,0,0,0%,0,0%,13,2,15.38%,4,30.77%,2,0,0%,0,0%,49,6,12.24%,18,36.73%
940,2025-08-25,P Jones,0,0,0%,0,0%,0,0,0%,0,0%,0,0,0%,0,0%,0,0,0%,0,0%,0,0,0%,0,0%
941,2025-08-25,Mrs Belinda Clarke,25,0,0%,6,24.00%,0,0,0%,0,0%,0,0,0%,0,0%,13,0,0%,5,38.46%,12,0,0%,1,8.33%
942,2025-08-25,Mrs Dorothy Bell,4,0,0%,0,0%,0,0,0%,0,0%,0,0,0%,0,0%,4,0,0%,0,0%,0,0,0%,0,0%
943,2025-08-25,R Harvey,4,0,0%,0,0%,0,0,0%,0,0%,0,0,0%,0,0%,4,0,0%,0,0%,0,0,0%,0,0%
944,2025-08-25,Mrs A Barclay,17,0,0%,3,17.65%,0,0,0%,0,0%,2,0,0%,0,0%,10,0,0%,2,20.00%,5,0,0%,1,20.00%
945,2025-08-25,Mrs J Warwick,2,0,0%,0,0%,0,0,0%,0,0%,0,0,0%,0,0%,2,0,0%,0,0%,0,0,0%,0,0%
946,2025-08-25,J P G Hamilton,10,2,20.00%,4,40.00%,0,0,0%,0,0%,0,0,0%,0,0%,10,2,20.00%,4,40.00%,0,0,0%,0,0%
947,2025-08-25,Miss K Fitzgerald,2,0,0%,0,0%,0,0,0%,0,0%,0,0,0%,0,0%,2,0,0%,0,0%,0,0,0%,0,0%
948,2025-08-25,I Jardine,5887,610,10.36%,1915,32.53%,1368,133,9.72%,429,31.36%,3181,326,10.25%,984,30.93%,315,47,14.92%,127,40.32%,1023,104,10.17%,375,36.66%
949,2025-08-25,W T Reed,195,15,7.69%,57,29.23%,5,0,0%,1,20.00%,17,0,0%,4,23.53%,110,13,11.82%,42,38.18%,63,2,3.17%,10,15.87%
950,2025-08-25,R Michael Smith,1890,121,6.40%,579,30.63%,83,2,2.41%,9,10.84%,947,73,7.71%,282,29.78%,265,22,8.30%,104,39.25%,595,24,4.03%,184,30.92%
951,2025-08-25,A J Black,102,5,4.90%,13,12.75%,0,0,0%,0,0%,26,0,0%,5,19.23%,18,2,11.11%,3,16.67%,58,3,5.17%,5,8.62%
952,2025-08-25,G Quirk,59,3,5.08%,20,33.90%,0,0,0%,0,0%,9,1,11.11%,5,55.56%,1,0,0%,0,0%,49,2,4.08%,15,30.61%
953,2025-08-25,J P Dempsey,1225,110,8.98%,319,26.04%,16,1,6.25%,4,25.00%,91,6,6.59%,32,35.16%,463,52,11.23%,126,27.21%,655,51,7.79%,157,23.97%
954,2025-08-25,I J Monaghan,34,2,5.88%,2,5.88%,2,0,0%,0,0%,8,0,0%,0,0%,11,2,18.18%,2,18.18%,13,0,0%,0,0%
955,2025-08-25,J Motherway,471,30,6.37%,140,29.72%,4,0,0%,0,0%,70,3,4.29%,23,32.86%,121,8,6.61%,44,36.36%,276,19,6.88%,73,26.45%
956,2025-08-25,Mrs Y Dunleavy,297,5,1.68%,64,21.55%,28,0,0%,6,21.43%,46,0,0%,3,6.52%,28,1,3.57%,8,28.57%,195,4,2.05%,47,24.10%
957,2025-08-25,Thomas J Farrell,137,7,5.11%,26,18.98%,15,1,6.67%,3,20.00%,55,1,1.82%,12,21.82%,11,0,0%,1,9.09%,56,5,8.93%,10,17.86%
958,2025-08-25,Miss H E Roberts,33,1,3.03%,13,39.39%,0,0,0%,0,0%,7,0,0%,1,14.29%,4,0,0%,3,75.00%,22,1,4.55%,9,40.91%
959,2025-08-25,Miss H Lewis,12,1,8.33%,7,58.33%,0,0,0%,0,0%,2,0,0%,2,100.00%,10,1,10.00%,5,50.00%,0,0,0%,0,0%
960,2025-08-25,P S Davies,38,5,13.16%,6,15.79%,0,0,0%,0,0%,5,0,0%,1,20.00%,26,4,15.38%,5,19.23%,7,1,14.29%,0,0%
961,2025-08-25,M A Watts,1,0,0%,0,0%,0,0,0%,0,0%,0,0,0%,0,0%,1,0,0%,0,0%,0,0,0%,0,0%
962,2025-08-25,Wyn Morris,13,0,0%,0,0%,0,0,0%,0,0%,0,0,0%,0,0%,13,0,0%,0,0%,0,0,0%,0,0%
963,2025-08-25,Miss S Butler,1,0,0%,0,0%,0,0,0%,0,0%,0,0,0%,0,0%,1,0,0%,0,0%,0,0,0%,0,0%
964,2025-08-25,Mrs S Prouse,4,0,0%,1,25.00%,0,0,0%,0,0%,0,0,0%,0,0%,4,0,0%,1,25.00%,0,0,0%,0,0%
965,2025-08-25,J W Tudor,28,2,7.14%,8,28.57%,0,0,0%,0,0%,2,1,50.00%,0,0%,26,1,3.85%,8,30.77%,0,0,0%,0,0%
966,2025-08-25,A H Mactaggart,18,1,5.56%,5,27.78%,0,0,0%,0,0%,2,0,0%,0,0%,13,1,7.69%,5,38.46%,3,0,0%,0,0%
967,2025-08-25,B Mactaggart,95,5,5.26%,11,11.58%,2,0,0%,0,0%,18,0,0%,1,5.56%,43,5,11.63%,7,16.28%,32,0,0%,3,9.38%
968,2025-08-25,J B Walton,432,33,7.64%,147,34.03%,3,0,0%,0,0%,23,0,0%,6,26.09%,231,17,7.36%,98,42.42%,175,16,9.14%,43,24.57%
969,2025-08-25,J K Hunter,118,2,1.69%,11,9.32%,0,0,0%,0,0%,7,0,0%,0,0%,48,2,4.17%,7,14.58%,63,0,0%,4,6.35%
970,2025-08-25,Alistair M Brown,2,0,0%,0,0%,0,0,0%,0,0%,0,0,0%,0,0%,2,0,0%,0,0%,0,0,0%,0,0%
971,2025-08-25,R W Green,0,0,0%,0,0%,0,0,0%,0,0%,0,0,0%,0,0%,0,0,0%,0,0%,0,0,0%,0,0%
972,2025-08-25,Mrs P Robson,0,0,0%,0,0%,0,0,0%,0,0%,0,0,0%,0,0%,0,0,0%,0,0%,0,0,0%,0,0%
973,2025-08-25,Mrs A J Boswell,3,0,0%,2,66.67%,0,0,0%,0,0%,0,0,0%,0,0%,3,0,0%,2,66.67%,0,0,0%,0,0%
974,2025-08-25,R Macdonald,23,2,8.70%,2,8.70%,0,0,0%,0,0%,4,0,0%,2,50.00%,6,1,16.67%,0,0%,13,1,7.69%,0,0%
975,2025-08-25,D J Coakley,1339,115,8.59%,465,34.73%,545,48,8.81%,189,34.68%,750,63,8.40%,258,34.40%,0,0,0%,0,0%,44,4,9.09%,18,40.91%
976,2025-08-25,James J Hartnett,43,1,2.33%,5,11.63%,9,0,0%,3,33.33%,31,1,3.23%,2,6.45%,0,0,0%,0,0%,3,0,0%,0,0%
977,2025-08-25,Malanchy J Ryan,0,0,0%,0,0%,0,0,0%,0,0%,0,0,0%,0,0%,0,0,0%,0,0%,0,0,0%,0,0%
978,2025-08-25,Mrs J Riordan,21,2,9.52%,3,14.29%,0,0,0%,0,0%,5,0,0%,1,20.00%,0,0,0%,0,0%,16,2,12.50%,2,12.50%
979,2025-08-25,Patrick Cronin,285,15,5.26%,81,28.42%,2,0,0%,1,50.00%,49,2,4.08%,18,36.73%,55,2,3.64%,15,27.27%,179,11,6.15%,47,26.26%
980,2025-08-25,J J Walsh,2127,136,6.39%,517,24.31%,12,2,16.67%,3,25.00%,586,34,5.80%,172,29.35%,318,16,5.03%,72,22.64%,1211,84,6.94%,270,22.30%
981,2025-08-25,P R Lenihan,0,0,0%,0,0%,0,0,0%,0,0%,0,0,0%,0,0%,0,0,0%,0,0%,0,0,0%,0,0%
982,2025-08-25,M O Quigley,87,2,2.30%,11,12.64%,0,0,0%,0,0%,15,0,0%,4,26.67%,30,1,3.33%,6,20.00%,42,1,2.38%,1,2.38%
983,2025-08-25,Mrs M Flavin,24,0,0%,1,4.17%,0,0,0%,0,0%,1,0,0%,0,0%,0,0,0%,0,0%,23,0,0%,1,4.35%
984,2025-08-25,R Pugh,14,0,0%,5,35.71%,0,0,0%,0,0%,3,0,0%,1,33.33%,11,0,0%,4,36.36%,0,0,0%,0,0%
985,2025-08-25,D Leahy,187,6,3.21%,28,14.97%,5,0,0%,3,60.00%,54,0,0%,9,16.67%,12,1,8.33%,0,0%,116,5,4.31%,16,13.79%
986,2025-08-25,D Buckley,85,2,2.35%,18,21.18%,11,0,0%,2,18.18%,54,2,3.70%,15,27.78%,2,0,0%,0,0%,18,0,0%,1,5.56%
987,2025-08-25,I J Hannon,6,0,0%,1,16.67%,0,0,0%,0,0%,1,0,0%,0,0%,4,0,0%,0,0%,1,0,0%,1,100.00%
988,2025-08-25,T Cleary,1094,44,4.02%,228,20.84%,280,13,4.64%,67,23.93%,605,26,4.30%,123,20.33%,35,0,0%,4,11.43%,174,5,2.87%,34,19.54%
989,2025-08-25,C W Thornton,0,0,0%,0,0%,0,0,0%,0,0%,0,0,0%,0,0%,0,0,0%,0,0%,0,0,0%,0,0%
990,2025-08-25,Mrs A Duffield,2738,229,8.36%,849,31.01%,686,46,6.71%,195,28.43%,1967,173,8.80%,622,31.62%,15,4,26.67%,8,53.33%,70,6,8.57%,24,34.29%
991,2025-08-25,A G Blackmore,125,8,6.40%,46,36.80%,2,0,0%,0,0%,2,0,0%,0,0%,9,0,0%,3,33.33%,112,8,7.14%,43,38.39%
992,2025-08-25,Mrs C J Ikin,37,0,0%,3,8.11%,1,0,0%,0,0%,1,0,0%,0,0%,9,0,0%,1,11.11%,26,0,0%,2,7.69%
993,2025-08-25,Miss Morgan,0,0,0%,0,0%,0,0,0%,0,0%,0,0,0%,0,0%,0,0,0%,0,0%,0,0,0%,0,0%
994,2025-08-25,R C Crosby,0,0,0%,0,0%,0,0,0%,0,0%,0,0,0%,0,0%,0,0,0%,0,0%,0,0,0%,0,0%
995,2025-08-25,S Slevin,336,9,2.68%,60,17.86%,5,0,0%,0,0%,56,0,0%,7,12.50%,56,3,5.36%,11,19.64%,217,6,2.76%,42,19.35%
996,2025-08-25,Miss J Western,32,3,9.38%,5,15.63%,0,0,0%,0,0%,0,0,0%,0,0%,32,3,9.38%,5,15.63%,0,0,0%,0,0%
997,2025-08-25,Mrs C Hobbs,2,0,0%,0,0%,0,0,0%,0,0%,0,0,0%,0,0%,2,0,0%,0,0%,0,0,0%,0,0%
998,2025-08-25,D J Staddon,3,1,33.33%,2,66.67%,0,0,0%,0,0%,0,0,0%,0,0%,3,1,33.33%,2,66.67%,0,0,0%,0,0%
999,2025-08-25,Mrs S P George,3,1,33.33%,0,0%,0,0,0%,0,0%,0,0,0%,0,0%,3,1,33.33%,0,0%,0,0,0%,0,0%
1000,2025-08-25,Mrs D Buckett,0,0,0%,0,0%,0,0,0%,0,0%,0,0,0%,0,0%,0,0,0%,0,0%,0,0,0%,0,0%
1001,2025-08-25,Ms A E Embiricos,12,0,0%,0,0%,0,0,0%,0,0%,7,0,0%,0,0%,3,0,0%,0,0%,2,0,0%,0,0%
1002,2025-08-25,Mrs Jenny Gordon,9,0,0%,3,33.33%,0,0,0%,0,0%,0,0,0%,0,0%,9,0,0%,3,33.33%,0,0,0%,0,0%
1003,2025-08-25,Harry Chisman,194,5,2.58%,36,18.56%,49,2,4.08%,10,20.41%,27,0,0%,7,25.93%,18,0,0%,2,11.11%,100,3,3.00%,17,17.00%
1004,2025-08-25,John Allen,0,0,0%,0,0%,0,0,0%,0,0%,0,0,0%,0,0%,0,0,0%,0,0%,0,0,0%,0,0%
1005,2025-08-25,A E Jessop,72,2,2.78%,7,9.72%,0,0,0%,0,0%,0,0,0%,0,0%,21,1,4.76%,2,9.52%,51,1,1.96%,5,9.80%
1006,2025-08-25,I McMath,0,0,0%,0,0%,0,0,0%,0,0%,0,0,0%,0,0%,0,0,0%,0,0%,0,0,0%,0,0%
1007,2025-08-25,C R Cox,0,0,0%,0,0%,0,0,0%,0,0%,0,0,0%,0,0%,0,0,0%,0,0%,0,0,0%,0,0%
1008,2025-08-25,Mrs S K McCain,7,2,28.57%,2,28.57%,0,0,0%,0,0%,0,0,0%,0,0%,7,2,28.57%,2,28.57%,0,0,0%,0,0%
1009,2025-08-25,Andrew Richardson,5,0,0%,3,60.00%,0,0,0%,0,0%,0,0,0%,0,0%,5,0,0%,3,60.00%,0,0,0%,0,0%
1010,2025-08-25,P York,196,10,5.10%,51,26.02%,4,0,0%,0,0%,12,0,0%,2,16.67%,89,7,7.87%,29,32.58%,91,3,3.30%,20,21.98%
1011,2025-08-25,G D Hanmer,689,82,11.90%,235,34.11%,36,1,2.78%,5,13.89%,95,8,8.42%,28,29.47%,279,41,14.70%,119,42.65%,279,32,11.47%,83,29.75%
1012,2025-08-25,Nick Kent,752,45,5.98%,251,33.38%,17,0,0%,2,11.76%,132,4,3.03%,37,28.03%,215,18,8.37%,79,36.74%,388,23,5.93%,133,34.28%
1013,2025-08-25,C P Coyle,0,0,0%,0,0%,0,0,0%,0,0%,0,0,0%,0,0%,0,0,0%,0,0%,0,0,0%,0,0%
1014,2025-08-25,M J McDonagh,761,41,5.39%,165,21.68%,0,0,0%,0,0%,11,0,0%,0,0%,289,26,9.00%,73,25.26%,461,15,3.25%,92,19.96%
1015,2025-08-25,J Fox,57,1,1.75%,7,12.28%,0,0,0%,0,0%,5,0,0%,0,0%,14,0,0%,3,21.43%,38,1,2.63%,4,10.53%
1016,2025-08-25,Mrs C Harrison,104,6,5.77%,19,18.27%,0,0,0%,0,0%,32,3,9.38%,4,12.50%,0,0,0%,0,0%,72,3,4.17%,15,20.83%
1017,2025-08-25,A Oliver,2715,249,9.17%,730,26.89%,592,79,13.34%,160,27.03%,2043,162,7.93%,552,27.02%,2,0,0%,2,100.00%,78,8,10.26%,16,20.51%
1018,2025-08-25,Peter L Kavanagh,43,1,2.33%,10,23.26%,0,0,0%,0,0%,1,0,0%,0,0%,25,1,4.00%,6,24.00%,17,0,0%,4,23.53%
1019,2025-08-25,Michael F Kearney,0,0,0%,0,0%,0,0,0%,0,0%,0,0,0%,0,0%,0,0,0%,0,0%,0,0,0%,0,0%
1020,2025-08-25,W P Murphy,347,19,5.48%,75,21.61%,0,0,0%,0,0%,53,1,1.89%,10,18.87%,126,7,5.56%,31,24.60%,168,11,6.55%,34,20.24%
1021,2025-08-25,W G McMahon,20,0,0%,2,10.00%,0,0,0%,0,0%,3,0,0%,0,0%,5,0,0%,0,0%,12,0,0%,2,16.67%
1022,2025-08-25,M A Peill,0,0,0%,0,0%,0,0,0%,0,0%,0,0,0%,0,0%,0,0,0%,0,0%,0,0,0%,0,0%
1023,2025-08-25,N P Moore,0,0,0%,0,0%,0,0,0%,0,0%,0,0,0%,0,0%,0,0,0%,0,0%,0,0,0%,0,0%
1024,2025-08-25,Miss C Roddick,14,2,14.29%,2,14.29%,0,0,0%,0,0%,0,0,0%,0,0%,14,2,14.29%,2,14.29%,0,0,0%,0,0%
1025,2025-08-25,R Woollacott,639,49,7.67%,210,32.86%,0,0,0%,0,0%,29,4,13.79%,11,37.93%,215,17,7.91%,75,34.88%,395,28,7.09%,124,31.39%
1026,2025-08-25,J W Dufosee,0,0,0%,0,0%,0,0,0%,0,0%,0,0,0%,0,0%,0,0,0%,0,0%,0,0,0%,0,0%
1027,2025-08-25,Mrs A S Hodges,7,0,0%,0,0%,0,0,0%,0,0%,0,0,0%,0,0%,7,0,0%,0,0%,0,0,0%,0,0%
1028,2025-08-25,Mrs P J Shaw,38,0,0%,9,23.68%,0,0,0%,0,0%,4,0,0%,2,50.00%,23,0,0%,4,17.39%,11,0,0%,3,27.27%
1029,2025-08-25,B Sanderson,5,1,20.00%,2,40.00%,0,0,0%,0,0%,0,0,0%,0,0%,5,1,20.00%,2,40.00%,0,0,0%,0,0%
1030,2025-08-25,A J Farrant,2,0,0%,1,50.00%,0,0,0%,0,0%,0,0,0%,0,0%,2,0,0%,1,50.00%,0,0,0%,0,0%
1031,2025-08-25,Mrs Mandy Hand,0,0,0%,0,0%,0,0,0%,0,0%,0,0,0%,0,0%,0,0,0%,0,0%,0,0,0%,0,0%
1032,2025-08-25,D Broad,563,18,3.20%,91,16.16%,99,7,7.07%,11,11.11%,206,4,1.94%,23,11.17%,79,2,2.53%,23,29.11%,179,5,2.79%,34,18.99%
1033,2025-08-25,Ms M Blake,8,1,12.50%,1,12.50%,0,0,0%,0,0%,6,1,16.67%,1,16.67%,0,0,0%,0,0%,2,0,0%,0,0%
1034,2025-08-25,H Smyth,322,12,3.73%,49,15.22%,1,0,0%,0,0%,29,0,0%,2,6.90%,47,2,4.26%,17,36.17%,245,10,4.08%,30,12.24%
1035,2025-08-25,L W Doran,7,0,0%,2,28.57%,0,0,0%,0,0%,3,0,0%,1,33.33%,1,0,0%,0,0%,3,0,0%,1,33.33%
1036,2025-08-25,B M R Haslam,2371,251,10.59%,714,30.11%,639,61,9.55%,195,30.52%,877,79,9.01%,273,31.13%,317,46,14.51%,86,27.13%,538,65,12.08%,160,29.74%
1037,2025-08-25,Mrs Alison Christmas,5,1,20.00%,1,20.00%,0,0,0%,0,0%,0,0,0%,0,0%,5,1,20.00%,1,20.00%,0,0,0%,0,0%
1038,2025-08-25,Miss Kelda Wood,0,0,0%,0,0%,0,0,0%,0,0%,0,0,0%,0,0%,0,0,0%,0,0%,0,0,0%,0,0%
1039,2025-08-25,J Gallagher,1858,159,8.56%,507,27.29%,528,38,7.20%,138,26.14%,1301,121,9.30%,362,27.82%,2,0,0%,0,0%,27,0,0%,7,25.93%
1040,2025-08-25,Andrew Reid,277,23,8.30%,81,29.24%,165,17,10.30%,52,31.52%,92,5,5.43%,28,30.43%,0,0,0%,0,0%,20,1,5.00%,1,5.00%
1041,2025-08-25,Mrs A Rucker,10,0,0%,4,40.00%,0,0,0%,0,0%,0,0,0%,0,0%,10,0,0%,4,40.00%,0,0,0%,0,0%
1042,2025-08-25,Mrs K Smyly,23,1,4.35%,5,21.74%,0,0,0%,0,0%,0,0,0%,0,0%,23,1,4.35%,5,21.74%,0,0,0%,0,0%
1043,2025-08-25,Miss Curran,1,0,0%,0,0%,0,0,0%,0,0%,0,0,0%,0,0%,1,0,0%,0,0%,0,0,0%,0,0%
1044,2025-08-25,V Clynch,10,0,0%,2,20.00%,0,0,0%,0,0%,6,0,0%,2,33.33%,0,0,0%,0,0%,4,0,0%,0,0%
1045,2025-08-25,J Monroe,149,8,5.37%,22,14.77%,0,0,0%,0,0%,7,0,0%,0,0%,66,5,7.58%,12,18.18%,76,3,3.95%,10,13.16%
1046,2025-08-25,P F McEnery,377,12,3.18%,68,18.04%,58,2,3.45%,12,20.69%,240,8,3.33%,46,19.17%,7,0,0%,2,28.57%,72,2,2.78%,8,11.11%
1047,2025-08-25,Bernard Jones,48,2,4.17%,12,25.00%,0,0,0%,0,0%,5,0,0%,0,0%,30,2,6.67%,11,36.67%,13,0,0%,1,7.69%
1048,2025-08-25,Colin Bowe,1272,124,9.75%,404,31.76%,4,0,0%,2,50.00%,222,21,9.46%,61,27.48%,312,38,12.18%,114,36.54%,730,64,8.77%,226,30.96%
1049,2025-08-25,N Carolan,124,1,0.81%,25,20.16%,17,0,0%,2,11.76%,44,1,2.27%,8,18.18%,4,0,0%,0,0%,59,0,0%,15,25.42%
1050,2025-08-25,P Lacey,9,0,0%,0,0%,1,0,0%,0,0%,4,0,0%,0,0%,0,0,0%,0,0%,4,0,0%,0,0%
1051,2025-08-25,Miss C J E Caroe,43,0,0%,6,13.95%,0,0,0%,0,0%,1,0,0%,0,0%,11,0,0%,0,0%,31,0,0%,6,19.35%
1052,2025-08-25,R M Stronge,0,0,0%,0,0%,0,0,0%,0,0%,0,0,0%,0,0%,0,0,0%,0,0%,0,0,0%,0,0%
1053,2025-08-25,S Rea,56,1,1.79%,13,23.21%,0,0,0%,0,0%,0,0,0%,0,0%,56,1,1.79%,13,23.21%,0,0,0%,0,0%
1054,2025-08-25,R Barber,18,6,33.33%,5,27.78%,0,0,0%,0,0%,0,0,0%,0,0%,18,6,33.33%,5,27.78%,0,0,0%,0,0%
1055,2025-08-25,R D Lee,3,0,0%,0,0%,0,0,0%,0,0%,1,0,0%,0,0%,1,0,0%,0,0%,1,0,0%,0,0%
1056,2025-08-25,J C Shearman,36,0,0%,2,5.56%,8,0,0%,1,12.50%,13,0,0%,1,7.69%,3,0,0%,0,0%,12,0,0%,0,0%
1057,2025-08-25,M Flannery,422,10,2.37%,59,13.98%,7,0,0%,0,0%,137,3,2.19%,13,9.49%,20,0,0%,5,25.00%,258,7,2.71%,41,15.89%
1058,2025-08-25,Thomas G Walsh,24,3,12.50%,12,50.00%,0,0,0%,0,0%,3,1,33.33%,2,66.67%,0,0,0%,0,0%,21,2,9.52%,10,47.62%
1059,2025-08-25,K A Heffernan,137,2,1.46%,14,10.22%,7,0,0%,1,14.29%,35,0,0%,3,8.57%,3,0,0%,0,0%,92,2,2.17%,10,10.87%
1060,2025-08-25,J I Mulhern,47,1,2.13%,7,14.89%,1,0,0%,0,0%,33,1,3.03%,6,18.18%,0,0,0%,0,0%,13,0,0%,1,7.69%
1061,2025-08-25,Donncha Duggan,213,10,4.69%,37,17.37%,0,0,0%,0,0%,24,0,0%,5,20.83%,23,0,0%,7,30.43%,166,10,6.02%,25,15.06%
1062,2025-08-25,P J Hayes,191,10,5.24%,31,16.23%,29,2,6.90%,4,13.79%,104,5,4.81%,17,16.35%,22,2,9.09%,7,31.82%,36,1,2.78%,3,8.33%
1063,2025-08-25,R J Tierney,163,3,1.84%,17,10.43%,0,0,0%,0,0%,23,0,0%,0,0%,40,1,2.50%,8,20.00%,100,2,2.00%,9,9.00%
1064,2025-08-25,R O'Neill,234,11,4.70%,80,34.19%,3,0,0%,0,0%,102,6,5.88%,34,33.33%,8,0,0%,4,50.00%,121,5,4.13%,42,34.71%
1065,2025-08-25,R H Lalor,181,7,3.87%,55,30.39%,1,0,0%,0,0%,37,2,5.41%,9,24.32%,82,4,4.88%,23,28.05%,61,1,1.64%,23,37.70%
1066,2025-08-25,Donal Commins,124,9,7.26%,16,12.90%,23,4,17.39%,2,8.70%,41,1,2.44%,4,9.76%,19,2,10.53%,6,31.58%,41,2,4.88%,4,9.76%
1067,2025-08-25,A Dickman,0,0,0%,0,0%,0,0,0%,0,0%,0,0,0%,0,0%,0,0,0%,0,0%,0,0,0%,0,0%
1068,2025-08-25,P J Lally,0,0,0%,0,0%,0,0,0%,0,0%,0,0,0%,0,0%,0,0,0%,0,0%,0,0,0%,0,0%
1069,2025-08-25,Andrew J Martin,354,30,8.47%,121,34.18%,13,1,7.69%,3,23.08%,39,2,5.13%,4,10.26%,153,19,12.42%,63,41.18%,149,8,5.37%,51,34.23%
1070,2025-08-25,F M O'Brien,227,22,9.69%,75,33.04%,6,0,0%,1,16.67%,17,0,0%,4,23.53%,79,14,17.72%,23,29.11%,125,8,6.40%,47,37.60%
1071,2025-08-25,Ms Johnston,5,0,0%,2,40.00%,0,0,0%,0,0%,1,0,0%,0,0%,4,0,0%,2,50.00%,0,0,0%,0,0%
1072,2025-08-25,Mrs V Keatley,25,0,0%,4,16.00%,5,0,0%,0,0%,15,0,0%,1,6.67%,0,0,0%,0,0%,5,0,0%,3,60.00%
1073,2025-08-25,G t Cuthbert,40,2,5.00%,6,15.00%,0,0,0%,0,0%,3,0,0%,0,0%,7,0,0%,0,0%,30,2,6.67%,6,20.00%
1074,2025-08-25,F M Hanley,51,5,9.80%,12,23.53%,0,0,0%,0,0%,11,0,0%,0,0%,14,1,7.14%,4,28.57%,26,4,15.38%,8,30.77%
1075,2025-08-25,T F Lacy,3,0,0%,0,0%,2,0,0%,0,0%,1,0,0%,0,0%,0,0,0%,0,0%,0,0,0%,0,0%
1076,2025-08-25,E D Delany,467,25,5.35%,84,17.99%,57,0,0%,8,14.04%,186,8,4.30%,36,19.35%,29,3,10.34%,6,20.69%,195,14,7.18%,34,17.44%
1077,2025-08-25,P D Deegan,1207,107,8.86%,379,31.40%,283,29,10.25%,78,27.56%,908,76,8.37%,299,32.93%,0,0,0%,0,0%,16,2,12.50%,2,12.50%
1078,2025-08-25,E Lynam,2802,316,11.28%,896,31.98%,1004,130,12.95%,361,35.96%,1796,185,10.30%,535,29.79%,2,1,50.00%,0,0%,0,0,0%,0,0%
1079,2025-08-25,J C Hayden,157,6,3.82%,32,20.38%,8,0,0%,1,12.50%,143,6,4.20%,30,20.98%,0,0,0%,0,0%,6,0,0%,1,16.67%
1080,2025-08-25,Niall O'Callaghan,37,1,2.70%,1,2.70%,8,0,0%,0,0%,29,1,3.45%,1,3.45%,0,0,0%,0,0%,0,0,0%,0,0%
1081,2025-08-25,G M Lyons,5524,887,16.06%,2049,37.09%,1087,190,17.48%,436,40.11%,4437,697,15.71%,1613,36.35%,0,0,0%,0,0%,0,0,0%,0,0%
1082,2025-08-25,T Gibney,1702,128,7.52%,408,23.97%,81,7,8.64%,15,18.52%,412,31,7.52%,86,20.87%,393,36,9.16%,98,24.94%,816,54,6.62%,209,25.61%
1083,2025-08-25,D Marnane,2482,203,8.18%,710,28.61%,963,103,10.70%,325,33.75%,1507,100,6.64%,384,25.48%,0,0,0%,0,0%,12,0,0%,1,8.33%
1084,2025-08-25,Andrew Heffernan,93,5,5.38%,36,38.71%,22,0,0%,6,27.27%,62,4,6.45%,26,41.94%,0,0,0%,0,0%,9,1,11.11%,4,44.44%
1085,2025-08-25,F Oakes,145,6,4.14%,35,24.14%,35,2,5.71%,6,17.14%,73,3,4.11%,22,30.14%,3,0,0%,0,0%,34,1,2.94%,7,20.59%
1086,2025-08-25,Mrs M O'Connor,169,9,5.33%,36,21.30%,0,0,0%,0,0%,16,0,0%,3,18.75%,65,4,6.15%,17,26.15%,88,5,5.68%,16,18.18%
1087,2025-08-25,V T O'Brien,1208,44,3.64%,174,14.40%,3,0,0%,0,0%,132,2,1.52%,9,6.82%,297,21,7.07%,67,22.56%,776,21,2.71%,98,12.63%
1088,2025-08-25,G M Doyle,214,5,2.34%,46,21.50%,0,0,0%,0,0%,14,0,0%,0,0%,76,3,3.95%,23,30.26%,124,2,1.61%,23,18.55%
1089,2025-08-25,N Moran,192,9,4.69%,28,14.58%,34,2,5.88%,3,8.82%,73,2,2.74%,11,15.07%,22,2,9.09%,5,22.73%,63,3,4.76%,9,14.29%
1090,2025-08-25,C Nenadich,33,0,0%,4,12.12%,0,0,0%,0,0%,3,0,0%,0,0%,2,0,0%,0,0%,28,0,0%,4,14.29%
1091,2025-08-25,Frau E Meder,1,0,0%,0,0%,0,0,0%,0,0%,1,0,0%,0,0%,0,0,0%,0,0%,0,0,0%,0,0%
1092,2025-08-25,J G Murphy,2086,163,7.81%,582,27.90%,220,9,4.09%,64,29.09%,1724,143,8.29%,472,27.38%,6,1,16.67%,2,33.33%,136,10,7.35%,44,32.35%
1093,2025-08-25,C A Cronin,7,0,0%,1,14.29%,0,0,0%,0,0%,0,0,0%,0,0%,7,0,0%,1,14.29%,0,0,0%,0,0%
1094,2025-08-25,James Wilkinson,29,0,0%,11,37.93%,0,0,0%,0,0%,10,0,0%,5,50.00%,8,0,0%,1,12.50%,11,0,0%,5,45.45%
1095,2025-08-25,Jason Parfitt,1,0,0%,0,0%,0,0,0%,0,0%,0,0,0%,0,0%,1,0,0%,0,0%,0,0,0%,0,0%
1096,2025-08-25,Simon Jones,0,0,0%,0,0%,0,0,0%,0,0%,0,0,0%,0,0%,0,0,0%,0,0%,0,0,0%,0,0%
1097,2025-08-25,James Cole,6,0,0%,0,0%,0,0,0%,0,0%,0,0,0%,0,0%,6,0,0%,0,0%,0,0,0%,0,0%
1098,2025-08-25,P O'Callaghan,87,7,8.05%,28,32.18%,0,0,0%,0,0%,50,4,8.00%,16,32.00%,3,0,0%,1,33.33%,34,3,8.82%,11,32.35%
1099,2025-08-25,M A Molloy,180,15,8.33%,43,23.89%,11,0,0%,4,36.36%,69,6,8.70%,17,24.64%,4,0,0%,1,25.00%,96,9,9.38%,21,21.88%
1100,2025-08-25,M A Gunn,101,1,0.99%,22,21.78%,6,0,0%,0,0%,48,1,2.08%,9,18.75%,4,0,0%,1,25.00%,43,0,0%,12,27.91%
1101,2025-08-25,Garry Ducey,9,0,0%,0,0%,0,0,0%,0,0%,1,0,0%,0,0%,6,0,0%,0,0%,2,0,0%,0,0%
1102,2025-08-25,P Meany,425,13,3.06%,61,14.35%,4,0,0%,0,0%,187,9,4.81%,29,15.51%,22,0,0%,2,9.09%,212,4,1.89%,30,14.15%
1103,2025-08-25,D Ahern,124,2,1.61%,24,19.35%,0,0,0%,0,0%,18,0,0%,1,5.56%,25,1,4.00%,7,28.00%,81,1,1.23%,16,19.75%
1104,2025-08-25,H Fitzpatrick,33,0,0%,4,12.12%,0,0,0%,0,0%,10,0,0%,0,0%,3,0,0%,2,66.67%,20,0,0%,2,10.00%
1105,2025-08-25,Charles P Keegan,101,1,0.99%,4,3.96%,0,0,0%,0,0%,28,0,0%,0,0%,2,0,0%,0,0%,71,1,1.41%,4,5.63%
1106,2025-08-25,W W Dennis,0,0,0%,0,0%,0,0,0%,0,0%,0,0,0%,0,0%,0,0,0%,0,0%,0,0,0%,0,0%
1107,2025-08-25,C J Price,2,0,0%,0,0%,0,0,0%,0,0%,2,0,0%,0,0%,0,0,0%,0,0%,0,0,0%,0,0%
1108,2025-08-25,Mrs B Butterworth,267,15,5.62%,78,29.21%,0,0,0%,0,0%,4,0,0%,2,50.00%,46,0,0%,13,28.26%,217,15,6.91%,63,29.03%
1109,2025-08-25,D Pearson,32,2,6.25%,4,12.50%,0,0,0%,0,0%,0,0,0%,0,0%,26,2,7.69%,4,15.38%,6,0,0%,0,0%
1110,2025-08-25,T F Sage,13,3,23.08%,4,30.77%,0,0,0%,0,0%,0,0,0%,0,0%,13,3,23.08%,4,30.77%,0,0,0%,0,0%
1111,2025-08-25,B J Clarke,2,0,0%,0,0%,0,0,0%,0,0%,0,0,0%,0,0%,2,0,0%,0,0%,0,0,0%,0,0%
1112,2025-08-25,Mrs C Wilesmith,5,0,0%,0,0%,0,0,0%,0,0%,0,0,0%,0,0%,5,0,0%,0,0%,0,0,0%,0,0%
1113,2025-08-25,S E H Sherwood,6,0,0%,1,16.67%,0,0,0%,0,0%,0,0,0%,0,0%,4,0,0%,1,25.00%,2,0,0%,0,0%
1114,2025-08-25,J E Long,709,40,5.64%,197,27.79%,533,29,5.44%,157,29.46%,164,10,6.10%,38,23.17%,1,0,0%,0,0%,11,1,9.09%,2,18.18%
1115,2025-08-25,Lorna Casey,14,0,0%,0,0%,0,0,0%,0,0%,0,0,0%,0,0%,1,0,0%,0,0%,13,0,0%,0,0%
1116,2025-08-25,J W Nicholson,464,43,9.27%,152,32.76%,20,0,0%,5,25.00%,189,19,10.05%,59,31.22%,37,6,16.22%,14,37.84%,218,18,8.26%,74,33.94%
1117,2025-08-25,P M Cloke,209,9,4.31%,53,25.36%,4,0,0%,0,0%,15,0,0%,0,0%,127,9,7.09%,50,39.37%,63,0,0%,3,4.76%
1118,2025-08-25,T J Canavan,7,0,0%,0,0%,0,0,0%,0,0%,1,0,0%,0,0%,2,0,0%,0,0%,4,0,0%,0,0%
1119,2025-08-25,S Wynne,2,1,50.00%,0,0%,0,0,0%,0,0%,0,0,0%,0,0%,2,1,50.00%,0,0%,0,0,0%,0,0%
1120,2025-08-25,Mrs Corrine Wynne,1,0,0%,0,0%,0,0,0%,0,0%,0,0,0%,0,0%,1,0,0%,0,0%,0,0,0%,0,0%
1121,2025-08-25,Miss E J Lloyd,0,0,0%,0,0%,0,0,0%,0,0%,0,0,0%,0,0%,0,0,0%,0,0%,0,0,0%,0,0%
1122,2025-08-25,A J Whitehead,112,9,8.04%,38,33.93%,0,0,0%,0,0%,0,0,0%,0,0%,16,2,12.50%,6,37.50%,96,7,7.29%,32,33.33%
1123,2025-08-25,R J Alford,10,1,10.00%,4,40.00%,0,0,0%,0,0%,0,0,0%,0,0%,10,1,10.00%,4,40.00%,0,0,0%,0,0%
1124,2025-08-25,J White,0,0,0%,0,0%,0,0,0%,0,0%,0,0,0%,0,0%,0,0,0%,0,0%,0,0,0%,0,0%
1125,2025-08-25,R B Chanin,12,3,25.00%,5,41.67%,0,0,0%,0,0%,1,0,0%,1,100.00%,11,3,27.27%,4,36.36%,0,0,0%,0,0%
1126,2025-08-25,Miss M Taylor,0,0,0%,0,0%,0,0,0%,0,0%,0,0,0%,0,0%,0,0,0%,0,0%,0,0,0%,0,0%
1127,2025-08-25,P J Makin,580,48,8.28%,158,27.24%,189,9,4.76%,39,20.63%,391,39,9.97%,119,30.43%,0,0,0%,0,0%,0,0,0%,0,0%
1128,2025-08-25,Ian Prichard,19,1,5.26%,8,42.11%,0,0,0%,0,0%,0,0,0%,0,0%,19,1,5.26%,8,42.11%,0,0,0%,0,0%
1129,2025-08-25,C J Bennett,4,0,0%,2,50.00%,0,0,0%,0,0%,2,0,0%,1,50.00%,1,0,0%,1,100.00%,1,0,0%,0,0%
1130,2025-08-25,Mrs T Porter,4,0,0%,0,0%,0,0,0%,0,0%,0,0,0%,0,0%,4,0,0%,0,0%,0,0,0%,0,0%
1131,2025-08-25,D Laverty,2,0,0%,1,50.00%,0,0,0%,0,0%,0,0,0%,0,0%,2,0,0%,1,50.00%,0,0,0%,0,0%
1132,2025-08-25,Mark Campion,124,2,1.61%,21,16.94%,13,0,0%,3,23.08%,37,1,2.70%,6,16.22%,8,1,12.50%,2,25.00%,66,0,0%,10,15.15%
1133,2025-08-25,Mrs L A Coltherd,29,1,3.45%,9,31.03%,0,0,0%,0,0%,0,0,0%,0,0%,29,1,3.45%,9,31.03%,0,0,0%,0,0%
1134,2025-08-25,R H York,98,3,3.06%,11,11.22%,13,0,0%,0,0%,20,0,0%,1,5.00%,15,2,13.33%,5,33.33%,50,1,2.00%,5,10.00%
1135,2025-08-25,Mrs P N Dutfield,60,1,1.67%,13,21.67%,8,1,12.50%,0,0%,18,0,0%,0,0%,1,0,0%,0,0%,33,0,0%,13,39.39%
1136,2025-08-25,L Walshe,75,0,0%,0,0%,3,0,0%,0,0%,14,0,0%,0,0%,9,0,0%,0,0%,49,0,0%,0,0%
1137,2025-08-25,A Murray,1446,109,7.54%,352,24.34%,284,29,10.21%,86,30.28%,663,44,6.64%,137,20.66%,88,7,7.95%,30,34.09%,411,29,7.06%,99,24.09%
1138,2025-08-25,John A Supple,76,8,10.53%,11,14.47%,0,0,0%,0,0%,13,0,0%,0,0%,1,0,0%,0,0%,62,8,12.90%,11,17.74%
1139,2025-08-25,M C Connell,111,2,1.80%,12,10.81%,45,2,4.44%,6,13.33%,59,0,0%,6,10.17%,0,0,0%,0,0%,7,0,0%,0,0%
1140,2025-08-25,Miss B A K Murphy,57,2,3.51%,10,17.54%,0,0,0%,0,0%,5,0,0%,1,20.00%,38,2,5.26%,8,21.05%,14,0,0%,1,7.14%
1141,2025-08-25,J Morrison,492,31,6.30%,91,18.50%,19,2,10.53%,4,21.05%,98,5,5.10%,20,20.41%,97,5,5.15%,16,16.49%,278,19,6.83%,51,18.35%
1142,2025-08-25,Mrs P Gore-Cogan,1,0,0%,0,0%,0,0,0%,0,0%,0,0,0%,0,0%,1,0,0%,0,0%,0,0,0%,0,0%
1143,2025-08-25,Michael O'connor,85,7,8.24%,21,24.71%,0,0,0%,0,0%,23,3,13.04%,5,21.74%,24,3,12.50%,9,37.50%,38,1,2.63%,7,18.42%
1144,2025-08-25,A Wilson,174,8,4.60%,42,24.14%,1,0,0%,1,100.00%,4,0,0%,1,25.00%,34,7,20.59%,10,29.41%,135,1,0.74%,30,22.22%
1145,2025-08-25,Miss E J Baker,453,39,8.61%,130,28.70%,14,2,14.29%,4,28.57%,36,1,2.78%,9,25.00%,182,30,16.48%,62,34.07%,221,6,2.71%,55,24.89%
1146,2025-08-25,C Hewitt,15,0,0%,3,20.00%,0,0,0%,0,0%,6,0,0%,2,33.33%,0,0,0%,0,0%,9,0,0%,1,11.11%
1147,2025-08-25,S G O'Donnell,281,12,4.27%,35,12.46%,57,5,8.77%,7,12.28%,194,7,3.61%,25,12.89%,0,0,0%,0,0%,30,0,0%,3,10.00%
1148,2025-08-25,Thomas Shaw,97,2,2.06%,24,24.74%,8,0,0%,2,25.00%,21,1,4.76%,5,23.81%,28,0,0%,12,42.86%,40,1,2.50%,5,12.50%
1149,2025-08-25,S A Hughes,60,1,1.67%,11,18.33%,0,0,0%,0,0%,7,0,0%,1,14.29%,1,0,0%,0,0%,52,1,1.92%,10,19.23%
1150,2025-08-25,R Shiels,83,7,8.43%,33,39.76%,0,0,0%,0,0%,3,0,0%,1,33.33%,28,3,10.71%,14,50.00%,52,4,7.69%,18,34.62%
1151,2025-08-25,J R Bewley,64,5,7.81%,25,39.06%,0,0,0%,0,0%,14,2,14.29%,2,14.29%,14,1,7.14%,7,50.00%,36,2,5.56%,16,44.44%
1152,2025-08-25,D M Fogarty,30,2,6.67%,3,10.00%,0,0,0%,0,0%,12,0,0%,1,8.33%,1,0,0%,0,0%,17,2,11.76%,2,11.76%
1153,2025-08-25,M S Saunders,1259,137,10.88%,467,37.09%,222,16,7.21%,67,30.18%,1036,121,11.68%,400,38.61%,1,0,0%,0,0%,0,0,0%,0,0%
1154,2025-08-25,I A Brown,23,1,4.35%,5,21.74%,0,0,0%,0,0%,1,0,0%,0,0%,0,0,0%,0,0%,22,1,4.55%,5,22.73%
1155,2025-08-25,Mrs Elaine Smith,0,0,0%,0,0%,0,0,0%,0,0%,0,0,0%,0,0%,0,0,0%,0,0%,0,0,0%,0,0%
1156,2025-08-25,Miss Maria D Myco,5,1,20.00%,1,20.00%,0,0,0%,0,0%,0,0,0%,0,0%,5,1,20.00%,1,20.00%,0,0,0%,0,0%
1157,2025-08-25,Mrs Sarah L Dent,2,0,0%,0,0%,0,0,0%,0,0%,0,0,0%,0,0%,2,0,0%,0,0%,0,0,0%,0,0%
1158,2025-08-25,Mrs Lynne Ward,3,0,0%,1,33.33%,0,0,0%,0,0%,0,0,0%,0,0%,3,0,0%,1,33.33%,0,0,0%,0,0%
1159,2025-08-25,C Storey,7,1,14.29%,1,14.29%,0,0,0%,0,0%,0,0,0%,0,0%,7,1,14.29%,1,14.29%,0,0,0%,0,0%
1160,2025-08-25,S J Robinson,13,0,0%,3,23.08%,0,0,0%,0,0%,0,0,0%,0,0%,13,0,0%,3,23.08%,0,0,0%,0,0%
1161,2025-08-25,J Llewellyn,0,0,0%,0,0%,0,0,0%,0,0%,0,0,0%,0,0%,0,0,0%,0,0%,0,0,0%,0,0%
1162,2025-08-25,C Brader,2,0,0%,1,50.00%,0,0,0%,0,0%,1,0,0%,0,0%,1,0,0%,1,100.00%,0,0,0%,0,0%
1163,2025-08-25,Mrs P M Robinson,0,0,0%,0,0%,0,0,0%,0,0%,0,0,0%,0,0%,0,0,0%,0,0%,0,0,0%,0,0%
1164,2025-08-25,Mrs T Corrigan-Clark,4,0,0%,2,50.00%,0,0,0%,0,0%,0,0,0%,0,0%,4,0,0%,2,50.00%,0,0,0%,0,0%
1165,2025-08-25,A Shaw,0,0,0%,0,0%,0,0,0%,0,0%,0,0,0%,0,0%,0,0,0%,0,0%,0,0,0%,0,0%
1166,2025-08-25,P McCreery,518,11,2.12%,83,16.02%,75,1,1.33%,10,13.33%,226,5,2.21%,34,15.04%,43,2,4.65%,17,39.53%,174,3,1.72%,22,12.64%
1167,2025-08-25,P Budds,2,0,0%,0,0%,0,0,0%,0,0%,2,0,0%,0,0%,0,0,0%,0,0%,0,0,0%,0,0%
1168,2025-08-25,D McNamara,248,12,4.84%,43,17.34%,4,0,0%,0,0%,22,0,0%,3,13.64%,72,9,12.50%,16,22.22%,150,3,2.00%,24,16.00%
1169,2025-08-25,K Prendergast,2177,201,9.23%,701,32.20%,317,37,11.67%,93,29.34%,1818,159,8.75%,593,32.62%,0,0,0%,0,0%,42,5,11.90%,15,35.71%
1170,2025-08-25,Mrs J M Walton,402,22,5.47%,113,28.11%,5,0,0%,0,0%,26,0,0%,2,7.69%,199,19,9.55%,75,37.69%,172,3,1.74%,36,20.93%
1171,2025-08-25,D Carr,24,0,0%,4,16.67%,0,0,0%,0,0%,4,0,0%,2,50.00%,5,0,0%,1,20.00%,15,0,0%,1,6.67%
1172,2025-08-25,J C Haynes,372,24,6.45%,87,23.39%,2,0,0%,0,0%,23,0,0%,1,4.35%,82,6,7.32%,25,30.49%,265,18,6.79%,61,23.02%
1173,2025-08-25,S J Coady,1,0,0%,0,0%,0,0,0%,0,0%,0,0,0%,0,0%,1,0,0%,0,0%,0,0,0%,0,0%
1174,2025-08-25,Mrs Sue Popham,14,1,7.14%,7,50.00%,0,0,0%,0,0%,0,0,0%,0,0%,14,1,7.14%,7,50.00%,0,0,0%,0,0%
1175,2025-08-25,Mrs Pauline Geering,2,0,0%,0,0%,0,0,0%,0,0%,0,0,0%,0,0%,2,0,0%,0,0%,0,0,0%,0,0%
1176,2025-08-25,I Heaney,1,0,0%,0,0%,0,0,0%,0,0%,0,0,0%,0,0%,1,0,0%,0,0%,0,0,0%,0,0%
1177,2025-08-25,A Campbell,32,2,6.25%,5,15.63%,0,0,0%,0,0%,0,0,0%,0,0%,32,2,6.25%,5,15.63%,0,0,0%,0,0%
1178,2025-08-25,D Murphy,71,1,1.41%,10,14.08%,25,0,0%,6,24.00%,45,1,2.22%,4,8.89%,1,0,0%,0,0%,0,0,0%,0,0%
1179,2025-08-25,S Roche,57,4,7.02%,9,15.79%,0,0,0%,0,0%,3,0,0%,1,33.33%,21,1,4.76%,3,14.29%,33,3,9.09%,5,15.15%
1180,2025-08-25,Mrs M Danagher,151,5,3.31%,16,10.60%,4,0,0%,0,0%,36,1,2.78%,7,19.44%,24,1,4.17%,5,20.83%,87,3,3.45%,4,4.60%
1181,2025-08-25,S G Walsh,128,2,1.56%,20,15.63%,0,0,0%,0,0%,12,1,8.33%,1,8.33%,30,0,0%,8,26.67%,86,1,1.16%,11,12.79%
1182,2025-08-25,M J Grassick,140,10,7.14%,25,17.86%,29,5,17.24%,8,27.59%,92,2,2.17%,14,15.22%,0,0,0%,0,0%,19,3,15.79%,3,15.79%
1183,2025-08-25,A M Crow,0,0,0%,0,0%,0,0,0%,0,0%,0,0,0%,0,0%,0,0,0%,0,0%,0,0,0%,0,0%
1184,2025-08-25,F O'Brien,5672,930,16.40%,2144,37.80%,120,8,6.67%,34,28.33%,870,141,16.21%,370,42.53%,1540,256,16.62%,548,35.58%,3142,525,16.71%,1192,37.94%
1185,2025-08-25,Mrs C H Covell,3,0,0%,0,0%,0,0,0%,0,0%,0,0,0%,0,0%,3,0,0%,0,0%,0,0,0%,0,0%
1186,2025-08-25,G T H Bailey,39,6,15.38%,22,56.41%,0,0,0%,0,0%,0,0,0%,0,0%,39,6,15.38%,22,56.41%,0,0,0%,0,0%
1187,2025-08-25,G J Tarry,5,1,20.00%,2,40.00%,0,0,0%,0,0%,0,0,0%,0,0%,5,1,20.00%,2,40.00%,0,0,0%,0,0%
1188,2025-08-25,S Bowden,2,0,0%,0,0%,0,0,0%,0,0%,0,0,0%,0,0%,2,0,0%,0,0%,0,0,0%,0,0%
1189,2025-08-25,G Chambers,18,0,0%,4,22.22%,0,0,0%,0,0%,0,0,0%,0,0%,18,0,0%,4,22.22%,0,0,0%,0,0%
1190,2025-08-25,J P Owen,37,3,8.11%,14,37.84%,0,0,0%,0,0%,0,0,0%,0,0%,37,3,8.11%,14,37.84%,0,0,0%,0,0%
1191,2025-08-25,Miss Helen Herrick,0,0,0%,0,0%,0,0,0%,0,0%,0,0,0%,0,0%,0,0,0%,0,0%,0,0,0%,0,0%
1192,2025-08-25,Miss N L Elliott,3,0,0%,0,0%,0,0,0%,0,0%,0,0,0%,0,0%,3,0,0%,0,0%,0,0,0%,0,0%
1193,2025-08-25,P Winks,579,41,7.08%,180,31.09%,27,1,3.70%,2,7.41%,68,3,4.41%,6,8.82%,206,21,10.19%,63,30.58%,278,16,5.76%,109,39.21%
1194,2025-08-25,P S Payne,0,0,0%,0,0%,0,0,0%,0,0%,0,0,0%,0,0%,0,0,0%,0,0%,0,0,0%,0,0%
1195,2025-08-25,Mrs E Mitchell,0,0,0%,0,0%,0,0,0%,0,0%,0,0,0%,0,0%,0,0,0%,0,0%,0,0,0%,0,0%
1196,2025-08-25,Matthew Smith,1,0,0%,0,0%,0,0,0%,0,0%,0,0,0%,0,0%,1,0,0%,0,0%,0,0,0%,0,0%
1197,2025-08-25,Mrs C M Mulhall,1,0,0%,0,0%,0,0,0%,0,0%,0,0,0%,0,0%,1,0,0%,0,0%,0,0,0%,0,0%
1198,2025-08-25,C W Mitchell,4,0,0%,1,25.00%,0,0,0%,0,0%,0,0,0%,0,0%,0,0,0%,0,0%,4,0,0%,1,25.00%
1199,2025-08-25,R J King,15,1,6.67%,2,13.33%,0,0,0%,0,0%,1,0,0%,0,0%,0,0,0%,0,0%,14,1,7.14%,2,14.29%
1200,2025-08-25,J S Bolger,6624,707,10.67%,2214,33.42%,683,92,13.47%,212,31.04%,5921,614,10.37%,1998,33.74%,0,0,0%,0,0%,20,1,5.00%,4,20.00%
1201,2025-08-25,K J Condon,2169,204,9.41%,769,35.45%,264,18,6.82%,94,35.61%,1830,176,9.62%,646,35.30%,13,1,7.69%,4,30.77%,62,9,14.52%,25,40.32%
1202,2025-08-25,D P Quinn,854,52,6.09%,194,22.72%,443,23,5.19%,103,23.25%,260,16,6.15%,55,21.15%,4,0,0%,2,50.00%,147,13,8.84%,34,23.13%
1203,2025-08-25,M J Browne,387,24,6.20%,101,26.10%,183,13,7.10%,59,32.24%,202,11,5.45%,42,20.79%,0,0,0%,0,0%,2,0,0%,0,0%
1204,2025-08-25,S Harley,32,3,9.38%,8,25.00%,15,2,13.33%,4,26.67%,17,1,5.88%,4,23.53%,0,0,0%,0,0%,0,0,0%,0,0%
1205,2025-08-25,H Rogers,1725,116,6.72%,413,23.94%,210,12,5.71%,36,17.14%,1260,85,6.75%,309,24.52%,23,2,8.70%,9,39.13%,232,17,7.33%,59,25.43%
1206,2025-08-25,Miss J Weston,18,2,11.11%,1,5.56%,0,0,0%,0,0%,5,0,0%,1,20.00%,4,0,0%,0,0%,9,2,22.22%,0,0%
1207,2025-08-25,Mrs P Ford,90,1,1.11%,20,22.22%,9,0,0%,0,0%,57,1,1.75%,18,31.58%,8,0,0%,1,12.50%,16,0,0%,1,6.25%
1208,2025-08-25,B Scriven,22,1,4.55%,1,4.55%,0,0,0%,0,0%,0,0,0%,0,0%,1,0,0%,0,0%,21,1,4.76%,1,4.76%
1209,2025-08-25,Anthony Cosgriff,13,2,15.38%,2,15.38%,0,0,0%,0,0%,0,0,0%,0,0%,7,2,28.57%,2,28.57%,6,0,0%,0,0%
1210,2025-08-25,Mrs Fiona Shaw,205,9,4.39%,52,25.37%,3,0,0%,0,0%,33,0,0%,3,9.09%,47,3,6.38%,15,31.91%,122,6,4.92%,34,27.87%
1211,2025-08-25,P G Kelly,637,35,5.49%,170,26.69%,0,0,0%,0,0%,93,3,3.23%,19,20.43%,130,5,3.85%,36,27.69%,414,27,6.52%,115,27.78%
1212,2025-08-25,Mrs H Lee,116,5,4.31%,23,19.83%,0,0,0%,0,0%,14,2,14.29%,5,35.71%,34,1,2.94%,9,26.47%,68,2,2.94%,9,13.24%
1213,2025-08-25,Mrs M C O'Connor,64,0,0%,6,9.38%,0,0,0%,0,0%,19,0,0%,2,10.53%,2,0,0%,0,0%,43,0,0%,4,9.30%
1214,2025-08-25,D W O'Connor,0,0,0%,0,0%,0,0,0%,0,0%,0,0,0%,0,0%,0,0,0%,0,0%,0,0,0%,0,0%
1215,2025-08-25,J Long,84,6,7.14%,11,13.10%,0,0,0%,0,0%,16,1,6.25%,2,12.50%,7,2,28.57%,0,0%,61,3,4.92%,9,14.75%
1216,2025-08-25,Thomas James,156,6,3.85%,35,22.44%,4,0,0%,0,0%,68,1,1.47%,14,20.59%,14,0,0%,4,28.57%,70,5,7.14%,17,24.29%
1217,2025-08-25,M P Fitzgerald,172,10,5.81%,30,17.44%,2,0,0%,0,0%,62,3,4.84%,13,20.97%,37,3,8.11%,6,16.22%,71,4,5.63%,11,15.49%
1218,2025-08-25,P W Middleton,487,63,12.94%,173,35.52%,11,0,0%,0,0%,30,2,6.67%,8,26.67%,110,20,18.18%,38,34.55%,336,41,12.20%,127,37.80%
1219,2025-08-25,Miss L V Davis,31,1,3.23%,9,29.03%,0,0,0%,0,0%,1,0,0%,0,0%,3,0,0%,2,66.67%,27,1,3.70%,7,25.93%
1220,2025-08-25,Mrs Linda Cannon,0,0,0%,0,0%,0,0,0%,0,0%,0,0,0%,0,0%,0,0,0%,0,0%,0,0,0%,0,0%
1221,2025-08-25,Miss C L Wills,2,0,0%,0,0%,0,0,0%,0,0%,0,0,0%,0,0%,2,0,0%,0,0%,0,0,0%,0,0%
1222,2025-08-25,Richard Mathias,3,0,0%,1,33.33%,0,0,0%,0,0%,0,0,0%,0,0%,3,0,0%,1,33.33%,0,0,0%,0,0%
1223,2025-08-25,P J F Hassett,51,4,7.84%,8,15.69%,0,0,0%,0,0%,7,0,0%,1,14.29%,10,0,0%,1,10.00%,34,4,11.76%,6,17.65%
1224,2025-08-25,C Flannery,5,0,0%,0,0%,0,0,0%,0,0%,0,0,0%,0,0%,1,0,0%,0,0%,4,0,0%,0,0%
1225,2025-08-25,R A Cotter,36,4,11.11%,7,19.44%,0,0,0%,0,0%,1,0,0%,0,0%,13,1,7.69%,5,38.46%,22,3,13.64%,2,9.09%
1226,2025-08-25,D Brennan,1,0,0%,0,0%,0,0,0%,0,0%,1,0,0%,0,0%,0,0,0%,0,0%,0,0,0%,0,0%
1227,2025-08-25,N McKnight,272,13,4.78%,59,21.69%,7,1,14.29%,0,0%,34,1,2.94%,5,14.71%,48,5,10.42%,14,29.17%,183,6,3.28%,40,21.86%
1228,2025-08-25,F G Hand,159,11,6.92%,32,20.13%,12,0,0%,1,8.33%,73,5,6.85%,12,16.44%,10,1,10.00%,2,20.00%,64,5,7.81%,17,26.56%
1229,2025-08-25,Andrew Jackson,6,0,0%,1,16.67%,0,0,0%,0,0%,0,0,0%,0,0%,6,0,0%,1,16.67%,0,0,0%,0,0%
1230,2025-08-25,T Bennett,0,0,0%,0,0%,0,0,0%,0,0%,0,0,0%,0,0%,0,0,0%,0,0%,0,0,0%,0,0%
1231,2025-08-25,S J Graham,1,0,0%,1,100.00%,0,0,0%,0,0%,0,0,0%,0,0%,1,0,0%,1,100.00%,0,0,0%,0,0%
1232,2025-08-25,J K Price,21,4,19.05%,3,14.29%,0,0,0%,0,0%,0,0,0%,0,0%,5,1,20.00%,1,20.00%,16,3,18.75%,2,12.50%
1233,2025-08-25,J A Pickering,0,0,0%,0,0%,0,0,0%,0,0%,0,0,0%,0,0%,0,0,0%,0,0%,0,0,0%,0,0%
1234,2025-08-25,Miss Sarah Robinson,107,0,0%,7,6.54%,0,0,0%,0,0%,7,0,0%,1,14.29%,34,0,0%,4,11.76%,66,0,0%,2,3.03%
1235,2025-08-25,N G Ayliffe,92,1,1.09%,13,14.13%,0,0,0%,0,0%,9,0,0%,0,0%,2,0,0%,0,0%,81,1,1.23%,13,16.05%
1236,2025-08-25,Mrs K Fanshawe,3,0,0%,0,0%,0,0,0%,0,0%,0,0,0%,0,0%,3,0,0%,0,0%,0,0,0%,0,0%
1237,2025-08-25,Miss Polly Gundry,750,46,6.13%,211,28.13%,37,2,5.41%,9,24.32%,74,3,4.05%,11,14.86%,265,24,9.06%,108,40.75%,374,17,4.55%,83,22.19%
1238,2025-08-25,Miss G G Haywood,164,9,5.49%,41,25.00%,0,0,0%,0,0%,9,0,0%,5,55.56%,26,1,3.85%,7,26.92%,129,8,6.20%,29,22.48%
1239,2025-08-25,M McGrath,242,15,6.20%,44,18.18%,163,10,6.13%,31,19.02%,59,3,5.08%,9,15.25%,6,0,0%,0,0%,14,2,14.29%,4,28.57%
1240,2025-08-25,S Thornton,13,1,7.69%,1,7.69%,2,0,0%,0,0%,0,0,0%,0,0%,0,0,0%,0,0%,11,1,9.09%,1,9.09%
1241,2025-08-25,Mrs S Dawson,541,18,3.33%,77,14.23%,85,2,2.35%,9,10.59%,255,12,4.71%,41,16.08%,38,1,2.63%,8,21.05%,163,3,1.84%,19,11.66%
1242,2025-08-25,J Clements,0,0,0%,0,0%,0,0,0%,0,0%,0,0,0%,0,0%,0,0,0%,0,0%,0,0,0%,0,0%
1243,2025-08-25,T McGivern,51,0,0%,7,13.73%,20,0,0%,0,0%,23,0,0%,6,26.09%,4,0,0%,1,25.00%,4,0,0%,0,0%
1244,2025-08-25,S Wilson,174,4,2.30%,26,14.94%,10,0,0%,0,0%,22,0,0%,4,18.18%,39,0,0%,10,25.64%,103,4,3.88%,12,11.65%
1245,2025-08-25,A Sexton,240,6,2.50%,14,5.83%,29,1,3.45%,1,3.45%,77,1,1.30%,5,6.49%,10,0,0%,0,0%,124,4,3.23%,8,6.45%
1246,2025-08-25,D Queally,1116,128,11.47%,328,29.39%,3,0,0%,0,0%,158,21,13.29%,58,36.71%,155,22,14.19%,52,33.55%,800,85,10.63%,218,27.25%
1247,2025-08-25,K P Egan,94,0,0%,8,8.51%,1,0,0%,0,0%,36,0,0%,4,11.11%,6,0,0%,0,0%,51,0,0%,4,7.84%
1248,2025-08-25,D A Kiely,88,2,2.27%,23,26.14%,0,0,0%,0,0%,34,2,5.88%,11,32.35%,5,0,0%,2,40.00%,49,0,0%,10,20.41%
1249,2025-08-25,J A Hellens,15,1,6.67%,2,13.33%,0,0,0%,0,0%,2,0,0%,0,0%,6,1,16.67%,1,16.67%,7,0,0%,1,14.29%
1250,2025-08-25,A Kirtley,60,3,5.00%,2,3.33%,12,0,0%,0,0%,41,3,7.32%,2,4.88%,1,0,0%,0,0%,6,0,0%,0,0%
1251,2025-08-25,M A Allen,6,0,0%,0,0%,4,0,0%,0,0%,2,0,0%,0,0%,0,0,0%,0,0%,0,0,0%,0,0%
1252,2025-08-25,Mrs J E Mulhern,0,0,0%,0,0%,0,0,0%,0,0%,0,0,0%,0,0%,0,0,0%,0,0%,0,0,0%,0,0%
1253,2025-08-25,M J Tuckey,1,0,0%,0,0%,0,0,0%,0,0%,0,0,0%,0,0%,1,0,0%,0,0%,0,0,0%,0,0%
1254,2025-08-25,Mrs P Curling,3,0,0%,0,0%,0,0,0%,0,0%,0,0,0%,0,0%,0,0,0%,0,0%,3,0,0%,0,0%
1255,2025-08-25,C St V Fox,3,1,33.33%,0,0%,0,0,0%,0,0%,0,0,0%,0,0%,3,1,33.33%,0,0%,0,0,0%,0,0%
1256,2025-08-25,Mrs Peter Shaw,1,0,0%,0,0%,0,0,0%,0,0%,0,0,0%,0,0%,1,0,0%,0,0%,0,0,0%,0,0%
1257,2025-08-25,Mrs Sue Wilson,0,0,0%,0,0%,0,0,0%,0,0%,0,0,0%,0,0%,0,0,0%,0,0%,0,0,0%,0,0%
1258,2025-08-25,Mrs C A Coward,48,4,8.33%,14,29.17%,0,0,0%,0,0%,3,0,0%,0,0%,45,4,8.89%,14,31.11%,0,0,0%,0,0%
1259,2025-08-25,Mrs C C Scott,8,2,25.00%,2,25.00%,0,0,0%,0,0%,0,0,0%,0,0%,8,2,25.00%,2,25.00%,0,0,0%,0,0%
1260,2025-08-25,Mrs P Twinn,0,0,0%,0,0%,0,0,0%,0,0%,0,0,0%,0,0%,0,0,0%,0,0%,0,0,0%,0,0%
1261,2025-08-25,D J Harding-Jones,0,0,0%,0,0%,0,0,0%,0,0%,0,0,0%,0,0%,0,0,0%,0,0%,0,0,0%,0,0%
1262,2025-08-25,J E Hammond,8,0,0%,2,25.00%,0,0,0%,0,0%,8,0,0%,2,25.00%,0,0,0%,0,0%,0,0,0%,0,0%
1263,2025-08-25,James H Black,80,2,2.50%,2,2.50%,0,0,0%,0,0%,9,0,0%,1,11.11%,22,2,9.09%,0,0%,49,0,0%,1,2.04%
1264,2025-08-25,M McCullagh,167,11,6.59%,34,20.36%,22,2,9.09%,3,13.64%,41,3,7.32%,6,14.63%,4,0,0%,1,25.00%,100,6,6.00%,24,24.00%
1265,2025-08-25,J A Codd,6,0,0%,0,0%,0,0,0%,0,0%,0,0,0%,0,0%,0,0,0%,0,0%,6,0,0%,0,0%
1266,2025-08-25,N Stokes,125,7,5.60%,30,24.00%,6,0,0%,1,16.67%,57,6,10.53%,11,19.30%,0,0,0%,0,0%,61,1,1.64%,18,29.51%
1267,2025-08-25,T Donohue,99,6,6.06%,19,19.19%,0,0,0%,0,0%,11,0,0%,1,9.09%,7,0,0%,3,42.86%,81,6,7.41%,15,18.52%
1268,2025-08-25,M J O'Connor,96,10,10.42%,14,14.58%,4,0,0%,0,0%,19,2,10.53%,1,5.26%,6,1,16.67%,2,33.33%,67,7,10.45%,11,16.42%
1269,2025-08-25,Patrick Joseph Goodwin,0,0,0%,0,0%,0,0,0%,0,0%,0,0,0%,0,0%,0,0,0%,0,0%,0,0,0%,0,0%
1270,2025-08-25,G Wareham,4,0,0%,0,0%,0,0,0%,0,0%,0,0,0%,0,0%,0,0,0%,0,0%,4,0,0%,0,0%
1271,2025-08-25,P W Mason,17,3,17.65%,4,23.53%,0,0,0%,0,0%,1,0,0%,0,0%,16,3,18.75%,4,25.00%,0,0,0%,0,0%
1272,2025-08-25,P M Bryant,2,0,0%,0,0%,0,0,0%,0,0%,1,0,0%,0,0%,1,0,0%,0,0%,0,0,0%,0,0%
1273,2025-08-25,Mrs Harris,0,0,0%,0,0%,0,0,0%,0,0%,0,0,0%,0,0%,0,0,0%,0,0%,0,0,0%,0,0%
1274,2025-08-25,Miss J Plessis,482,38,7.88%,164,34.02%,0,0,0%,0,0%,29,2,6.90%,3,10.34%,208,21,10.10%,83,39.90%,245,15,6.12%,78,31.84%
1275,2025-08-25,Mrs A Holland,1,0,0%,0,0%,0,0,0%,0,0%,0,0,0%,0,0%,1,0,0%,0,0%,0,0,0%,0,0%
1276,2025-08-25,Miss C Newman,7,1,14.29%,4,57.14%,0,0,0%,0,0%,0,0,0%,0,0%,7,1,14.29%,4,57.14%,0,0,0%,0,0%
1277,2025-08-25,Mrs L Parkhill,9,0,0%,0,0%,0,0,0%,0,0%,4,0,0%,0,0%,2,0,0%,0,0%,3,0,0%,0,0%
1278,2025-08-25,John Rice,0,0,0%,0,0%,0,0,0%,0,0%,0,0,0%,0,0%,0,0,0%,0,0%,0,0,0%,0,0%
1279,2025-08-25,P M J Doyle,343,42,12.24%,135,39.36%,2,0,0%,0,0%,117,13,11.11%,44,37.61%,66,10,15.15%,29,43.94%,157,18,11.46%,62,39.49%
1280,2025-08-25,Mrs M Buttimer,17,1,5.88%,1,5.88%,0,0,0%,0,0%,1,0,0%,0,0%,0,0,0%,0,0%,16,1,6.25%,1,6.25%
1281,2025-08-25,P M Mooney,29,0,0%,2,6.90%,6,0,0%,2,33.33%,10,0,0%,0,0%,2,0,0%,0,0%,11,0,0%,0,0%
1282,2025-08-25,M Fitzgerald,1,0,0%,0,0%,0,0,0%,0,0%,0,0,0%,0,0%,1,0,0%,0,0%,0,0,0%,0,0%
1283,2025-08-25,A P O'Brien,9685,1984,20.49%,3663,37.82%,750,174,23.20%,272,36.27%,8727,1772,20.30%,3305,37.87%,41,4,9.76%,14,34.15%,167,34,20.36%,72,43.11%
1284,2025-08-25,D Wachman,1541,198,12.85%,585,37.96%,213,33,15.49%,81,38.03%,1315,162,12.32%,497,37.79%,4,1,25.00%,3,75.00%,9,2,22.22%,4,44.44%
1285,2025-08-25,R Roberts,163,18,11.04%,43,26.38%,55,11,20.00%,17,30.91%,107,7,6.54%,26,24.30%,0,0,0%,0,0%,1,0,0%,0,0%
1286,2025-08-25,J M Oxx,1703,214,12.57%,626,36.76%,176,13,7.39%,65,36.93%,1527,201,13.16%,561,36.74%,0,0,0%,0,0%,0,0,0%,0,0%
1287,2025-08-25,Mrs P M Shirley-beavan,0,0,0%,0,0%,0,0,0%,0,0%,0,0,0%,0,0%,0,0,0%,0,0%,0,0,0%,0,0%
1288,2025-08-25,Miss V Renwick,7,0,0%,2,28.57%,0,0,0%,0,0%,0,0,0%,0,0%,7,0,0%,2,28.57%,0,0,0%,0,0%
1289,2025-08-25,Mark Hughes,30,8,26.67%,10,33.33%,0,0,0%,0,0%,0,0,0%,0,0%,30,8,26.67%,10,33.33%,0,0,0%,0,0%
1290,2025-08-25,Miss S Robertson,0,0,0%,0,0%,0,0,0%,0,0%,0,0,0%,0,0%,0,0,0%,0,0%,0,0,0%,0,0%
1291,2025-08-25,R D Coupland,1,0,0%,0,0%,0,0,0%,0,0%,0,0,0%,0,0%,1,0,0%,0,0%,0,0,0%,0,0%
1292,2025-08-25,Miss S M Taylor,5,1,20.00%,2,40.00%,0,0,0%,0,0%,0,0,0%,0,0%,5,1,20.00%,2,40.00%,0,0,0%,0,0%
1293,2025-08-25,P Hall,4,0,0%,1,25.00%,0,0,0%,0,0%,0,0,0%,0,0%,4,0,0%,1,25.00%,0,0,0%,0,0%
1294,2025-08-25,M E Arthers,0,0,0%,0,0%,0,0,0%,0,0%,0,0,0%,0,0%,0,0,0%,0,0%,0,0,0%,0,0%
1295,2025-08-25,D J Kemp,77,19,24.68%,25,32.47%,0,0,0%,0,0%,1,0,0%,0,0%,76,19,25.00%,25,32.89%,0,0,0%,0,0%
1296,2025-08-25,Miss White,1,0,0%,0,0%,0,0,0%,0,0%,0,0,0%,0,0%,1,0,0%,0,0%,0,0,0%,0,0%
1297,2025-08-25,M Beck,0,0,0%,0,0%,0,0,0%,0,0%,0,0,0%,0,0%,0,0,0%,0,0%,0,0,0%,0,0%
1298,2025-08-25,Mrs Rosemary Gasson,432,27,6.25%,170,39.35%,0,0,0%,0,0%,19,1,5.26%,2,10.53%,248,22,8.87%,112,45.16%,165,4,2.42%,56,33.94%
1299,2025-08-25,Mrs Sarah Faulks,0,0,0%,0,0%,0,0,0%,0,0%,0,0,0%,0,0%,0,0,0%,0,0%,0,0,0%,0,0%
1300,2025-08-25,Miss Michelle Bentham,8,0,0%,4,50.00%,0,0,0%,0,0%,0,0,0%,0,0%,8,0,0%,4,50.00%,0,0,0%,0,0%
1301,2025-08-25,Miss L Day,25,0,0%,1,4.00%,0,0,0%,0,0%,2,0,0%,0,0%,6,0,0%,0,0%,17,0,0%,1,5.88%
1302,2025-08-25,Simon Earle,377,30,7.96%,105,27.85%,75,5,6.67%,26,34.67%,34,3,8.82%,6,17.65%,48,7,14.58%,11,22.92%,220,15,6.82%,62,28.18%
1303,2025-08-25,R M Woollacott,64,9,14.06%,28,43.75%,0,0,0%,0,0%,4,0,0%,1,25.00%,30,5,16.67%,11,36.67%,30,4,13.33%,16,53.33%
1304,2025-08-25,S Robinson,1,0,0%,0,0%,0,0,0%,0,0%,0,0,0%,0,0%,1,0,0%,0,0%,0,0,0%,0,0%
1305,2025-08-25,K M Parry,0,0,0%,0,0%,0,0,0%,0,0%,0,0,0%,0,0%,0,0,0%,0,0%,0,0,0%,0,0%
1306,2025-08-25,T R Kinsey,19,1,5.26%,2,10.53%,0,0,0%,0,0%,5,0,0%,0,0%,2,0,0%,1,50.00%,12,1,8.33%,1,8.33%
1307,2025-08-25,B Gubby,101,15,14.85%,32,31.68%,57,9,15.79%,17,29.82%,44,6,13.64%,15,34.09%,0,0,0%,0,0%,0,0,0%,0,0%
1308,2025-08-25,Mrs C Twiston-davies,0,0,0%,0,0%,0,0,0%,0,0%,0,0,0%,0,0%,0,0,0%,0,0%,0,0,0%,0,0%
1309,2025-08-25,Mrs S E Busby,4,0,0%,2,50.00%,0,0,0%,0,0%,0,0,0%,0,0%,4,0,0%,2,50.00%,0,0,0%,0,0%
1310,2025-08-25,Paul Swaffield,6,1,16.67%,1,16.67%,0,0,0%,0,0%,0,0,0%,0,0%,6,1,16.67%,1,16.67%,0,0,0%,0,0%
1311,2025-08-25,Miss L Gardner,4,0,0%,0,0%,0,0,0%,0,0%,1,0,0%,0,0%,3,0,0%,0,0%,0,0,0%,0,0%
1312,2025-08-25,Mrs A F Tullie,0,0,0%,0,0%,0,0,0%,0,0%,0,0,0%,0,0%,0,0,0%,0,0%,0,0,0%,0,0%
1313,2025-08-25,Miss C C Jones,5,2,40.00%,0,0%,0,0,0%,0,0%,0,0,0%,0,0%,5,2,40.00%,0,0%,0,0,0%,0,0%
1314,2025-08-25,J M Burke,550,19,3.45%,114,20.73%,23,0,0%,8,34.78%,155,4,2.58%,25,16.13%,17,3,17.65%,5,29.41%,355,12,3.38%,76,21.41%
1315,2025-08-25,Lady Jane Alexander,30,1,3.33%,4,13.33%,1,0,0%,0,0%,17,1,5.88%,1,5.88%,5,0,0%,2,40.00%,7,0,0%,1,14.29%
1316,2025-08-25,K F O'Brien,2,0,0%,0,0%,0,0,0%,0,0%,0,0,0%,0,0%,0,0,0%,0,0%,2,0,0%,0,0%
1317,2025-08-25,P J Prendergast,1013,105,10.37%,364,35.93%,135,14,10.37%,57,42.22%,836,88,10.53%,293,35.05%,1,0,0%,0,0%,41,3,7.32%,14,34.15%
1318,2025-08-25,J Geoghegan,402,27,6.72%,90,22.39%,175,19,10.86%,45,25.71%,213,8,3.76%,44,20.66%,1,0,0%,0,0%,13,0,0%,1,7.69%
1319,2025-08-25,M Callaghan,87,5,5.75%,11,12.64%,21,0,0%,1,4.76%,66,5,7.58%,10,15.15%,0,0,0%,0,0%,0,0,0%,0,0%
1320,2025-08-25,M McDonagh,218,5,2.29%,24,11.01%,7,0,0%,0,0%,51,0,0%,1,1.96%,61,2,3.28%,8,13.11%,99,3,3.03%,15,15.15%
1321,2025-08-25,F Costello,500,6,1.20%,61,12.20%,78,0,0%,10,12.82%,212,1,0.47%,14,6.60%,42,0,0%,11,26.19%,168,5,2.98%,26,15.48%
1322,2025-08-25,T J Etherington,200,10,5.00%,28,14.00%,67,2,2.99%,13,19.40%,130,8,6.15%,15,11.54%,0,0,0%,0,0%,3,0,0%,0,0%
1323,2025-08-25,N G Hynds,119,6,5.04%,28,23.53%,24,0,0%,8,33.33%,46,3,6.52%,9,19.57%,13,1,7.69%,3,23.08%,36,2,5.56%,8,22.22%
1324,2025-08-25,A D Evans,13,0,0%,0,0%,3,0,0%,0,0%,10,0,0%,0,0%,0,0,0%,0,0%,0,0,0%,0,0%
1325,2025-08-25,C P Donoghue,317,8,2.52%,47,14.83%,56,1,1.79%,9,16.07%,144,5,3.47%,30,20.83%,5,0,0%,0,0%,112,2,1.79%,8,7.14%
1326,2025-08-25,W J McLernon,127,2,1.57%,11,8.66%,2,0,0%,0,0%,24,1,4.17%,0,0%,22,1,4.55%,3,13.64%,79,0,0%,8,10.13%
1327,2025-08-25,W F Kelleher,0,0,0%,0,0%,0,0,0%,0,0%,0,0,0%,0,0%,0,0,0%,0,0%,0,0,0%,0,0%
1328,2025-08-25,Edward F Cahalan,7,0,0%,0,0%,0,0,0%,0,0%,3,0,0%,0,0%,0,0,0%,0,0%,4,0,0%,0,0%
1329,2025-08-25,William Patton,2,0,0%,0,0%,0,0,0%,0,0%,0,0,0%,0,0%,2,0,0%,0,0%,0,0,0%,0,0%
1330,2025-08-25,R W T Brabazon,53,2,3.77%,15,28.30%,0,0,0%,0,0%,11,0,0%,4,36.36%,15,1,6.67%,2,13.33%,27,1,3.70%,9,33.33%
1331,2025-08-25,P J F Gillespie,7,0,0%,0,0%,0,0,0%,0,0%,7,0,0%,0,0%,0,0,0%,0,0%,0,0,0%,0,0%
1332,2025-08-25,R A Curran,36,3,8.33%,7,19.44%,0,0,0%,0,0%,2,0,0%,1,50.00%,7,0,0%,2,28.57%,27,3,11.11%,4,14.81%
1333,2025-08-25,P Maher,528,22,4.17%,128,24.24%,11,0,0%,0,0%,100,4,4.00%,17,17.00%,268,17,6.34%,87,32.46%,146,1,0.68%,22,15.07%
1334,2025-08-25,H J Franklin,5,0,0%,0,0%,0,0,0%,0,0%,0,0,0%,0,0%,5,0,0%,0,0%,0,0,0%,0,0%
1335,2025-08-25,Mrs A R Hewitt,12,1,8.33%,6,50.00%,0,0,0%,0,0%,0,0,0%,0,0%,12,1,8.33%,6,50.00%,0,0,0%,0,0%
1336,2025-08-25,Lady Susan Brooke,229,7,3.06%,76,33.19%,0,0,0%,0,0%,8,0,0%,2,25.00%,163,7,4.29%,65,39.88%,58,0,0%,9,15.52%
1337,2025-08-25,Norman Sanderson,14,0,0%,2,14.29%,0,0,0%,0,0%,1,0,0%,0,0%,13,0,0%,2,15.38%,0,0,0%,0,0%
1338,2025-08-25,Alan J Brown,16,1,6.25%,6,37.50%,0,0,0%,0,0%,0,0,0%,0,0%,16,1,6.25%,6,37.50%,0,0,0%,0,0%
1339,2025-08-25,J L Dunlop,528,63,11.93%,119,22.54%,72,8,11.11%,20,27.78%,456,55,12.06%,99,21.71%,0,0,0%,0,0%,0,0,0%,0,0%
1340,2025-08-25,S O'Farrell,71,1,1.41%,10,14.08%,0,0,0%,0,0%,11,0,0%,3,27.27%,12,0,0%,1,8.33%,48,1,2.08%,6,12.50%
1341,2025-08-25,Miss M Harding,112,4,3.57%,31,27.68%,0,0,0%,0,0%,23,0,0%,11,47.83%,14,0,0%,4,28.57%,75,4,5.33%,16,21.33%
1342,2025-08-25,T Townend,139,11,7.91%,32,23.02%,0,0,0%,0,0%,24,2,8.33%,6,25.00%,44,2,4.55%,10,22.73%,71,7,9.86%,16,22.54%
1343,2025-08-25,Ms Shanahan,0,0,0%,0,0%,0,0,0%,0,0%,0,0,0%,0,0%,0,0,0%,0,0%,0,0,0%,0,0%
1344,2025-08-25,P Sinnott,48,3,6.25%,15,31.25%,1,0,0%,0,0%,22,2,9.09%,6,27.27%,10,1,10.00%,4,40.00%,15,0,0%,5,33.33%
1345,2025-08-25,Miss L A Perratt,2725,169,6.20%,717,26.31%,418,46,11.00%,79,18.90%,2259,123,5.44%,629,27.84%,13,0,0%,3,23.08%,35,0,0%,6,17.14%
1346,2025-08-25,D A Nolan,4,0,0%,0,0%,0,0,0%,0,0%,3,0,0%,0,0%,0,0,0%,0,0%,1,0,0%,0,0%
1347,2025-08-25,G Kennedy,4,0,0%,1,25.00%,0,0,0%,0,0%,0,0,0%,0,0%,0,0,0%,0,0%,4,0,0%,1,25.00%
1348,2025-08-25,D Brace,366,33,9.02%,90,24.59%,3,0,0%,1,33.33%,25,1,4.00%,2,8.00%,121,14,11.57%,39,32.23%,217,18,8.29%,48,22.12%
1349,2025-08-25,J M Turner,15,1,6.67%,3,20.00%,0,0,0%,0,0%,0,0,0%,0,0%,15,1,6.67%,3,20.00%,0,0,0%,0,0%
1350,2025-08-25,N M Bloom,0,0,0%,0,0%,0,0,0%,0,0%,0,0,0%,0,0%,0,0,0%,0,0%,0,0,0%,0,0%
1351,2025-08-25,Miss Diana Weeden,4,0,0%,0,0%,0,0,0%,0,0%,0,0,0%,0,0%,0,0,0%,0,0%,4,0,0%,0,0%
1352,2025-08-25,M Kiernan,10,0,0%,2,20.00%,0,0,0%,0,0%,3,0,0%,0,0%,1,0,0%,0,0%,6,0,0%,2,33.33%
1353,2025-08-25,D Fitzgerald,4,0,0%,0,0%,0,0,0%,0,0%,0,0,0%,0,0%,4,0,0%,0,0%,0,0,0%,0,0%
1354,2025-08-25,D Rohan,22,1,4.55%,6,27.27%,0,0,0%,0,0%,0,0,0%,0,0%,3,0,0%,1,33.33%,19,1,5.26%,5,26.32%
1355,2025-08-25,G Kelleher,117,5,4.27%,41,35.04%,0,0,0%,0,0%,15,0,0%,3,20.00%,23,3,13.04%,10,43.48%,79,2,2.53%,28,35.44%
1356,2025-08-25,Miss M L Hallahan,265,18,6.79%,69,26.04%,0,0,0%,0,0%,9,0,0%,0,0%,105,12,11.43%,26,24.76%,151,6,3.97%,43,28.48%
1357,2025-08-25,Ronald Curran,27,0,0%,2,7.41%,0,0,0%,0,0%,12,0,0%,1,8.33%,4,0,0%,0,0%,11,0,0%,1,9.09%
1358,2025-08-25,J O Clifford,265,9,3.40%,49,18.49%,0,0,0%,0,0%,70,2,2.86%,13,18.57%,57,4,7.02%,11,19.30%,138,3,2.17%,25,18.12%
1359,2025-08-25,M Ronayne,15,1,6.67%,0,0%,0,0,0%,0,0%,8,1,12.50%,0,0%,0,0,0%,0,0%,7,0,0%,0,0%
1360,2025-08-25,A Walker,10,0,0%,0,0%,0,0,0%,0,0%,10,0,0%,0,0%,0,0,0%,0,0%,0,0,0%,0,0%
1361,2025-08-25,M C Griffin,151,10,6.62%,36,23.84%,0,0,0%,0,0%,30,2,6.67%,5,16.67%,7,0,0%,1,14.29%,114,8,7.02%,30,26.32%
1362,2025-08-25,M J Murphy,32,0,0%,9,28.13%,0,0,0%,0,0%,6,0,0%,1,16.67%,12,0,0%,6,50.00%,14,0,0%,2,14.29%
1363,2025-08-25,T H Caldwell,0,0,0%,0,0%,0,0,0%,0,0%,0,0,0%,0,0%,0,0,0%,0,0%,0,0,0%,0,0%
1364,2025-08-25,G Woodward,283,17,6.01%,60,21.20%,126,11,8.73%,25,19.84%,122,5,4.10%,25,20.49%,0,0,0%,0,0%,35,1,2.86%,10,28.57%
1365,2025-08-25,J F Robinson,83,7,8.43%,11,13.25%,0,0,0%,0,0%,10,0,0%,0,0%,51,7,13.73%,11,21.57%,22,0,0%,0,0%
1366,2025-08-25,L T Reilly,9,1,11.11%,0,0%,0,0,0%,0,0%,9,1,11.11%,0,0%,0,0,0%,0,0%,0,0,0%,0,0%
1367,2025-08-25,L Winters,77,3,3.90%,11,14.29%,20,1,5.00%,3,15.00%,49,2,4.08%,7,14.29%,0,0,0%,0,0%,8,0,0%,1,12.50%
1368,2025-08-25,Sir Michael Stoute,5062,949,18.75%,2155,42.57%,1232,269,21.83%,580,47.08%,3822,678,17.74%,1573,41.16%,8,2,25.00%,2,25.00%,0,0,0%,0,0%
1369,2025-08-25,S W James,0,0,0%,0,0%,0,0,0%,0,0%,0,0,0%,0,0%,0,0,0%,0,0%,0,0,0%,0,0%
1370,2025-08-25,M J Furlong,0,0,0%,0,0%,0,0,0%,0,0%,0,0,0%,0,0%,0,0,0%,0,0%,0,0,0%,0,0%
1371,2025-08-25,S McParlan,262,17,6.49%,54,20.61%,7,0,0%,0,0%,43,4,9.30%,17,39.53%,81,8,9.88%,20,24.69%,130,5,3.85%,16,12.31%
1372,2025-08-25,J Woods,96,9,9.38%,32,33.33%,3,0,0%,0,0%,24,1,4.17%,5,20.83%,11,0,0%,4,36.36%,58,8,13.79%,23,39.66%
1373,2025-08-25,D C Griffiths,1899,150,7.90%,526,27.70%,962,86,8.94%,295,30.67%,935,64,6.84%,230,24.60%,0,0,0%,0,0%,2,0,0%,1,50.00%
1374,2025-08-25,S Ross,1,0,0%,0,0%,0,0,0%,0,0%,0,0,0%,0,0%,1,0,0%,0,0%,0,0,0%,0,0%
1375,2025-08-25,J A Danahar,6,0,0%,0,0%,0,0,0%,0,0%,0,0,0%,0,0%,5,0,0%,0,0%,1,0,0%,0,0%
1376,2025-08-25,A J Whiting,148,6,4.05%,33,22.30%,0,0,0%,0,0%,14,1,7.14%,3,21.43%,55,3,5.45%,11,20.00%,79,2,2.53%,19,24.05%
1377,2025-08-25,L Jefford,50,6,12.00%,24,48.00%,0,0,0%,0,0%,7,2,28.57%,2,28.57%,43,4,9.30%,22,51.16%,0,0,0%,0,0%
1378,2025-08-25,Mrs J E Hawkins,0,0,0%,0,0%,0,0,0%,0,0%,0,0,0%,0,0%,0,0,0%,0,0%,0,0,0%,0,0%
1379,2025-08-25,P Allen,17,0,0%,1,5.88%,4,0,0%,0,0%,7,0,0%,1,14.29%,0,0,0%,0,0%,6,0,0%,0,0%
1380,2025-08-25,R L Brown,47,1,2.13%,15,31.91%,0,0,0%,0,0%,1,0,0%,0,0%,13,0,0%,8,61.54%,33,1,3.03%,7,21.21%
1381,2025-08-25,P Tallis,100,4,4.00%,12,12.00%,12,2,16.67%,1,8.33%,88,2,2.27%,11,12.50%,0,0,0%,0,0%,0,0,0%,0,0%
1382,2025-08-25,C C Pimlott,11,5,45.45%,1,9.09%,0,0,0%,0,0%,0,0,0%,0,0%,11,5,45.45%,1,9.09%,0,0,0%,0,0%
1383,2025-08-25,V Thompson,685,29,4.23%,199,29.05%,1,0,0%,0,0%,3,0,0%,0,0%,454,26,5.73%,137,30.18%,227,3,1.32%,62,27.31%
1384,2025-08-25,Miss Katie Scott,1065,68,6.38%,315,29.58%,313,14,4.47%,101,32.27%,380,44,11.58%,94,24.74%,136,7,5.15%,54,39.71%,236,3,1.27%,66,27.97%
1385,2025-08-25,G T Sunter,2,0,0%,0,0%,0,0,0%,0,0%,0,0,0%,0,0%,2,0,0%,0,0%,0,0,0%,0,0%
1386,2025-08-25,G F White,2,0,0%,0,0%,0,0,0%,0,0%,0,0,0%,0,0%,2,0,0%,0,0%,0,0,0%,0,0%
1387,2025-08-25,D A Wood,0,0,0%,0,0%,0,0,0%,0,0%,0,0,0%,0,0%,0,0,0%,0,0%,0,0,0%,0,0%
1388,2025-08-25,Miss A Armitage,2,0,0%,1,50.00%,0,0,0%,0,0%,0,0,0%,0,0%,2,0,0%,1,50.00%,0,0,0%,0,0%
1389,2025-08-25,George R Moscrop,2,0,0%,0,0%,0,0,0%,0,0%,0,0,0%,0,0%,2,0,0%,0,0%,0,0,0%,0,0%
1390,2025-08-25,N D Tutty,1,0,0%,0,0%,0,0,0%,0,0%,0,0,0%,0,0%,1,0,0%,0,0%,0,0,0%,0,0%
1391,2025-08-25,Mrs S Sunter,23,0,0%,2,8.70%,0,0,0%,0,0%,0,0,0%,0,0%,14,0,0%,2,14.29%,9,0,0%,0,0%
1392,2025-08-25,T W Dennis,107,8,7.48%,33,30.84%,0,0,0%,0,0%,8,0,0%,2,25.00%,30,3,10.00%,9,30.00%,69,5,7.25%,22,31.88%
1393,2025-08-25,Ray Rogers,1,0,0%,0,0%,0,0,0%,0,0%,0,0,0%,0,0%,1,0,0%,0,0%,0,0,0%,0,0%
1394,2025-08-25,B S Rothwell,749,15,2.00%,150,20.03%,141,0,0%,13,9.22%,450,10,2.22%,94,20.89%,24,1,4.17%,6,25.00%,134,4,2.99%,37,27.61%
1395,2025-08-25,J L Hassett,79,6,7.59%,18,22.78%,14,0,0%,3,21.43%,45,4,8.89%,10,22.22%,12,1,8.33%,3,25.00%,8,1,12.50%,2,25.00%
1396,2025-08-25,Miss S A Finn,277,10,3.61%,38,13.72%,14,1,7.14%,4,28.57%,171,8,4.68%,28,16.37%,21,0,0%,3,14.29%,71,1,1.41%,3,4.23%
1397,2025-08-25,S bin Suroor,4389,925,21.08%,1793,40.85%,1423,385,27.06%,647,45.47%,2958,539,18.22%,1142,38.61%,5,0,0%,4,80.00%,1,0,0%,0,0%
1398,2025-08-25,M Al Zarooni,795,151,18.99%,230,28.93%,174,31,17.82%,58,33.33%,621,120,19.32%,172,27.70%,0,0,0%,0,0%,0,0,0%,0,0%
1399,2025-08-25,J J Nallen,189,22,11.64%,66,34.92%,34,1,2.94%,15,44.12%,84,12,14.29%,30,35.71%,11,3,27.27%,3,27.27%,60,6,10.00%,18,30.00%
1400,2025-08-25,Sean P Hennessy,149,1,0.67%,33,22.15%,31,0,0%,11,35.48%,60,1,1.67%,13,21.67%,10,0,0%,2,20.00%,48,0,0%,7,14.58%
1401,2025-08-25,Mrs Marilyn Scudamore,1,0,0%,0,0%,0,0,0%,0,0%,0,0,0%,0,0%,1,0,0%,0,0%,0,0,0%,0,0%
1402,2025-08-25,Miss T Pitman,0,0,0%,0,0%,0,0,0%,0,0%,0,0,0%,0,0%,0,0,0%,0,0%,0,0,0%,0,0%
1403,2025-08-25,D R Lanigan,1026,154,15.01%,365,35.58%,486,84,17.28%,188,38.68%,539,70,12.99%,177,32.84%,1,0,0%,0,0%,0,0,0%,0,0%
1404,2025-08-25,C J Teague,492,4,0.81%,76,15.45%,137,0,0%,11,8.03%,345,4,1.16%,64,18.55%,0,0,0%,0,0%,10,0,0%,1,10.00%
1405,2025-08-25,R Brabazon,397,30,7.56%,120,30.23%,52,5,9.62%,18,34.62%,332,23,6.93%,98,29.52%,0,0,0%,0,0%,13,2,15.38%,4,30.77%
1406,2025-08-25,W J Fitzpatrick,266,8,3.01%,47,17.67%,74,4,5.41%,16,21.62%,138,4,2.90%,24,17.39%,1,0,0%,0,0%,53,0,0%,7,13.21%
1407,2025-08-25,P Maddison,63,4,6.35%,11,17.46%,2,0,0%,0,0%,4,0,0%,1,25.00%,21,3,14.29%,5,23.81%,36,1,2.78%,5,13.89%
1408,2025-08-25,R D Wylie,35,0,0%,7,20.00%,7,0,0%,1,14.29%,19,0,0%,4,21.05%,2,0,0%,0,0%,7,0,0%,2,28.57%
1409,2025-08-25,C Coakley,196,10,5.10%,27,13.78%,15,0,0%,2,13.33%,69,2,2.90%,3,4.35%,71,6,8.45%,15,21.13%,41,2,4.88%,7,17.07%
1410,2025-08-25,Norman Doolin,0,0,0%,0,0%,0,0,0%,0,0%,0,0,0%,0,0%,0,0,0%,0,0%,0,0,0%,0,0%
1411,2025-08-25,Seamus Larkin,33,1,3.03%,3,9.09%,0,0,0%,0,0%,9,0,0%,0,0%,8,1,12.50%,1,12.50%,16,0,0%,2,12.50%
1412,2025-08-25,D E Prendergast,71,2,2.82%,11,15.49%,0,0,0%,0,0%,6,0,0%,0,0%,27,1,3.70%,7,25.93%,38,1,2.63%,4,10.53%
1413,2025-08-25,Mrs J Marles,11,0,0%,3,27.27%,0,0,0%,0,0%,1,0,0%,1,100.00%,10,0,0%,2,20.00%,0,0,0%,0,0%
1414,2025-08-25,Mrs S P Stretton,0,0,0%,0,0%,0,0,0%,0,0%,0,0,0%,0,0%,0,0,0%,0,0%,0,0,0%,0,0%
1415,2025-08-25,E P Mitchell,81,0,0%,10,12.35%,1,0,0%,0,0%,26,0,0%,2,7.69%,1,0,0%,0,0%,53,0,0%,8,15.09%
1416,2025-08-25,David J McGrath,43,2,4.65%,22,51.16%,0,0,0%,0,0%,7,0,0%,4,57.14%,23,1,4.35%,14,60.87%,13,1,7.69%,4,30.77%
1417,2025-08-25,J Devereux,27,0,0%,4,14.81%,0,0,0%,0,0%,11,0,0%,0,0%,0,0,0%,0,0%,16,0,0%,4,25.00%
1418,2025-08-25,Mrs M Stirk,5,1,20.00%,0,0%,0,0,0%,0,0%,0,0,0%,0,0%,5,1,20.00%,0,0%,0,0,0%,0,0%
1419,2025-08-25,Miss M P Bryant,72,1,1.39%,24,33.33%,0,0,0%,0,0%,0,0,0%,0,0%,21,0,0%,10,47.62%,51,1,1.96%,14,27.45%
1420,2025-08-25,Mrs H E Rees,66,3,4.55%,16,24.24%,0,0,0%,0,0%,0,0,0%,0,0%,21,2,9.52%,7,33.33%,45,1,2.22%,9,20.00%
1421,2025-08-25,J R Payne,25,3,12.00%,7,28.00%,0,0,0%,0,0%,0,0,0%,0,0%,23,3,13.04%,7,30.43%,2,0,0%,0,0%
1422,2025-08-25,Luke Price,8,0,0%,3,37.50%,0,0,0%,0,0%,0,0,0%,0,0%,8,0,0%,3,37.50%,0,0,0%,0,0%
1423,2025-08-25,E George,0,0,0%,0,0%,0,0,0%,0,0%,0,0,0%,0,0%,0,0,0%,0,0%,0,0,0%,0,0%
1424,2025-08-25,Mrs C L Taylor,0,0,0%,0,0%,0,0,0%,0,0%,0,0,0%,0,0%,0,0,0%,0,0%,0,0,0%,0,0%
1425,2025-08-25,M S Burman,3,0,0%,0,0%,0,0,0%,0,0%,0,0,0%,0,0%,3,0,0%,0,0%,0,0,0%,0,0%
1426,2025-08-25,N Thomas,0,0,0%,0,0%,0,0,0%,0,0%,0,0,0%,0,0%,0,0,0%,0,0%,0,0,0%,0,0%
1427,2025-08-25,Miss C J MacMahon,16,3,18.75%,3,18.75%,0,0,0%,0,0%,1,1,100.00%,0,0%,9,2,22.22%,3,33.33%,6,0,0%,0,0%
1428,2025-08-25,R C Harper,163,4,2.45%,37,22.70%,1,0,0%,0,0%,1,0,0%,0,0%,97,4,4.12%,24,24.74%,64,0,0%,13,20.31%
1429,2025-08-25,W J Warner,0,0,0%,0,0%,0,0,0%,0,0%,0,0,0%,0,0%,0,0,0%,0,0%,0,0,0%,0,0%
1430,2025-08-25,Phillip Rowley,113,24,21.24%,42,37.17%,0,0,0%,0,0%,7,0,0%,2,28.57%,106,24,22.64%,40,37.74%,0,0,0%,0,0%
1431,2025-08-25,G P Cromwell,6796,720,10.59%,1816,26.72%,557,51,9.16%,171,30.70%,1913,180,9.41%,548,28.65%,1366,170,12.45%,345,25.26%,2960,319,10.78%,752,25.41%
1432,2025-08-25,John Hagan,99,3,3.03%,20,20.20%,27,1,3.70%,6,22.22%,41,2,4.88%,8,19.51%,7,0,0%,2,28.57%,24,0,0%,4,16.67%
1433,2025-08-25,John Bleahen,1,0,0%,1,100.00%,0,0,0%,0,0%,1,0,0%,1,100.00%,0,0,0%,0,0%,0,0,0%,0,0%
1434,2025-08-25,W Clay,7,0,0%,2,28.57%,0,0,0%,0,0%,0,0,0%,0,0%,0,0,0%,0,0%,7,0,0%,2,28.57%
1435,2025-08-25,Mrs V Dobbin,3,0,0%,1,33.33%,0,0,0%,0,0%,0,0,0%,0,0%,3,0,0%,1,33.33%,0,0,0%,0,0%
1436,2025-08-25,Miss F Slevin,137,6,4.38%,38,27.74%,0,0,0%,0,0%,28,2,7.14%,13,46.43%,34,0,0%,11,32.35%,75,4,5.33%,14,18.67%
1437,2025-08-25,W Davies,17,2,11.76%,7,41.18%,0,0,0%,0,0%,0,0,0%,0,0%,14,2,14.29%,7,50.00%,3,0,0%,0,0%
1438,2025-08-25,William Vaughan,5,2,40.00%,1,20.00%,0,0,0%,0,0%,0,0,0%,0,0%,5,2,40.00%,1,20.00%,0,0,0%,0,0%
1439,2025-08-25,E R Clough,12,0,0%,4,33.33%,0,0,0%,0,0%,0,0,0%,0,0%,12,0,0%,4,33.33%,0,0,0%,0,0%
1440,2025-08-25,R E Luke,35,5,14.29%,12,34.29%,0,0,0%,0,0%,3,0,0%,0,0%,24,5,20.83%,11,45.83%,8,0,0%,1,12.50%
1441,2025-08-25,R W J Willcox,19,0,0%,5,26.32%,0,0,0%,0,0%,0,0,0%,0,0%,19,0,0%,5,26.32%,0,0,0%,0,0%
1442,2025-08-25,Miss M Ree,0,0,0%,0,0%,0,0,0%,0,0%,0,0,0%,0,0%,0,0,0%,0,0%,0,0,0%,0,0%
1443,2025-08-25,Miss Price,2,0,0%,2,100.00%,0,0,0%,0,0%,0,0,0%,0,0%,2,0,0%,2,100.00%,0,0,0%,0,0%
1444,2025-08-25,P D Williams,0,0,0%,0,0%,0,0,0%,0,0%,0,0,0%,0,0%,0,0,0%,0,0%,0,0,0%,0,0%
1445,2025-08-25,D L Williams,503,19,3.78%,149,29.62%,22,0,0%,0,0%,40,0,0%,4,10.00%,276,15,5.43%,114,41.30%,165,4,2.42%,31,18.79%
1446,2025-08-25,Miss C Baylis,0,0,0%,0,0%,0,0,0%,0,0%,0,0,0%,0,0%,0,0,0%,0,0%,0,0,0%,0,0%
1447,2025-08-25,Mrs B Powell,0,0,0%,0,0%,0,0,0%,0,0%,0,0,0%,0,0%,0,0,0%,0,0%,0,0,0%,0,0%
1448,2025-08-25,Ms Emma Oliver,42,9,21.43%,12,28.57%,0,0,0%,0,0%,0,0,0%,0,0%,42,9,21.43%,12,28.57%,0,0,0%,0,0%
1449,2025-08-25,Mrs R Atkinson,0,0,0%,0,0%,0,0,0%,0,0%,0,0,0%,0,0%,0,0,0%,0,0%,0,0,0%,0,0%
1450,2025-08-25,Mrs Newton,0,0,0%,0,0%,0,0,0%,0,0%,0,0,0%,0,0%,0,0,0%,0,0%,0,0,0%,0,0%
1451,2025-08-25,R Kehoe,4,0,0%,0,0%,0,0,0%,0,0%,0,0,0%,0,0%,3,0,0%,0,0%,1,0,0%,0,0%
1452,2025-08-25,D A O'Brien,45,1,2.22%,5,11.11%,0,0,0%,0,0%,8,0,0%,0,0%,7,0,0%,1,14.29%,30,1,3.33%,4,13.33%
1453,2025-08-25,J R Robinson,3,0,0%,0,0%,0,0,0%,0,0%,0,0,0%,0,0%,3,0,0%,0,0%,0,0,0%,0,0%
1454,2025-08-25,P M Quinlan,36,1,2.78%,10,27.78%,0,0,0%,0,0%,14,0,0%,6,42.86%,3,0,0%,1,33.33%,19,1,5.26%,3,15.79%
1455,2025-08-25,Miss T L Cogan,168,5,2.98%,24,14.29%,10,1,10.00%,0,0%,88,4,4.55%,16,18.18%,11,0,0%,0,0%,59,0,0%,8,13.56%
1456,2025-08-25,T E Hyde,131,20,15.27%,54,41.22%,0,0,0%,0,0%,74,12,16.22%,35,47.30%,15,1,6.67%,4,26.67%,42,7,16.67%,15,35.71%
1457,2025-08-25,R Hannon Senior,370,61,16.49%,108,29.19%,38,6,15.79%,12,31.58%,332,55,16.57%,96,28.92%,0,0,0%,0,0%,0,0,0%,0,0%
1458,2025-08-25,Sir H R A Cecil,87,19,21.84%,25,28.74%,6,1,16.67%,2,33.33%,81,18,22.22%,23,28.40%,0,0,0%,0,0%,0,0,0%,0,0%
1459,2025-08-25,G T Hourigan,45,2,4.44%,11,24.44%,0,0,0%,0,0%,30,2,6.67%,8,26.67%,0,0,0%,0,0%,15,0,0%,3,20.00%
1460,2025-08-25,John Buxton,16,1,6.25%,6,37.50%,0,0,0%,0,0%,0,0,0%,0,0%,16,1,6.25%,6,37.50%,0,0,0%,0,0%
1461,2025-08-25,T M Stephenson,0,0,0%,0,0%,0,0,0%,0,0%,0,0,0%,0,0%,0,0,0%,0,0%,0,0,0%,0,0%
1462,2025-08-25,K A Nelmes,0,0,0%,0,0%,0,0,0%,0,0%,0,0,0%,0,0%,0,0,0%,0,0%,0,0,0%,0,0%
1463,2025-08-25,T B P Coles,217,15,6.91%,44,20.28%,126,9,7.14%,22,17.46%,83,6,7.23%,21,25.30%,0,0,0%,0,0%,8,0,0%,1,12.50%
1464,2025-08-25,P F Holmes,1007,47,4.67%,301,29.89%,224,7,3.13%,78,34.82%,557,29,5.21%,162,29.08%,92,9,9.78%,31,33.70%,134,2,1.49%,30,22.39%
1465,2025-08-25,Mrs N Smith,0,0,0%,0,0%,0,0,0%,0,0%,0,0,0%,0,0%,0,0,0%,0,0%,0,0,0%,0,0%
1466,2025-08-25,Mrs M Evans,64,3,4.69%,20,31.25%,0,0,0%,0,0%,0,0,0%,0,0%,30,2,6.67%,14,46.67%,34,1,2.94%,6,17.65%
1467,2025-08-25,Mrs S M Johnson,83,10,12.05%,30,36.14%,1,0,0%,0,0%,6,0,0%,1,16.67%,35,6,17.14%,16,45.71%,41,4,9.76%,13,31.71%
1468,2025-08-25,Mrs J Quinlan,3,2,66.67%,0,0%,0,0,0%,0,0%,0,0,0%,0,0%,3,2,66.67%,0,0%,0,0,0%,0,0%
1469,2025-08-25,Martin Ward,3,0,0%,1,33.33%,0,0,0%,0,0%,0,0,0%,0,0%,3,0,0%,1,33.33%,0,0,0%,0,0%
1470,2025-08-25,Miss Katie Thory,3,0,0%,0,0%,0,0,0%,0,0%,0,0,0%,0,0%,3,0,0%,0,0%,0,0,0%,0,0%
1471,2025-08-25,M G Holden,2,0,0%,0,0%,0,0,0%,0,0%,0,0,0%,0,0%,0,0,0%,0,0%,2,0,0%,0,0%
1472,2025-08-25,D J Ryan,158,2,1.27%,23,14.56%,5,0,0%,1,20.00%,36,0,0%,3,8.33%,56,1,1.79%,15,26.79%,61,1,1.64%,4,6.56%
1473,2025-08-25,R P O'Keeffe,113,8,7.08%,17,15.04%,12,0,0%,1,8.33%,42,2,4.76%,1,2.38%,48,5,10.42%,15,31.25%,11,1,9.09%,0,0%
1474,2025-08-25,P M Verling,25,0,0%,1,4.00%,9,0,0%,0,0%,12,0,0%,1,8.33%,1,0,0%,0,0%,3,0,0%,0,0%
1475,2025-08-25,V Clifford,101,5,4.95%,12,11.88%,6,0,0%,1,16.67%,71,5,7.04%,10,14.08%,0,0,0%,0,0%,24,0,0%,1,4.17%
1476,2025-08-25,D Coffey,80,12,15.00%,37,46.25%,0,0,0%,0,0%,33,4,12.12%,14,42.42%,4,0,0%,1,25.00%,43,8,18.60%,22,51.16%
1477,2025-08-25,E Hughes,21,0,0%,1,4.76%,3,0,0%,0,0%,17,0,0%,1,5.88%,0,0,0%,0,0%,1,0,0%,0,0%
1478,2025-08-25,W Durkan,406,25,6.16%,91,22.41%,63,1,1.59%,18,28.57%,163,7,4.29%,31,19.02%,32,4,12.50%,10,31.25%,148,13,8.78%,32,21.62%
1479,2025-08-25,A Daly,24,0,0%,2,8.33%,2,0,0%,0,0%,17,0,0%,2,11.76%,2,0,0%,0,0%,3,0,0%,0,0%
1480,2025-08-25,I M Mason,20,1,5.00%,9,45.00%,0,0,0%,0,0%,1,0,0%,0,0%,19,1,5.26%,9,47.37%,0,0,0%,0,0%
1481,2025-08-25,Alistair Bell,1,1,100.00%,0,0%,0,0,0%,0,0%,0,0,0%,0,0%,1,1,100.00%,0,0%,0,0,0%,0,0%
1482,2025-08-25,Mrs Sheena Walton,223,11,4.93%,38,17.04%,4,0,0%,0,0%,11,0,0%,1,9.09%,74,5,6.76%,18,24.32%,134,6,4.48%,19,14.18%
1483,2025-08-25,Miss Lucinda Broad,1,0,0%,0,0%,0,0,0%,0,0%,0,0,0%,0,0%,1,0,0%,0,0%,0,0,0%,0,0%
1484,2025-08-25,M Delzangles,26,0,0%,9,34.62%,0,0,0%,0,0%,26,0,0%,9,34.62%,0,0,0%,0,0%,0,0,0%,0,0%
1485,2025-08-25,Mrs O Byrne,21,0,0%,8,38.10%,6,0,0%,3,50.00%,9,0,0%,3,33.33%,0,0,0%,0,0%,6,0,0%,2,33.33%
1486,2025-08-25,M P Collins,7,1,14.29%,1,14.29%,0,0,0%,0,0%,4,1,25.00%,1,25.00%,0,0,0%,0,0%,3,0,0%,0,0%
1487,2025-08-25,S K Ryder,442,21,4.75%,93,21.04%,29,1,3.45%,3,10.34%,93,7,7.53%,21,22.58%,102,6,5.88%,31,30.39%,218,7,3.21%,38,17.43%
1488,2025-08-25,G Murphy,34,2,5.88%,8,23.53%,0,0,0%,0,0%,5,0,0%,0,0%,1,0,0%,0,0%,28,2,7.14%,8,28.57%
1489,2025-08-25,P M Lynch,57,4,7.02%,13,22.81%,0,0,0%,0,0%,9,0,0%,1,11.11%,2,1,50.00%,0,0%,46,3,6.52%,12,26.09%
1490,2025-08-25,Mme C Head-Maarek,2,0,0%,1,50.00%,0,0,0%,0,0%,2,0,0%,1,50.00%,0,0,0%,0,0%,0,0,0%,0,0%
1491,2025-08-25,G M O'Neill,43,2,4.65%,14,32.56%,0,0,0%,0,0%,11,0,0%,4,36.36%,15,0,0%,3,20.00%,17,2,11.76%,7,41.18%
1492,2025-08-25,M Kenirons,17,0,0%,2,11.76%,0,0,0%,0,0%,3,0,0%,1,33.33%,3,0,0%,0,0%,11,0,0%,1,9.09%
1493,2025-08-25,Mrs M Whelehan,48,0,0%,1,2.08%,0,0,0%,0,0%,27,0,0%,1,3.70%,0,0,0%,0,0%,21,0,0%,0,0%
1494,2025-08-25,P g Coffey,98,4,4.08%,7,7.14%,0,0,0%,0,0%,10,0,0%,0,0%,28,2,7.14%,2,7.14%,60,2,3.33%,5,8.33%
1495,2025-08-25,J Clarke,1,0,0%,0,0%,0,0,0%,0,0%,1,0,0%,0,0%,0,0,0%,0,0%,0,0,0%,0,0%
1496,2025-08-25,Louise Best,53,1,1.89%,11,20.75%,42,1,2.38%,9,21.43%,11,0,0%,2,18.18%,0,0,0%,0,0%,0,0,0%,0,0%
1497,2025-08-25,P Charalambous,425,54,12.71%,127,29.88%,191,22,11.52%,57,29.84%,229,32,13.97%,70,30.57%,1,0,0%,0,0%,4,0,0%,0,0%
1498,2025-08-25,W T Farrell,415,42,10.12%,98,23.61%,64,9,14.06%,14,21.88%,351,33,9.40%,84,23.93%,0,0,0%,0,0%,0,0,0%,0,0%
1499,2025-08-25,D P Kelly,26,2,7.69%,6,23.08%,3,0,0%,0,0%,18,2,11.11%,4,22.22%,0,0,0%,0,0%,5,0,0%,2,40.00%
1500,2025-08-25,Jane M Foley,321,13,4.05%,84,26.17%,126,8,6.35%,40,31.75%,191,5,2.62%,44,23.04%,0,0,0%,0,0%,4,0,0%,0,0%
1501,2025-08-25,I J Keeling,11,0,0%,0,0%,0,0,0%,0,0%,5,0,0%,0,0%,0,0,0%,0,0%,6,0,0%,0,0%
1502,2025-08-25,T O'Neill,45,0,0%,4,8.89%,3,0,0%,0,0%,13,0,0%,2,15.38%,2,0,0%,1,50.00%,27,0,0%,1,3.70%
1503,2025-08-25,Ms A M Kent,0,0,0%,0,0%,0,0,0%,0,0%,0,0,0%,0,0%,0,0,0%,0,0%,0,0,0%,0,0%
1504,2025-08-25,E Tyrrell,0,0,0%,0,0%,0,0,0%,0,0%,0,0,0%,0,0%,0,0,0%,0,0%,0,0,0%,0,0%
1505,2025-08-25,B F Murphy,17,0,0%,5,29.41%,0,0,0%,0,0%,5,0,0%,2,40.00%,9,0,0%,3,33.33%,3,0,0%,0,0%
1506,2025-08-25,J F Brennan,39,4,10.26%,6,15.38%,0,0,0%,0,0%,6,0,0%,0,0%,13,1,7.69%,2,15.38%,20,3,15.00%,4,20.00%
1507,2025-08-25,J Halpin,74,2,2.70%,13,17.57%,9,0,0%,0,0%,38,0,0%,7,18.42%,13,1,7.69%,3,23.08%,14,1,7.14%,3,21.43%
1508,2025-08-25,Miss M C Wilson,17,0,0%,1,5.88%,1,0,0%,0,0%,4,0,0%,1,25.00%,0,0,0%,0,0%,12,0,0%,0,0%
1509,2025-08-25,Mrs N Frost,1,0,0%,0,0%,0,0,0%,0,0%,1,0,0%,0,0%,0,0,0%,0,0%,0,0,0%,0,0%
1510,2025-08-25,Mrs K M Sanderson,66,3,4.55%,28,42.42%,0,0,0%,0,0%,10,0,0%,3,30.00%,25,1,4.00%,12,48.00%,31,2,6.45%,13,41.94%
1511,2025-08-25,Miss G Langley,0,0,0%,0,0%,0,0,0%,0,0%,0,0,0%,0,0%,0,0,0%,0,0%,0,0,0%,0,0%
1512,2025-08-25,Mrs Diane Wilson,0,0,0%,0,0%,0,0,0%,0,0%,0,0,0%,0,0%,0,0,0%,0,0%,0,0,0%,0,0%
1513,2025-08-25,Mrs Cowley,0,0,0%,0,0%,0,0,0%,0,0%,0,0,0%,0,0%,0,0,0%,0,0%,0,0,0%,0,0%
1514,2025-08-25,Liam J Clancy,14,0,0%,5,35.71%,0,0,0%,0,0%,3,0,0%,2,66.67%,7,0,0%,2,28.57%,4,0,0%,1,25.00%
1515,2025-08-25,Mrs K Heard,9,0,0%,3,33.33%,0,0,0%,0,0%,0,0,0%,0,0%,9,0,0%,3,33.33%,0,0,0%,0,0%
1516,2025-08-25,A F Gorman,2,0,0%,0,0%,0,0,0%,0,0%,0,0,0%,0,0%,2,0,0%,0,0%,0,0,0%,0,0%
1517,2025-08-25,Miss L Thomas,30,7,23.33%,9,30.00%,0,0,0%,0,0%,0,0,0%,0,0%,30,7,23.33%,9,30.00%,0,0,0%,0,0%
1518,2025-08-25,S Joynes,1,0,0%,0,0%,0,0,0%,0,0%,0,0,0%,0,0%,1,0,0%,0,0%,0,0,0%,0,0%
1519,2025-08-25,Miss I H Pickard,126,6,4.76%,26,20.63%,25,1,4.00%,4,16.00%,39,3,7.69%,13,33.33%,9,0,0%,2,22.22%,53,2,3.77%,7,13.21%
1520,2025-08-25,Miss E Alvis,6,2,33.33%,1,16.67%,0,0,0%,0,0%,0,0,0%,0,0%,6,2,33.33%,1,16.67%,0,0,0%,0,0%
1521,2025-08-25,Mrs K Hobbs,4,0,0%,3,75.00%,0,0,0%,0,0%,0,0,0%,0,0%,4,0,0%,3,75.00%,0,0,0%,0,0%
1522,2025-08-25,Miss S Sharratt,8,0,0%,0,0%,0,0,0%,0,0%,0,0,0%,0,0%,8,0,0%,0,0%,0,0,0%,0,0%
1523,2025-08-25,Marc Barber,83,4,4.82%,14,16.87%,0,0,0%,0,0%,17,0,0%,2,11.76%,18,3,16.67%,3,16.67%,48,1,2.08%,9,18.75%
1524,2025-08-25,J P Ferguson,885,222,25.08%,359,40.56%,1,0,0%,1,100.00%,94,33,35.11%,37,39.36%,112,17,15.18%,48,42.86%,678,172,25.37%,273,40.27%
1525,2025-08-25,David Phelan,22,2,9.09%,7,31.82%,0,0,0%,0,0%,1,0,0%,0,0%,21,2,9.52%,7,33.33%,0,0,0%,0,0%
1526,2025-08-25,D H Llewellyn,7,1,14.29%,2,28.57%,0,0,0%,0,0%,0,0,0%,0,0%,7,1,14.29%,2,28.57%,0,0,0%,0,0%
1527,2025-08-25,N J Phillips,0,0,0%,0,0%,0,0,0%,0,0%,0,0,0%,0,0%,0,0,0%,0,0%,0,0,0%,0,0%
1528,2025-08-25,Craig Pilgrim,0,0,0%,0,0%,0,0,0%,0,0%,0,0,0%,0,0%,0,0,0%,0,0%,0,0,0%,0,0%
1529,2025-08-25,Miss Crew,0,0,0%,0,0%,0,0,0%,0,0%,0,0,0%,0,0%,0,0,0%,0,0%,0,0,0%,0,0%
1530,2025-08-25,Mrs Nicola Sheppard,11,2,18.18%,2,18.18%,0,0,0%,0,0%,0,0,0%,0,0%,11,2,18.18%,2,18.18%,0,0,0%,0,0%
1531,2025-08-25,Mrs Edward Crow,53,16,30.19%,14,26.42%,0,0,0%,0,0%,2,2,100.00%,0,0%,51,14,27.45%,14,27.45%,0,0,0%,0,0%
1532,2025-08-25,Miss G Stephens,0,0,0%,0,0%,0,0,0%,0,0%,0,0,0%,0,0%,0,0,0%,0,0%,0,0,0%,0,0%
1533,2025-08-25,Mrs H L Needham,1,0,0%,0,0%,0,0,0%,0,0%,1,0,0%,0,0%,0,0,0%,0,0%,0,0,0%,0,0%
1534,2025-08-25,Paul Blagg,2,0,0%,0,0%,0,0,0%,0,0%,0,0,0%,0,0%,2,0,0%,0,0%,0,0,0%,0,0%
1535,2025-08-25,Mrs W Hamilton,15,4,26.67%,4,26.67%,0,0,0%,0,0%,0,0,0%,0,0%,15,4,26.67%,4,26.67%,0,0,0%,0,0%
1536,2025-08-25,R A Wilson,4,0,0%,0,0%,0,0,0%,0,0%,0,0,0%,0,0%,4,0,0%,0,0%,0,0,0%,0,0%
1537,2025-08-25,Mrs J Martin-mayland,11,0,0%,2,18.18%,0,0,0%,0,0%,0,0,0%,0,0%,11,0,0%,2,18.18%,0,0,0%,0,0%
1538,2025-08-25,C R Whittaker,63,7,11.11%,23,36.51%,0,0,0%,0,0%,6,0,0%,2,33.33%,32,5,15.63%,11,34.38%,25,2,8.00%,10,40.00%
1539,2025-08-25,J Heard,23,3,13.04%,7,30.43%,0,0,0%,0,0%,0,0,0%,0,0%,23,3,13.04%,7,30.43%,0,0,0%,0,0%
1540,2025-08-25,Mrs R Ford,465,18,3.87%,123,26.45%,24,0,0%,8,33.33%,53,0,0%,9,16.98%,241,15,6.22%,83,34.44%,147,3,2.04%,23,15.65%
1541,2025-08-25,Miss L Alner,0,0,0%,0,0%,0,0,0%,0,0%,0,0,0%,0,0%,0,0,0%,0,0%,0,0,0%,0,0%
1542,2025-08-25,Miss S L Gould,8,0,0%,3,37.50%,0,0,0%,0,0%,0,0,0%,0,0%,8,0,0%,3,37.50%,0,0,0%,0,0%
1543,2025-08-25,Mrs Angela Davis,12,0,0%,2,16.67%,0,0,0%,0,0%,1,0,0%,0,0%,3,0,0%,1,33.33%,8,0,0%,1,12.50%
1544,2025-08-25,J Browne,0,0,0%,0,0%,0,0,0%,0,0%,0,0,0%,0,0%,0,0,0%,0,0%,0,0,0%,0,0%
1545,2025-08-25,Anthony Costello,18,0,0%,0,0%,0,0,0%,0,0%,5,0,0%,0,0%,0,0,0%,0,0%,13,0,0%,0,0%
1546,2025-08-25,Miss D Clarke,1,0,0%,0,0%,0,0,0%,0,0%,0,0,0%,0,0%,1,0,0%,0,0%,0,0,0%,0,0%
1547,2025-08-25,Mrs Helen Sheehy,7,0,0%,1,14.29%,0,0,0%,0,0%,2,0,0%,0,0%,5,0,0%,1,20.00%,0,0,0%,0,0%
1548,2025-08-25,A De Royer Dupre,35,5,14.29%,20,57.14%,2,0,0%,2,100.00%,33,5,15.15%,18,54.55%,0,0,0%,0,0%,0,0,0%,0,0%
1549,2025-08-25,M A Buckley,80,5,6.25%,22,27.50%,29,1,3.45%,13,44.83%,51,4,7.84%,9,17.65%,0,0,0%,0,0%,0,0,0%,0,0%
1550,2025-08-25,O Weldon,15,0,0%,3,20.00%,11,0,0%,3,27.27%,4,0,0%,0,0%,0,0,0%,0,0%,0,0,0%,0,0%
1551,2025-08-25,J W Byrne,19,1,5.26%,5,26.32%,0,0,0%,0,0%,3,0,0%,0,0%,4,0,0%,1,25.00%,12,1,8.33%,4,33.33%
1552,2025-08-25,D Kinsella,769,31,4.03%,113,14.69%,146,4,2.74%,21,14.38%,468,23,4.91%,70,14.96%,3,0,0%,0,0%,152,4,2.63%,22,14.47%
1553,2025-08-25,Miss Pearson,2,0,0%,0,0%,0,0,0%,0,0%,0,0,0%,0,0%,2,0,0%,0,0%,0,0,0%,0,0%
1554,2025-08-25,P T Flavin,128,4,3.13%,23,17.97%,1,0,0%,0,0%,10,0,0%,3,30.00%,32,1,3.13%,2,6.25%,85,3,3.53%,18,21.18%
1555,2025-08-25,N Henley,103,1,0.97%,17,16.50%,5,0,0%,1,20.00%,48,0,0%,5,10.42%,30,1,3.33%,6,20.00%,20,0,0%,5,25.00%
1556,2025-08-25,P D Purdy,22,0,0%,0,0%,6,0,0%,0,0%,4,0,0%,0,0%,0,0,0%,0,0%,12,0,0%,0,0%
1557,2025-08-25,W Hayes,159,2,1.26%,16,10.06%,2,0,0%,0,0%,33,0,0%,1,3.03%,5,0,0%,1,20.00%,119,2,1.68%,14,11.76%
1558,2025-08-25,Joseph O'brien,9,0,0%,0,0%,0,0,0%,0,0%,1,0,0%,0,0%,0,0,0%,0,0%,8,0,0%,0,0%
1559,2025-08-25,J H Berwick,30,1,3.33%,3,10.00%,0,0,0%,0,0%,0,0,0%,0,0%,3,0,0%,0,0%,27,1,3.70%,3,11.11%
1560,2025-08-25,K P Cotter,987,84,8.51%,210,21.28%,311,29,9.32%,79,25.40%,665,55,8.27%,131,19.70%,0,0,0%,0,0%,11,0,0%,0,0%
1561,2025-08-25,G C Evans,1,0,0%,0,0%,0,0,0%,0,0%,0,0,0%,0,0%,1,0,0%,0,0%,0,0,0%,0,0%
1562,2025-08-25,Paul Goldsworthy,0,0,0%,0,0%,0,0,0%,0,0%,0,0,0%,0,0%,0,0,0%,0,0%,0,0,0%,0,0%
1563,2025-08-25,C Dawson,18,2,11.11%,5,27.78%,0,0,0%,0,0%,0,0,0%,0,0%,18,2,11.11%,5,27.78%,0,0,0%,0,0%
1564,2025-08-25,Miss Bianca Dunk,14,1,7.14%,5,35.71%,0,0,0%,0,0%,0,0,0%,0,0%,14,1,7.14%,5,35.71%,0,0,0%,0,0%
1565,2025-08-25,Mrs V J Makin,13,3,23.08%,2,15.38%,0,0,0%,0,0%,2,0,0%,0,0%,3,1,33.33%,1,33.33%,8,2,25.00%,1,12.50%
1566,2025-08-25,Martin Peaty,14,0,0%,2,14.29%,0,0,0%,0,0%,1,0,0%,1,100.00%,13,0,0%,1,7.69%,0,0,0%,0,0%
1567,2025-08-25,Miss H L Phizacklea,0,0,0%,0,0%,0,0,0%,0,0%,0,0,0%,0,0%,0,0,0%,0,0%,0,0,0%,0,0%
1568,2025-08-25,M J Colfer,0,0,0%,0,0%,0,0,0%,0,0%,0,0,0%,0,0%,0,0,0%,0,0%,0,0,0%,0,0%
1569,2025-08-25,Mrs N Naughton,10,0,0%,4,40.00%,0,0,0%,0,0%,0,0,0%,0,0%,10,0,0%,4,40.00%,0,0,0%,0,0%
1570,2025-08-25,Miss S Klug,6,0,0%,2,33.33%,0,0,0%,0,0%,0,0,0%,0,0%,6,0,0%,2,33.33%,0,0,0%,0,0%
1571,2025-08-25,S R Andrews,23,3,13.04%,8,34.78%,0,0,0%,0,0%,0,0,0%,0,0%,23,3,13.04%,8,34.78%,0,0,0%,0,0%
1572,2025-08-25,Miss Jane Mathias,68,3,4.41%,25,36.76%,0,0,0%,0,0%,5,0,0%,3,60.00%,15,0,0%,5,33.33%,48,3,6.25%,17,35.42%
1573,2025-08-25,F Dunne,61,4,6.56%,24,39.34%,9,0,0%,3,33.33%,52,4,7.69%,21,40.38%,0,0,0%,0,0%,0,0,0%,0,0%
1574,2025-08-25,Jane Southcombe,0,0,0%,0,0%,0,0,0%,0,0%,0,0,0%,0,0%,0,0,0%,0,0%,0,0,0%,0,0%
1575,2025-08-25,J B McCabe,93,4,4.30%,13,13.98%,17,0,0%,0,0%,76,4,5.26%,13,17.11%,0,0,0%,0,0%,0,0,0%,0,0%
1576,2025-08-25,N Brett,74,4,5.41%,14,18.92%,0,0,0%,0,0%,0,0,0%,0,0%,13,0,0%,3,23.08%,61,4,6.56%,11,18.03%
1577,2025-08-25,R S Wood,0,0,0%,0,0%,0,0,0%,0,0%,0,0,0%,0,0%,0,0,0%,0,0%,0,0,0%,0,0%
1578,2025-08-25,Mrs G Bryan,2,0,0%,0,0%,0,0,0%,0,0%,0,0,0%,0,0%,2,0,0%,0,0%,0,0,0%,0,0%
1579,2025-08-25,Miss A Smith-maxwell,0,0,0%,0,0%,0,0,0%,0,0%,0,0,0%,0,0%,0,0,0%,0,0%,0,0,0%,0,0%
1580,2025-08-25,Paul King,3,1,33.33%,0,0%,0,0,0%,0,0%,0,0,0%,0,0%,3,1,33.33%,0,0%,0,0,0%,0,0%
1581,2025-08-25,J M Dun,0,0,0%,0,0%,0,0,0%,0,0%,0,0,0%,0,0%,0,0,0%,0,0%,0,0,0%,0,0%
1582,2025-08-25,Miss J M Ross,4,0,0%,0,0%,0,0,0%,0,0%,0,0,0%,0,0%,0,0,0%,0,0%,4,0,0%,0,0%
1583,2025-08-25,T Glass,0,0,0%,0,0%,0,0,0%,0,0%,0,0,0%,0,0%,0,0,0%,0,0%,0,0,0%,0,0%
1584,2025-08-25,V Robinson,13,0,0%,0,0%,0,0,0%,0,0%,6,0,0%,0,0%,1,0,0%,0,0%,6,0,0%,0,0%
1585,2025-08-25,N C Kelly,1541,127,8.24%,323,20.96%,175,16,9.14%,24,13.71%,225,14,6.22%,44,19.56%,190,24,12.63%,60,31.58%,951,73,7.68%,195,20.50%
1586,2025-08-25,L P Grassick,41,1,2.44%,5,12.20%,0,0,0%,0,0%,7,0,0%,0,0%,3,0,0%,1,33.33%,31,1,3.23%,4,12.90%
1587,2025-08-25,Mrs A C Hamilton,541,41,7.58%,142,26.25%,56,8,14.29%,10,17.86%,33,0,0%,7,21.21%,187,20,10.70%,61,32.62%,265,13,4.91%,64,24.15%
1588,2025-08-25,Mr W M Smith,15,2,13.33%,4,26.67%,2,0,0%,0,0%,13,2,15.38%,4,30.77%,0,0,0%,0,0%,0,0,0%,0,0%
1589,2025-08-25,A De Mieulle,5,0,0%,2,40.00%,0,0,0%,0,0%,5,0,0%,2,40.00%,0,0,0%,0,0%,0,0,0%,0,0%
1590,2025-08-25,Mrs R Weissmeier,2,0,0%,0,0%,0,0,0%,0,0%,2,0,0%,0,0%,0,0,0%,0,0%,0,0,0%,0,0%
1591,2025-08-25,Mrs C Genburg,0,0,0%,0,0%,0,0,0%,0,0%,0,0,0%,0,0%,0,0,0%,0,0%,0,0,0%,0,0%
1592,2025-08-25,G Stanley,38,4,10.53%,7,18.42%,0,0,0%,0,0%,1,0,0%,0,0%,12,0,0%,1,8.33%,25,4,16.00%,6,24.00%
1593,2025-08-25,D Pugh,17,0,0%,3,17.65%,0,0,0%,0,0%,2,0,0%,0,0%,5,0,0%,3,60.00%,10,0,0%,0,0%
1594,2025-08-25,D Frankland,125,1,0.80%,36,28.80%,0,0,0%,0,0%,4,0,0%,0,0%,55,0,0%,23,41.82%,66,1,1.52%,13,19.70%
1595,2025-08-25,James Richardson,2,0,0%,0,0%,0,0,0%,0,0%,0,0,0%,0,0%,2,0,0%,0,0%,0,0,0%,0,0%
1596,2025-08-25,Miss K Young,0,0,0%,0,0%,0,0,0%,0,0%,0,0,0%,0,0%,0,0,0%,0,0%,0,0,0%,0,0%
1597,2025-08-25,H Hill,0,0,0%,0,0%,0,0,0%,0,0%,0,0,0%,0,0%,0,0,0%,0,0%,0,0,0%,0,0%
1598,2025-08-25,Miss Grissell,33,2,6.06%,16,48.48%,0,0,0%,0,0%,0,0,0%,0,0%,33,2,6.06%,16,48.48%,0,0,0%,0,0%
1599,2025-08-25,W Coltherd,1668,162,9.71%,497,29.80%,50,2,4.00%,6,12.00%,150,5,3.33%,31,20.67%,790,117,14.81%,251,31.77%,678,38,5.60%,209,30.83%
1600,2025-08-25,M O Cullinane,346,11,3.18%,62,17.92%,1,0,0%,0,0%,78,0,0%,7,8.97%,70,3,4.29%,21,30.00%,197,8,4.06%,34,17.26%
1601,2025-08-25,O R Dukes,0,0,0%,0,0%,0,0,0%,0,0%,0,0,0%,0,0%,0,0,0%,0,0%,0,0,0%,0,0%
1602,2025-08-25,David Pritchard,2,0,0%,0,0%,0,0,0%,0,0%,0,0,0%,0,0%,2,0,0%,0,0%,0,0,0%,0,0%
1603,2025-08-25,Ms E Broderick,27,2,7.41%,3,11.11%,0,0,0%,0,0%,6,0,0%,2,33.33%,15,2,13.33%,1,6.67%,6,0,0%,0,0%
1604,2025-08-25,Mark Doyle,22,2,9.09%,5,22.73%,0,0,0%,0,0%,2,0,0%,0,0%,7,0,0%,1,14.29%,13,2,15.38%,4,30.77%
1605,2025-08-25,T A K Cuthbert,92,2,2.17%,24,26.09%,5,0,0%,1,20.00%,87,2,2.30%,23,26.44%,0,0,0%,0,0%,0,0,0%,0,0%
1606,2025-08-25,A S T Holdsworth,3,0,0%,0,0%,0,0,0%,0,0%,0,0,0%,0,0%,3,0,0%,0,0%,0,0,0%,0,0%
1607,2025-08-25,Miss J Wickens,1,0,0%,1,100.00%,0,0,0%,0,0%,0,0,0%,0,0%,1,0,0%,1,100.00%,0,0,0%,0,0%
1608,2025-08-25,Miss C D Richardson,1,0,0%,1,100.00%,0,0,0%,0,0%,0,0,0%,0,0%,1,0,0%,1,100.00%,0,0,0%,0,0%
1609,2025-08-25,Mrs Joan Tice,0,0,0%,0,0%,0,0,0%,0,0%,0,0,0%,0,0%,0,0,0%,0,0%,0,0,0%,0,0%
1610,2025-08-25,A R Corbett,0,0,0%,0,0%,0,0,0%,0,0%,0,0,0%,0,0%,0,0,0%,0,0%,0,0,0%,0,0%
1611,2025-08-25,W Newman,57,2,3.51%,7,12.28%,0,0,0%,0,0%,9,0,0%,0,0%,25,2,8.00%,5,20.00%,23,0,0%,2,8.70%
1612,2025-08-25,F Jestin,5,0,0%,0,0%,0,0,0%,0,0%,0,0,0%,0,0%,5,0,0%,0,0%,0,0,0%,0,0%
1613,2025-08-25,M Blake,998,106,10.62%,296,29.66%,285,27,9.47%,76,26.67%,293,32,10.92%,85,29.01%,104,11,10.58%,40,38.46%,316,36,11.39%,95,30.06%
1614,2025-08-25,P Delaney,27,0,0%,1,3.70%,4,0,0%,0,0%,11,0,0%,0,0%,1,0,0%,0,0%,11,0,0%,1,9.09%
1615,2025-08-25,P M Rogers,83,5,6.02%,17,20.48%,16,1,6.25%,3,18.75%,56,4,7.14%,11,19.64%,0,0,0%,0,0%,11,0,0%,3,27.27%
1616,2025-08-25,Mrs P A Rigby,19,4,21.05%,4,21.05%,0,0,0%,0,0%,1,0,0%,0,0%,13,4,30.77%,4,30.77%,5,0,0%,0,0%
1617,2025-08-25,P J O'gorman,139,12,8.63%,42,30.22%,46,5,10.87%,13,28.26%,88,7,7.95%,29,32.95%,0,0,0%,0,0%,5,0,0%,0,0%
1618,2025-08-25,Martin Higgins,5,0,0%,0,0%,0,0,0%,0,0%,0,0,0%,0,0%,0,0,0%,0,0%,5,0,0%,0,0%
1619,2025-08-25,J V Slevin,0,0,0%,0,0%,0,0,0%,0,0%,0,0,0%,0,0%,0,0,0%,0,0%,0,0,0%,0,0%
1620,2025-08-25,Michael Blake,316,33,10.44%,92,29.11%,58,9,15.52%,11,18.97%,21,1,4.76%,6,28.57%,82,8,9.76%,35,42.68%,155,15,9.68%,40,25.81%
1621,2025-08-25,R G Russ,7,0,0%,4,57.14%,0,0,0%,0,0%,0,0,0%,0,0%,7,0,0%,4,57.14%,0,0,0%,0,0%
1622,2025-08-25,Miss Beegan,20,0,0%,1,5.00%,0,0,0%,0,0%,0,0,0%,0,0%,16,0,0%,1,6.25%,4,0,0%,0,0%
1623,2025-08-25,J P Baragry,9,0,0%,3,33.33%,0,0,0%,0,0%,5,0,0%,3,60.00%,0,0,0%,0,0%,4,0,0%,0,0%
1624,2025-08-25,Mrs S Taylor,6,0,0%,0,0%,1,0,0%,0,0%,3,0,0%,0,0%,2,0,0%,0,0%,0,0,0%,0,0%
1625,2025-08-25,Miss Easterby,1,0,0%,0,0%,0,0,0%,0,0%,0,0,0%,0,0%,1,0,0%,0,0%,0,0,0%,0,0%
1626,2025-08-25,Mrs F Kehoe,63,5,7.94%,19,30.16%,1,0,0%,1,100.00%,1,0,0%,0,0%,13,2,15.38%,3,23.08%,48,3,6.25%,15,31.25%
1627,2025-08-25,David Barry,80,8,10.00%,10,12.50%,5,0,0%,1,20.00%,10,2,20.00%,1,10.00%,0,0,0%,0,0%,65,6,9.23%,8,12.31%
1628,2025-08-25,James M Kiernan,12,0,0%,1,8.33%,0,0,0%,0,0%,2,0,0%,0,0%,7,0,0%,1,14.29%,3,0,0%,0,0%
1629,2025-08-25,O Brennan,107,4,3.74%,17,15.89%,21,0,0%,0,0%,29,2,6.90%,4,13.79%,10,1,10.00%,2,20.00%,47,1,2.13%,11,23.40%
1630,2025-08-25,P Griffin,467,35,7.49%,104,22.27%,1,0,0%,0,0%,9,0,0%,0,0%,211,23,10.90%,53,25.12%,246,12,4.88%,51,20.73%
1631,2025-08-25,Mrs D Thomas,46,2,4.35%,12,26.09%,9,0,0%,1,11.11%,14,1,7.14%,3,21.43%,0,0,0%,0,0%,23,1,4.35%,8,34.78%
1632,2025-08-25,Mrs A Busteed,24,1,4.17%,2,8.33%,0,0,0%,0,0%,7,1,14.29%,2,28.57%,4,0,0%,0,0%,13,0,0%,0,0%
1633,2025-08-25,M A Cahill,393,21,5.34%,81,20.61%,77,5,6.49%,22,28.57%,116,6,5.17%,19,16.38%,22,0,0%,6,27.27%,178,10,5.62%,34,19.10%
1634,2025-08-25,M A Daly,46,0,0%,8,17.39%,0,0,0%,0,0%,7,0,0%,1,14.29%,2,0,0%,0,0%,37,0,0%,7,18.92%
1635,2025-08-25,S M Cox,56,2,3.57%,11,19.64%,7,0,0%,0,0%,25,0,0%,7,28.00%,1,0,0%,0,0%,23,2,8.70%,4,17.39%
1636,2025-08-25,G P Kelly,25,0,0%,0,0%,7,0,0%,0,0%,16,0,0%,0,0%,0,0,0%,0,0%,2,0,0%,0,0%
1637,2025-08-25,K O Cunningham-Brown,335,25,7.46%,115,34.33%,109,5,4.59%,29,26.61%,186,16,8.60%,71,38.17%,1,0,0%,1,100.00%,39,4,10.26%,14,35.90%
1638,2025-08-25,I McCaghy,9,0,0%,0,0%,0,0,0%,0,0%,2,0,0%,0,0%,7,0,0%,0,0%,0,0,0%,0,0%
1639,2025-08-25,P Henley,4,0,0%,0,0%,1,0,0%,0,0%,2,0,0%,0,0%,0,0,0%,0,0%,1,0,0%,0,0%
1640,2025-08-25,Anthony Mulholland,417,22,5.28%,91,21.82%,145,11,7.59%,38,26.21%,153,6,3.92%,26,16.99%,8,0,0%,1,12.50%,111,5,4.50%,26,23.42%
1641,2025-08-25,L Casey,281,8,2.85%,80,28.47%,0,0,0%,0,0%,8,0,0%,1,12.50%,95,5,5.26%,33,34.74%,178,3,1.69%,46,25.84%
1642,2025-08-25,D O'meara,13161,1603,12.18%,4548,34.56%,3430,407,11.87%,1298,37.84%,9476,1165,12.29%,3163,33.38%,62,7,11.29%,19,30.65%,193,24,12.44%,68,35.23%
1643,2025-08-25,B Moran,5,1,20.00%,2,40.00%,0,0,0%,0,0%,0,0,0%,0,0%,3,0,0%,2,66.67%,2,1,50.00%,0,0%
1644,2025-08-25,F Head,18,4,22.22%,5,27.78%,0,0,0%,0,0%,18,4,22.22%,5,27.78%,0,0,0%,0,0%,0,0,0%,0,0%
1645,2025-08-25,D A Hayes,3,0,0%,2,66.67%,0,0,0%,0,0%,2,0,0%,1,50.00%,0,0,0%,0,0%,0,0,0%,0,0%
1646,2025-08-25,G Portelli,0,0,0%,0,0%,0,0,0%,0,0%,0,0,0%,0,0%,0,0,0%,0,0%,0,0,0%,0,0%
1647,2025-08-25,Kenneth McPeek,4,0,0%,0,0%,0,0,0%,0,0%,4,0,0%,0,0%,0,0,0%,0,0%,0,0,0%,0,0%
1648,2025-08-25,Herman Brown,0,0,0%,0,0%,0,0,0%,0,0%,0,0,0%,0,0%,0,0,0%,0,0%,0,0,0%,0,0%
1649,2025-08-25,Wesley Ward,97,11,11.34%,21,21.65%,1,0,0%,0,0%,96,11,11.46%,21,21.88%,0,0,0%,0,0%,0,0,0%,0,0%
1650,2025-08-25,G E Jones,0,0,0%,0,0%,0,0,0%,0,0%,0,0,0%,0,0%,0,0,0%,0,0%,0,0,0%,0,0%
1651,2025-08-25,Mrs J G Retter,37,0,0%,4,10.81%,0,0,0%,0,0%,3,0,0%,0,0%,0,0,0%,0,0%,34,0,0%,4,11.76%
1652,2025-08-25,R Collet,0,0,0%,0,0%,0,0,0%,0,0%,0,0,0%,0,0%,0,0,0%,0,0%,0,0,0%,0,0%
1653,2025-08-25,A Fabre,79,14,17.72%,31,39.24%,1,0,0%,0,0%,78,14,17.95%,31,39.74%,0,0,0%,0,0%,0,0,0%,0,0%
1654,2025-08-25,J Hirschberger,2,1,50.00%,0,0%,0,0,0%,0,0%,2,1,50.00%,0,0%,0,0,0%,0,0%,0,0,0%,0,0%
1655,2025-08-25,Miss O Maylam,349,23,6.59%,69,19.77%,254,18,7.09%,46,18.11%,92,5,5.43%,23,25.00%,1,0,0%,0,0%,2,0,0%,0,0%
1656,2025-08-25,M Delcher Sanchez,5,0,0%,1,20.00%,0,0,0%,0,0%,5,0,0%,1,20.00%,0,0,0%,0,0%,0,0,0%,0,0%
1657,2025-08-25,J J R Foley,23,0,0%,0,0%,0,0,0%,0,0%,2,0,0%,0,0%,1,0,0%,0,0%,20,0,0%,0,0%
1658,2025-08-25,Francois Rohaut,22,6,27.27%,4,18.18%,3,0,0%,1,33.33%,19,6,31.58%,3,15.79%,0,0,0%,0,0%,0,0,0%,0,0%
1659,2025-08-25,E J O'Neill,22,4,18.18%,2,9.09%,8,3,37.50%,2,25.00%,14,1,7.14%,0,0%,0,0,0%,0,0%,0,0,0%,0,0%
1660,2025-08-25,V Wilson,89,6,6.74%,15,16.85%,0,0,0%,0,0%,7,0,0%,0,0%,7,1,14.29%,0,0%,75,5,6.67%,15,20.00%
1661,2025-08-25,Carl O'Callaghan,0,0,0%,0,0%,0,0,0%,0,0%,0,0,0%,0,0%,0,0,0%,0,0%,0,0,0%,0,0%
1662,2025-08-25,H A Pantall,29,0,0%,11,37.93%,2,0,0%,1,50.00%,27,0,0%,10,37.04%,0,0,0%,0,0%,0,0,0%,0,0%
1663,2025-08-25,D Cruz,1,0,0%,0,0%,0,0,0%,0,0%,1,0,0%,0,0%,0,0,0%,0,0%,0,0,0%,0,0%
1664,2025-08-25,Paul Messara,0,0,0%,0,0%,0,0,0%,0,0%,0,0,0%,0,0%,0,0,0%,0,0%,0,0,0%,0,0%
1665,2025-08-25,S M Duffy,743,28,3.77%,127,17.09%,229,12,5.24%,50,21.83%,357,12,3.36%,52,14.57%,15,0,0%,2,13.33%,142,4,2.82%,23,16.20%
1666,2025-08-25,M N O'Riordan,5,0,0%,1,20.00%,0,0,0%,0,0%,0,0,0%,0,0%,5,0,0%,1,20.00%,0,0,0%,0,0%
1667,2025-08-25,G Cully,0,0,0%,0,0%,0,0,0%,0,0%,0,0,0%,0,0%,0,0,0%,0,0%,0,0,0%,0,0%
1668,2025-08-25,M Appleby,10993,1221,11.11%,3713,33.78%,6310,742,11.76%,2285,36.21%,4370,453,10.37%,1334,30.53%,29,3,10.34%,8,27.59%,284,23,8.10%,86,30.28%
1669,2025-08-25,K G Wingrove,117,0,0%,8,6.84%,52,0,0%,4,7.69%,11,0,0%,0,0%,22,0,0%,2,9.09%,32,0,0%,2,6.25%
1670,2025-08-25,S Kelly,11,0,0%,2,18.18%,0,0,0%,0,0%,0,0,0%,0,0%,10,0,0%,2,20.00%,1,0,0%,0,0%
1671,2025-08-25,Miss C J Williams,0,0,0%,0,0%,0,0,0%,0,0%,0,0,0%,0,0%,0,0,0%,0,0%,0,0,0%,0,0%
1672,2025-08-25,G Stack,82,7,8.54%,26,31.71%,26,3,11.54%,8,30.77%,35,4,11.43%,14,40.00%,0,0,0%,0,0%,21,0,0%,4,19.05%
1673,2025-08-25,James M Ryan,50,7,14.00%,18,36.00%,27,5,18.52%,10,37.04%,23,2,8.70%,8,34.78%,0,0,0%,0,0%,0,0,0%,0,0%
1674,2025-08-25,R Allan,0,0,0%,0,0%,0,0,0%,0,0%,0,0,0%,0,0%,0,0,0%,0,0%,0,0,0%,0,0%
1675,2025-08-25,W G Harrison,245,14,5.71%,55,22.45%,74,3,4.05%,18,24.32%,170,11,6.47%,37,21.76%,0,0,0%,0,0%,1,0,0%,0,0%
1676,2025-08-25,J F Grogan,93,6,6.45%,29,31.18%,12,0,0%,4,33.33%,81,6,7.41%,25,30.86%,0,0,0%,0,0%,0,0,0%,0,0%
1677,2025-08-25,D Day,28,1,3.57%,3,10.71%,0,0,0%,0,0%,8,0,0%,1,12.50%,2,0,0%,0,0%,18,1,5.56%,2,11.11%
1678,2025-08-25,L Reilly,1,0,0%,0,0%,0,0,0%,0,0%,0,0,0%,0,0%,0,0,0%,0,0%,1,0,0%,0,0%
1679,2025-08-25,Mrs M Twohig,25,0,0%,6,24.00%,0,0,0%,0,0%,1,0,0%,0,0%,23,0,0%,6,26.09%,1,0,0%,0,0%
1680,2025-08-25,W J Martin,473,25,5.29%,83,17.55%,145,12,8.28%,31,21.38%,210,10,4.76%,37,17.62%,26,0,0%,6,23.08%,92,3,3.26%,9,9.78%
1681,2025-08-25,Michael P Taylor,0,0,0%,0,0%,0,0,0%,0,0%,0,0,0%,0,0%,0,0,0%,0,0%,0,0,0%,0,0%
1682,2025-08-25,M J Tynan,261,13,4.98%,43,16.48%,62,7,11.29%,15,24.19%,111,4,3.60%,17,15.32%,12,0,0%,0,0%,76,2,2.63%,11,14.47%
1683,2025-08-25,David Geraghty,20,3,15.00%,3,15.00%,16,3,18.75%,3,18.75%,4,0,0%,0,0%,0,0,0%,0,0%,0,0,0%,0,0%
1684,2025-08-25,J C Rouget,30,6,20.00%,12,40.00%,0,0,0%,0,0%,30,6,20.00%,12,40.00%,0,0,0%,0,0%,0,0,0%,0,0%
1685,2025-08-25,J P O'Malley,0,0,0%,0,0%,0,0,0%,0,0%,0,0,0%,0,0%,0,0,0%,0,0%,0,0,0%,0,0%
1686,2025-08-25,Arthur Goulding,111,3,2.70%,19,17.12%,2,0,0%,0,0%,32,0,0%,3,9.38%,22,1,4.55%,3,13.64%,55,2,3.64%,13,23.64%
1687,2025-08-25,D Kenneally,77,4,5.19%,28,36.36%,0,0,0%,0,0%,18,0,0%,8,44.44%,2,0,0%,1,50.00%,57,4,7.02%,19,33.33%
1688,2025-08-25,G B Caldwell,239,8,3.35%,21,8.79%,36,1,2.78%,3,8.33%,140,6,4.29%,16,11.43%,7,0,0%,0,0%,56,1,1.79%,2,3.57%
1689,2025-08-25,M Monahan,2,0,0%,0,0%,0,0,0%,0,0%,1,0,0%,0,0%,0,0,0%,0,0%,1,0,0%,0,0%
1690,2025-08-25,Mme C Dufreche,0,0,0%,0,0%,0,0,0%,0,0%,0,0,0%,0,0%,0,0,0%,0,0%,0,0,0%,0,0%
1691,2025-08-25,Ms S A Heffernan,0,0,0%,0,0%,0,0,0%,0,0%,0,0,0%,0,0%,0,0,0%,0,0%,0,0,0%,0,0%
1692,2025-08-25,P Mather,0,0,0%,0,0%,0,0,0%,0,0%,0,0,0%,0,0%,0,0,0%,0,0%,0,0,0%,0,0%
1693,2025-08-25,J Harvey,0,0,0%,0,0%,0,0,0%,0,0%,0,0,0%,0,0%,0,0,0%,0,0%,0,0,0%,0,0%
1694,2025-08-25,J Love,0,0,0%,0,0%,0,0,0%,0,0%,0,0,0%,0,0%,0,0,0%,0,0%,0,0,0%,0,0%
1695,2025-08-25,E Hanson,0,0,0%,0,0%,0,0,0%,0,0%,0,0,0%,0,0%,0,0,0%,0,0%,0,0,0%,0,0%
1696,2025-08-25,J Sheridan,0,0,0%,0,0%,0,0,0%,0,0%,0,0,0%,0,0%,0,0,0%,0,0%,0,0,0%,0,0%
1697,2025-08-25,J,0,0,0%,0,0%,0,0,0%,0,0%,0,0,0%,0,0%,0,0,0%,0,0%,0,0,0%,0,0%
1698,2025-08-25,S Ward,0,0,0%,0,0%,0,0,0%,0,0%,0,0,0%,0,0%,0,0,0%,0,0%,0,0,0%,0,0%
1699,2025-08-25,B,0,0,0%,0,0%,0,0,0%,0,0%,0,0,0%,0,0%,0,0,0%,0,0%,0,0,0%,0,0%
1700,2025-08-25,A Cairns,0,0,0%,0,0%,0,0,0%,0,0%,0,0,0%,0,0%,0,0,0%,0,0%,0,0,0%,0,0%
1701,2025-08-25,C Haythornthwaite,0,0,0%,0,0%,0,0,0%,0,0%,0,0,0%,0,0%,0,0,0%,0,0%,0,0,0%,0,0%
1702,2025-08-25,Wm Henderson,0,0,0%,0,0%,0,0,0%,0,0%,0,0,0%,0,0%,0,0,0%,0,0%,0,0,0%,0,0%
1703,2025-08-25,A Laidler,0,0,0%,0,0%,0,0,0%,0,0%,0,0,0%,0,0%,0,0,0%,0,0%,0,0,0%,0,0%
1704,2025-08-25,R Pearson,0,0,0%,0,0%,0,0,0%,0,0%,0,0,0%,0,0%,0,0,0%,0,0%,0,0,0%,0,0%
1705,2025-08-25,A Swinbank,0,0,0%,0,0%,0,0,0%,0,0%,0,0,0%,0,0%,0,0,0%,0,0%,0,0,0%,0,0%
1706,2025-08-25,A Hay,0,0,0%,0,0%,0,0,0%,0,0%,0,0,0%,0,0%,0,0,0%,0,0%,0,0,0%,0,0%
1707,2025-08-25,JP Menzies,0,0,0%,0,0%,0,0,0%,0,0%,0,0,0%,0,0%,0,0,0%,0,0%,0,0,0%,0,0%
1708,2025-08-25,S Lord,0,0,0%,0,0%,0,0,0%,0,0%,0,0,0%,0,0%,0,0,0%,0,0%,0,0,0%,0,0%
1709,2025-08-25,M A Elvin,0,0,0%,0,0%,0,0,0%,0,0%,0,0,0%,0,0%,0,0,0%,0,0%,0,0,0%,0,0%
1710,2025-08-25,J P Menzies,0,0,0%,0,0%,0,0,0%,0,0%,0,0,0%,0,0%,0,0,0%,0,0%,0,0,0%,0,0%
1711,2025-08-25,J Gill,0,0,0%,0,0%,0,0,0%,0,0%,0,0,0%,0,0%,0,0,0%,0,0%,0,0,0%,0,0%
1712,2025-08-25,P Lyttle,0,0,0%,0,0%,0,0,0%,0,0%,0,0,0%,0,0%,0,0,0%,0,0%,0,0,0%,0,0%
1713,2025-08-25,C Morrison,0,0,0%,0,0%,0,0,0%,0,0%,0,0,0%,0,0%,0,0,0%,0,0%,0,0,0%,0,0%
1714,2025-08-25,T Haythornthwaite,0,0,0%,0,0%,0,0,0%,0,0%,0,0,0%,0,0%,0,0,0%,0,0%,0,0,0%,0,0%
1715,2025-08-25,N Ryan,0,0,0%,0,0%,0,0,0%,0,0%,0,0,0%,0,0%,0,0,0%,0,0%,0,0,0%,0,0%
1716,2025-08-25,D Mackenzie,0,0,0%,0,0%,0,0,0%,0,0%,0,0,0%,0,0%,0,0,0%,0,0%,0,0,0%,0,0%
1717,2025-08-25,PJ Addiss,0,0,0%,0,0%,0,0,0%,0,0%,0,0,0%,0,0%,0,0,0%,0,0%,0,0,0%,0,0%
1718,2025-08-25,J Richardson,0,0,0%,0,0%,0,0,0%,0,0%,0,0,0%,0,0%,0,0,0%,0,0%,0,0,0%,0,0%
1719,2025-08-25,B McEntee,0,0,0%,0,0%,0,0,0%,0,0%,0,0,0%,0,0%,0,0,0%,0,0%,0,0,0%,0,0%
1720,2025-08-25,P McAllister,0,0,0%,0,0%,0,0,0%,0,0%,0,0,0%,0,0%,0,0,0%,0,0%,0,0,0%,0,0%
1721,2025-08-25,J D Forrest,0,0,0%,0,0%,0,0,0%,0,0%,0,0,0%,0,0%,0,0,0%,0,0%,0,0,0%,0,0%
1722,2025-08-25,J Burns,0,0,0%,0,0%,0,0,0%,0,0%,0,0,0%,0,0%,0,0,0%,0,0%,0,0,0%,0,0%
1723,2025-08-25,GW Browell,0,0,0%,0,0%,0,0,0%,0,0%,0,0,0%,0,0%,0,0,0%,0,0%,0,0,0%,0,0%
1724,2025-08-25,W Moore,0,0,0%,0,0%,0,0,0%,0,0%,0,0,0%,0,0%,0,0,0%,0,0%,0,0,0%,0,0%
1725,2025-08-25,C Shields,0,0,0%,0,0%,0,0,0%,0,0%,0,0,0%,0,0%,0,0,0%,0,0%,0,0,0%,0,0%
1726,2025-08-25,Mr C Dunne,0,0,0%,0,0%,0,0,0%,0,0%,0,0,0%,0,0%,0,0,0%,0,0%,0,0,0%,0,0%
1727,2025-08-25,Mr J Sheridan,0,0,0%,0,0%,0,0,0%,0,0%,0,0,0%,0,0%,0,0,0%,0,0%,0,0,0%,0,0%
1728,2025-08-25,Mr C Nuttall,0,0,0%,0,0%,0,0,0%,0,0%,0,0,0%,0,0%,0,0,0%,0,0%,0,0,0%,0,0%
1729,2025-08-25,Mr Wm Flanaghan,0,0,0%,0,0%,0,0,0%,0,0%,0,0,0%,0,0%,0,0,0%,0,0%,0,0,0%,0,0%
1730,2025-08-25,J Burchill,0,0,0%,0,0%,0,0,0%,0,0%,0,0,0%,0,0%,0,0,0%,0,0%,0,0,0%,0,0%
1731,2025-08-25,Mr R Gilvear,0,0,0%,0,0%,0,0,0%,0,0%,0,0,0%,0,0%,0,0,0%,0,0%,0,0,0%,0,0%
1732,2025-08-25,Mr A Cairns,0,0,0%,0,0%,0,0,0%,0,0%,0,0,0%,0,0%,0,0,0%,0,0%,0,0,0%,0,0%
1733,2025-08-25,W Stewart,0,0,0%,0,0%,0,0,0%,0,0%,0,0,0%,0,0%,0,0,0%,0,0%,0,0,0%,0,0%
1734,2025-08-25,A Richardson,0,0,0%,0,0%,0,0,0%,0,0%,0,0,0%,0,0%,0,0,0%,0,0%,0,0,0%,0,0%
1735,2025-08-25,S Teeboon,0,0,0%,0,0%,0,0,0%,0,0%,0,0,0%,0,0%,0,0,0%,0,0%,0,0,0%,0,0%
1736,2025-08-25,Mr J A P Price,0,0,0%,0,0%,0,0,0%,0,0%,0,0,0%,0,0%,0,0,0%,0,0%,0,0,0%,0,0%
1737,2025-08-25,W Laidler,0,0,0%,0,0%,0,0,0%,0,0%,0,0,0%,0,0%,0,0,0%,0,0%,0,0,0%,0,0%
1738,2025-08-25,A Taylor,0,0,0%,0,0%,0,0,0%,0,0%,0,0,0%,0,0%,0,0,0%,0,0%,0,0,0%,0,0%
1739,2025-08-25,T J Corcoran,80,1,1.25%,12,15.00%,0,0,0%,0,0%,24,1,4.17%,8,33.33%,7,0,0%,1,14.29%,49,0,0%,3,6.12%
1740,2025-08-25,J D J Davies,0,0,0%,0,0%,0,0,0%,0,0%,0,0,0%,0,0%,0,0,0%,0,0%,0,0,0%,0,0%
1741,2025-08-25,L J Archdeacon,274,9,3.28%,49,17.88%,0,0,0%,0,0%,38,0,0%,10,26.32%,64,3,4.69%,17,26.56%,172,6,3.49%,22,12.79%
1742,2025-08-25,R McGrath,5,0,0%,1,20.00%,0,0,0%,0,0%,4,0,0%,1,25.00%,0,0,0%,0,0%,1,0,0%,0,0%
1743,2025-08-25,J J Maguire,22,0,0%,1,4.55%,1,0,0%,0,0%,6,0,0%,1,16.67%,3,0,0%,0,0%,12,0,0%,0,0%
1744,2025-08-25,S Weld,43,2,4.65%,3,6.98%,5,0,0%,0,0%,14,1,7.14%,2,14.29%,7,1,14.29%,0,0%,17,0,0%,1,5.88%
1745,2025-08-25,Todd A Pletcher,0,0,0%,0,0%,0,0,0%,0,0%,0,0,0%,0,0%,0,0,0%,0,0%,0,0,0%,0,0%
1746,2025-08-25,Takashi Kodama,266,10,3.76%,44,16.54%,92,5,5.43%,15,16.30%,170,5,2.94%,29,17.06%,0,0,0%,0,0%,4,0,0%,0,0%
1747,2025-08-25,Miss T Smith,1,0,0%,0,0%,0,0,0%,0,0%,1,0,0%,0,0%,0,0,0%,0,0%,0,0,0%,0,0%
1748,2025-08-25,D M Batteate,3,1,33.33%,0,0%,0,0,0%,0,0%,3,1,33.33%,0,0%,0,0,0%,0,0%,0,0,0%,0,0%
1749,2025-08-25,A S Newey,12,1,8.33%,0,0%,1,0,0%,0,0%,11,1,9.09%,0,0%,0,0,0%,0,0%,0,0,0%,0,0%
1750,2025-08-25,Ms B Deutrom,11,1,9.09%,1,9.09%,1,0,0%,0,0%,10,1,10.00%,1,10.00%,0,0,0%,0,0%,0,0,0%,0,0%
1751,2025-08-25,Mrs G M Duffield,25,3,12.00%,7,28.00%,2,1,50.00%,1,50.00%,23,2,8.70%,6,26.09%,0,0,0%,0,0%,0,0,0%,0,0%
1752,2025-08-25,Mrs H L Bona,3,0,0%,0,0%,0,0,0%,0,0%,3,0,0%,0,0%,0,0,0%,0,0%,0,0,0%,0,0%
1753,2025-08-25,Mr G Kiff,1,0,0%,0,0%,0,0,0%,0,0%,1,0,0%,0,0%,0,0,0%,0,0%,0,0,0%,0,0%
1754,2025-08-25,Mrs S J Saunders,0,0,0%,0,0%,0,0,0%,0,0%,0,0,0%,0,0%,0,0,0%,0,0%,0,0,0%,0,0%
1755,2025-08-25,Mr J J,2,0,0%,0,0%,2,0,0%,0,0%,0,0,0%,0,0%,0,0,0%,0,0%,0,0,0%,0,0%
1756,2025-08-25,Peter Fahey,2989,278,9.30%,826,27.63%,221,10,4.52%,53,23.98%,1066,116,10.88%,305,28.61%,352,42,11.93%,111,31.53%,1350,110,8.15%,357,26.44%
1757,2025-08-25,G H Jones,18,0,0%,1,5.56%,7,0,0%,0,0%,4,0,0%,0,0%,1,0,0%,0,0%,6,0,0%,1,16.67%
1758,2025-08-25,Denis Gerard McCarthy,1,0,0%,1,100.00%,0,0,0%,0,0%,0,0,0%,0,0%,0,0,0%,0,0%,1,0,0%,1,100.00%
1759,2025-08-25,M V Manning,45,2,4.44%,2,4.44%,0,0,0%,0,0%,2,0,0%,0,0%,17,2,11.76%,2,11.76%,26,0,0%,0,0%
1760,2025-08-25,O Finnegan,6,0,0%,0,0%,0,0,0%,0,0%,0,0,0%,0,0%,0,0,0%,0,0%,6,0,0%,0,0%
1761,2025-08-25,Ms F Mills,16,0,0%,2,12.50%,0,0,0%,0,0%,2,0,0%,0,0%,0,0,0%,0,0%,14,0,0%,2,14.29%
1762,2025-08-25,Miss R K Surman,0,0,0%,0,0%,0,0,0%,0,0%,0,0,0%,0,0%,0,0,0%,0,0%,0,0,0%,0,0%
1763,2025-08-25,J A White,45,0,0%,1,2.22%,0,0,0%,0,0%,16,0,0%,1,6.25%,3,0,0%,0,0%,26,0,0%,0,0%
1764,2025-08-25,Eric Larkin,106,5,4.72%,17,16.04%,0,0,0%,0,0%,16,0,0%,2,12.50%,20,2,10.00%,3,15.00%,70,3,4.29%,12,17.14%
1765,2025-08-25,Miss T M Reilly,42,0,0%,2,4.76%,13,0,0%,0,0%,8,0,0%,0,0%,1,0,0%,0,0%,20,0,0%,2,10.00%
1766,2025-08-25,Mrs A Naughton,18,0,0%,4,22.22%,0,0,0%,0,0%,3,0,0%,1,33.33%,0,0,0%,0,0%,15,0,0%,3,20.00%
1767,2025-08-25,Emmet Butterly,131,12,9.16%,29,22.14%,68,8,11.76%,15,22.06%,21,3,14.29%,3,14.29%,6,0,0%,1,16.67%,36,1,2.78%,10,27.78%
1768,2025-08-25,Miss Monahan,19,0,0%,3,15.79%,0,0,0%,0,0%,2,0,0%,1,50.00%,1,0,0%,0,0%,16,0,0%,2,12.50%
1769,2025-08-25,W J Reed,30,0,0%,9,30.00%,0,0,0%,0,0%,10,0,0%,4,40.00%,1,0,0%,1,100.00%,19,0,0%,4,21.05%
1770,2025-08-25,Mrs K Burke,880,120,13.64%,296,33.64%,248,28,11.29%,88,35.48%,607,89,14.66%,201,33.11%,6,0,0%,2,33.33%,19,3,15.79%,5,26.32%
1771,2025-08-25,S Hakmani,10,1,10.00%,2,20.00%,0,0,0%,0,0%,10,1,10.00%,2,20.00%,0,0,0%,0,0%,0,0,0%,0,0%
1772,2025-08-25,Dermot McLoughlin,1982,144,7.27%,460,23.21%,205,13,6.34%,46,22.44%,337,25,7.42%,73,21.66%,367,30,8.17%,96,26.16%,1073,76,7.08%,245,22.83%
1773,2025-08-25,E Botti,0,0,0%,0,0%,0,0,0%,0,0%,0,0,0%,0,0%,0,0,0%,0,0%,0,0,0%,0,0%
1774,2025-08-25,B Hellier,135,4,2.96%,17,12.59%,61,2,3.28%,9,14.75%,44,2,4.55%,8,18.18%,0,0,0%,0,0%,30,0,0%,0,0%
1775,2025-08-25,Sean Doyle,414,40,9.66%,133,32.13%,0,0,0%,0,0%,89,6,6.74%,35,39.33%,95,8,8.42%,33,34.74%,229,26,11.35%,65,28.38%
1776,2025-08-25,David J Geary,51,4,7.84%,15,29.41%,0,0,0%,0,0%,51,4,7.84%,15,29.41%,0,0,0%,0,0%,0,0,0%,0,0%
1777,2025-08-25,P G Fahey,556,48,8.63%,142,25.54%,28,1,3.57%,5,17.86%,183,10,5.46%,47,25.68%,48,8,16.67%,14,29.17%,297,29,9.76%,76,25.59%
1778,2025-08-25,P Corcoran,9,0,0%,1,11.11%,0,0,0%,0,0%,3,0,0%,0,0%,0,0,0%,0,0%,6,0,0%,1,16.67%
1779,2025-08-25,Michael E Hallinan,5,0,0%,0,0%,0,0,0%,0,0%,0,0,0%,0,0%,1,0,0%,0,0%,4,0,0%,0,0%
1780,2025-08-25,K M Prendergast,88,3,3.41%,10,11.36%,30,1,3.33%,5,16.67%,33,2,6.06%,5,15.15%,11,0,0%,0,0%,14,0,0%,0,0%
1781,2025-08-25,Gerald Penfold,42,0,0%,5,11.90%,0,0,0%,0,0%,1,0,0%,0,0%,8,0,0%,2,25.00%,33,0,0%,3,9.09%
1782,2025-08-25,A J Whelan,23,2,8.70%,1,4.35%,1,0,0%,0,0%,4,0,0%,0,0%,0,0,0%,0,0%,18,2,11.11%,1,5.56%
1785,2025-08-25,C Drew,88,3,3.41%,21,23.86%,57,3,5.26%,16,28.07%,14,0,0%,5,35.71%,3,0,0%,0,0%,14,0,0%,0,0%
1786,2025-08-25,Mrs A Malzard,5,0,0%,1,20.00%,3,0,0%,1,33.33%,2,0,0%,0,0%,0,0,0%,0,0%,0,0,0%,0,0%
1787,2025-08-25,J Kirwan,13,0,0%,2,15.38%,0,0,0%,0,0%,9,0,0%,2,22.22%,0,0,0%,0,0%,4,0,0%,0,0%
1788,2025-08-25,D Flood,473,29,6.13%,112,23.68%,310,18,5.81%,70,22.58%,128,8,6.25%,32,25.00%,10,2,20.00%,4,40.00%,25,1,4.00%,6,24.00%
1789,2025-08-25,D Bourton,29,0,0%,3,10.34%,10,0,0%,0,0%,11,0,0%,2,18.18%,0,0,0%,0,0%,8,0,0%,1,12.50%
1790,2025-08-25,Michael Sheahan,0,0,0%,0,0%,0,0,0%,0,0%,0,0,0%,0,0%,0,0,0%,0,0%,0,0,0%,0,0%
1791,2025-08-25,John Cullen,8,0,0%,0,0%,0,0,0%,0,0%,1,0,0%,0,0%,0,0,0%,0,0%,7,0,0%,0,0%
1792,2025-08-25,Mrs S McCarthy,0,0,0%,0,0%,0,0,0%,0,0%,0,0,0%,0,0%,0,0,0%,0,0%,0,0,0%,0,0%
1793,2025-08-25,L Butler,10,0,0%,0,0%,0,0,0%,0,0%,4,0,0%,0,0%,0,0,0%,0,0%,6,0,0%,0,0%
1794,2025-08-25,E Gallagher,115,6,5.22%,22,19.13%,1,0,0%,0,0%,19,0,0%,2,10.53%,12,1,8.33%,5,41.67%,83,5,6.02%,15,18.07%
1795,2025-08-25,Rod Collet,5,1,20.00%,2,40.00%,0,0,0%,0,0%,5,1,20.00%,2,40.00%,0,0,0%,0,0%,0,0,0%,0,0%
1796,2025-08-25,P J Hassett,177,9,5.08%,49,27.68%,37,4,10.81%,14,37.84%,94,4,4.26%,30,31.91%,4,0,0%,0,0%,42,1,2.38%,5,11.90%
1797,2025-08-25,G H Yardley,0,0,0%,0,0%,0,0,0%,0,0%,0,0,0%,0,0%,0,0,0%,0,0%,0,0,0%,0,0%
1798,2025-08-25,John F Gleeson,21,2,9.52%,1,4.76%,0,0,0%,0,0%,5,0,0%,1,20.00%,7,2,28.57%,0,0%,9,0,0%,0,0%
1799,2025-08-25,D A Kelly,0,0,0%,0,0%,0,0,0%,0,0%,0,0,0%,0,0%,0,0,0%,0,0%,0,0,0%,0,0%
1800,2025-08-25,Miss Bramall,40,0,0%,2,5.00%,0,0,0%,0,0%,3,0,0%,0,0%,12,0,0%,1,8.33%,25,0,0%,1,4.00%
1801,2025-08-25,E C Kelly,11,0,0%,2,18.18%,0,0,0%,0,0%,4,0,0%,1,25.00%,0,0,0%,0,0%,7,0,0%,1,14.29%
1802,2025-08-25,Ian Browne,24,2,8.33%,0,0%,3,0,0%,0,0%,12,0,0%,0,0%,2,2,100.00%,0,0%,7,0,0%,0,0%
1803,2025-08-25,A Friebert,0,0,0%,0,0%,0,0,0%,0,0%,0,0,0%,0,0%,0,0,0%,0,0%,0,0,0%,0,0%
1804,2025-08-25,R Pritchard-Gordon,1,0,0%,0,0%,1,0,0%,0,0%,0,0,0%,0,0%,0,0,0%,0,0%,0,0,0%,0,0%
1805,2025-08-25,F Watson,327,10,3.06%,61,18.65%,96,4,4.17%,20,20.83%,228,6,2.63%,41,17.98%,0,0,0%,0,0%,3,0,0%,0,0%
1806,2025-08-25,E Libaud,1,0,0%,1,100.00%,0,0,0%,0,0%,1,0,0%,1,100.00%,0,0,0%,0,0%,0,0,0%,0,0%
1807,2025-08-25,James Dullea,687,53,7.71%,179,26.06%,1,0,0%,0,0%,59,5,8.47%,18,30.51%,239,28,11.72%,72,30.13%,388,20,5.15%,89,22.94%
1808,2025-08-25,Mrs H Parrott,62,6,9.68%,13,20.97%,0,0,0%,0,0%,12,1,8.33%,0,0%,29,4,13.79%,10,34.48%,21,1,4.76%,3,14.29%
1809,2025-08-25,C Wilkinson,59,1,1.69%,16,27.12%,8,0,0%,6,75.00%,19,1,5.26%,6,31.58%,10,0,0%,1,10.00%,22,0,0%,3,13.64%
1810,2025-08-25,R Haugen,23,0,0%,6,26.09%,10,0,0%,1,10.00%,11,0,0%,4,36.36%,0,0,0%,0,0%,2,0,0%,1,50.00%
1811,2025-08-25,C Reilly,9,0,0%,0,0%,0,0,0%,0,0%,0,0,0%,0,0%,1,0,0%,0,0%,8,0,0%,0,0%
1812,2025-08-25,M J Carter,3,0,0%,0,0%,0,0,0%,0,0%,0,0,0%,0,0%,0,0,0%,0,0%,3,0,0%,0,0%
1813,2025-08-25,F Feeney,44,0,0%,5,11.36%,0,0,0%,0,0%,10,0,0%,1,10.00%,2,0,0%,0,0%,32,0,0%,4,12.50%
1814,2025-08-25,P J Goodwin,1,0,0%,0,0%,0,0,0%,0,0%,0,0,0%,0,0%,1,0,0%,0,0%,0,0,0%,0,0%
1815,2025-08-25,C I Ratcliffe,23,0,0%,2,8.70%,0,0,0%,0,0%,0,0,0%,0,0%,4,0,0%,1,25.00%,19,0,0%,1,5.26%
1816,2025-08-25,W A Murphy,9,0,0%,0,0%,4,0,0%,0,0%,5,0,0%,0,0%,0,0,0%,0,0%,0,0,0%,0,0%
1817,2025-08-25,Mrs A Smith,7,0,0%,0,0%,0,0,0%,0,0%,6,0,0%,0,0%,0,0,0%,0,0%,1,0,0%,0,0%
1818,2025-08-25,B Lalor,15,1,6.67%,2,13.33%,0,0,0%,0,0%,8,1,12.50%,1,12.50%,2,0,0%,1,50.00%,5,0,0%,0,0%
1819,2025-08-25,M A Joyce,1,0,0%,0,0%,0,0,0%,0,0%,0,0,0%,0,0%,1,0,0%,0,0%,0,0,0%,0,0%
1820,2025-08-25,F F McGuinness,36,5,13.89%,5,13.89%,0,0,0%,0,0%,5,0,0%,0,0%,13,4,30.77%,4,30.77%,18,1,5.56%,1,5.56%
1821,2025-08-25,M C Hickey,33,2,6.06%,6,18.18%,0,0,0%,0,0%,10,1,10.00%,3,30.00%,0,0,0%,0,0%,23,1,4.35%,3,13.04%
1822,2025-08-25,Mrs Pauline Harkin,35,8,22.86%,9,25.71%,0,0,0%,0,0%,1,0,0%,0,0%,31,8,25.81%,9,29.03%,3,0,0%,0,0%
1823,2025-08-25,Jason Cairns,71,1,1.41%,10,14.08%,6,0,0%,0,0%,18,1,5.56%,4,22.22%,7,0,0%,1,14.29%,40,0,0%,5,12.50%
1824,2025-08-25,V J Hughes,21,3,14.29%,2,9.52%,0,0,0%,0,0%,7,2,28.57%,0,0%,1,0,0%,0,0%,13,1,7.69%,2,15.38%
1825,2025-08-25,Mrs V M Jordan,161,13,8.07%,31,19.25%,91,9,9.89%,21,23.08%,9,0,0%,1,11.11%,22,2,9.09%,4,18.18%,39,2,5.13%,5,12.82%
1826,2025-08-25,D P Keane,3,0,0%,0,0%,0,0,0%,0,0%,0,0,0%,0,0%,3,0,0%,0,0%,0,0,0%,0,0%
1827,2025-08-25,J Reilly,3,0,0%,0,0%,0,0,0%,0,0%,2,0,0%,0,0%,0,0,0%,0,0%,1,0,0%,0,0%
1828,2025-08-25,D O'Gorman,2,0,0%,0,0%,0,0,0%,0,0%,0,0,0%,0,0%,0,0,0%,0,0%,2,0,0%,0,0%
1829,2025-08-25,Ed Walker,4040,547,13.54%,1546,38.27%,1487,200,13.45%,634,42.64%,2542,346,13.61%,907,35.68%,4,1,25.00%,2,50.00%,7,0,0%,3,42.86%
1830,2025-08-25,A Moloney,24,0,0%,0,0%,0,0,0%,0,0%,4,0,0%,0,0%,3,0,0%,0,0%,17,0,0%,0,0%
1831,2025-08-25,Seamus Durack,1153,103,8.93%,416,36.08%,471,41,8.70%,153,32.48%,477,42,8.81%,176,36.90%,27,4,14.81%,9,33.33%,178,16,8.99%,78,43.82%
1832,2025-08-25,Mrs H J Cobb,24,0,0%,4,16.67%,1,0,0%,0,0%,2,0,0%,0,0%,2,0,0%,0,0%,19,0,0%,4,21.05%
1833,2025-08-25,G Macaire,7,2,28.57%,4,57.14%,0,0,0%,0,0%,0,0,0%,0,0%,3,2,66.67%,1,33.33%,4,0,0%,3,75.00%
1834,2025-08-25,N Doolin,9,0,0%,2,22.22%,0,0,0%,0,0%,2,0,0%,0,0%,0,0,0%,0,0%,7,0,0%,2,28.57%
1835,2025-08-25,Diarmuid P Ryan,93,3,3.23%,11,11.83%,0,0,0%,0,0%,5,0,0%,0,0%,24,2,8.33%,1,4.17%,64,1,1.56%,10,15.63%
1837,2025-08-25,Barry T Murphy,199,15,7.54%,36,18.09%,0,0,0%,0,0%,21,1,4.76%,4,19.05%,44,5,11.36%,9,20.45%,134,9,6.72%,23,17.16%
1838,2025-08-25,Mrs C Montmorency,15,0,0%,2,13.33%,0,0,0%,0,0%,1,0,0%,0,0%,7,0,0%,2,28.57%,7,0,0%,0,0%
1839,2025-08-25,P Rooney,175,9,5.14%,38,21.71%,0,0,0%,0,0%,6,0,0%,0,0%,122,9,7.38%,32,26.23%,47,0,0%,6,12.77%
1840,2025-08-25,D Maher,0,0,0%,0,0%,0,0,0%,0,0%,0,0,0%,0,0%,0,0,0%,0,0%,0,0,0%,0,0%
1841,2025-08-25,D Fenton,44,5,11.36%,18,40.91%,0,0,0%,0,0%,10,0,0%,3,30.00%,22,3,13.64%,11,50.00%,12,2,16.67%,4,33.33%
1842,2025-08-25,Mrs S Wall,41,3,7.32%,6,14.63%,0,0,0%,0,0%,5,1,20.00%,0,0%,19,2,10.53%,4,21.05%,17,0,0%,2,11.76%
1846,2025-08-25,E De Giles,698,85,12.18%,230,32.95%,259,30,11.58%,87,33.59%,388,47,12.11%,133,34.28%,25,5,20.00%,5,20.00%,26,3,11.54%,5,19.23%
1847,2025-08-25,Gary Brown,1,0,0%,0,0%,0,0,0%,0,0%,0,0,0%,0,0%,1,0,0%,0,0%,0,0,0%,0,0%
1848,2025-08-25,Christophe Kellett,1,0,0%,0,0%,0,0,0%,0,0%,0,0,0%,0,0%,1,0,0%,0,0%,0,0,0%,0,0%
1849,2025-08-25,Roy W Tector,60,1,1.67%,7,11.67%,0,0,0%,0,0%,15,0,0%,1,6.67%,31,0,0%,6,19.35%,14,1,7.14%,0,0%
1852,2025-08-25,P Brookshaw,11,1,9.09%,1,9.09%,6,1,16.67%,0,0%,2,0,0%,0,0%,0,0,0%,0,0%,3,0,0%,1,33.33%
1853,2025-08-25,Adrian Wintle,46,2,4.35%,10,21.74%,1,0,0%,0,0%,9,0,0%,2,22.22%,6,1,16.67%,2,33.33%,30,1,3.33%,6,20.00%
1854,2025-08-25,E Howard,3,0,0%,0,0%,0,0,0%,0,0%,3,0,0%,0,0%,0,0,0%,0,0%,0,0,0%,0,0%
1858,2025-08-25,Violet Jordan,310,22,7.10%,102,32.90%,132,10,7.58%,46,34.85%,98,11,11.22%,36,36.73%,31,0,0%,8,25.81%,49,1,2.04%,12,24.49%
1859,2025-08-25,Ed De Giles,1624,158,9.73%,452,27.83%,620,52,8.39%,152,24.52%,950,102,10.74%,284,29.89%,7,1,14.29%,2,28.57%,47,3,6.38%,14,29.79%
1866,2025-08-25,Steven E Ryder,106,5,4.72%,24,22.64%,8,0,0%,2,25.00%,33,2,6.06%,6,18.18%,9,1,11.11%,2,22.22%,56,2,3.57%,14,25.00%
1907,2025-08-25,Patrick Downey,337,23,6.82%,37,10.98%,46,1,2.17%,4,8.70%,102,9,8.82%,15,14.71%,15,1,6.67%,2,13.33%,174,12,6.90%,16,9.20%
1909,2025-08-25,Lucy Jones,171,12,7.02%,49,28.65%,0,0,0%,0,0%,17,0,0%,1,5.88%,44,3,6.82%,18,40.91%,110,9,8.18%,30,27.27%
1915,2025-08-25,Paul Fitzsimons,240,13,5.42%,50,20.83%,111,8,7.21%,26,23.42%,106,5,4.72%,20,18.87%,4,0,0%,0,0%,19,0,0%,4,21.05%
1917,2025-08-25,Hans Adielsson,334,36,10.78%,80,23.95%,275,32,11.64%,64,23.27%,58,4,6.90%,16,27.59%,1,0,0%,0,0%,0,0,0%,0,0%
1921,2025-08-25,Mrs A M Woodrow,4,0,0%,0,0%,0,0,0%,0,0%,0,0,0%,0,0%,1,0,0%,0,0%,3,0,0%,0,0%
1925,2025-08-25,N Quinlan,735,75,10.20%,217,29.52%,300,32,10.67%,79,26.33%,309,33,10.68%,87,28.16%,26,4,15.38%,12,46.15%,100,6,6.00%,39,39.00%
1929,2025-08-25,B Potts,37,0,0%,14,37.84%,0,0,0%,0,0%,9,0,0%,6,66.67%,12,0,0%,0,0%,16,0,0%,8,50.00%
1930,2025-08-25,Mrs Callaghan,468,44,9.40%,105,22.44%,3,0,0%,0,0%,63,6,9.52%,25,39.68%,104,6,5.77%,24,23.08%,298,32,10.74%,56,18.79%
1932,2025-08-25,Miss L Hurley,321,13,4.05%,66,20.56%,1,0,0%,0,0%,15,0,0%,4,26.67%,104,5,4.81%,22,21.15%,201,8,3.98%,40,19.90%
1933,2025-08-25,Miss E M England,13,0,0%,0,0%,0,0,0%,0,0%,0,0,0%,0,0%,0,0,0%,0,0%,13,0,0%,0,0%
1937,2025-08-25,Mrs S Alner,22,3,13.64%,7,31.82%,0,0,0%,0,0%,0,0,0%,0,0%,22,3,13.64%,7,31.82%,0,0,0%,0,0%
1938,2025-08-25,Mrs R Vickery,5,0,0%,2,40.00%,0,0,0%,0,0%,0,0,0%,0,0%,5,0,0%,2,40.00%,0,0,0%,0,0%
1939,2025-08-25,Miss R H Brookshaw,1,0,0%,0,0%,0,0,0%,0,0%,0,0,0%,0,0%,1,0,0%,0,0%,0,0,0%,0,0%
1940,2025-08-25,R M Green,2,0,0%,0,0%,0,0,0%,0,0%,0,0,0%,0,0%,1,0,0%,0,0%,1,0,0%,0,0%
1941,2025-08-25,J Burke,6,0,0%,0,0%,0,0,0%,0,0%,0,0,0%,0,0%,0,0,0%,0,0%,6,0,0%,0,0%
1942,2025-08-25,Mrs T L Bailey,40,3,7.50%,16,40.00%,0,0,0%,0,0%,1,0,0%,0,0%,32,3,9.38%,9,28.13%,7,0,0%,7,100.00%
1943,2025-08-25,P Grindrod,1,0,0%,0,0%,0,0,0%,0,0%,0,0,0%,0,0%,1,0,0%,0,0%,0,0,0%,0,0%
1944,2025-08-25,Mrs S M Mcpherson,6,0,0%,0,0%,0,0,0%,0,0%,0,0,0%,0,0%,6,0,0%,0,0%,0,0,0%,0,0%
1945,2025-08-25,Miss S R Robertson,1,0,0%,0,0%,0,0,0%,0,0%,0,0,0%,0,0%,1,0,0%,0,0%,0,0,0%,0,0%
1946,2025-08-25,P A Bull,5,0,0%,1,20.00%,0,0,0%,0,0%,3,0,0%,0,0%,2,0,0%,1,50.00%,0,0,0%,0,0%
1947,2025-08-25,Michael Hawker,73,7,9.59%,15,20.55%,0,0,0%,0,0%,5,0,0%,0,0%,51,7,13.73%,10,19.61%,17,0,0%,5,29.41%
1948,2025-08-25,Elliot Newman,1,0,0%,1,100.00%,0,0,0%,0,0%,0,0,0%,0,0%,1,0,0%,1,100.00%,0,0,0%,0,0%
1949,2025-08-25,A Phillips,267,13,4.87%,61,22.85%,15,0,0%,1,6.67%,36,0,0%,5,13.89%,53,4,7.55%,13,24.53%,163,9,5.52%,42,25.77%
1950,2025-08-25,I J Hooper,2,0,0%,0,0%,0,0,0%,0,0%,0,0,0%,0,0%,2,0,0%,0,0%,0,0,0%,0,0%
1951,2025-08-25,H Whittington,1193,173,14.50%,508,42.58%,53,7,13.21%,18,33.96%,188,17,9.04%,88,46.81%,281,48,17.08%,100,35.59%,671,101,15.05%,302,45.01%
1952,2025-08-25,Mrs A Bealby,2,0,0%,1,50.00%,0,0,0%,0,0%,0,0,0%,0,0%,2,0,0%,1,50.00%,0,0,0%,0,0%
1953,2025-08-25,J M Plasschaert,4,0,0%,1,25.00%,2,0,0%,0,0%,2,0,0%,1,50.00%,0,0,0%,0,0%,0,0,0%,0,0%
1954,2025-08-25,K Dalgleish,7780,972,12.49%,2979,38.29%,1916,244,12.73%,727,37.94%,5075,601,11.84%,1927,37.97%,185,32,17.30%,77,41.62%,604,95,15.73%,248,41.06%
1955,2025-08-25,Mrs L Borradaile,11,2,18.18%,3,27.27%,0,0,0%,0,0%,0,0,0%,0,0%,11,2,18.18%,3,27.27%,0,0,0%,0,0%
1956,2025-08-25,P R M Philips,13,2,15.38%,3,23.08%,0,0,0%,0,0%,0,0,0%,0,0%,13,2,15.38%,3,23.08%,0,0,0%,0,0%
1957,2025-08-25,Miss C L Dennis,5,0,0%,0,0%,0,0,0%,0,0%,0,0,0%,0,0%,5,0,0%,0,0%,0,0,0%,0,0%
1958,2025-08-25,R Mitford-slade,172,10,5.81%,59,34.30%,0,0,0%,0,0%,6,0,0%,1,16.67%,66,7,10.61%,23,34.85%,100,3,3.00%,35,35.00%
1959,2025-08-25,Mrs S J Stilgoe,37,4,10.81%,19,51.35%,0,0,0%,0,0%,0,0,0%,0,0%,37,4,10.81%,19,51.35%,0,0,0%,0,0%
1960,2025-08-25,R D E Woodhouse,2,0,0%,0,0%,0,0,0%,0,0%,0,0,0%,0,0%,2,0,0%,0,0%,0,0,0%,0,0%
1961,2025-08-25,Stephen Melrose,1,0,0%,0,0%,0,0,0%,0,0%,0,0,0%,0,0%,1,0,0%,0,0%,0,0,0%,0,0%
1962,2025-08-25,Mrs J Williamson,13,0,0%,5,38.46%,0,0,0%,0,0%,0,0,0%,0,0%,13,0,0%,5,38.46%,0,0,0%,0,0%
1963,2025-08-25,Miss E Young,1,0,0%,0,0%,0,0,0%,0,0%,0,0,0%,0,0%,1,0,0%,0,0%,0,0,0%,0,0%
1964,2025-08-25,W F Treacy,78,7,8.97%,21,26.92%,0,0,0%,0,0%,10,0,0%,3,30.00%,10,1,10.00%,2,20.00%,58,6,10.34%,16,27.59%
1965,2025-08-25,Miss R Dando,2,0,0%,0,0%,0,0,0%,0,0%,0,0,0%,0,0%,2,0,0%,0,0%,0,0,0%,0,0%
1966,2025-08-25,P J Duffy,167,10,5.99%,40,23.95%,0,0,0%,0,0%,13,0,0%,2,15.38%,20,1,5.00%,8,40.00%,134,9,6.72%,30,22.39%
1967,2025-08-25,J F Gleeson,165,6,3.64%,35,21.21%,6,0,0%,0,0%,13,0,0%,0,0%,92,5,5.43%,29,31.52%,54,1,1.85%,6,11.11%
1968,2025-08-25,Miss O Curl,1,0,0%,1,100.00%,0,0,0%,0,0%,0,0,0%,0,0%,1,0,0%,1,100.00%,0,0,0%,0,0%
1969,2025-08-25,Miss C Fryer,391,38,9.72%,105,26.85%,3,0,0%,0,0%,7,0,0%,3,42.86%,159,21,13.21%,53,33.33%,222,17,7.66%,49,22.07%
1970,2025-08-25,Miss S Randell,19,1,5.26%,9,47.37%,0,0,0%,0,0%,0,0,0%,0,0%,19,1,5.26%,9,47.37%,0,0,0%,0,0%
1971,2025-08-25,Mrs K M Diggle,7,0,0%,2,28.57%,0,0,0%,0,0%,0,0,0%,0,0%,7,0,0%,2,28.57%,0,0,0%,0,0%
1972,2025-08-25,Mrs P A Tetley,5,0,0%,0,0%,0,0,0%,0,0%,0,0,0%,0,0%,5,0,0%,0,0%,0,0,0%,0,0%
1973,2025-08-25,Miss S Duckett,17,5,29.41%,3,17.65%,0,0,0%,0,0%,0,0,0%,0,0%,17,5,29.41%,3,17.65%,0,0,0%,0,0%
1974,2025-08-25,Mrs C Cuff,1,0,0%,0,0%,0,0,0%,0,0%,0,0,0%,0,0%,1,0,0%,0,0%,0,0,0%,0,0%
1975,2025-08-25,G E Burton,13,0,0%,0,0%,0,0,0%,0,0%,0,0,0%,0,0%,13,0,0%,0,0%,0,0,0%,0,0%
1976,2025-08-25,C Rae,4,0,0%,1,25.00%,0,0,0%,0,0%,0,0,0%,0,0%,4,0,0%,1,25.00%,0,0,0%,0,0%
1977,2025-08-25,Miss A Waugh,2,0,0%,0,0%,0,0,0%,0,0%,0,0,0%,0,0%,2,0,0%,0,0%,0,0,0%,0,0%
1978,2025-08-25,A G Hobbs,90,6,6.67%,30,33.33%,6,0,0%,4,66.67%,3,0,0%,1,33.33%,41,4,9.76%,18,43.90%,40,2,5.00%,7,17.50%
1979,2025-08-25,Mrs Hawker,4,0,0%,1,25.00%,0,0,0%,0,0%,0,0,0%,0,0%,4,0,0%,1,25.00%,0,0,0%,0,0%
1980,2025-08-25,Miss A Ray,2,0,0%,0,0%,0,0,0%,0,0%,0,0,0%,0,0%,2,0,0%,0,0%,0,0,0%,0,0%
1981,2025-08-25,M H Weston,61,13,21.31%,18,29.51%,0,0,0%,0,0%,0,0,0%,0,0%,32,10,31.25%,9,28.13%,29,3,10.34%,9,31.03%
1982,2025-08-25,D C Gannon,3,0,0%,0,0%,0,0,0%,0,0%,0,0,0%,0,0%,3,0,0%,0,0%,0,0,0%,0,0%
1983,2025-08-25,R Robinson,2,0,0%,0,0%,0,0,0%,0,0%,0,0,0%,0,0%,2,0,0%,0,0%,0,0,0%,0,0%
1984,2025-08-25,John Smith,3,0,0%,1,33.33%,0,0,0%,0,0%,0,0,0%,0,0%,3,0,0%,1,33.33%,0,0,0%,0,0%
1985,2025-08-25,C W Loggin,8,1,12.50%,1,12.50%,0,0,0%,0,0%,0,0,0%,0,0%,8,1,12.50%,1,12.50%,0,0,0%,0,0%
1986,2025-08-25,K F Clutterbuck,160,4,2.50%,38,23.75%,67,3,4.48%,15,22.39%,41,0,0%,9,21.95%,11,1,9.09%,7,63.64%,41,0,0%,7,17.07%
1987,2025-08-25,K Kukk,1,0,0%,0,0%,0,0,0%,0,0%,0,0,0%,0,0%,1,0,0%,0,0%,0,0,0%,0,0%
1988,2025-08-25,Mrs L Pomfret,10,0,0%,1,10.00%,0,0,0%,0,0%,1,0,0%,0,0%,9,0,0%,1,11.11%,0,0,0%,0,0%
1989,2025-08-25,J Tuite,1880,179,9.52%,621,33.03%,870,82,9.43%,297,34.14%,997,94,9.43%,318,31.90%,7,1,14.29%,5,71.43%,6,2,33.33%,1,16.67%
1990,2025-08-25,Miss L Danton,3,0,0%,0,0%,0,0,0%,0,0%,0,0,0%,0,0%,3,0,0%,0,0%,0,0,0%,0,0%
1991,2025-08-25,Mrs J Mason,208,10,4.81%,59,28.37%,0,0,0%,0,0%,22,0,0%,5,22.73%,88,6,6.82%,36,40.91%,98,4,4.08%,18,18.37%
1992,2025-08-25,R Scrine,7,1,14.29%,1,14.29%,0,0,0%,0,0%,0,0,0%,0,0%,7,1,14.29%,1,14.29%,0,0,0%,0,0%
1993,2025-08-25,Miss C Herrington,6,0,0%,1,16.67%,0,0,0%,0,0%,0,0,0%,0,0%,6,0,0%,1,16.67%,0,0,0%,0,0%
1994,2025-08-25,Miss E Stead,2,0,0%,0,0%,0,0,0%,0,0%,0,0,0%,0,0%,2,0,0%,0,0%,0,0,0%,0,0%
1995,2025-08-25,D K Budds,602,27,4.49%,159,26.41%,54,5,9.26%,18,33.33%,204,10,4.90%,45,22.06%,57,2,3.51%,19,33.33%,287,10,3.48%,77,26.83%
1996,2025-08-25,N V Kennedy,56,2,3.57%,17,30.36%,11,0,0%,4,36.36%,32,2,6.25%,9,28.13%,0,0,0%,0,0%,13,0,0%,4,30.77%
1997,2025-08-25,Mrs G Davies,3,0,0%,0,0%,0,0,0%,0,0%,0,0,0%,0,0%,3,0,0%,0,0%,0,0,0%,0,0%
1998,2025-08-25,P D Thomas,1,0,0%,0,0%,0,0,0%,0,0%,0,0,0%,0,0%,1,0,0%,0,0%,0,0,0%,0,0%
1999,2025-08-25,Mrs F Johnson,2,0,0%,0,0%,0,0,0%,0,0%,0,0,0%,0,0%,2,0,0%,0,0%,0,0,0%,0,0%
2000,2025-08-25,Mrs S Watson,1,0,0%,0,0%,0,0,0%,0,0%,0,0,0%,0,0%,1,0,0%,0,0%,0,0,0%,0,0%
2001,2025-08-25,D Bryant,6,0,0%,0,0%,0,0,0%,0,0%,0,0,0%,0,0%,6,0,0%,0,0%,0,0,0%,0,0%
2002,2025-08-25,M J Vanstone,7,0,0%,0,0%,0,0,0%,0,0%,0,0,0%,0,0%,7,0,0%,0,0%,0,0,0%,0,0%
2003,2025-08-25,W A Bethell,5,0,0%,2,40.00%,0,0,0%,0,0%,0,0,0%,0,0%,5,0,0%,2,40.00%,0,0,0%,0,0%
2004,2025-08-25,Mrs S Foster,2,0,0%,0,0%,0,0,0%,0,0%,0,0,0%,0,0%,2,0,0%,0,0%,0,0,0%,0,0%
2005,2025-08-25,E N Cameron,7,1,14.29%,0,0%,0,0,0%,0,0%,0,0,0%,0,0%,7,1,14.29%,0,0%,0,0,0%,0,0%
2006,2025-08-25,Stuart Morris,18,2,11.11%,3,16.67%,0,0,0%,0,0%,1,0,0%,1,100.00%,17,2,11.76%,2,11.76%,0,0,0%,0,0%
2007,2025-08-25,Ms A Hardy,4,0,0%,0,0%,0,0,0%,0,0%,0,0,0%,0,0%,4,0,0%,0,0%,0,0,0%,0,0%
2008,2025-08-25,Miss V Collins,86,8,9.30%,29,33.72%,0,0,0%,0,0%,0,0,0%,0,0%,86,8,9.30%,29,33.72%,0,0,0%,0,0%
2009,2025-08-25,Michael Miller,4,1,25.00%,0,0%,0,0,0%,0,0%,0,0,0%,0,0%,4,1,25.00%,0,0%,0,0,0%,0,0%
2010,2025-08-25,J Myerscough-walker,1,0,0%,0,0%,0,0,0%,0,0%,0,0,0%,0,0%,1,0,0%,0,0%,0,0,0%,0,0%
2011,2025-08-25,K Cumings,10,1,10.00%,4,40.00%,0,0,0%,0,0%,0,0,0%,0,0%,10,1,10.00%,4,40.00%,0,0,0%,0,0%
2012,2025-08-25,Miss M Chesterman,1,0,0%,0,0%,0,0,0%,0,0%,0,0,0%,0,0%,1,0,0%,0,0%,0,0,0%,0,0%
2013,2025-08-25,R Hirons,4,0,0%,0,0%,0,0,0%,0,0%,0,0,0%,0,0%,4,0,0%,0,0%,0,0,0%,0,0%
2014,2025-08-25,Mrs J Weston,1,0,0%,0,0%,0,0,0%,0,0%,0,0,0%,0,0%,1,0,0%,0,0%,0,0,0%,0,0%
2015,2025-08-25,S Curling,747,57,7.63%,183,24.50%,11,0,0%,0,0%,213,21,9.86%,67,31.46%,148,12,8.11%,41,27.70%,375,24,6.40%,75,20.00%
2016,2025-08-25,J Sheppard,6,0,0%,0,0%,0,0,0%,0,0%,0,0,0%,0,0%,4,0,0%,0,0%,2,0,0%,0,0%
2017,2025-08-25,R Bryan,2,0,0%,1,50.00%,0,0,0%,0,0%,0,0,0%,0,0%,2,0,0%,1,50.00%,0,0,0%,0,0%
2018,2025-08-25,Mrs David Plunkett,21,2,9.52%,5,23.81%,0,0,0%,0,0%,0,0,0%,0,0%,21,2,9.52%,5,23.81%,0,0,0%,0,0%
2019,2025-08-25,Miss C Wright,30,2,6.67%,12,40.00%,0,0,0%,0,0%,0,0,0%,0,0%,30,2,6.67%,12,40.00%,0,0,0%,0,0%
2020,2025-08-25,F Cottin,3,0,0%,1,33.33%,0,0,0%,0,0%,0,0,0%,0,0%,2,0,0%,1,50.00%,1,0,0%,0,0%
2021,2025-08-25,Mrs K R Smith-maxwell,7,2,28.57%,1,14.29%,0,0,0%,0,0%,0,0,0%,0,0%,7,2,28.57%,1,14.29%,0,0,0%,0,0%
2022,2025-08-25,Miss Jennifer Pidgeon,3,0,0%,2,66.67%,0,0,0%,0,0%,0,0,0%,0,0%,3,0,0%,2,66.67%,0,0,0%,0,0%
2023,2025-08-25,David Lewis,95,0,0%,9,9.47%,4,0,0%,0,0%,6,0,0%,0,0%,36,0,0%,7,19.44%,49,0,0%,2,4.08%
2024,2025-08-25,Miss P C Lownds,4,0,0%,1,25.00%,0,0,0%,0,0%,0,0,0%,0,0%,4,0,0%,1,25.00%,0,0,0%,0,0%
2025,2025-08-25,Ross Oliver,1,0,0%,0,0%,0,0,0%,0,0%,0,0,0%,0,0%,1,0,0%,0,0%,0,0,0%,0,0%
2026,2025-08-25,Miss C M E Haydon,7,2,28.57%,3,42.86%,0,0,0%,0,0%,0,0,0%,0,0%,7,2,28.57%,3,42.86%,0,0,0%,0,0%
2027,2025-08-25,Mrs Suzy Bull,1,0,0%,0,0%,0,0,0%,0,0%,0,0,0%,0,0%,1,0,0%,0,0%,0,0,0%,0,0%
2028,2025-08-25,R Fielder,3,0,0%,1,33.33%,0,0,0%,0,0%,0,0,0%,0,0%,3,0,0%,1,33.33%,0,0,0%,0,0%
2029,2025-08-25,L S Rowe,1,0,0%,0,0%,0,0,0%,0,0%,0,0,0%,0,0%,1,0,0%,0,0%,0,0,0%,0,0%
2030,2025-08-25,Norman G Crouch,1,0,0%,0,0%,0,0,0%,0,0%,0,0,0%,0,0%,1,0,0%,0,0%,0,0,0%,0,0%
2031,2025-08-25,J Legg,3,0,0%,0,0%,0,0,0%,0,0%,0,0,0%,0,0%,3,0,0%,0,0%,0,0,0%,0,0%
2032,2025-08-25,Mrs J Clark,25,4,16.00%,11,44.00%,0,0,0%,0,0%,0,0,0%,0,0%,19,3,15.79%,10,52.63%,6,1,16.67%,1,16.67%
2033,2025-08-25,T Morrison,3,0,0%,0,0%,0,0,0%,0,0%,0,0,0%,0,0%,3,0,0%,0,0%,0,0,0%,0,0%
2034,2025-08-25,Mrs C Sutcliffe,1,0,0%,0,0%,0,0,0%,0,0%,0,0,0%,0,0%,1,0,0%,0,0%,0,0,0%,0,0%
2035,2025-08-25,Mrs D Monteith,5,2,40.00%,1,20.00%,0,0,0%,0,0%,0,0,0%,0,0%,5,2,40.00%,1,20.00%,0,0,0%,0,0%
2036,2025-08-25,Mrs C M Budd,4,0,0%,0,0%,0,0,0%,0,0%,0,0,0%,0,0%,4,0,0%,0,0%,0,0,0%,0,0%
2037,2025-08-25,D J Griffiths,1,0,0%,0,0%,0,0,0%,0,0%,0,0,0%,0,0%,1,0,0%,0,0%,0,0,0%,0,0%
2038,2025-08-25,M J Coate,3,0,0%,0,0%,0,0,0%,0,0%,0,0,0%,0,0%,3,0,0%,0,0%,0,0,0%,0,0%
2039,2025-08-25,Gabe Mahon,5,3,60.00%,1,20.00%,0,0,0%,0,0%,1,1,100.00%,0,0%,4,2,50.00%,1,25.00%,0,0,0%,0,0%
2040,2025-08-25,R J Rowsell,2,0,0%,0,0%,0,0,0%,0,0%,0,0,0%,0,0%,2,0,0%,0,0%,0,0,0%,0,0%
2042,2025-08-25,Miss Sarah-jayne Davies,957,38,3.97%,257,26.85%,36,0,0%,5,13.89%,57,0,0%,8,14.04%,424,26,6.13%,151,35.61%,440,12,2.73%,93,21.14%
2043,2025-08-25,Mrs C M James,1,0,0%,0,0%,0,0,0%,0,0%,0,0,0%,0,0%,1,0,0%,0,0%,0,0,0%,0,0%
2044,2025-08-25,Tim Billington,1,0,0%,0,0%,0,0,0%,0,0%,0,0,0%,0,0%,1,0,0%,0,0%,0,0,0%,0,0%
2045,2025-08-25,A Bradstock,1,0,0%,0,0%,0,0,0%,0,0%,0,0,0%,0,0%,1,0,0%,0,0%,0,0,0%,0,0%
2046,2025-08-25,Mrs Lydia Pearce,215,19,8.84%,42,19.53%,127,6,4.72%,29,22.83%,80,12,15.00%,12,15.00%,2,1,50.00%,1,50.00%,6,0,0%,0,0%
2047,2025-08-25,Robin McNeilly,2,0,0%,0,0%,0,0,0%,0,0%,0,0,0%,0,0%,1,0,0%,0,0%,1,0,0%,0,0%
2048,2025-08-25,R Varian,7572,1449,19.14%,3120,41.20%,2286,514,22.48%,1000,43.74%,5278,934,17.70%,2118,40.13%,7,1,14.29%,2,28.57%,1,0,0%,0,0%
2049,2025-08-25,A P Kelly,18,0,0%,0,0%,1,0,0%,0,0%,11,0,0%,0,0%,0,0,0%,0,0%,6,0,0%,0,0%
2050,2025-08-25,Miss Vicky Simpson,1,1,100.00%,0,0%,0,0,0%,0,0%,0,0,0%,0,0%,1,1,100.00%,0,0%,0,0,0%,0,0%
2051,2025-08-25,Mrs J Williams,692,98,14.16%,205,29.62%,0,0,0%,0,0%,26,3,11.54%,9,34.62%,278,33,11.87%,76,27.34%,388,62,15.98%,120,30.93%
2052,2025-08-25,Mrs Janet Ackner,28,0,0%,3,10.71%,0,0,0%,0,0%,0,0,0%,0,0%,28,0,0%,3,10.71%,0,0,0%,0,0%
2053,2025-08-25,Mrs J Dennis,12,1,8.33%,7,58.33%,0,0,0%,0,0%,0,0,0%,0,0%,12,1,8.33%,7,58.33%,0,0,0%,0,0%
2054,2025-08-25,Hugo Palmer,3869,594,15.35%,1558,40.27%,1494,258,17.27%,639,42.77%,2369,335,14.14%,917,38.71%,5,1,20.00%,1,20.00%,1,0,0%,1,100.00%
2055,2025-08-25,C V Lines,201,15,7.46%,69,34.33%,84,5,5.95%,26,30.95%,116,10,8.62%,43,37.07%,1,0,0%,0,0%,0,0,0%,0,0%
2056,2025-08-25,B Heffernan,43,3,6.98%,4,9.30%,15,2,13.33%,0,0%,12,0,0%,1,8.33%,1,0,0%,0,0%,15,1,6.67%,3,20.00%
2057,2025-08-25,T Butt,8,1,12.50%,2,25.00%,0,0,0%,0,0%,0,0,0%,0,0%,8,1,12.50%,2,25.00%,0,0,0%,0,0%
2058,2025-08-25,Miss V E Hayter,5,0,0%,0,0%,0,0,0%,0,0%,0,0,0%,0,0%,5,0,0%,0,0%,0,0,0%,0,0%
2059,2025-08-25,J N Dalton,9,0,0%,0,0%,0,0,0%,0,0%,0,0,0%,0,0%,1,0,0%,0,0%,8,0,0%,0,0%
2060,2025-08-25,W M Wanless,19,0,0%,6,31.58%,0,0,0%,0,0%,0,0,0%,0,0%,19,0,0%,6,31.58%,0,0,0%,0,0%
2061,2025-08-25,D Buckett,11,1,9.09%,7,63.64%,0,0,0%,0,0%,0,0,0%,0,0%,11,1,9.09%,7,63.64%,0,0,0%,0,0%
2062,2025-08-25,Robert Eddery,1354,113,8.35%,439,32.42%,589,56,9.51%,210,35.65%,724,55,7.60%,214,29.56%,3,0,0%,2,66.67%,38,2,5.26%,13,34.21%
2063,2025-08-25,P Owens,22,0,0%,0,0%,6,0,0%,0,0%,16,0,0%,0,0%,0,0,0%,0,0%,0,0,0%,0,0%
2064,2025-08-25,Ms D C Faulkner,360,19,5.28%,84,23.33%,106,4,3.77%,34,32.08%,104,9,8.65%,21,20.19%,40,3,7.50%,11,27.50%,110,3,2.73%,18,16.36%
2065,2025-08-25,S A Jones,3,0,0%,1,33.33%,0,0,0%,0,0%,0,0,0%,0,0%,3,0,0%,1,33.33%,0,0,0%,0,0%
2066,2025-08-25,Mrs A Clarke,26,2,7.69%,7,26.92%,0,0,0%,0,0%,3,0,0%,1,33.33%,2,0,0%,0,0%,21,2,9.52%,6,28.57%
2067,2025-08-25,Ray Williams,1,0,0%,0,0%,0,0,0%,0,0%,0,0,0%,0,0%,1,0,0%,0,0%,0,0,0%,0,0%
2068,2025-08-25,A Jeffries,1,0,0%,0,0%,0,0,0%,0,0%,0,0,0%,0,0%,1,0,0%,0,0%,0,0,0%,0,0%
2069,2025-08-25,Mrs J A (oxfordshire),1,0,0%,1,100.00%,0,0,0%,0,0%,0,0,0%,0,0%,1,0,0%,1,100.00%,0,0,0%,0,0%
2070,2025-08-25,Miss Reader,4,0,0%,1,25.00%,0,0,0%,0,0%,0,0,0%,0,0%,4,0,0%,1,25.00%,0,0,0%,0,0%
2071,2025-08-25,Miss N Higham,1,0,0%,0,0%,0,0,0%,0,0%,0,0,0%,0,0%,1,0,0%,0,0%,0,0,0%,0,0%
2072,2025-08-25,Mrs T Lucy,1,0,0%,0,0%,0,0,0%,0,0%,0,0,0%,0,0%,1,0,0%,0,0%,0,0,0%,0,0%
2073,2025-08-25,D Griffiths,3,0,0%,1,33.33%,0,0,0%,0,0%,0,0,0%,0,0%,3,0,0%,1,33.33%,0,0,0%,0,0%
2074,2025-08-25,S G Allen,15,0,0%,4,26.67%,0,0,0%,0,0%,0,0,0%,0,0%,13,0,0%,4,30.77%,2,0,0%,0,0%
2075,2025-08-25,Holly McGahan,1,0,0%,0,0%,0,0,0%,0,0%,0,0,0%,0,0%,0,0,0%,0,0%,1,0,0%,0,0%
2077,2025-08-25,J Bleahen,29,4,13.79%,10,34.48%,3,0,0%,0,0%,26,4,15.38%,10,38.46%,0,0,0%,0,0%,0,0,0%,0,0%
2078,2025-08-25,John Whyte,16,0,0%,5,31.25%,0,0,0%,0,0%,0,0,0%,0,0%,16,0,0%,5,31.25%,0,0,0%,0,0%
2079,2025-08-25,N Pearce,14,2,14.29%,5,35.71%,0,0,0%,0,0%,0,0,0%,0,0%,14,2,14.29%,5,35.71%,0,0,0%,0,0%
2080,2025-08-25,Mrs L Pearce,673,39,5.79%,207,30.76%,346,15,4.34%,114,32.95%,309,23,7.44%,89,28.80%,1,0,0%,1,100.00%,17,1,5.88%,3,17.65%
2081,2025-08-25,S France,401,9,2.24%,106,26.43%,275,7,2.55%,83,30.18%,116,2,1.72%,21,18.10%,2,0,0%,0,0%,8,0,0%,2,25.00%
2082,2025-08-25,Edmond Kent,376,17,4.52%,117,31.12%,8,0,0%,2,25.00%,161,6,3.73%,49,30.43%,35,1,2.86%,15,42.86%,172,10,5.81%,51,29.65%
2084,2025-08-25,D English,1126,70,6.22%,247,21.94%,497,37,7.44%,129,25.96%,601,33,5.49%,117,19.47%,3,0,0%,0,0%,25,0,0%,1,4.00%
2085,2025-08-25,Miss L K Alexander,1,1,100.00%,0,0%,0,0,0%,0,0%,0,0,0%,0,0%,1,1,100.00%,0,0%,0,0,0%,0,0%
2086,2025-08-25,P Buchanan,3,0,0%,1,33.33%,0,0,0%,0,0%,0,0,0%,0,0%,3,0,0%,1,33.33%,0,0,0%,0,0%
2087,2025-08-25,Paul Hennessy,199,10,5.03%,45,22.61%,55,2,3.64%,17,30.91%,68,4,5.88%,9,13.24%,15,1,6.67%,5,33.33%,61,3,4.92%,14,22.95%
2088,2025-08-25,R A Ross,85,3,3.53%,11,12.94%,2,0,0%,0,0%,5,0,0%,1,20.00%,25,3,12.00%,5,20.00%,53,0,0%,5,9.43%
2089,2025-08-25,Mrs Corbett,1236,85,6.88%,376,30.42%,173,13,7.51%,45,26.01%,291,16,5.50%,73,25.09%,115,11,9.57%,40,34.78%,657,45,6.85%,218,33.18%
2090,2025-08-25,Mrs J Jeffreys,2,0,0%,0,0%,0,0,0%,0,0%,0,0,0%,0,0%,2,0,0%,0,0%,0,0,0%,0,0%
2091,2025-08-25,Mme J Bidgood,1,0,0%,0,0%,0,0,0%,0,0%,1,0,0%,0,0%,0,0,0%,0,0%,0,0,0%,0,0%
2092,2025-08-25,R J Walker,26,0,0%,6,23.08%,4,0,0%,0,0%,13,0,0%,3,23.08%,3,0,0%,1,33.33%,6,0,0%,2,33.33%
2093,2025-08-25,H Wilson,9,4,44.44%,2,22.22%,0,0,0%,0,0%,0,0,0%,0,0%,9,4,44.44%,2,22.22%,0,0,0%,0,0%
2094,2025-08-25,D P Summersby,38,4,10.53%,4,10.53%,0,0,0%,0,0%,2,0,0%,0,0%,23,4,17.39%,4,17.39%,13,0,0%,0,0%
2095,2025-08-25,D C Turner,1,0,0%,0,0%,0,0,0%,0,0%,0,0,0%,0,0%,1,0,0%,0,0%,0,0,0%,0,0%
2096,2025-08-25,R G Chapman,10,0,0%,1,10.00%,0,0,0%,0,0%,1,0,0%,0,0%,9,0,0%,1,11.11%,0,0,0%,0,0%
2097,2025-08-25,Miss Muldoon,16,1,6.25%,1,6.25%,0,0,0%,0,0%,8,1,12.50%,1,12.50%,1,0,0%,0,0%,7,0,0%,0,0%
2098,2025-08-25,Grant Cann,1,0,0%,0,0%,0,0,0%,0,0%,1,0,0%,0,0%,0,0,0%,0,0%,0,0,0%,0,0%
2099,2025-08-25,Miss S O'Sullivan,31,2,6.45%,3,9.68%,0,0,0%,0,0%,5,1,20.00%,0,0%,14,0,0%,1,7.14%,12,1,8.33%,2,16.67%
2100,2025-08-25,Mrs H Ridley,13,1,7.69%,6,46.15%,0,0,0%,0,0%,0,0,0%,0,0%,13,1,7.69%,6,46.15%,0,0,0%,0,0%
2101,2025-08-25,Miss K Morgan,99,15,15.15%,24,24.24%,5,1,20.00%,1,20.00%,8,3,37.50%,1,12.50%,62,7,11.29%,15,24.19%,24,4,16.67%,7,29.17%
2102,2025-08-25,Mrs I Barnett,8,0,0%,1,12.50%,0,0,0%,0,0%,0,0,0%,0,0%,8,0,0%,1,12.50%,0,0,0%,0,0%
2103,2025-08-25,Mrs A Hickman,6,0,0%,1,16.67%,0,0,0%,0,0%,0,0,0%,0,0%,6,0,0%,1,16.67%,0,0,0%,0,0%
2104,2025-08-25,R N Bevis,4,0,0%,0,0%,0,0,0%,0,0%,0,0,0%,0,0%,4,0,0%,0,0%,0,0,0%,0,0%
2105,2025-08-25,M Wills,1,0,0%,0,0%,0,0,0%,0,0%,0,0,0%,0,0%,1,0,0%,0,0%,0,0,0%,0,0%
2106,2025-08-25,Mrs A E Lee,1,0,0%,0,0%,0,0,0%,0,0%,0,0,0%,0,0%,1,0,0%,0,0%,0,0,0%,0,0%
2107,2025-08-25,Miss G Harris,2,0,0%,0,0%,0,0,0%,0,0%,0,0,0%,0,0%,2,0,0%,0,0%,0,0,0%,0,0%
2108,2025-08-25,Mrs C Crow,9,2,22.22%,1,11.11%,0,0,0%,0,0%,0,0,0%,0,0%,9,2,22.22%,1,11.11%,0,0,0%,0,0%
2109,2025-08-25,Mrs S E Grant,6,1,16.67%,3,50.00%,0,0,0%,0,0%,0,0,0%,0,0%,6,1,16.67%,3,50.00%,0,0,0%,0,0%
2110,2025-08-25,Edward Kinirons,3,0,0%,0,0%,0,0,0%,0,0%,0,0,0%,0,0%,3,0,0%,0,0%,0,0,0%,0,0%
2111,2025-08-25,Mrs McGahan,30,0,0%,0,0%,0,0,0%,0,0%,2,0,0%,0,0%,9,0,0%,0,0%,19,0,0%,0,0%
2112,2025-08-25,J Crew,1,0,0%,0,0%,0,0,0%,0,0%,0,0,0%,0,0%,1,0,0%,0,0%,0,0,0%,0,0%
2113,2025-08-25,C J Jones,2,0,0%,0,0%,0,0,0%,0,0%,0,0,0%,0,0%,1,0,0%,0,0%,1,0,0%,0,0%
2114,2025-08-25,Ross O'sullivan,1709,114,6.67%,488,28.55%,183,13,7.10%,44,24.04%,739,45,6.09%,186,25.17%,283,20,7.07%,107,37.81%,504,36,7.14%,151,29.96%
2115,2025-08-25,Miss L Grimston,1,0,0%,0,0%,0,0,0%,0,0%,0,0,0%,0,0%,1,0,0%,0,0%,0,0,0%,0,0%
2116,2025-08-25,Miss Anderson,1,0,0%,0,0%,0,0,0%,0,0%,0,0,0%,0,0%,1,0,0%,0,0%,0,0,0%,0,0%
2117,2025-08-25,K Robson,1,0,0%,0,0%,0,0,0%,0,0%,0,0,0%,0,0%,1,0,0%,0,0%,0,0,0%,0,0%
2118,2025-08-25,G J Kent,56,9,16.07%,20,35.71%,9,2,22.22%,4,44.44%,47,7,14.89%,16,34.04%,0,0,0%,0,0%,0,0,0%,0,0%
2119,2025-08-25,Ms M L Byrom,1,0,0%,0,0%,0,0,0%,0,0%,0,0,0%,0,0%,1,0,0%,0,0%,0,0,0%,0,0%
2120,2025-08-25,M R Daniell,4,0,0%,1,25.00%,0,0,0%,0,0%,0,0,0%,0,0%,4,0,0%,1,25.00%,0,0,0%,0,0%
2121,2025-08-25,D Marr,2,0,0%,0,0%,0,0,0%,0,0%,0,0,0%,0,0%,2,0,0%,0,0%,0,0,0%,0,0%
2122,2025-08-25,T Davidson,908,122,13.44%,301,33.15%,217,27,12.44%,60,27.65%,364,51,14.01%,115,31.59%,65,11,16.92%,25,38.46%,262,33,12.60%,101,38.55%
2123,2025-08-25,J Lenehan,5,0,0%,1,20.00%,0,0,0%,0,0%,5,0,0%,1,20.00%,0,0,0%,0,0%,0,0,0%,0,0%
2124,2025-08-25,M Foley,10,2,20.00%,1,10.00%,0,0,0%,0,0%,0,0,0%,0,0%,10,2,20.00%,1,10.00%,0,0,0%,0,0%
2125,2025-08-25,I Semple,462,26,5.63%,107,23.16%,127,6,4.72%,42,33.07%,324,18,5.56%,59,18.21%,0,0,0%,0,0%,11,2,18.18%,6,54.55%
2126,2025-08-25,V Caruso,1,0,0%,1,100.00%,0,0,0%,0,0%,1,0,0%,1,100.00%,0,0,0%,0,0%,0,0,0%,0,0%
2127,2025-08-25,J ward,586,48,8.19%,217,37.03%,170,13,7.65%,63,37.06%,388,35,9.02%,145,37.37%,0,0,0%,0,0%,28,0,0%,9,32.14%
2128,2025-08-25,Martin Hassett,506,33,6.52%,134,26.48%,61,2,3.28%,15,24.59%,207,11,5.31%,57,27.54%,76,4,5.26%,23,30.26%,162,16,9.88%,39,24.07%
2129,2025-08-25,P Walsh,4,0,0%,0,0%,0,0,0%,0,0%,0,0,0%,0,0%,0,0,0%,0,0%,4,0,0%,0,0%
2130,2025-08-25,Shane Joyce,43,1,2.33%,7,16.28%,0,0,0%,0,0%,10,0,0%,1,10.00%,5,0,0%,1,20.00%,28,1,3.57%,5,17.86%
2131,2025-08-25,Jozef Roszival,2,0,0%,0,0%,0,0,0%,0,0%,2,0,0%,0,0%,0,0,0%,0,0%,0,0,0%,0,0%
2132,2025-08-25,Dave Roberts,386,24,6.22%,126,32.64%,38,2,5.26%,8,21.05%,40,0,0%,13,32.50%,61,4,6.56%,24,39.34%,247,18,7.29%,81,32.79%
2133,2025-08-25,Miss C Elmer,1,0,0%,0,0%,0,0,0%,0,0%,0,0,0%,0,0%,1,0,0%,0,0%,0,0,0%,0,0%
2134,2025-08-25,A R Trotter,2,0,0%,0,0%,0,0,0%,0,0%,0,0,0%,0,0%,2,0,0%,0,0%,0,0,0%,0,0%
2135,2025-08-25,Mrs J Green,2,0,0%,0,0%,0,0,0%,0,0%,2,0,0%,0,0%,0,0,0%,0,0%,0,0,0%,0,0%
2136,2025-08-25,Gerard Hussey,142,4,2.82%,16,11.27%,51,3,5.88%,14,27.45%,49,1,2.04%,2,4.08%,7,0,0%,0,0%,35,0,0%,0,0%
2137,2025-08-25,G O'Brien,1,0,0%,0,0%,0,0,0%,0,0%,1,0,0%,0,0%,0,0,0%,0,0%,0,0,0%,0,0%
2138,2025-08-25,Mrs H M Tory,10,1,10.00%,3,30.00%,0,0,0%,0,0%,0,0,0%,0,0%,10,1,10.00%,3,30.00%,0,0,0%,0,0%
2139,2025-08-25,Mrs Davies,1,0,0%,0,0%,0,0,0%,0,0%,0,0,0%,0,0%,1,0,0%,0,0%,0,0,0%,0,0%
2140,2025-08-25,Miss C A Tizzard,13,3,23.08%,5,38.46%,0,0,0%,0,0%,0,0,0%,0,0%,13,3,23.08%,5,38.46%,0,0,0%,0,0%
2141,2025-08-25,Mrs J Martin,11,2,18.18%,1,9.09%,0,0,0%,0,0%,0,0,0%,0,0%,11,2,18.18%,1,9.09%,0,0,0%,0,0%
2142,2025-08-25,A Stronge,73,4,5.48%,24,32.88%,0,0,0%,0,0%,12,0,0%,4,33.33%,12,1,8.33%,4,33.33%,49,3,6.12%,16,32.65%
2143,2025-08-25,A Day,142,7,4.93%,27,19.01%,1,0,0%,0,0%,18,0,0%,1,5.56%,28,4,14.29%,6,21.43%,95,3,3.16%,20,21.05%
2144,2025-08-25,J M Barrett,781,45,5.76%,190,24.33%,148,5,3.38%,46,31.08%,513,38,7.41%,114,22.22%,9,0,0%,5,55.56%,111,2,1.80%,25,22.52%
2145,2025-08-25,S Crawford,9,2,22.22%,2,22.22%,0,0,0%,0,0%,1,0,0%,1,100.00%,2,2,100.00%,0,0%,6,0,0%,1,16.67%
2146,2025-08-25,A C Dodgson,25,2,8.00%,7,28.00%,0,0,0%,0,0%,4,0,0%,0,0%,1,0,0%,1,100.00%,20,2,10.00%,6,30.00%
2147,2025-08-25,M McElhone,98,5,5.10%,24,24.49%,10,1,10.00%,2,20.00%,27,3,11.11%,8,29.63%,13,0,0%,3,23.08%,48,1,2.08%,11,22.92%
2148,2025-08-25,C Mason,683,81,11.86%,223,32.65%,89,11,12.36%,23,25.84%,594,70,11.78%,200,33.67%,0,0,0%,0,0%,0,0,0%,0,0%
2149,2025-08-25,Ms M D Blake,81,7,8.64%,30,37.04%,13,0,0%,7,53.85%,62,7,11.29%,22,35.48%,0,0,0%,0,0%,6,0,0%,1,16.67%
2150,2025-08-25,J Tyrrell,30,0,0%,8,26.67%,10,0,0%,1,10.00%,18,0,0%,7,38.89%,0,0,0%,0,0%,2,0,0%,0,0%
2151,2025-08-25,Danny O'brien,5,0,0%,2,40.00%,0,0,0%,0,0%,5,0,0%,2,40.00%,0,0,0%,0,0%,0,0,0%,0,0%
2152,2025-08-25,A T Millard,1,0,0%,1,100.00%,0,0,0%,0,0%,1,0,0%,1,100.00%,0,0,0%,0,0%,0,0,0%,0,0%
2153,2025-08-25,Markus Klug,5,0,0%,0,0%,1,0,0%,0,0%,4,0,0%,0,0%,0,0,0%,0,0%,0,0,0%,0,0%
2154,2025-08-25,R Chotard,2,0,0%,0,0%,0,0,0%,0,0%,1,0,0%,0,0%,1,0,0%,0,0%,0,0,0%,0,0%
2155,2025-08-25,Todd Pletcher,4,0,0%,0,0%,0,0,0%,0,0%,4,0,0%,0,0%,0,0,0%,0,0%,0,0,0%,0,0%
2156,2025-08-25,Y Yahagi,4,0,0%,1,25.00%,0,0,0%,0,0%,4,0,0%,1,25.00%,0,0,0%,0,0%,0,0,0%,0,0%
2157,2025-08-25,E Lellouche,2,0,0%,0,0%,0,0,0%,0,0%,2,0,0%,0,0%,0,0,0%,0,0%,0,0,0%,0,0%
2158,2025-08-25,Robert Collet,8,1,12.50%,2,25.00%,0,0,0%,0,0%,7,1,14.29%,2,28.57%,0,0,0%,0,0%,1,0,0%,0,0%
2159,2025-08-25,Miss L Good,5,0,0%,0,0%,0,0,0%,0,0%,5,0,0%,0,0%,0,0,0%,0,0%,0,0,0%,0,0%
2160,2025-08-25,F M Barton,18,0,0%,4,22.22%,0,0,0%,0,0%,0,0,0%,0,0%,17,0,0%,4,23.53%,1,0,0%,0,0%
2161,2025-08-25,Miss A Mooney,158,6,3.80%,32,20.25%,13,1,7.69%,4,30.77%,78,4,5.13%,15,19.23%,15,0,0%,5,33.33%,52,1,1.92%,8,15.38%
2162,2025-08-25,P M Hurley,40,5,12.50%,2,5.00%,0,0,0%,0,0%,6,2,33.33%,2,33.33%,1,0,0%,0,0%,33,3,9.09%,0,0%
2163,2025-08-25,Mrs A Dooley,10,0,0%,1,10.00%,1,0,0%,0,0%,4,0,0%,1,25.00%,2,0,0%,0,0%,3,0,0%,0,0%
2164,2025-08-25,Mr J Smart,12,4,33.33%,3,25.00%,0,0,0%,0,0%,12,4,33.33%,3,25.00%,0,0,0%,0,0%,0,0,0%,0,0%
2165,2025-08-25,A L Forbes,279,15,5.38%,95,34.05%,135,6,4.44%,51,37.78%,41,3,7.32%,16,39.02%,18,1,5.56%,7,38.89%,85,5,5.88%,21,24.71%
2166,2025-08-25,Mrs M Jones,6,0,0%,2,33.33%,0,0,0%,0,0%,0,0,0%,0,0%,1,0,0%,0,0%,5,0,0%,2,40.00%
2167,2025-08-25,Jo Hughes,619,71,11.47%,166,26.82%,226,28,12.39%,64,28.32%,285,33,11.58%,77,27.02%,55,8,14.55%,15,27.27%,53,2,3.77%,10,18.87%
2168,2025-08-25,J Hughes,966,64,6.63%,350,36.23%,435,35,8.05%,181,41.61%,423,21,4.96%,128,30.26%,44,4,9.09%,18,40.91%,64,4,6.25%,23,35.94%
2169,2025-08-25,P G Ryan,32,2,6.25%,7,21.88%,0,0,0%,0,0%,10,0,0%,2,20.00%,9,1,11.11%,2,22.22%,13,1,7.69%,3,23.08%
2170,2025-08-25,James Grace,219,15,6.85%,58,26.48%,0,0,0%,0,0%,10,1,10.00%,1,10.00%,33,2,6.06%,15,45.45%,176,12,6.82%,42,23.86%
2173,2025-08-25,M Coughlan,17,0,0%,3,17.65%,0,0,0%,0,0%,0,0,0%,0,0%,4,0,0%,1,25.00%,13,0,0%,2,15.38%
2174,2025-08-25,D Bunyan,802,48,5.99%,168,20.95%,290,25,8.62%,56,19.31%,497,22,4.43%,107,21.53%,0,0,0%,0,0%,15,1,6.67%,5,33.33%
2175,2025-08-25,P Byrne,230,10,4.35%,49,21.30%,16,1,6.25%,3,18.75%,71,4,5.63%,15,21.13%,41,2,4.88%,17,41.46%,102,3,2.94%,14,13.73%
2176,2025-08-25,M F De Kock,66,7,10.61%,26,39.39%,6,1,16.67%,3,50.00%,60,6,10.00%,23,38.33%,0,0,0%,0,0%,0,0,0%,0,0%
2177,2025-08-25,D G McCarthy,1,0,0%,0,0%,0,0,0%,0,0%,0,0,0%,0,0%,0,0,0%,0,0%,1,0,0%,0,0%
2178,2025-08-25,Paul Rich,139,16,11.51%,39,28.06%,61,12,19.67%,17,27.87%,12,0,0%,3,25.00%,18,0,0%,5,27.78%,48,4,8.33%,14,29.17%
2179,2025-08-25,T Coyle,2041,166,8.13%,704,34.49%,402,34,8.46%,118,29.35%,1397,107,7.66%,498,35.65%,99,12,12.12%,39,39.39%,143,13,9.09%,49,34.27%
2180,2025-08-25,G F O'Brien,1,0,0%,0,0%,0,0,0%,0,0%,1,0,0%,0,0%,0,0,0%,0,0%,0,0,0%,0,0%
2181,2025-08-25,Mr D J Paton,1,0,0%,1,100.00%,0,0,0%,0,0%,1,0,0%,1,100.00%,0,0,0%,0,0%,0,0,0%,0,0%
2182,2025-08-25,Mrs S Connally,1,0,0%,0,0%,0,0,0%,0,0%,1,0,0%,0,0%,0,0,0%,0,0%,0,0,0%,0,0%
2183,2025-08-25,Mr P Brown,1,0,0%,0,0%,0,0,0%,0,0%,1,0,0%,0,0%,0,0,0%,0,0%,0,0,0%,0,0%
2184,2025-08-25,J Bernard,2,0,0%,1,50.00%,0,0,0%,0,0%,2,0,0%,1,50.00%,0,0,0%,0,0%,0,0,0%,0,0%
2185,2025-08-25,J P Totain,1,0,0%,0,0%,0,0,0%,0,0%,1,0,0%,0,0%,0,0,0%,0,0%,0,0,0%,0,0%
2186,2025-08-25,Mme K Van Den Bos,1,0,0%,0,0%,0,0,0%,0,0%,1,0,0%,0,0%,0,0,0%,0,0%,0,0,0%,0,0%
2187,2025-08-25,Ms P Hoiom,1,0,0%,0,0%,0,0,0%,0,0%,1,0,0%,0,0%,0,0,0%,0,0%,0,0,0%,0,0%
2188,2025-08-25,J Verstrepen,5,0,0%,0,0%,0,0,0%,0,0%,5,0,0%,0,0%,0,0,0%,0,0%,0,0,0%,0,0%
2189,2025-08-25,R Litt,2,1,50.00%,0,0%,0,0,0%,0,0%,2,1,50.00%,0,0%,0,0,0%,0,0%,0,0,0%,0,0%
2190,2025-08-25,G Kif,1,0,0%,0,0%,0,0,0%,0,0%,1,0,0%,0,0%,0,0,0%,0,0%,0,0,0%,0,0%
2191,2025-08-25,S Farnese,1,0,0%,0,0%,0,0,0%,0,0%,1,0,0%,0,0%,0,0,0%,0,0%,0,0,0%,0,0%
2192,2025-08-25,T Lemer,2,1,50.00%,1,50.00%,1,0,0%,1,100.00%,1,1,100.00%,0,0%,0,0,0%,0,0%,0,0,0%,0,0%
2193,2025-08-25,D De Watrigant,1,0,0%,1,100.00%,0,0,0%,0,0%,1,0,0%,1,100.00%,0,0,0%,0,0%,0,0,0%,0,0%
2195,2025-08-25,Mrs S Hayes,8,1,12.50%,1,12.50%,5,1,20.00%,1,20.00%,3,0,0%,0,0%,0,0,0%,0,0%,0,0,0%,0,0%
2196,2025-08-25,H P Finegan,256,11,4.30%,42,16.41%,12,0,0%,1,8.33%,79,4,5.06%,11,13.92%,21,0,0%,4,19.05%,144,7,4.86%,26,18.06%
2197,2025-08-25,R O'Connor,16,1,6.25%,2,12.50%,0,0,0%,0,0%,4,0,0%,0,0%,2,0,0%,1,50.00%,10,1,10.00%,1,10.00%
2198,2025-08-25,S J Mahon,1472,65,4.42%,325,22.08%,31,3,9.68%,7,22.58%,240,8,3.33%,55,22.92%,444,24,5.41%,129,29.05%,757,30,3.96%,134,17.70%
2199,2025-08-25,A Lowe,4,0,0%,0,0%,0,0,0%,0,0%,4,0,0%,0,0%,0,0,0%,0,0%,0,0,0%,0,0%
2200,2025-08-25,W Hefter,1,0,0%,0,0%,0,0,0%,0,0%,1,0,0%,0,0%,0,0,0%,0,0%,0,0,0%,0,0%
2201,2025-08-25,Mark McCausland,20,0,0%,2,10.00%,2,0,0%,0,0%,2,0,0%,0,0%,3,0,0%,1,33.33%,13,0,0%,1,7.69%
2204,2025-08-25,Seamus Mullins,1,0,0%,0,0%,0,0,0%,0,0%,1,0,0%,0,0%,0,0,0%,0,0%,0,0,0%,0,0%
2205,2025-08-25,B J Hallahan,40,1,2.50%,7,17.50%,0,0,0%,0,0%,9,0,0%,0,0%,0,0,0%,0,0%,31,1,3.23%,7,22.58%
2206,2025-08-25,B E Fox,3,0,0%,1,33.33%,0,0,0%,0,0%,3,0,0%,1,33.33%,0,0,0%,0,0%,0,0,0%,0,0%
2208,2025-08-25,B Barr,1140,64,5.61%,357,31.32%,302,10,3.31%,85,28.15%,228,10,4.39%,73,32.02%,84,11,13.10%,33,39.29%,526,33,6.27%,166,31.56%
2209,2025-08-25,P Fegan,51,3,5.88%,14,27.45%,0,0,0%,0,0%,9,0,0%,5,55.56%,4,0,0%,4,100.00%,38,3,7.89%,5,13.16%
2210,2025-08-25,C Hills,6580,859,13.05%,2418,36.75%,1765,270,15.30%,697,39.49%,4804,589,12.26%,1716,35.72%,1,0,0%,1,100.00%,10,0,0%,4,40.00%
2211,2025-08-25,T J Gray,8,1,12.50%,0,0%,2,1,50.00%,0,0%,4,0,0%,0,0%,0,0,0%,0,0%,2,0,0%,0,0%
2213,2025-08-25,Mario Hofer,2,0,0%,0,0%,0,0,0%,0,0%,2,0,0%,0,0%,0,0,0%,0,0%,0,0,0%,0,0%
2214,2025-08-25,L Roche,104,5,4.81%,17,16.35%,41,3,7.32%,8,19.51%,44,2,4.55%,8,18.18%,2,0,0%,0,0%,17,0,0%,1,5.88%
2215,2025-08-25,P Quinton,11,0,0%,4,36.36%,0,0,0%,0,0%,0,0,0%,0,0%,10,0,0%,3,30.00%,1,0,0%,1,100.00%
2216,2025-08-25,Paul Cashman,1,0,0%,0,0%,0,0,0%,0,0%,0,0,0%,0,0%,1,0,0%,0,0%,0,0,0%,0,0%
2217,2025-08-25,J F Phelan,52,3,5.77%,12,23.08%,0,0,0%,0,0%,10,0,0%,2,20.00%,19,3,15.79%,5,26.32%,23,0,0%,5,21.74%
2219,2025-08-25,A McMahon,1,0,0%,0,0%,0,0,0%,0,0%,1,0,0%,0,0%,0,0,0%,0,0%,0,0,0%,0,0%
2220,2025-08-25,T Symonds,1650,162,9.82%,561,34.00%,20,2,10.00%,1,5.00%,202,10,4.95%,75,37.13%,422,45,10.66%,163,38.63%,1006,105,10.44%,322,32.01%
2221,2025-08-25,P F Cashman,85,5,5.88%,28,32.94%,1,0,0%,0,0%,35,3,8.57%,16,45.71%,11,1,9.09%,0,0%,38,1,2.63%,12,31.58%
2222,2025-08-25,Y barberot,10,1,10.00%,2,20.00%,4,1,25.00%,2,50.00%,6,0,0%,0,0%,0,0,0%,0,0%,0,0,0%,0,0%
2223,2025-08-25,G Botti,2,1,50.00%,0,0%,1,0,0%,0,0%,1,1,100.00%,0,0%,0,0,0%,0,0%,0,0,0%,0,0%
2224,2025-08-25,Af Sanchez-Jabardo,1,0,0%,0,0%,0,0,0%,0,0%,1,0,0%,0,0%,0,0,0%,0,0%,0,0,0%,0,0%
2225,2025-08-25,Mme C Barbe,6,1,16.67%,4,66.67%,0,0,0%,0,0%,6,1,16.67%,4,66.67%,0,0,0%,0,0%,0,0,0%,0,0%
2226,2025-08-25,M F Croke,1,0,0%,0,0%,0,0,0%,0,0%,0,0,0%,0,0%,0,0,0%,0,0%,1,0,0%,0,0%
2227,2025-08-25,Miss Louise Allan,288,12,4.17%,61,21.18%,120,7,5.83%,32,26.67%,74,1,1.35%,11,14.86%,30,3,10.00%,6,20.00%,64,1,1.56%,12,18.75%
2228,2025-08-25,K Burke,300,38,12.67%,54,18.00%,60,10,16.67%,4,6.67%,57,6,10.53%,9,15.79%,82,12,14.63%,19,23.17%,101,10,9.90%,22,21.78%
2229,2025-08-25,Paul Hickey,79,5,6.33%,24,30.38%,25,3,12.00%,10,40.00%,54,2,3.70%,14,25.93%,0,0,0%,0,0%,0,0,0%,0,0%
2230,2025-08-25,Nigel Johnston,18,0,0%,0,0%,1,0,0%,0,0%,13,0,0%,0,0%,0,0,0%,0,0%,4,0,0%,0,0%
2231,2025-08-25,P Crate,469,41,8.74%,168,35.82%,269,30,11.15%,92,34.20%,200,11,5.50%,76,38.00%,0,0,0%,0,0%,0,0,0%,0,0%
2232,2025-08-25,Mrs Lawney Hill,797,82,10.29%,271,34.00%,51,3,5.88%,21,41.18%,65,5,7.69%,19,29.23%,299,40,13.38%,110,36.79%,382,34,8.90%,121,31.68%
2233,2025-08-25,C P E Brooks,54,4,7.41%,19,35.19%,0,0,0%,0,0%,26,2,7.69%,10,38.46%,2,0,0%,0,0%,26,2,7.69%,9,34.62%
2234,2025-08-25,J T Stimpson,298,22,7.38%,78,26.17%,185,14,7.57%,47,25.41%,92,7,7.61%,22,23.91%,1,0,0%,0,0%,20,1,5.00%,9,45.00%
2236,2025-08-25,C J Cosgrave,1,0,0%,0,0%,0,0,0%,0,0%,0,0,0%,0,0%,1,0,0%,0,0%,0,0,0%,0,0%
2237,2025-08-25,Ms Keaveney,7,1,14.29%,2,28.57%,0,0,0%,0,0%,6,1,16.67%,2,33.33%,0,0,0%,0,0%,1,0,0%,0,0%
2238,2025-08-25,J Tate,3349,550,16.42%,1406,41.98%,1817,334,18.38%,801,44.08%,1525,215,14.10%,602,39.48%,7,1,14.29%,3,42.86%,0,0,0%,0,0%
2239,2025-08-25,N Bertran De Balanda,2,0,0%,0,0%,0,0,0%,0,0%,0,0,0%,0,0%,0,0,0%,0,0%,2,0,0%,0,0%
2240,2025-08-25,A Carson,1189,106,8.92%,380,31.96%,663,62,9.35%,213,32.13%,456,36,7.89%,142,31.14%,0,0,0%,0,0%,70,8,11.43%,25,35.71%
2241,2025-08-25,J P Allen,34,4,11.76%,10,29.41%,23,2,8.70%,10,43.48%,11,2,18.18%,0,0%,0,0,0%,0,0%,0,0,0%,0,0%
2242,2025-08-25,John Turner,2,0,0%,0,0%,0,0,0%,0,0%,0,0,0%,0,0%,0,0,0%,0,0%,2,0,0%,0,0%
2243,2025-08-25,S Dixon,4812,347,7.21%,1444,30.01%,3039,213,7.01%,936,30.80%,1763,134,7.60%,505,28.64%,4,0,0%,2,50.00%,6,0,0%,1,16.67%
2244,2025-08-25,Karl Thornton,878,86,9.79%,212,24.15%,77,4,5.19%,13,16.88%,146,14,9.59%,25,17.12%,201,23,11.44%,58,28.86%,454,45,9.91%,116,25.55%
2245,2025-08-25,Miss S L Kelly,12,0,0%,3,25.00%,0,0,0%,0,0%,3,0,0%,0,0%,4,0,0%,1,25.00%,5,0,0%,2,40.00%
2246,2025-08-25,Norman Lee,915,53,5.79%,176,19.23%,6,0,0%,0,0%,71,2,2.82%,13,18.31%,178,16,8.99%,47,26.40%,660,35,5.30%,116,17.58%
2247,2025-08-25,E McCarthy,1188,66,5.56%,237,19.95%,53,1,1.89%,12,22.64%,187,10,5.35%,39,20.86%,97,5,5.15%,25,25.77%,851,50,5.88%,161,18.92%
2248,2025-08-25,Patrick Crowley,10,1,10.00%,1,10.00%,0,0,0%,0,0%,3,1,33.33%,0,0%,2,0,0%,1,50.00%,5,0,0%,0,0%
2249,2025-08-25,P G Higgins,18,2,11.11%,3,16.67%,0,0,0%,0,0%,3,0,0%,0,0%,8,2,25.00%,2,25.00%,7,0,0%,1,14.29%
2250,2025-08-25,Maurice Barry,7,0,0%,1,14.29%,0,0,0%,0,0%,0,0,0%,0,0%,4,0,0%,0,0%,3,0,0%,1,33.33%
2251,2025-08-25,Mr W Kinsey,270,18,6.67%,95,35.19%,27,2,7.41%,17,62.96%,47,0,0%,10,21.28%,68,6,8.82%,21,30.88%,128,10,7.81%,47,36.72%
2252,2025-08-25,Ed Giles,22,0,0%,6,27.27%,9,0,0%,1,11.11%,0,0,0%,0,0%,4,0,0%,2,50.00%,9,0,0%,3,33.33%
2253,2025-08-25,C O'Keeffe,11,0,0%,1,9.09%,0,0,0%,0,0%,2,0,0%,0,0%,4,0,0%,1,25.00%,5,0,0%,0,0%
2254,2025-08-25,Phillip Hemmings,1,0,0%,0,0%,0,0,0%,0,0%,0,0,0%,0,0%,1,0,0%,0,0%,0,0,0%,0,0%
2255,2025-08-25,Mrs J L Le Brocq,8,0,0%,2,25.00%,5,0,0%,0,0%,0,0,0%,0,0%,0,0,0%,0,0%,3,0,0%,2,66.67%
2256,2025-08-25,Miss C V Hart,13,2,15.38%,4,30.77%,0,0,0%,0,0%,1,0,0%,0,0%,12,2,16.67%,4,33.33%,0,0,0%,0,0%
2257,2025-08-25,P J Tolman,5,0,0%,0,0%,0,0,0%,0,0%,0,0,0%,0,0%,5,0,0%,0,0%,0,0,0%,0,0%
2258,2025-08-25,Mrs K Lawther,6,0,0%,2,33.33%,0,0,0%,0,0%,0,0,0%,0,0%,6,0,0%,2,33.33%,0,0,0%,0,0%
2259,2025-08-25,Miss F Conway,2,0,0%,0,0%,0,0,0%,0,0%,0,0,0%,0,0%,2,0,0%,0,0%,0,0,0%,0,0%
2260,2025-08-25,J Butler,3940,371,9.42%,1019,25.86%,2736,281,10.27%,714,26.10%,1131,83,7.34%,288,25.46%,19,3,15.79%,6,31.58%,54,4,7.41%,11,20.37%
2261,2025-08-25,Miss Jessica Westwood,69,4,5.80%,14,20.29%,1,0,0%,0,0%,6,0,0%,1,16.67%,23,4,17.39%,6,26.09%,39,0,0%,7,17.95%
2262,2025-08-25,Mrs Jelly O'brien,5,0,0%,2,40.00%,0,0,0%,0,0%,0,0,0%,0,0%,5,0,0%,2,40.00%,0,0,0%,0,0%
2263,2025-08-25,Mrs Sarah Stafford,3,0,0%,0,0%,0,0,0%,0,0%,0,0,0%,0,0%,3,0,0%,0,0%,0,0,0%,0,0%
2264,2025-08-25,Mrs K Lee,10,0,0%,1,10.00%,0,0,0%,0,0%,0,0,0%,0,0%,10,0,0%,1,10.00%,0,0,0%,0,0%
2265,2025-08-25,Andreas Wohler,18,4,22.22%,6,33.33%,1,0,0%,1,100.00%,17,4,23.53%,5,29.41%,0,0,0%,0,0%,0,0,0%,0,0%
2266,2025-08-25,Pat Murphy,1,0,0%,0,0%,0,0,0%,0,0%,0,0,0%,0,0%,0,0,0%,0,0%,1,0,0%,0,0%
2267,2025-08-25,J McLoughlin,30,0,0%,0,0%,9,0,0%,0,0%,13,0,0%,0,0%,0,0,0%,0,0%,8,0,0%,0,0%
2268,2025-08-25,L Kerr,210,12,5.71%,59,28.10%,1,0,0%,0,0%,7,0,0%,0,0%,138,11,7.97%,43,31.16%,64,1,1.56%,16,25.00%
2269,2025-08-25,K Ferguson,2,0,0%,0,0%,0,0,0%,0,0%,0,0,0%,0,0%,2,0,0%,0,0%,0,0,0%,0,0%
2270,2025-08-25,Mrs P Yardley,4,0,0%,0,0%,0,0,0%,0,0%,0,0,0%,0,0%,4,0,0%,0,0%,0,0,0%,0,0%
2271,2025-08-25,Thomas Collins,5,0,0%,1,20.00%,0,0,0%,0,0%,0,0,0%,0,0%,5,0,0%,1,20.00%,0,0,0%,0,0%
2272,2025-08-25,D Ockenden,6,0,0%,2,33.33%,0,0,0%,0,0%,0,0,0%,0,0%,6,0,0%,2,33.33%,0,0,0%,0,0%
2273,2025-08-25,T Carmody,147,24,16.33%,55,37.41%,60,6,10.00%,23,38.33%,87,18,20.69%,32,36.78%,0,0,0%,0,0%,0,0,0%,0,0%
2274,2025-08-25,J J O'Shea,98,24,24.49%,35,35.71%,0,0,0%,0,0%,0,0,0%,0,0%,98,24,24.49%,35,35.71%,0,0,0%,0,0%
2275,2025-08-25,C Lees,4,1,25.00%,1,25.00%,0,0,0%,0,0%,0,0,0%,0,0%,4,1,25.00%,1,25.00%,0,0,0%,0,0%
2276,2025-08-25,Paul Phillips,2,0,0%,0,0%,0,0,0%,0,0%,0,0,0%,0,0%,2,0,0%,0,0%,0,0,0%,0,0%
2277,2025-08-25,A Ralph,1309,140,10.70%,404,30.86%,49,1,2.04%,17,34.69%,111,9,8.11%,36,32.43%,289,32,11.07%,103,35.64%,860,98,11.40%,248,28.84%
2278,2025-08-25,Ms Williams,3,0,0%,0,0%,0,0,0%,0,0%,0,0,0%,0,0%,3,0,0%,0,0%,0,0,0%,0,0%
2279,2025-08-25,R Hambleton,5,0,0%,0,0%,0,0,0%,0,0%,0,0,0%,0,0%,5,0,0%,0,0%,0,0,0%,0,0%
2280,2025-08-25,Ms M T Condon,4,0,0%,0,0%,0,0,0%,0,0%,4,0,0%,0,0%,0,0,0%,0,0%,0,0,0%,0,0%
2281,2025-08-25,J T B Hunt,4,0,0%,1,25.00%,0,0,0%,0,0%,0,0,0%,0,0%,4,0,0%,1,25.00%,0,0,0%,0,0%
2282,2025-08-25,Mrs C M Gorman,4,0,0%,3,75.00%,0,0,0%,0,0%,0,0,0%,0,0%,2,0,0%,1,50.00%,2,0,0%,2,100.00%
2283,2025-08-25,Miss M Bayliss,2,0,0%,1,50.00%,0,0,0%,0,0%,0,0,0%,0,0%,2,0,0%,1,50.00%,0,0,0%,0,0%
2284,2025-08-25,Mrs J A Saunders,1,0,0%,0,0%,0,0,0%,0,0%,0,0,0%,0,0%,1,0,0%,0,0%,0,0,0%,0,0%
2285,2025-08-25,Mrs Dunn,2391,179,7.49%,688,28.77%,638,40,6.27%,147,23.04%,397,32,8.06%,121,30.48%,446,51,11.43%,155,34.75%,910,56,6.15%,265,29.12%
2286,2025-08-25,Miss L J Cabble,12,0,0%,5,41.67%,0,0,0%,0,0%,0,0,0%,0,0%,10,0,0%,5,50.00%,2,0,0%,0,0%
2287,2025-08-25,Mrs Clare Moore,5,0,0%,0,0%,0,0,0%,0,0%,0,0,0%,0,0%,5,0,0%,0,0%,0,0,0%,0,0%
2288,2025-08-25,Mrs J Mansell,10,1,10.00%,4,40.00%,0,0,0%,0,0%,0,0,0%,0,0%,10,1,10.00%,4,40.00%,0,0,0%,0,0%
2289,2025-08-25,Miss Hobson,373,8,2.14%,80,21.45%,85,1,1.18%,14,16.47%,61,1,1.64%,9,14.75%,59,3,5.08%,21,35.59%,168,3,1.79%,36,21.43%
2290,2025-08-25,Miss G Boanas,822,73,8.88%,330,40.15%,152,18,11.84%,57,37.50%,175,9,5.14%,74,42.29%,91,8,8.79%,33,36.26%,404,38,9.41%,166,41.09%
2291,2025-08-25,Richard A Thomas,18,1,5.56%,2,11.11%,0,0,0%,0,0%,0,0,0%,0,0%,18,1,5.56%,2,11.11%,0,0,0%,0,0%
2292,2025-08-25,Mrs O C Jackson,10,0,0%,3,30.00%,0,0,0%,0,0%,0,0,0%,0,0%,10,0,0%,3,30.00%,0,0,0%,0,0%
2293,2025-08-25,Mrs Kim Sly,2,0,0%,0,0%,0,0,0%,0,0%,0,0,0%,0,0%,2,0,0%,0,0%,0,0,0%,0,0%
2294,2025-08-25,I Scaramanga,1,0,0%,1,100.00%,0,0,0%,0,0%,0,0,0%,0,0%,1,0,0%,1,100.00%,0,0,0%,0,0%
2295,2025-08-25,Mrs Jo Sleep,2,0,0%,0,0%,0,0,0%,0,0%,0,0,0%,0,0%,2,0,0%,0,0%,0,0,0%,0,0%
2296,2025-08-25,Mrs J Long,1,0,0%,0,0%,0,0,0%,0,0%,0,0,0%,0,0%,1,0,0%,0,0%,0,0,0%,0,0%
2297,2025-08-25,Miss V J Shaw,2,0,0%,0,0%,0,0,0%,0,0%,0,0,0%,0,0%,2,0,0%,0,0%,0,0,0%,0,0%
2298,2025-08-25,Miss A Walthew,1,0,0%,0,0%,0,0,0%,0,0%,0,0,0%,0,0%,1,0,0%,0,0%,0,0,0%,0,0%
2299,2025-08-25,John Perry,1,0,0%,0,0%,0,0,0%,0,0%,0,0,0%,0,0%,1,0,0%,0,0%,0,0,0%,0,0%
2300,2025-08-25,L Carter,1598,111,6.95%,495,30.98%,1312,92,7.01%,409,31.17%,276,19,6.88%,84,30.43%,1,0,0%,0,0%,9,0,0%,2,22.22%
2301,2025-08-25,D & C Kubler,1690,205,12.13%,512,30.30%,803,91,11.33%,254,31.63%,886,114,12.87%,258,29.12%,0,0,0%,0,0%,1,0,0%,0,0%
2302,2025-08-25,Mrs Abbi Vaughan,5,0,0%,1,20.00%,0,0,0%,0,0%,1,0,0%,1,100.00%,4,0,0%,0,0%,0,0,0%,0,0%
2303,2025-08-25,Hugo Froud,176,10,5.68%,47,26.70%,28,1,3.57%,5,17.86%,24,0,0%,5,20.83%,66,6,9.09%,21,31.82%,58,3,5.17%,16,27.59%
2304,2025-08-25,Miss C A Edwards,1,0,0%,0,0%,0,0,0%,0,0%,0,0,0%,0,0%,1,0,0%,0,0%,0,0,0%,0,0%
2305,2025-08-25,L Woods,5,0,0%,4,80.00%,0,0,0%,0,0%,0,0,0%,0,0%,0,0,0%,0,0%,5,0,0%,4,80.00%
2306,2025-08-25,Mrs G B Walford,12,2,16.67%,7,58.33%,0,0,0%,0,0%,0,0,0%,0,0%,12,2,16.67%,7,58.33%,0,0,0%,0,0%
2307,2025-08-25,P Grindey,3,0,0%,0,0%,0,0,0%,0,0%,0,0,0%,0,0%,3,0,0%,0,0%,0,0,0%,0,0%
2308,2025-08-25,N Edmonds,1,0,0%,1,100.00%,0,0,0%,0,0%,0,0,0%,0,0%,1,0,0%,1,100.00%,0,0,0%,0,0%
2309,2025-08-25,G Weatherley,2,0,0%,0,0%,0,0,0%,0,0%,0,0,0%,0,0%,2,0,0%,0,0%,0,0,0%,0,0%
2310,2025-08-25,Oliver Greenall,1670,185,11.08%,616,36.89%,131,10,7.63%,40,30.53%,182,16,8.79%,69,37.91%,422,71,16.82%,166,39.34%,935,88,9.41%,341,36.47%
2311,2025-08-25,Mrs S Bosley,4,0,0%,1,25.00%,0,0,0%,0,0%,0,0,0%,0,0%,4,0,0%,1,25.00%,0,0,0%,0,0%
2312,2025-08-25,Neil Edwards,4,0,0%,1,25.00%,0,0,0%,0,0%,0,0,0%,0,0%,4,0,0%,1,25.00%,0,0,0%,0,0%
2313,2025-08-25,Mrs C Charlotte Owen,3,0,0%,0,0%,0,0,0%,0,0%,0,0,0%,0,0%,3,0,0%,0,0%,0,0,0%,0,0%
2314,2025-08-25,Miss W M Bayliss,1,0,0%,0,0%,0,0,0%,0,0%,0,0,0%,0,0%,1,0,0%,0,0%,0,0,0%,0,0%
2315,2025-08-25,M J Cole,1,0,0%,0,0%,0,0,0%,0,0%,0,0,0%,0,0%,1,0,0%,0,0%,0,0,0%,0,0%
2316,2025-08-25,Mrs R Partridge,5,0,0%,1,20.00%,0,0,0%,0,0%,0,0,0%,0,0%,5,0,0%,1,20.00%,0,0,0%,0,0%
2317,2025-08-25,C R Willes,6,0,0%,2,33.33%,0,0,0%,0,0%,0,0,0%,0,0%,6,0,0%,2,33.33%,0,0,0%,0,0%
2318,2025-08-25,Miss A S Frieze,1,0,0%,0,0%,0,0,0%,0,0%,0,0,0%,0,0%,1,0,0%,0,0%,0,0,0%,0,0%
2319,2025-08-25,Ali Stronge,1435,114,7.94%,484,33.73%,503,35,6.96%,164,32.60%,429,34,7.93%,132,30.77%,144,20,13.89%,55,38.19%,359,25,6.96%,133,37.05%
2320,2025-08-25,J Shanahan,13,1,7.69%,1,7.69%,1,0,0%,0,0%,12,1,8.33%,1,8.33%,0,0,0%,0,0%,0,0,0%,0,0%
2321,2025-08-25,Stephen Bevan,7,2,28.57%,3,42.86%,0,0,0%,0,0%,0,0,0%,0,0%,7,2,28.57%,3,42.86%,0,0,0%,0,0%
2322,2025-08-25,Sheila Lewis,638,46,7.21%,132,20.69%,0,0,0%,0,0%,26,2,7.69%,8,30.77%,257,27,10.51%,61,23.74%,355,17,4.79%,63,17.75%
2323,2025-08-25,Neville Thomas,2,0,0%,0,0%,0,0,0%,0,0%,0,0,0%,0,0%,2,0,0%,0,0%,0,0,0%,0,0%
2324,2025-08-25,W Thomas,2,0,0%,0,0%,0,0,0%,0,0%,0,0,0%,0,0%,2,0,0%,0,0%,0,0,0%,0,0%
2325,2025-08-25,Hywel Evans,24,4,16.67%,2,8.33%,0,0,0%,0,0%,0,0,0%,0,0%,17,4,23.53%,2,11.76%,7,0,0%,0,0%
2326,2025-08-25,Danielle McCormick,131,2,1.53%,36,27.48%,32,1,3.13%,7,21.88%,85,1,1.18%,26,30.59%,0,0,0%,0,0%,14,0,0%,3,21.43%
2327,2025-08-25,Mrs A Corson,3,0,0%,0,0%,3,0,0%,0,0%,0,0,0%,0,0%,0,0,0%,0,0%,0,0,0%,0,0%
2328,2025-08-25,R Tate,22,2,9.09%,6,27.27%,0,0,0%,0,0%,0,0,0%,0,0%,22,2,9.09%,6,27.27%,0,0,0%,0,0%
2329,2025-08-25,M Meade,1107,159,14.36%,472,42.64%,296,43,14.53%,143,48.31%,807,116,14.37%,327,40.52%,1,0,0%,0,0%,3,0,0%,2,66.67%
2330,2025-08-25,Graham T Morrow,5,0,0%,0,0%,0,0,0%,0,0%,4,0,0%,0,0%,0,0,0%,0,0%,1,0,0%,0,0%
2331,2025-08-25,Mrs Jacqueline Stephen,419,27,6.44%,135,32.22%,6,0,0%,0,0%,37,1,2.70%,6,16.22%,157,14,8.92%,62,39.49%,219,12,5.48%,67,30.59%
2332,2025-08-25,Miss G Anderson,21,0,0%,5,23.81%,0,0,0%,0,0%,0,0,0%,0,0%,21,0,0%,5,23.81%,0,0,0%,0,0%
2333,2025-08-25,A Downie,6,0,0%,2,33.33%,0,0,0%,0,0%,2,0,0%,0,0%,0,0,0%,0,0%,4,0,0%,2,50.00%
2334,2025-08-25,Miss C Boxall,4,0,0%,2,50.00%,0,0,0%,0,0%,0,0,0%,0,0%,4,0,0%,2,50.00%,0,0,0%,0,0%
2335,2025-08-25,R A Owen,32,1,3.13%,12,37.50%,0,0,0%,0,0%,0,0,0%,0,0%,32,1,3.13%,12,37.50%,0,0,0%,0,0%
2336,2025-08-25,A Humphrey,1,0,0%,0,0%,0,0,0%,0,0%,0,0,0%,0,0%,1,0,0%,0,0%,0,0,0%,0,0%
2337,2025-08-25,T Cummins,180,10,5.56%,57,31.67%,11,2,18.18%,2,18.18%,81,3,3.70%,21,25.93%,9,1,11.11%,5,55.56%,79,4,5.06%,29,36.71%
2338,2025-08-25,P Twomey,691,181,26.19%,262,37.92%,42,11,26.19%,18,42.86%,649,170,26.19%,244,37.60%,0,0,0%,0,0%,0,0,0%,0,0%
2339,2025-08-25,Mrs S Ward,12,2,16.67%,4,33.33%,0,0,0%,0,0%,0,0,0%,0,0%,12,2,16.67%,4,33.33%,0,0,0%,0,0%
2340,2025-08-25,N W Padfield,22,2,9.09%,8,36.36%,0,0,0%,0,0%,3,1,33.33%,0,0%,19,1,5.26%,8,42.11%,0,0,0%,0,0%
2341,2025-08-25,Mrs D Walton,16,2,12.50%,6,37.50%,0,0,0%,0,0%,1,0,0%,0,0%,15,2,13.33%,6,40.00%,0,0,0%,0,0%
2342,2025-08-25,Miss L J Bell,2,0,0%,0,0%,0,0,0%,0,0%,0,0,0%,0,0%,2,0,0%,0,0%,0,0,0%,0,0%
2343,2025-08-25,T A Cox,2,0,0%,0,0%,0,0,0%,0,0%,0,0,0%,0,0%,2,0,0%,0,0%,0,0,0%,0,0%
2344,2025-08-25,Mrs A Harris,1,0,0%,0,0%,0,0,0%,0,0%,0,0,0%,0,0%,1,0,0%,0,0%,0,0,0%,0,0%
2345,2025-08-25,M Condon,13,1,7.69%,5,38.46%,0,0,0%,0,0%,2,0,0%,0,0%,0,0,0%,0,0%,11,1,9.09%,5,45.45%
2346,2025-08-25,Miss A Goschen,13,0,0%,8,61.54%,0,0,0%,0,0%,0,0,0%,0,0%,13,0,0%,8,61.54%,0,0,0%,0,0%
2347,2025-08-25,P Senter,2,1,50.00%,0,0%,0,0,0%,0,0%,0,0,0%,0,0%,2,1,50.00%,0,0%,0,0,0%,0,0%
2348,2025-08-25,Mrs L Gretton,2,0,0%,0,0%,0,0,0%,0,0%,0,0,0%,0,0%,2,0,0%,0,0%,0,0,0%,0,0%
2349,2025-08-25,N R W Wright,23,3,13.04%,6,26.09%,0,0,0%,0,0%,0,0,0%,0,0%,23,3,13.04%,6,26.09%,0,0,0%,0,0%
2350,2025-08-25,S Turner,7,0,0%,2,28.57%,0,0,0%,0,0%,0,0,0%,0,0%,7,0,0%,2,28.57%,0,0,0%,0,0%
2351,2025-08-25,Miss M Tomlinson,1,0,0%,0,0%,0,0,0%,0,0%,0,0,0%,0,0%,1,0,0%,0,0%,0,0,0%,0,0%
2352,2025-08-25,Miss R Leyshon,1,0,0%,0,0%,0,0,0%,0,0%,0,0,0%,0,0%,1,0,0%,0,0%,0,0,0%,0,0%
2353,2025-08-25,D Gibbs,19,3,15.79%,5,26.32%,0,0,0%,0,0%,0,0,0%,0,0%,19,3,15.79%,5,26.32%,0,0,0%,0,0%
2354,2025-08-25,J S Warner,3,0,0%,1,33.33%,0,0,0%,0,0%,0,0,0%,0,0%,3,0,0%,1,33.33%,0,0,0%,0,0%
2355,2025-08-25,M Blandford,1,0,0%,0,0%,0,0,0%,0,0%,0,0,0%,0,0%,1,0,0%,0,0%,0,0,0%,0,0%
2356,2025-08-25,Mrs A Brook,9,0,0%,3,33.33%,0,0,0%,0,0%,0,0,0%,0,0%,9,0,0%,3,33.33%,0,0,0%,0,0%
2357,2025-08-25,Miss S Rippon,24,1,4.17%,8,33.33%,0,0,0%,0,0%,0,0,0%,0,0%,24,1,4.17%,8,33.33%,0,0,0%,0,0%
2358,2025-08-25,S Penny,8,0,0%,5,62.50%,0,0,0%,0,0%,0,0,0%,0,0%,8,0,0%,5,62.50%,0,0,0%,0,0%
2359,2025-08-25,S Heard,4,0,0%,0,0%,0,0,0%,0,0%,0,0,0%,0,0%,4,0,0%,0,0%,0,0,0%,0,0%
2360,2025-08-25,Mrs K Lynn,11,1,9.09%,3,27.27%,0,0,0%,0,0%,0,0,0%,0,0%,11,1,9.09%,3,27.27%,0,0,0%,0,0%
2361,2025-08-25,Mrs J M Hollands,14,1,7.14%,8,57.14%,0,0,0%,0,0%,0,0,0%,0,0%,14,1,7.14%,8,57.14%,0,0,0%,0,0%
2362,2025-08-25,N Clement,5,0,0%,2,40.00%,0,0,0%,0,0%,5,0,0%,2,40.00%,0,0,0%,0,0%,0,0,0%,0,0%
2363,2025-08-25,J Cullen,148,8,5.41%,40,27.03%,0,0,0%,0,0%,13,0,0%,0,0%,38,1,2.63%,18,47.37%,97,7,7.22%,22,22.68%
2364,2025-08-25,D Dorgan,14,2,14.29%,5,35.71%,0,0,0%,0,0%,1,0,0%,0,0%,13,2,15.38%,5,38.46%,0,0,0%,0,0%
2365,2025-08-25,S J Partridge,6,1,16.67%,3,50.00%,0,0,0%,0,0%,0,0,0%,0,0%,6,1,16.67%,3,50.00%,0,0,0%,0,0%
2366,2025-08-25,Mrs A Sherwin,2,0,0%,0,0%,0,0,0%,0,0%,0,0,0%,0,0%,2,0,0%,0,0%,0,0,0%,0,0%
2367,2025-08-25,Mrs Rooney,12,0,0%,1,8.33%,0,0,0%,0,0%,5,0,0%,0,0%,2,0,0%,0,0%,5,0,0%,1,20.00%
2368,2025-08-25,M J Gilhooly,7,0,0%,1,14.29%,0,0,0%,0,0%,0,0,0%,0,0%,7,0,0%,1,14.29%,0,0,0%,0,0%
2369,2025-08-25,M T O'Donovan,78,2,2.56%,23,29.49%,0,0,0%,0,0%,11,0,0%,3,27.27%,7,0,0%,1,14.29%,60,2,3.33%,19,31.67%
2370,2025-08-25,M O'Callaghan,1852,203,10.96%,603,32.56%,391,49,12.53%,143,36.57%,1439,151,10.49%,457,31.76%,0,0,0%,0,0%,22,3,13.64%,3,13.64%
2371,2025-08-25,R Dalton,1,0,0%,0,0%,0,0,0%,0,0%,0,0,0%,0,0%,1,0,0%,0,0%,0,0,0%,0,0%
2372,2025-08-25,Miss Emma Todd,4,1,25.00%,2,50.00%,0,0,0%,0,0%,0,0,0%,0,0%,4,1,25.00%,2,50.00%,0,0,0%,0,0%
2373,2025-08-25,Mark Hayden,5,0,0%,2,40.00%,0,0,0%,0,0%,5,0,0%,2,40.00%,0,0,0%,0,0%,0,0,0%,0,0%
2374,2025-08-25,K H Clarke,827,34,4.11%,157,18.98%,385,22,5.71%,82,21.30%,343,8,2.33%,50,14.58%,25,3,12.00%,9,36.00%,74,1,1.35%,16,21.62%
2375,2025-08-25,D Drake,6,1,16.67%,0,0%,0,0,0%,0,0%,0,0,0%,0,0%,6,1,16.67%,0,0%,0,0,0%,0,0%
2376,2025-08-25,Miss K Jones,10,2,20.00%,4,40.00%,0,0,0%,0,0%,0,0,0%,0,0%,10,2,20.00%,4,40.00%,0,0,0%,0,0%
2377,2025-08-25,I Mohammed,1566,198,12.64%,529,33.78%,636,98,15.41%,243,38.21%,927,100,10.79%,285,30.74%,3,0,0%,1,33.33%,0,0,0%,0,0%
2378,2025-08-25,S Hodgson,884,64,7.24%,236,26.70%,449,37,8.24%,127,28.29%,304,21,6.91%,73,24.01%,20,3,15.00%,5,25.00%,111,3,2.70%,31,27.93%
2379,2025-08-25,Martin Jones,2,0,0%,1,50.00%,0,0,0%,0,0%,0,0,0%,0,0%,2,0,0%,1,50.00%,0,0,0%,0,0%
2380,2025-08-25,C West,3,0,0%,1,33.33%,0,0,0%,0,0%,0,0,0%,0,0%,3,0,0%,1,33.33%,0,0,0%,0,0%
2381,2025-08-25,Miss Z Hunt,2,0,0%,0,0%,0,0,0%,0,0%,0,0,0%,0,0%,2,0,0%,0,0%,0,0,0%,0,0%
2382,2025-08-25,B Arthey,105,9,8.57%,27,25.71%,0,0,0%,0,0%,25,3,12.00%,5,20.00%,10,1,10.00%,2,20.00%,70,5,7.14%,20,28.57%
2383,2025-08-25,Adrian Costello,3,0,0%,0,0%,0,0,0%,0,0%,3,0,0%,0,0%,0,0,0%,0,0%,0,0,0%,0,0%
2384,2025-08-25,David Kelly,375,27,7.20%,130,34.67%,7,0,0%,4,57.14%,128,10,7.81%,41,32.03%,33,1,3.03%,12,36.36%,207,16,7.73%,73,35.27%
2385,2025-08-25,M Mulligan,1,0,0%,0,0%,0,0,0%,0,0%,0,0,0%,0,0%,1,0,0%,0,0%,0,0,0%,0,0%
2386,2025-08-25,J P Shanahan,619,74,11.95%,238,38.45%,86,14,16.28%,37,43.02%,485,55,11.34%,178,36.70%,6,2,33.33%,0,0%,42,3,7.14%,23,54.76%
2387,2025-08-25,Miss L Sutcliffe,1,0,0%,0,0%,0,0,0%,0,0%,0,0,0%,0,0%,1,0,0%,0,0%,0,0,0%,0,0%
2388,2025-08-25,Miss E Irving,1,0,0%,0,0%,0,0,0%,0,0%,0,0,0%,0,0%,1,0,0%,0,0%,0,0,0%,0,0%
2389,2025-08-25,G Foot,4,0,0%,0,0%,0,0,0%,0,0%,0,0,0%,0,0%,4,0,0%,0,0%,0,0,0%,0,0%
2390,2025-08-25,Eddie Rice,1,0,0%,0,0%,0,0,0%,0,0%,0,0,0%,0,0%,1,0,0%,0,0%,0,0,0%,0,0%
2391,2025-08-25,Mrs Joanne Brown,2,0,0%,0,0%,0,0,0%,0,0%,0,0,0%,0,0%,2,0,0%,0,0%,0,0,0%,0,0%
2392,2025-08-25,Mrs Loxton,50,25,50.00%,15,30.00%,0,0,0%,0,0%,0,0,0%,0,0%,50,25,50.00%,15,30.00%,0,0,0%,0,0%
2393,2025-08-25,David Stephens,1,0,0%,0,0%,0,0,0%,0,0%,0,0,0%,0,0%,1,0,0%,0,0%,0,0,0%,0,0%
2394,2025-08-25,Ms G Howell,171,2,1.17%,25,14.62%,0,0,0%,0,0%,6,0,0%,0,0%,85,0,0%,16,18.82%,80,2,2.50%,9,11.25%
2395,2025-08-25,Miss S Jennings,1,1,100.00%,0,0%,0,0,0%,0,0%,0,0,0%,0,0%,1,1,100.00%,0,0%,0,0,0%,0,0%
2396,2025-08-25,Mrs A Webster,1,0,0%,0,0%,0,0,0%,0,0%,0,0,0%,0,0%,1,0,0%,0,0%,0,0,0%,0,0%
2397,2025-08-25,R Garton,6,0,0%,3,50.00%,0,0,0%,0,0%,0,0,0%,0,0%,6,0,0%,3,50.00%,0,0,0%,0,0%
2398,2025-08-25,L Mcgrath,1,0,0%,0,0%,0,0,0%,0,0%,0,0,0%,0,0%,1,0,0%,0,0%,0,0,0%,0,0%
2399,2025-08-25,R Potter,270,20,7.41%,47,17.41%,19,1,5.26%,0,0%,16,0,0%,3,18.75%,116,12,10.34%,30,25.86%,119,7,5.88%,14,11.76%
2400,2025-08-25,C Simpson,1,0,0%,0,0%,0,0,0%,0,0%,0,0,0%,0,0%,1,0,0%,0,0%,0,0,0%,0,0%
2401,2025-08-25,David Greenwood,5,0,0%,1,20.00%,0,0,0%,0,0%,0,0,0%,0,0%,5,0,0%,1,20.00%,0,0,0%,0,0%
2403,2025-08-25,D O'Shea,90,4,4.44%,24,26.67%,0,0,0%,0,0%,23,0,0%,5,21.74%,7,0,0%,2,28.57%,60,4,6.67%,17,28.33%
2404,2025-08-25,Miss D Carter,4,0,0%,1,25.00%,0,0,0%,0,0%,0,0,0%,0,0%,4,0,0%,1,25.00%,0,0,0%,0,0%
2405,2025-08-25,Ms A Reilly,54,1,1.85%,8,14.81%,5,0,0%,0,0%,24,0,0%,4,16.67%,0,0,0%,0,0%,25,1,4.00%,4,16.00%
2406,2025-08-25,P Harney,66,6,9.09%,12,18.18%,37,2,5.41%,9,24.32%,29,4,13.79%,3,10.34%,0,0,0%,0,0%,0,0,0%,0,0%
2407,2025-08-25,M F O'Dowd,55,2,3.64%,9,16.36%,0,0,0%,0,0%,18,1,5.56%,4,22.22%,7,0,0%,4,57.14%,30,1,3.33%,1,3.33%
2408,2025-08-25,Alison Hutchinson,158,20,12.66%,68,43.04%,86,10,11.63%,37,43.02%,69,10,14.49%,28,40.58%,0,0,0%,0,0%,3,0,0%,3,100.00%
2409,2025-08-25,J DupontFahn,13,0,0%,1,7.69%,0,0,0%,0,0%,13,0,0%,1,7.69%,0,0,0%,0,0%,0,0,0%,0,0%
2410,2025-08-25,C S Shum,1,1,100.00%,0,0%,0,0,0%,0,0%,1,1,100.00%,0,0%,0,0,0%,0,0%,0,0,0%,0,0%
2411,2025-08-25,P messara,5,2,40.00%,1,20.00%,0,0,0%,0,0%,5,2,40.00%,1,20.00%,0,0,0%,0,0%,0,0,0%,0,0%
2412,2025-08-25,E Hogan,42,0,0%,1,2.38%,0,0,0%,0,0%,16,0,0%,0,0%,13,0,0%,1,7.69%,13,0,0%,0,0%
2413,2025-08-25,Mrs E B Scott,13,0,0%,2,15.38%,0,0,0%,0,0%,0,0,0%,0,0%,4,0,0%,0,0%,9,0,0%,2,22.22%
2414,2025-08-25,J & T Gosden,5010,1122,22.40%,1922,38.36%,1727,444,25.71%,745,43.14%,3272,675,20.63%,1173,35.85%,11,3,27.27%,4,36.36%,0,0,0%,0,0%
2415,2025-08-25,Chad Brown,2,0,0%,0,0%,0,0,0%,0,0%,2,0,0%,0,0%,0,0,0%,0,0%,0,0,0%,0,0%
2416,2025-08-25,P Breen,160,1,0.63%,8,5.00%,14,0,0%,1,7.14%,64,1,1.56%,1,1.56%,15,0,0%,2,13.33%,67,0,0%,4,5.97%
2417,2025-08-25,X Nakkachdji,3,0,0%,1,33.33%,0,0,0%,0,0%,3,0,0%,1,33.33%,0,0,0%,0,0%,0,0,0%,0,0%
2418,2025-08-25,Peter G Moody,1,1,100.00%,0,0%,0,0,0%,0,0%,1,1,100.00%,0,0%,0,0,0%,0,0%,0,0,0%,0,0%
2419,2025-08-25,F Nass,12,1,8.33%,4,33.33%,4,1,25.00%,1,25.00%,8,0,0%,3,37.50%,0,0,0%,0,0%,0,0,0%,0,0%
2420,2025-08-25,G Webb,256,14,5.47%,34,13.28%,34,0,0%,5,14.71%,115,8,6.96%,18,15.65%,8,0,0%,1,12.50%,99,6,6.06%,10,10.10%
2421,2025-08-25,Ms Morgan,2,0,0%,0,0%,0,0,0%,0,0%,2,0,0%,0,0%,0,0,0%,0,0%,0,0,0%,0,0%
2422,2025-08-25,L McHugh,1,0,0%,0,0%,0,0,0%,0,0%,1,0,0%,0,0%,0,0,0%,0,0%,0,0,0%,0,0%
2423,2025-08-25,D moser,26,3,11.54%,5,19.23%,1,0,0%,0,0%,25,3,12.00%,5,20.00%,0,0,0%,0,0%,0,0,0%,0,0%
2424,2025-08-25,T Shanahan,67,2,2.99%,5,7.46%,5,0,0%,0,0%,9,0,0%,1,11.11%,8,0,0%,1,12.50%,45,2,4.44%,3,6.67%
2425,2025-08-25,M P F Murphy,66,5,7.58%,19,28.79%,37,5,13.51%,12,32.43%,27,0,0%,7,25.93%,0,0,0%,0,0%,2,0,0%,0,0%
2426,2025-08-25,John O'Shaughnessy,78,0,0%,7,8.97%,0,0,0%,0,0%,12,0,0%,1,8.33%,10,0,0%,0,0%,56,0,0%,6,10.71%
2427,2025-08-25,P Schiergen,30,4,13.33%,12,40.00%,1,0,0%,0,0%,29,4,13.79%,12,41.38%,0,0,0%,0,0%,0,0,0%,0,0%
2428,2025-08-25,Shane Nolan,736,41,5.57%,169,22.96%,99,10,10.10%,19,19.19%,203,5,2.46%,38,18.72%,105,7,6.67%,28,26.67%,329,19,5.78%,84,25.53%
2429,2025-08-25,S Kerswell,33,2,6.06%,10,30.30%,1,0,0%,0,0%,0,0,0%,0,0%,13,1,7.69%,3,23.08%,19,1,5.26%,7,36.84%
2430,2025-08-25,X Thomas-Demeaulte,5,1,20.00%,1,20.00%,0,0,0%,0,0%,5,1,20.00%,1,20.00%,0,0,0%,0,0%,0,0,0%,0,0%
2431,2025-08-25,M Hofer,12,2,16.67%,5,41.67%,7,1,14.29%,3,42.86%,5,1,20.00%,2,40.00%,0,0,0%,0,0%,0,0,0%,0,0%
2432,2025-08-25,G Moss,415,53,12.77%,153,36.87%,196,22,11.22%,76,38.78%,216,31,14.35%,77,35.65%,1,0,0%,0,0%,2,0,0%,0,0%
2433,2025-08-25,I Al Malki,8,0,0%,3,37.50%,2,0,0%,1,50.00%,6,0,0%,2,33.33%,0,0,0%,0,0%,0,0,0%,0,0%
2434,2025-08-25,Liam Cleary,8,0,0%,2,25.00%,2,0,0%,0,0%,1,0,0%,0,0%,0,0,0%,0,0%,5,0,0%,2,40.00%
2436,2025-08-25,H Burns,185,4,2.16%,25,13.51%,1,0,0%,0,0%,12,0,0%,0,0%,47,2,4.26%,13,27.66%,125,2,1.60%,12,9.60%
2437,2025-08-25,Mrs I Gansera-leveque,473,40,8.46%,145,30.66%,236,20,8.47%,78,33.05%,216,18,8.33%,59,27.31%,1,0,0%,1,100.00%,20,2,10.00%,7,35.00%
2438,2025-08-25,R Hackett,516,50,9.69%,123,23.84%,19,1,5.26%,3,15.79%,127,17,13.39%,29,22.83%,55,4,7.27%,11,20.00%,315,28,8.89%,80,25.40%
2439,2025-08-25,Mme L Audon,1,0,0%,0,0%,1,0,0%,0,0%,0,0,0%,0,0%,0,0,0%,0,0%,0,0,0%,0,0%
2440,2025-08-25,C N Allen,866,80,9.24%,316,36.49%,546,59,10.81%,205,37.55%,293,20,6.83%,98,33.45%,3,0,0%,2,66.67%,24,1,4.17%,11,45.83%
2441,2025-08-25,Derek Wellicome,6,0,0%,1,16.67%,0,0,0%,0,0%,4,0,0%,0,0%,0,0,0%,0,0%,2,0,0%,1,50.00%
2442,2025-08-25,Harry Fry,2331,476,20.42%,919,39.43%,51,11,21.57%,15,29.41%,337,71,21.07%,154,45.70%,601,121,20.13%,203,33.78%,1342,273,20.34%,547,40.76%
2443,2025-08-25,Robert Walford,1087,128,11.78%,393,36.15%,6,0,0%,2,33.33%,52,1,1.92%,15,28.85%,456,75,16.45%,169,37.06%,573,52,9.08%,207,36.13%
2444,2025-08-25,Mrs S A Bramall,46,4,8.70%,11,23.91%,0,0,0%,0,0%,0,0,0%,0,0%,14,2,14.29%,3,21.43%,32,2,6.25%,8,25.00%
2445,2025-08-25,D Steele,525,35,6.67%,123,23.43%,205,16,7.80%,42,20.49%,134,9,6.72%,30,22.39%,32,2,6.25%,10,31.25%,154,8,5.19%,41,26.62%
2446,2025-08-25,Gw wroblewski,1,0,0%,0,0%,0,0,0%,0,0%,0,0,0%,0,0%,1,0,0%,0,0%,0,0,0%,0,0%
2447,2025-08-25,J Beamish,57,1,1.75%,3,5.26%,0,0,0%,0,0%,7,0,0%,0,0%,13,1,7.69%,1,7.69%,37,0,0%,2,5.41%
2448,2025-08-25,F lagarde,2,0,0%,0,0%,0,0,0%,0,0%,0,0,0%,0,0%,0,0,0%,0,0%,2,0,0%,0,0%
2449,2025-08-25,Ms N M Hugo,26,2,7.69%,7,26.92%,6,1,16.67%,2,33.33%,8,0,0%,2,25.00%,5,1,20.00%,2,40.00%,7,0,0%,1,14.29%
2450,2025-08-25,P Hide,521,44,8.45%,196,37.62%,211,11,5.21%,80,37.91%,268,33,12.31%,106,39.55%,3,0,0%,0,0%,39,0,0%,10,25.64%
2451,2025-08-25,Matthew J Smith,1639,147,8.97%,374,22.82%,220,22,10.00%,41,18.64%,540,50,9.26%,125,23.15%,160,11,6.88%,56,35.00%,719,64,8.90%,152,21.14%
2452,2025-08-25,Miss C L Cannon,232,14,6.03%,43,18.53%,69,8,11.59%,12,17.39%,81,4,4.94%,13,16.05%,17,1,5.88%,7,41.18%,65,1,1.54%,11,16.92%
2453,2025-08-25,Daniel Howard,337,10,2.97%,79,23.44%,4,0,0%,0,0%,39,0,0%,3,7.69%,117,5,4.27%,36,30.77%,177,5,2.82%,40,22.60%
2454,2025-08-25,Ms S Duggan,60,1,1.67%,8,13.33%,0,0,0%,0,0%,17,0,0%,2,11.76%,10,0,0%,2,20.00%,33,1,3.03%,4,12.12%
2455,2025-08-25,Miss Simpson,65,2,3.08%,9,13.85%,7,1,14.29%,1,14.29%,44,1,2.27%,6,13.64%,4,0,0%,0,0%,10,0,0%,2,20.00%
2456,2025-08-25,A Chaille-Chaille,4,0,0%,0,0%,0,0,0%,0,0%,0,0,0%,0,0%,2,0,0%,0,0%,2,0,0%,0,0%
2457,2025-08-25,Miss Lalor,142,4,2.82%,37,26.06%,0,0,0%,0,0%,47,2,4.26%,15,31.91%,16,0,0%,7,43.75%,79,2,2.53%,15,18.99%
2458,2025-08-25,William Young Jnr,340,26,7.65%,87,25.59%,1,0,0%,0,0%,5,0,0%,0,0%,194,18,9.28%,61,31.44%,140,8,5.71%,26,18.57%
2459,2025-08-25,John Hayes,81,4,4.94%,18,22.22%,8,0,0%,1,12.50%,30,1,3.33%,2,6.67%,31,3,9.68%,8,25.81%,12,0,0%,7,58.33%
2460,2025-08-25,Ricardo Lanfranco,2,0,0%,0,0%,2,0,0%,0,0%,0,0,0%,0,0%,0,0,0%,0,0%,0,0,0%,0,0%
2461,2025-08-25,Adrian Joyce,18,3,16.67%,2,11.11%,8,2,25.00%,2,25.00%,9,1,11.11%,0,0%,0,0,0%,0,0%,1,0,0%,0,0%
2462,2025-08-25,John Egan,34,2,5.88%,15,44.12%,9,1,11.11%,5,55.56%,23,1,4.35%,8,34.78%,0,0,0%,0,0%,2,0,0%,2,100.00%
2463,2025-08-25,J Fitzgerald,137,0,0%,11,8.03%,18,0,0%,3,16.67%,63,0,0%,4,6.35%,5,0,0%,0,0%,51,0,0%,4,7.84%
2464,2025-08-25,Olly Stevens,352,40,11.36%,134,38.07%,142,20,14.08%,54,38.03%,210,20,9.52%,80,38.10%,0,0,0%,0,0%,0,0,0%,0,0%
2465,2025-08-25,Chris Stockton,1,0,0%,1,100.00%,0,0,0%,0,0%,0,0,0%,0,0%,1,0,0%,1,100.00%,0,0,0%,0,0%
2466,2025-08-25,Andrew Leyshon,54,0,0%,15,27.78%,0,0,0%,0,0%,0,0,0%,0,0%,54,0,0%,15,27.78%,0,0,0%,0,0%
2467,2025-08-25,Ms Lavery,374,37,9.89%,137,36.63%,52,8,15.38%,20,38.46%,308,27,8.77%,109,35.39%,3,1,33.33%,2,66.67%,11,1,9.09%,6,54.55%
2468,2025-08-25,Henry Oliver,1483,182,12.27%,542,36.55%,11,1,9.09%,2,18.18%,58,4,6.90%,16,27.59%,584,79,13.53%,232,39.73%,830,98,11.81%,292,35.18%
2469,2025-08-25,D G Prichard,3,1,33.33%,2,66.67%,0,0,0%,0,0%,0,0,0%,0,0%,3,1,33.33%,2,66.67%,0,0,0%,0,0%
2470,2025-08-25,P P C Turner,29,2,6.90%,16,55.17%,0,0,0%,0,0%,0,0,0%,0,0%,29,2,6.90%,16,55.17%,0,0,0%,0,0%
2471,2025-08-25,Mrs J Dawson,6,4,66.67%,2,33.33%,0,0,0%,0,0%,0,0,0%,0,0%,6,4,66.67%,2,33.33%,0,0,0%,0,0%
2472,2025-08-25,Mrs Polly Stockton,4,0,0%,2,50.00%,0,0,0%,0,0%,0,0,0%,0,0%,4,0,0%,2,50.00%,0,0,0%,0,0%
2473,2025-08-25,D Holmes,26,6,23.08%,9,34.62%,0,0,0%,0,0%,0,0,0%,0,0%,26,6,23.08%,9,34.62%,0,0,0%,0,0%
2474,2025-08-25,Lady Susan Watson,5,0,0%,1,20.00%,0,0,0%,0,0%,0,0,0%,0,0%,5,0,0%,1,20.00%,0,0,0%,0,0%
2475,2025-08-25,J L Brotherton,4,0,0%,0,0%,0,0,0%,0,0%,0,0,0%,0,0%,4,0,0%,0,0%,0,0,0%,0,0%
2476,2025-08-25,Stephen Magee,58,0,0%,15,25.86%,8,0,0%,4,50.00%,20,0,0%,5,25.00%,8,0,0%,2,25.00%,22,0,0%,4,18.18%
2477,2025-08-25,Patrick J Hanly,8,0,0%,0,0%,0,0,0%,0,0%,0,0,0%,0,0%,8,0,0%,0,0%,0,0,0%,0,0%
2478,2025-08-25,Kristin Stubbs,694,68,9.80%,265,38.18%,305,29,9.51%,125,40.98%,387,39,10.08%,140,36.18%,0,0,0%,0,0%,2,0,0%,0,0%
2479,2025-08-25,J J Costello,24,3,12.50%,11,45.83%,0,0,0%,0,0%,0,0,0%,0,0%,23,3,13.04%,11,47.83%,1,0,0%,0,0%
2480,2025-08-25,M C Grassick,968,49,5.06%,214,22.11%,107,3,2.80%,24,22.43%,781,42,5.38%,169,21.64%,6,0,0%,2,33.33%,74,4,5.41%,19,25.68%
2481,2025-08-25,Mrs L P Baker,2,0,0%,1,50.00%,0,0,0%,0,0%,0,0,0%,0,0%,2,0,0%,1,50.00%,0,0,0%,0,0%
2482,2025-08-25,Robert Martin,2,0,0%,0,0%,0,0,0%,0,0%,0,0,0%,0,0%,2,0,0%,0,0%,0,0,0%,0,0%
2483,2025-08-25,M E Ellwood,6,1,16.67%,3,50.00%,0,0,0%,0,0%,0,0,0%,0,0%,6,1,16.67%,3,50.00%,0,0,0%,0,0%
2484,2025-08-25,Mrs Mrs J Cashin,91,4,4.40%,14,15.38%,6,1,16.67%,1,16.67%,19,0,0%,3,15.79%,5,0,0%,1,20.00%,61,3,4.92%,9,14.75%
2485,2025-08-25,J Hodge,47,7,14.89%,10,21.28%,9,0,0%,1,11.11%,15,1,6.67%,4,26.67%,15,6,40.00%,4,26.67%,8,0,0%,1,12.50%
2486,2025-08-25,Mrs F J Browne,5,2,40.00%,0,0%,0,0,0%,0,0%,0,0,0%,0,0%,5,2,40.00%,0,0%,0,0,0%,0,0%
2487,2025-08-25,D W Macauley,2,0,0%,0,0%,0,0,0%,0,0%,1,0,0%,0,0%,0,0,0%,0,0%,1,0,0%,0,0%
2488,2025-08-25,Mrs Philippa Kirby,1,0,0%,0,0%,0,0,0%,0,0%,0,0,0%,0,0%,1,0,0%,0,0%,0,0,0%,0,0%
2489,2025-08-25,C R Leech,2,1,50.00%,0,0%,0,0,0%,0,0%,0,0,0%,0,0%,2,1,50.00%,0,0%,0,0,0%,0,0%
2490,2025-08-25,Mrs C Hardinge,3,0,0%,1,33.33%,0,0,0%,0,0%,0,0,0%,0,0%,3,0,0%,1,33.33%,0,0,0%,0,0%
2491,2025-08-25,T Eades,2,0,0%,0,0%,0,0,0%,0,0%,0,0,0%,0,0%,2,0,0%,0,0%,0,0,0%,0,0%
2492,2025-08-25,T Lacey,269,50,18.59%,51,18.96%,4,1,25.00%,1,25.00%,24,2,8.33%,6,25.00%,70,14,20.00%,13,18.57%,171,33,19.30%,31,18.13%
2493,2025-08-25,Richard Hobson,590,74,12.54%,215,36.44%,6,1,16.67%,3,50.00%,32,3,9.38%,11,34.38%,330,48,14.55%,123,37.27%,222,22,9.91%,78,35.14%
2494,2025-08-25,Miss E C Sayer,2,0,0%,1,50.00%,0,0,0%,0,0%,0,0,0%,0,0%,2,0,0%,1,50.00%,0,0,0%,0,0%
2495,2025-08-25,Mrs T Corrigan,4,1,25.00%,1,25.00%,0,0,0%,0,0%,0,0,0%,0,0%,4,1,25.00%,1,25.00%,0,0,0%,0,0%
2496,2025-08-25,Miss F J Storey,2,0,0%,0,0%,0,0,0%,0,0%,0,0,0%,0,0%,2,0,0%,0,0%,0,0,0%,0,0%
2497,2025-08-25,L J Manners,4,0,0%,0,0%,0,0,0%,0,0%,0,0,0%,0,0%,4,0,0%,0,0%,0,0,0%,0,0%
2498,2025-08-25,Mrs S J Furber,2,0,0%,1,50.00%,0,0,0%,0,0%,0,0,0%,0,0%,2,0,0%,1,50.00%,0,0,0%,0,0%
2499,2025-08-25,J F F White,1,0,0%,0,0%,0,0,0%,0,0%,0,0,0%,0,0%,1,0,0%,0,0%,0,0,0%,0,0%
2500,2025-08-25,S R Williams,4,0,0%,1,25.00%,0,0,0%,0,0%,0,0,0%,0,0%,4,0,0%,1,25.00%,0,0,0%,0,0%
2501,2025-08-25,P J F Murphy,361,24,6.65%,73,20.22%,143,17,11.89%,36,25.17%,197,7,3.55%,37,18.78%,4,0,0%,0,0%,17,0,0%,0,0%
2502,2025-08-25,Mrs D Coleman,8,0,0%,1,12.50%,0,0,0%,0,0%,6,0,0%,1,16.67%,0,0,0%,0,0%,2,0,0%,0,0%
2503,2025-08-25,Ms Carberry,10,2,20.00%,1,10.00%,0,0,0%,0,0%,0,0,0%,0,0%,8,1,12.50%,1,12.50%,1,0,0%,0,0%
2504,2025-08-25,Miss I Dartnall,1,0,0%,0,0%,0,0,0%,0,0%,0,0,0%,0,0%,1,0,0%,0,0%,0,0,0%,0,0%
2505,2025-08-25,George Beilby,3,0,0%,0,0%,0,0,0%,0,0%,0,0,0%,0,0%,3,0,0%,0,0%,0,0,0%,0,0%
2506,2025-08-25,E Clayeux,22,2,9.09%,14,63.64%,0,0,0%,0,0%,0,0,0%,0,0%,16,2,12.50%,9,56.25%,6,0,0%,5,83.33%
2507,2025-08-25,Mrs Kent,2,0,0%,1,50.00%,0,0,0%,0,0%,0,0,0%,0,0%,2,0,0%,1,50.00%,0,0,0%,0,0%
2508,2025-08-25,Miss Francesca Moller,11,1,9.09%,7,63.64%,0,0,0%,0,0%,0,0,0%,0,0%,11,1,9.09%,7,63.64%,0,0,0%,0,0%
2509,2025-08-25,Rees Murphy,1,0,0%,0,0%,0,0,0%,0,0%,0,0,0%,0,0%,1,0,0%,0,0%,0,0,0%,0,0%
2510,2025-08-25,M J Jackson,6,0,0%,4,66.67%,0,0,0%,0,0%,0,0,0%,0,0%,6,0,0%,4,66.67%,0,0,0%,0,0%
2511,2025-08-25,M Pitman,79,6,7.59%,25,31.65%,3,0,0%,0,0%,24,2,8.33%,12,50.00%,18,0,0%,5,27.78%,34,4,11.76%,8,23.53%
2512,2025-08-25,P Mitchell,55,5,9.09%,23,41.82%,32,5,15.63%,15,46.88%,23,0,0%,8,34.78%,0,0,0%,0,0%,0,0,0%,0,0%
2513,2025-08-25,N Mechie,177,8,4.52%,25,14.12%,33,0,0%,4,12.12%,62,2,3.23%,7,11.29%,26,4,15.38%,3,11.54%,56,2,3.57%,11,19.64%
2514,2025-08-25,Mrs Fowler,278,24,8.63%,90,32.37%,2,0,0%,0,0%,69,6,8.70%,28,40.58%,34,4,11.76%,10,29.41%,173,14,8.09%,52,30.06%
2515,2025-08-25,Andrew Quick,21,0,0%,8,38.10%,0,0,0%,0,0%,0,0,0%,0,0%,21,0,0%,8,38.10%,0,0,0%,0,0%
2516,2025-08-25,J Conheady,27,1,3.70%,3,11.11%,0,0,0%,0,0%,8,1,12.50%,0,0%,13,0,0%,3,23.08%,6,0,0%,0,0%
2517,2025-08-25,E Turner,16,3,18.75%,6,37.50%,0,0,0%,0,0%,0,0,0%,0,0%,16,3,18.75%,6,37.50%,0,0,0%,0,0%
2518,2025-08-25,Jonathan Sweeney,195,33,16.92%,78,40.00%,1,0,0%,0,0%,61,13,21.31%,26,42.62%,33,3,9.09%,11,33.33%,100,17,17.00%,41,41.00%
2519,2025-08-25,Mrs S Westwood,4,0,0%,2,50.00%,0,0,0%,0,0%,0,0,0%,0,0%,4,0,0%,2,50.00%,0,0,0%,0,0%
2534,2025-08-25,Mrs Sarah Easterby,14,2,14.29%,6,42.86%,0,0,0%,0,0%,0,0,0%,0,0%,14,2,14.29%,6,42.86%,0,0,0%,0,0%
2535,2025-08-25,J Cookson,10,1,10.00%,2,20.00%,0,0,0%,0,0%,0,0,0%,0,0%,10,1,10.00%,2,20.00%,0,0,0%,0,0%
2536,2025-08-25,Mrs N C Neill,3,0,0%,0,0%,0,0,0%,0,0%,0,0,0%,0,0%,3,0,0%,0,0%,0,0,0%,0,0%
2537,2025-08-25,W Jeffrey,1,0,0%,0,0%,0,0,0%,0,0%,0,0,0%,0,0%,1,0,0%,0,0%,0,0,0%,0,0%
2538,2025-08-25,J Goss,3,0,0%,0,0%,0,0,0%,0,0%,0,0,0%,0,0%,3,0,0%,0,0%,0,0,0%,0,0%
2539,2025-08-25,Mrs C Drury,27,6,22.22%,14,51.85%,0,0,0%,0,0%,0,0,0%,0,0%,27,6,22.22%,14,51.85%,0,0,0%,0,0%
2540,2025-08-25,Mrs L Henderson,1,0,0%,1,100.00%,0,0,0%,0,0%,0,0,0%,0,0%,1,0,0%,1,100.00%,0,0,0%,0,0%
2541,2025-08-25,M J Wall,4,2,50.00%,0,0%,0,0,0%,0,0%,0,0,0%,0,0%,4,2,50.00%,0,0%,0,0,0%,0,0%
2542,2025-08-25,G Aitken,3,0,0%,3,100.00%,0,0,0%,0,0%,0,0,0%,0,0%,3,0,0%,3,100.00%,0,0,0%,0,0%
2543,2025-08-25,Paul Collins,199,18,9.05%,53,26.63%,46,1,2.17%,8,17.39%,59,5,8.47%,14,23.73%,45,7,15.56%,19,42.22%,49,5,10.20%,12,24.49%
2544,2025-08-25,Pierce Power,18,3,16.67%,3,16.67%,0,0,0%,0,0%,5,1,20.00%,0,0%,10,2,20.00%,2,20.00%,2,0,0%,0,0%
2545,2025-08-25,Mrs F J Walker,2,0,0%,1,50.00%,0,0,0%,0,0%,0,0,0%,0,0%,2,0,0%,1,50.00%,0,0,0%,0,0%
2546,2025-08-25,Mrs Furse,1,0,0%,0,0%,0,0,0%,0,0%,0,0,0%,0,0%,1,0,0%,0,0%,0,0,0%,0,0%
2547,2025-08-25,A Hamilton,3,0,0%,2,66.67%,0,0,0%,0,0%,0,0,0%,0,0%,3,0,0%,2,66.67%,0,0,0%,0,0%
2548,2025-08-25,G Cuthill,1,0,0%,0,0%,0,0,0%,0,0%,0,0,0%,0,0%,1,0,0%,0,0%,0,0,0%,0,0%
2549,2025-08-25,Matthew Barber,6,2,33.33%,1,16.67%,0,0,0%,0,0%,0,0,0%,0,0%,6,2,33.33%,1,16.67%,0,0,0%,0,0%
2550,2025-08-25,Robert Porter,1,0,0%,0,0%,0,0,0%,0,0%,0,0,0%,0,0%,1,0,0%,0,0%,0,0,0%,0,0%
2551,2025-08-25,Alastair Bell,4,0,0%,3,75.00%,0,0,0%,0,0%,0,0,0%,0,0%,4,0,0%,3,75.00%,0,0,0%,0,0%
2552,2025-08-25,Miss S Ender,403,24,5.96%,70,17.37%,64,1,1.56%,13,20.31%,102,8,7.84%,11,10.78%,37,0,0%,9,24.32%,200,15,7.50%,37,18.50%
2553,2025-08-25,Keiran Burke,534,47,8.80%,141,26.40%,42,0,0%,9,21.43%,70,2,2.86%,12,17.14%,132,18,13.64%,31,23.48%,290,27,9.31%,89,30.69%
2554,2025-08-25,G Geisler,1,0,0%,0,0%,0,0,0%,0,0%,1,0,0%,0,0%,0,0,0%,0,0%,0,0,0%,0,0%
2555,2025-08-25,Mrs E Clark,10,1,10.00%,4,40.00%,0,0,0%,0,0%,0,0,0%,0,0%,10,1,10.00%,4,40.00%,0,0,0%,0,0%
2556,2025-08-25,Mrs L Braithwaite,7,0,0%,3,42.86%,0,0,0%,0,0%,0,0,0%,0,0%,7,0,0%,3,42.86%,0,0,0%,0,0%
2557,2025-08-25,Miss H Brookshaw,74,6,8.11%,33,44.59%,0,0,0%,0,0%,4,0,0%,1,25.00%,70,6,8.57%,32,45.71%,0,0,0%,0,0%
2558,2025-08-25,Miss James,86,1,1.16%,10,11.63%,0,0,0%,0,0%,10,0,0%,0,0%,10,0,0%,3,30.00%,66,1,1.52%,7,10.61%
2559,2025-08-25,Mrs J Messenger,3,0,0%,1,33.33%,0,0,0%,0,0%,0,0,0%,0,0%,3,0,0%,1,33.33%,0,0,0%,0,0%
2560,2025-08-25,Julia Brooke,314,29,9.24%,113,35.99%,41,2,4.88%,16,39.02%,68,5,7.35%,18,26.47%,39,3,7.69%,18,46.15%,166,19,11.45%,61,36.75%
2561,2025-08-25,B O'Keeffe,96,2,2.08%,14,14.58%,0,0,0%,0,0%,2,0,0%,0,0%,13,0,0%,3,23.08%,81,2,2.47%,11,13.58%
2562,2025-08-25,R C Smith,7,2,28.57%,1,14.29%,0,0,0%,0,0%,1,0,0%,0,0%,6,2,33.33%,1,16.67%,0,0,0%,0,0%
2563,2025-08-25,B Dowling,11,0,0%,5,45.45%,0,0,0%,0,0%,0,0,0%,0,0%,11,0,0%,5,45.45%,0,0,0%,0,0%
2564,2025-08-25,A Hollinshead,433,33,7.62%,176,40.65%,191,18,9.42%,84,43.98%,215,13,6.05%,84,39.07%,9,1,11.11%,5,55.56%,18,1,5.56%,3,16.67%
2565,2025-08-25,A A Wintle,1165,90,7.73%,316,27.12%,420,30,7.14%,118,28.10%,386,40,10.36%,102,26.42%,83,6,7.23%,30,36.14%,276,14,5.07%,66,23.91%
2566,2025-08-25,R J Harraway,4,0,0%,1,25.00%,0,0,0%,0,0%,0,0,0%,0,0%,4,0,0%,1,25.00%,0,0,0%,0,0%
2567,2025-08-25,Mrs E Watson,1,0,0%,1,100.00%,0,0,0%,0,0%,0,0,0%,0,0%,1,0,0%,1,100.00%,0,0,0%,0,0%
2568,2025-08-25,P G Hall,7,2,28.57%,1,14.29%,0,0,0%,0,0%,0,0,0%,0,0%,7,2,28.57%,1,14.29%,0,0,0%,0,0%
2569,2025-08-25,Richard Bandey,374,45,12.03%,124,33.16%,24,0,0%,6,25.00%,45,2,4.44%,11,24.44%,147,26,17.69%,59,40.14%,158,17,10.76%,48,30.38%
2570,2025-08-25,C Lawson,2,0,0%,0,0%,0,0,0%,0,0%,0,0,0%,0,0%,2,0,0%,0,0%,0,0,0%,0,0%
2571,2025-08-25,Mark Dilworth,3,0,0%,0,0%,0,0,0%,0,0%,0,0,0%,0,0%,3,0,0%,0,0%,0,0,0%,0,0%
2572,2025-08-25,A Pennock,38,4,10.53%,14,36.84%,0,0,0%,0,0%,4,0,0%,0,0%,34,4,11.76%,14,41.18%,0,0,0%,0,0%
2573,2025-08-25,James Young,13,0,0%,9,69.23%,0,0,0%,0,0%,1,0,0%,0,0%,12,0,0%,9,75.00%,0,0,0%,0,0%
2574,2025-08-25,Ian Cobb,7,1,14.29%,1,14.29%,0,0,0%,0,0%,0,0,0%,0,0%,7,1,14.29%,1,14.29%,0,0,0%,0,0%
2575,2025-08-25,Mrs Lawson,7,0,0%,3,42.86%,0,0,0%,0,0%,0,0,0%,0,0%,7,0,0%,3,42.86%,0,0,0%,0,0%
2576,2025-08-25,Nicola Worley,1,0,0%,0,0%,0,0,0%,0,0%,0,0,0%,0,0%,1,0,0%,0,0%,0,0,0%,0,0%
2577,2025-08-25,Byron Moorcroft,2,0,0%,0,0%,0,0,0%,0,0%,0,0,0%,0,0%,2,0,0%,0,0%,0,0,0%,0,0%
2578,2025-08-25,N K Allin,3,0,0%,0,0%,0,0,0%,0,0%,0,0,0%,0,0%,3,0,0%,0,0%,0,0,0%,0,0%
2579,2025-08-25,F Lloyd,7,1,14.29%,5,71.43%,0,0,0%,0,0%,3,1,33.33%,2,66.67%,1,0,0%,0,0%,3,0,0%,3,100.00%
2580,2025-08-25,Miss E J Tanner,1,0,0%,0,0%,0,0,0%,0,0%,0,0,0%,0,0%,1,0,0%,0,0%,0,0,0%,0,0%
2581,2025-08-25,Mrs S Herrod,2,0,0%,2,100.00%,0,0,0%,0,0%,1,0,0%,1,100.00%,1,0,0%,1,100.00%,0,0,0%,0,0%
2582,2025-08-25,Hannah Watson,1,0,0%,0,0%,0,0,0%,0,0%,0,0,0%,0,0%,1,0,0%,0,0%,0,0,0%,0,0%
2583,2025-08-25,Michael Peters,1,1,100.00%,0,0%,0,0,0%,0,0%,0,0,0%,0,0%,1,1,100.00%,0,0%,0,0,0%,0,0%
2584,2025-08-25,Joseph Hennessy,62,8,12.90%,13,20.97%,0,0,0%,0,0%,5,0,0%,1,20.00%,8,1,12.50%,0,0%,49,7,14.29%,12,24.49%
2587,2025-08-25,John Patrick Murtagh,3211,354,11.02%,1159,36.09%,524,58,11.07%,204,38.93%,2675,295,11.03%,954,35.66%,2,0,0%,0,0%,10,1,10.00%,1,10.00%
2588,2025-08-25,J F Levins,1664,123,7.39%,445,26.74%,608,46,7.57%,184,30.26%,962,70,7.28%,227,23.60%,23,2,8.70%,10,43.48%,71,5,7.04%,24,33.80%
2589,2025-08-25,Mme D Dorenberg,1,0,0%,1,100.00%,0,0,0%,0,0%,1,0,0%,1,100.00%,0,0,0%,0,0%,0,0,0%,0,0%
2590,2025-08-25,Mme K Augenbroe,2,0,0%,2,100.00%,0,0,0%,0,0%,2,0,0%,2,100.00%,0,0,0%,0,0%,0,0,0%,0,0%
2591,2025-08-25,P J Hammersley,52,7,13.46%,7,13.46%,13,3,23.08%,1,7.69%,39,4,10.26%,6,15.38%,0,0,0%,0,0%,0,0,0%,0,0%
2592,2025-08-25,Miss C Marshall,3,1,33.33%,0,0%,0,0,0%,0,0%,0,0,0%,0,0%,3,1,33.33%,0,0%,0,0,0%,0,0%
2593,2025-08-25,C N Nimmo,1,0,0%,1,100.00%,0,0,0%,0,0%,0,0,0%,0,0%,1,0,0%,1,100.00%,0,0,0%,0,0%
2594,2025-08-25,Peter Dowson,1,0,0%,0,0%,0,0,0%,0,0%,0,0,0%,0,0%,1,0,0%,0,0%,0,0,0%,0,0%
2595,2025-08-25,Mrs K Thomas,1,0,0%,0,0%,0,0,0%,0,0%,0,0,0%,0,0%,1,0,0%,0,0%,0,0,0%,0,0%
2596,2025-08-25,Mrs J Bright,1,0,0%,0,0%,0,0,0%,0,0%,0,0,0%,0,0%,1,0,0%,0,0%,0,0,0%,0,0%
2597,2025-08-25,Martin O'Reilly,3,0,0%,0,0%,0,0,0%,0,0%,3,0,0%,0,0%,0,0,0%,0,0%,0,0,0%,0,0%
2598,2025-08-25,C Ferland,11,2,18.18%,5,45.45%,6,1,16.67%,5,83.33%,5,1,20.00%,0,0%,0,0,0%,0,0%,0,0,0%,0,0%
2599,2025-08-25,Miss J M Furness,2,2,100.00%,0,0%,0,0,0%,0,0%,0,0,0%,0,0%,2,2,100.00%,0,0%,0,0,0%,0,0%
2600,2025-08-25,Mrs Brooke,1,0,0%,1,100.00%,0,0,0%,0,0%,0,0,0%,0,0%,1,0,0%,1,100.00%,0,0,0%,0,0%
2601,2025-08-25,P Rowley,8,3,37.50%,0,0%,0,0,0%,0,0%,2,1,50.00%,0,0%,6,2,33.33%,0,0%,0,0,0%,0,0%
2602,2025-08-25,Michael Jones,3,0,0%,0,0%,0,0,0%,0,0%,0,0,0%,0,0%,3,0,0%,0,0%,0,0,0%,0,0%
2603,2025-08-25,Peter Croke,373,16,4.29%,95,25.47%,7,0,0%,1,14.29%,91,2,2.20%,24,26.37%,44,2,4.55%,8,18.18%,231,12,5.19%,62,26.84%
2604,2025-08-25,Mark Fahey,793,74,9.33%,204,25.73%,142,15,10.56%,33,23.24%,338,30,8.88%,89,26.33%,32,3,9.38%,12,37.50%,281,26,9.25%,70,24.91%
2605,2025-08-25,Paul O'Flynn,265,19,7.17%,74,27.92%,1,0,0%,0,0%,32,2,6.25%,7,21.88%,69,7,10.14%,27,39.13%,163,10,6.13%,40,24.54%
2606,2025-08-25,Mrs D Williams,1,0,0%,1,100.00%,0,0,0%,0,0%,0,0,0%,0,0%,1,0,0%,1,100.00%,0,0,0%,0,0%
2607,2025-08-25,Mrs S Farr,2,0,0%,0,0%,0,0,0%,0,0%,0,0,0%,0,0%,2,0,0%,0,0%,0,0,0%,0,0%
2608,2025-08-25,Mrs Cook,1,0,0%,0,0%,0,0,0%,0,0%,0,0,0%,0,0%,1,0,0%,0,0%,0,0,0%,0,0%
2609,2025-08-25,N Harris,8,0,0%,4,50.00%,0,0,0%,0,0%,0,0,0%,0,0%,8,0,0%,4,50.00%,0,0,0%,0,0%
2610,2025-08-25,Lady J Cecil,412,66,16.02%,210,50.97%,134,20,14.93%,77,57.46%,276,46,16.67%,131,47.46%,0,0,0%,0,0%,2,0,0%,2,100.00%
2611,2025-08-25,James Jenkins,11,2,18.18%,1,9.09%,1,1,100.00%,0,0%,8,1,12.50%,1,12.50%,1,0,0%,0,0%,1,0,0%,0,0%
2612,2025-08-25,H Motion,6,0,0%,4,66.67%,0,0,0%,0,0%,6,0,0%,4,66.67%,0,0,0%,0,0%,0,0,0%,0,0%
2613,2025-08-25,F H Graffard,31,3,9.68%,8,25.81%,1,0,0%,1,100.00%,30,3,10.00%,7,23.33%,0,0,0%,0,0%,0,0,0%,0,0%
2614,2025-08-25,J E Pease,2,0,0%,0,0%,0,0,0%,0,0%,2,0,0%,0,0%,0,0,0%,0,0%,0,0,0%,0,0%
2615,2025-08-25,Richard Morrissey,19,3,15.79%,1,5.26%,0,0,0%,0,0%,7,2,28.57%,0,0%,2,0,0%,0,0%,10,1,10.00%,1,10.00%
2616,2025-08-25,F Leve,1,0,0%,0,0%,0,0,0%,0,0%,1,0,0%,0,0%,0,0,0%,0,0%,0,0,0%,0,0%
2617,2025-08-25,J Barcoe,677,33,4.87%,115,16.99%,34,1,2.94%,2,5.88%,217,6,2.76%,25,11.52%,73,2,2.74%,14,19.18%,353,24,6.80%,74,20.96%
2618,2025-08-25,John O'Shea,1,0,0%,0,0%,0,0,0%,0,0%,1,0,0%,0,0%,0,0,0%,0,0%,0,0,0%,0,0%
2619,2025-08-25,Darrin Miller,2,0,0%,0,0%,0,0,0%,0,0%,2,0,0%,0,0%,0,0,0%,0,0%,0,0,0%,0,0%
2620,2025-08-25,J J Cullen,44,3,6.82%,7,15.91%,3,0,0%,0,0%,9,0,0%,1,11.11%,5,0,0%,0,0%,27,3,11.11%,6,22.22%
2621,2025-08-25,Andi Brown,225,21,9.33%,55,24.44%,148,16,10.81%,41,27.70%,75,5,6.67%,14,18.67%,0,0,0%,0,0%,2,0,0%,0,0%
2622,2025-08-25,Robert Stephens,1177,95,8.07%,442,37.55%,319,28,8.78%,117,36.68%,298,23,7.72%,119,39.93%,84,7,8.33%,33,39.29%,476,37,7.77%,173,36.34%
2623,2025-08-25,N Dooly,530,24,4.53%,122,23.02%,38,0,0%,5,13.16%,167,10,5.99%,49,29.34%,40,3,7.50%,11,27.50%,285,11,3.86%,57,20.00%
2624,2025-08-25,Martin Smith,769,61,7.93%,243,31.60%,319,32,10.03%,106,33.23%,303,15,4.95%,80,26.40%,26,4,15.38%,13,50.00%,121,10,8.26%,44,36.36%
2625,2025-08-25,Elizabeth Juckes,2,0,0%,0,0%,0,0,0%,0,0%,1,0,0%,0,0%,1,0,0%,0,0%,0,0,0%,0,0%
2626,2025-08-25,C Appleby,4739,1234,26.04%,1875,39.57%,1409,436,30.94%,602,42.73%,3319,797,24.01%,1265,38.11%,11,1,9.09%,8,72.73%,0,0,0%,0,0%
2627,2025-08-25,Charlie Appleby,114,20,17.54%,52,45.61%,22,4,18.18%,12,54.55%,92,16,17.39%,40,43.48%,0,0,0%,0,0%,0,0,0%,0,0%
2628,2025-08-25,Johnny Farrelly,1385,147,10.61%,439,31.70%,164,17,10.37%,44,26.83%,101,5,4.95%,25,24.75%,298,37,12.42%,122,40.94%,822,88,10.71%,248,30.17%
2629,2025-08-25,A Fogarty,307,20,6.51%,75,24.43%,34,3,8.82%,9,26.47%,126,5,3.97%,28,22.22%,42,4,9.52%,15,35.71%,105,8,7.62%,23,21.90%
2630,2025-08-25,J J Gault,5,0,0%,0,0%,0,0,0%,0,0%,2,0,0%,0,0%,0,0,0%,0,0%,3,0,0%,0,0%
2631,2025-08-25,W P Browne,400,31,7.75%,120,30.00%,132,20,15.15%,39,29.55%,268,11,4.10%,81,30.22%,0,0,0%,0,0%,0,0,0%,0,0%
2632,2025-08-25,K R Burke,7563,1030,13.62%,2724,36.02%,2259,311,13.77%,896,39.66%,5253,715,13.61%,1807,34.40%,17,2,11.76%,3,17.65%,34,2,5.88%,18,52.94%
2633,2025-08-25,D Skelton,8047,1474,18.32%,2897,36.00%,57,12,21.05%,22,38.60%,652,103,15.80%,285,43.71%,2484,489,19.69%,791,31.84%,4854,870,17.92%,1799,37.06%
2634,2025-08-25,Dan Skelton,136,19,13.97%,68,50.00%,1,0,0%,1,100.00%,19,3,15.79%,8,42.11%,47,8,17.02%,23,48.94%,69,8,11.59%,36,52.17%
2636,2025-08-25,David Dennis,1962,185,9.43%,723,36.85%,226,15,6.64%,94,41.59%,323,22,6.81%,105,32.51%,517,63,12.19%,196,37.91%,896,85,9.49%,328,36.61%
2637,2025-08-25,M F Cotter,2,0,0%,0,0%,0,0,0%,0,0%,2,0,0%,0,0%,0,0,0%,0,0%,0,0,0%,0,0%
2638,2025-08-25,Ben Pauling,2694,389,14.44%,919,34.11%,32,1,3.13%,13,40.63%,308,42,13.64%,115,37.34%,730,128,17.53%,232,31.78%,1624,218,13.42%,559,34.42%
2639,2025-08-25,J Carr,1,0,0%,0,0%,0,0,0%,0,0%,0,0,0%,0,0%,0,0,0%,0,0%,1,0,0%,0,0%
2640,2025-08-25,P Sogorb,2,1,50.00%,0,0%,0,0,0%,0,0%,2,1,50.00%,0,0%,0,0,0%,0,0%,0,0,0%,0,0%
2641,2025-08-25,Rebecca Menzies,3179,354,11.14%,1131,35.58%,823,90,10.94%,288,34.99%,801,76,9.49%,252,31.46%,627,83,13.24%,259,41.31%,928,105,11.31%,332,35.78%
2642,2025-08-25,M M Rice,94,5,5.32%,14,14.89%,23,3,13.04%,3,13.04%,28,0,0%,0,0%,18,1,5.56%,7,38.89%,25,1,4.00%,4,16.00%
2643,2025-08-25,R Drake,69,6,8.70%,17,24.64%,0,0,0%,0,0%,1,0,0%,1,100.00%,35,4,11.43%,9,25.71%,33,2,6.06%,7,21.21%
2644,2025-08-25,A B Joyce,393,30,7.63%,104,26.46%,168,17,10.12%,51,30.36%,152,9,5.92%,34,22.37%,7,0,0%,1,14.29%,66,4,6.06%,18,27.27%
2645,2025-08-25,P Duggan,12,1,8.33%,1,8.33%,0,0,0%,0,0%,3,0,0%,0,0%,0,0,0%,0,0%,9,1,11.11%,1,11.11%
2646,2025-08-25,Kevin Frost,1567,133,8.49%,465,29.67%,801,65,8.11%,243,30.34%,501,42,8.38%,126,25.15%,50,6,12.00%,20,40.00%,215,20,9.30%,76,35.35%
2647,2025-08-25,Noel Williams,771,78,10.12%,288,37.35%,57,3,5.26%,26,45.61%,146,12,8.22%,51,34.93%,138,21,15.22%,45,32.61%,430,42,9.77%,166,38.60%
2648,2025-08-25,D Harvey,103,7,6.80%,27,26.21%,6,0,0%,0,0%,14,1,7.14%,4,28.57%,19,2,10.53%,4,21.05%,64,4,6.25%,19,29.69%
2649,2025-08-25,Paul Morgan,164,20,12.20%,54,32.93%,36,0,0%,6,16.67%,25,3,12.00%,7,28.00%,39,11,28.21%,12,30.77%,64,6,9.38%,29,45.31%
2650,2025-08-25,C Von Der Recke,11,0,0%,2,18.18%,1,0,0%,0,0%,2,0,0%,0,0%,0,0,0%,0,0%,8,0,0%,2,25.00%
2651,2025-08-25,P Harley,3,0,0%,0,0%,1,0,0%,0,0%,2,0,0%,0,0%,0,0,0%,0,0%,0,0,0%,0,0%
2652,2025-08-25,J F Tormey,3,0,0%,0,0%,0,0,0%,0,0%,0,0,0%,0,0%,0,0,0%,0,0%,3,0,0%,0,0%
2653,2025-08-25,Martin J Hogan,8,0,0%,0,0%,0,0,0%,0,0%,4,0,0%,0,0%,0,0,0%,0,0%,4,0,0%,0,0%
2654,2025-08-25,J L Gledson,14,1,7.14%,3,21.43%,0,0,0%,0,0%,4,0,0%,0,0%,2,0,0%,0,0%,8,1,12.50%,3,37.50%
2655,2025-08-25,M Mulvany,1893,137,7.24%,543,28.68%,191,12,6.28%,44,23.04%,1533,111,7.24%,448,29.22%,23,2,8.70%,10,43.48%,146,12,8.22%,41,28.08%
2656,2025-08-25,J P Gasnier,1,0,0%,0,0%,0,0,0%,0,0%,0,0,0%,0,0%,1,0,0%,0,0%,0,0,0%,0,0%
2657,2025-08-25,C Le Galliard,1,0,0%,0,0%,0,0,0%,0,0%,0,0,0%,0,0%,0,0,0%,0,0%,1,0,0%,0,0%
2658,2025-08-25,Lucinda Egerton,437,16,3.66%,120,27.46%,102,2,1.96%,25,24.51%,98,2,2.04%,21,21.43%,105,7,6.67%,36,34.29%,132,5,3.79%,38,28.79%
2659,2025-08-25,Declan Ryan,20,1,5.00%,7,35.00%,0,0,0%,0,0%,12,1,8.33%,7,58.33%,0,0,0%,0,0%,8,0,0%,0,0%
2660,2025-08-25,Steph Hollinshead,1159,72,6.21%,288,24.85%,402,18,4.48%,105,26.12%,724,52,7.18%,179,24.72%,0,0,0%,0,0%,33,2,6.06%,4,12.12%
2662,2025-08-25,S M O'Donoghue,48,0,0%,16,33.33%,0,0,0%,0,0%,12,0,0%,3,25.00%,10,0,0%,3,30.00%,26,0,0%,10,38.46%
2663,2025-08-25,John Feane,1611,164,10.18%,495,30.73%,591,75,12.69%,195,32.99%,980,88,8.98%,289,29.49%,6,1,16.67%,2,33.33%,34,0,0%,9,26.47%
2664,2025-08-25,Gerard Martin,1,0,0%,0,0%,1,0,0%,0,0%,0,0,0%,0,0%,0,0,0%,0,0%,0,0,0%,0,0%
2665,2025-08-25,Ms Curran,106,4,3.77%,23,21.70%,3,0,0%,1,33.33%,11,0,0%,1,9.09%,25,1,4.00%,6,24.00%,67,3,4.48%,15,22.39%
2666,2025-08-25,B A Furnival,2,0,0%,0,0%,0,0,0%,0,0%,0,0,0%,0,0%,2,0,0%,0,0%,0,0,0%,0,0%
2667,2025-08-25,J r Barry,557,35,6.28%,174,31.24%,35,4,11.43%,16,45.71%,144,8,5.56%,51,35.42%,89,5,5.62%,33,37.08%,289,18,6.23%,74,25.61%
2668,2025-08-25,Ronan McNally,308,48,15.58%,66,21.43%,9,2,22.22%,5,55.56%,51,4,7.84%,7,13.73%,96,17,17.71%,25,26.04%,152,25,16.45%,29,19.08%
2669,2025-08-25,Mrs C Fear,4,1,25.00%,3,75.00%,0,0,0%,0,0%,0,0,0%,0,0%,4,1,25.00%,3,75.00%,0,0,0%,0,0%
2670,2025-08-25,P Ponting,7,0,0%,1,14.29%,0,0,0%,0,0%,0,0,0%,0,0%,7,0,0%,1,14.29%,0,0,0%,0,0%
2671,2025-08-25,Miss Becky Furber,4,1,25.00%,1,25.00%,0,0,0%,0,0%,0,0,0%,0,0%,4,1,25.00%,1,25.00%,0,0,0%,0,0%
2672,2025-08-25,D T Kelly,24,0,0%,6,25.00%,3,0,0%,0,0%,5,0,0%,0,0%,4,0,0%,3,75.00%,12,0,0%,3,25.00%
2673,2025-08-25,Mrs B Ewart,7,0,0%,2,28.57%,0,0,0%,0,0%,0,0,0%,0,0%,7,0,0%,2,28.57%,0,0,0%,0,0%
2674,2025-08-25,Brian M McMahon,470,29,6.17%,129,27.45%,12,0,0%,2,16.67%,52,2,3.85%,17,32.69%,175,15,8.57%,60,34.29%,231,12,5.19%,50,21.65%
2675,2025-08-25,Shane Crawley,471,41,8.70%,117,24.84%,68,12,17.65%,18,26.47%,116,6,5.17%,27,23.28%,19,1,5.26%,12,63.16%,268,22,8.21%,60,22.39%
2676,2025-08-25,Lady Gillespie,57,2,3.51%,15,26.32%,9,0,0%,2,22.22%,15,0,0%,4,26.67%,4,0,0%,4,100.00%,29,2,6.90%,5,17.24%
2677,2025-08-25,Miss McCutcheon,321,6,1.87%,54,16.82%,16,0,0%,1,6.25%,159,4,2.52%,27,16.98%,17,0,0%,2,11.76%,129,2,1.55%,24,18.60%
2678,2025-08-25,Mr M T Walford,2264,236,10.42%,790,34.89%,302,15,4.97%,81,26.82%,921,79,8.58%,301,32.68%,339,56,16.52%,141,41.59%,702,86,12.25%,267,38.03%
2679,2025-08-25,Mrs Mrs S Easterby,9,3,33.33%,5,55.56%,0,0,0%,0,0%,0,0,0%,0,0%,9,3,33.33%,5,55.56%,0,0,0%,0,0%
2680,2025-08-25,Mrs R Burt,1,0,0%,0,0%,0,0,0%,0,0%,0,0,0%,0,0%,1,0,0%,0,0%,0,0,0%,0,0%
2681,2025-08-25,Grace Harris,1494,93,6.22%,429,28.71%,332,14,4.22%,83,25.00%,628,40,6.37%,162,25.80%,94,12,12.77%,39,41.49%,440,27,6.14%,145,32.95%
2682,2025-08-25,Mrs V Morse,1,0,0%,0,0%,0,0,0%,0,0%,0,0,0%,0,0%,1,0,0%,0,0%,0,0,0%,0,0%
2683,2025-08-25,Gaye Williams,3,0,0%,1,33.33%,0,0,0%,0,0%,0,0,0%,0,0%,3,0,0%,1,33.33%,0,0,0%,0,0%
2684,2025-08-25,Lady Blandford,4,0,0%,0,0%,0,0,0%,0,0%,0,0,0%,0,0%,4,0,0%,0,0%,0,0,0%,0,0%
2685,2025-08-25,Mrs Crow,2,1,50.00%,1,50.00%,0,0,0%,0,0%,0,0,0%,0,0%,2,1,50.00%,1,50.00%,0,0,0%,0,0%
2686,2025-08-25,Mickey Bowen,166,39,23.49%,44,26.51%,0,0,0%,0,0%,13,4,30.77%,0,0%,125,28,22.40%,37,29.60%,28,7,25.00%,7,25.00%
2687,2025-08-25,Charlie Fellowes,2217,290,13.08%,820,36.99%,1042,128,12.28%,449,43.09%,1168,161,13.78%,369,31.59%,2,1,50.00%,0,0%,5,0,0%,2,40.00%
2688,2025-08-25,Miss E Rodney,4,0,0%,1,25.00%,0,0,0%,0,0%,0,0,0%,0,0%,4,0,0%,1,25.00%,0,0,0%,0,0%
2689,2025-08-25,Mrs H Norman,1,0,0%,1,100.00%,0,0,0%,0,0%,0,0,0%,0,0%,1,0,0%,1,100.00%,0,0,0%,0,0%
2690,2025-08-25,Miss K L Mellor,1,0,0%,0,0%,0,0,0%,0,0%,0,0,0%,0,0%,1,0,0%,0,0%,0,0,0%,0,0%
2691,2025-08-25,A Coveney,4,0,0%,1,25.00%,0,0,0%,0,0%,0,0,0%,0,0%,4,0,0%,1,25.00%,0,0,0%,0,0%
2692,2025-08-25,G T Morrow,2,0,0%,0,0%,0,0,0%,0,0%,0,0,0%,0,0%,0,0,0%,0,0%,2,0,0%,0,0%
2693,2025-08-25,A N Dalton,1,0,0%,0,0%,0,0,0%,0,0%,0,0,0%,0,0%,1,0,0%,0,0%,0,0,0%,0,0%
2694,2025-08-25,Mrs Kayley Woollacott,24,2,8.33%,11,45.83%,0,0,0%,0,0%,0,0,0%,0,0%,23,2,8.70%,10,43.48%,1,0,0%,1,100.00%
2695,2025-08-25,M S Wilesmith,14,0,0%,1,7.14%,0,0,0%,0,0%,1,0,0%,0,0%,3,0,0%,1,33.33%,10,0,0%,0,0%
2696,2025-08-25,Mrs C Lawrence,3,0,0%,1,33.33%,0,0,0%,0,0%,0,0,0%,0,0%,3,0,0%,1,33.33%,0,0,0%,0,0%
2697,2025-08-25,S J Leadbetter,6,1,16.67%,2,33.33%,0,0,0%,0,0%,0,0,0%,0,0%,6,1,16.67%,2,33.33%,0,0,0%,0,0%
2698,2025-08-25,Mrs S Case,5,0,0%,1,20.00%,0,0,0%,0,0%,0,0,0%,0,0%,5,0,0%,1,20.00%,0,0,0%,0,0%
2699,2025-08-25,Jack Barber,302,36,11.92%,110,36.42%,2,0,0%,0,0%,39,3,7.69%,17,43.59%,89,14,15.73%,31,34.83%,172,19,11.05%,62,36.05%
2700,2025-08-25,F P Cunningham,12,0,0%,1,8.33%,0,0,0%,0,0%,6,0,0%,1,16.67%,0,0,0%,0,0%,6,0,0%,0,0%
2701,2025-08-25,A Couetil,7,0,0%,2,28.57%,0,0,0%,0,0%,3,0,0%,1,33.33%,0,0,0%,0,0%,4,0,0%,1,25.00%
2702,2025-08-25,Mrs Jackie Hunt,1,0,0%,1,100.00%,0,0,0%,0,0%,0,0,0%,0,0%,1,0,0%,1,100.00%,0,0,0%,0,0%
2703,2025-08-25,Thomas Morgan,8,0,0%,3,37.50%,0,0,0%,0,0%,2,0,0%,1,50.00%,6,0,0%,2,33.33%,0,0,0%,0,0%
2704,2025-08-25,Guy Henderson,1,0,0%,0,0%,0,0,0%,0,0%,0,0,0%,0,0%,1,0,0%,0,0%,0,0,0%,0,0%
2705,2025-08-25,Lee Power,4,1,25.00%,1,25.00%,0,0,0%,0,0%,0,0,0%,0,0%,4,1,25.00%,1,25.00%,0,0,0%,0,0%
2706,2025-08-25,P Wilson,1,0,0%,0,0%,0,0,0%,0,0%,0,0,0%,0,0%,1,0,0%,0,0%,0,0,0%,0,0%
2707,2025-08-25,Robert Honner,37,5,13.51%,10,27.03%,0,0,0%,0,0%,7,0,0%,1,14.29%,11,3,27.27%,5,45.45%,19,2,10.53%,4,21.05%
2708,2025-08-25,Mrs Dawn Woolf,2,0,0%,0,0%,0,0,0%,0,0%,0,0,0%,0,0%,2,0,0%,0,0%,0,0,0%,0,0%
2709,2025-08-25,Miss Nimmo,35,4,11.43%,10,28.57%,0,0,0%,0,0%,6,0,0%,3,50.00%,29,4,13.79%,7,24.14%,0,0,0%,0,0%
2710,2025-08-25,S Wattel,8,2,25.00%,3,37.50%,4,1,25.00%,1,25.00%,4,1,25.00%,2,50.00%,0,0,0%,0,0%,0,0,0%,0,0%
2711,2025-08-25,Miss S Berry,1,0,0%,1,100.00%,0,0,0%,0,0%,0,0,0%,0,0%,1,0,0%,1,100.00%,0,0,0%,0,0%
2712,2025-08-25,Robert Evans,1,0,0%,0,0%,0,0,0%,0,0%,0,0,0%,0,0%,1,0,0%,0,0%,0,0,0%,0,0%
2713,2025-08-25,J L Eyre,1201,113,9.41%,367,30.56%,385,34,8.83%,106,27.53%,811,79,9.74%,261,32.18%,0,0,0%,0,0%,5,0,0%,0,0%
2714,2025-08-25,Miss H Harper,5,1,20.00%,2,40.00%,0,0,0%,0,0%,0,0,0%,0,0%,5,1,20.00%,2,40.00%,0,0,0%,0,0%
2715,2025-08-25,J Tickle,404,33,8.17%,73,18.07%,57,4,7.02%,7,12.28%,176,19,10.80%,36,20.45%,56,4,7.14%,14,25.00%,115,6,5.22%,16,13.91%
2716,2025-08-25,Greg Aitken,1,0,0%,0,0%,0,0,0%,0,0%,0,0,0%,0,0%,1,0,0%,0,0%,0,0,0%,0,0%
2717,2025-08-25,A B Hamilton,346,20,5.78%,81,23.41%,0,0,0%,0,0%,2,0,0%,0,0%,138,10,7.25%,44,31.88%,206,10,4.85%,37,17.96%
2718,2025-08-25,Ms J Andrews,1,0,0%,0,0%,0,0,0%,0,0%,0,0,0%,0,0%,1,0,0%,0,0%,0,0,0%,0,0%
2719,2025-08-25,M Kehoe,9,0,0%,1,11.11%,0,0,0%,0,0%,0,0,0%,0,0%,9,0,0%,1,11.11%,0,0,0%,0,0%
2720,2025-08-25,Miss J Luton,1,0,0%,0,0%,0,0,0%,0,0%,0,0,0%,0,0%,1,0,0%,0,0%,0,0,0%,0,0%
2721,2025-08-25,Ms Ms G Jones,1,0,0%,1,100.00%,0,0,0%,0,0%,0,0,0%,0,0%,1,0,0%,1,100.00%,0,0,0%,0,0%
2722,2025-08-25,Miss Miss H Cumbley,1,0,0%,0,0%,0,0,0%,0,0%,0,0,0%,0,0%,1,0,0%,0,0%,0,0,0%,0,0%
2723,2025-08-25,Mrs Campbell,3,0,0%,0,0%,0,0,0%,0,0%,0,0,0%,0,0%,3,0,0%,0,0%,0,0,0%,0,0%
2724,2025-08-25,David Dunsdon,3,3,100.00%,0,0%,0,0,0%,0,0%,0,0,0%,0,0%,3,3,100.00%,0,0%,0,0,0%,0,0%
2725,2025-08-25,S J Stearn,3,0,0%,3,100.00%,0,0,0%,0,0%,0,0,0%,0,0%,3,0,0%,3,100.00%,0,0,0%,0,0%
2726,2025-08-25,T Costello,1,0,0%,0,0%,0,0,0%,0,0%,0,0,0%,0,0%,1,0,0%,0,0%,0,0,0%,0,0%
2727,2025-08-25,P J Healy,16,2,12.50%,1,6.25%,0,0,0%,0,0%,1,0,0%,0,0%,14,2,14.29%,1,7.14%,1,0,0%,0,0%
2728,2025-08-25,Miss A E Petch,1,0,0%,1,100.00%,0,0,0%,0,0%,0,0,0%,0,0%,1,0,0%,1,100.00%,0,0,0%,0,0%
2729,2025-08-25,D Dickenson,4,0,0%,0,0%,0,0,0%,0,0%,1,0,0%,0,0%,3,0,0%,0,0%,0,0,0%,0,0%
2730,2025-08-25,R Meyrick,1,0,0%,0,0%,0,0,0%,0,0%,0,0,0%,0,0%,1,0,0%,0,0%,0,0,0%,0,0%
2731,2025-08-25,E Parry,2,0,0%,0,0%,0,0,0%,0,0%,0,0,0%,0,0%,2,0,0%,0,0%,0,0,0%,0,0%
2732,2025-08-25,Mrs Mrs K M Dando,1,0,0%,0,0%,0,0,0%,0,0%,0,0,0%,0,0%,1,0,0%,0,0%,0,0,0%,0,0%
2733,2025-08-25,R Thomas,5,0,0%,0,0%,0,0,0%,0,0%,0,0,0%,0,0%,5,0,0%,0,0%,0,0,0%,0,0%
2734,2025-08-25,Miss S L Pidsley,1,0,0%,1,100.00%,0,0,0%,0,0%,0,0,0%,0,0%,1,0,0%,1,100.00%,0,0,0%,0,0%
2735,2025-08-25,Mrs O Bush,4,0,0%,2,50.00%,0,0,0%,0,0%,0,0,0%,0,0%,4,0,0%,2,50.00%,0,0,0%,0,0%
2736,2025-08-25,Mrs E Scott,2,0,0%,0,0%,0,0,0%,0,0%,0,0,0%,0,0%,2,0,0%,0,0%,0,0,0%,0,0%
2737,2025-08-25,Caroline Prouse,1,0,0%,0,0%,0,0,0%,0,0%,0,0,0%,0,0%,1,0,0%,0,0%,0,0,0%,0,0%
2738,2025-08-25,Mrs E J Loosemore,1,0,0%,0,0%,0,0,0%,0,0%,0,0,0%,0,0%,1,0,0%,0,0%,0,0,0%,0,0%
2739,2025-08-25,D Menuisier,1422,163,11.46%,391,27.50%,401,36,8.98%,93,23.19%,1018,126,12.38%,296,29.08%,3,1,33.33%,2,66.67%,0,0,0%,0,0%
2740,2025-08-25,Miss Brown,11,0,0%,4,36.36%,3,0,0%,1,33.33%,2,0,0%,2,100.00%,5,0,0%,1,20.00%,1,0,0%,0,0%
2741,2025-08-25,Mrs R Hewit,6,0,0%,2,33.33%,0,0,0%,0,0%,0,0,0%,0,0%,6,0,0%,2,33.33%,0,0,0%,0,0%
2742,2025-08-25,Ben Lund,138,4,2.90%,24,17.39%,11,0,0%,2,18.18%,17,0,0%,3,17.65%,35,1,2.86%,5,14.29%,75,3,4.00%,14,18.67%
2743,2025-08-25,C Sands,1,0,0%,0,0%,0,0,0%,0,0%,0,0,0%,0,0%,1,0,0%,0,0%,0,0,0%,0,0%
2744,2025-08-25,Gareth Moore,21,7,33.33%,9,42.86%,0,0,0%,0,0%,0,0,0%,0,0%,21,7,33.33%,9,42.86%,0,0,0%,0,0%
2745,2025-08-25,I Hargreaves,1,0,0%,0,0%,0,0,0%,0,0%,0,0,0%,0,0%,1,0,0%,0,0%,0,0,0%,0,0%
2746,2025-08-25,Mrs S Weatherlake,2,0,0%,1,50.00%,0,0,0%,0,0%,0,0,0%,0,0%,2,0,0%,1,50.00%,0,0,0%,0,0%
2747,2025-08-25,Ms E C Hodge,1,0,0%,0,0%,0,0,0%,0,0%,0,0,0%,0,0%,1,0,0%,0,0%,0,0,0%,0,0%
2748,2025-08-25,E Penate,2,0,0%,0,0%,0,0,0%,0,0%,2,0,0%,0,0%,0,0,0%,0,0%,0,0,0%,0,0%
2749,2025-08-25,Miss Martin,345,36,10.43%,133,38.55%,2,0,0%,1,50.00%,30,4,13.33%,10,33.33%,92,10,10.87%,39,42.39%,221,22,9.95%,83,37.56%
2750,2025-08-25,Mrs M J McGuinness,3,0,0%,2,66.67%,0,0,0%,0,0%,1,0,0%,1,100.00%,2,0,0%,1,50.00%,0,0,0%,0,0%
2751,2025-08-25,P M Phillips,19,0,0%,5,26.32%,0,0,0%,0,0%,0,0,0%,0,0%,8,0,0%,4,50.00%,11,0,0%,1,9.09%
2752,2025-08-25,Mrs Teresa Clark,19,2,10.53%,3,15.79%,0,0,0%,0,0%,6,1,16.67%,1,16.67%,13,1,7.69%,2,15.38%,0,0,0%,0,0%
2753,2025-08-25,Mrs A Stephens,1,0,0%,0,0%,0,0,0%,0,0%,0,0,0%,0,0%,1,0,0%,0,0%,0,0,0%,0,0%
2754,2025-08-25,P D Rogers,4,0,0%,1,25.00%,0,0,0%,0,0%,0,0,0%,0,0%,4,0,0%,1,25.00%,0,0,0%,0,0%
2755,2025-08-25,Miss O'Shea,333,25,7.51%,75,22.52%,1,0,0%,0,0%,23,2,8.70%,8,34.78%,68,5,7.35%,22,32.35%,241,18,7.47%,45,18.67%
2756,2025-08-25,Mrs Mieczkowska,1,0,0%,0,0%,0,0,0%,0,0%,0,0,0%,0,0%,1,0,0%,0,0%,0,0,0%,0,0%
2757,2025-08-25,S R Cobden,1,0,0%,1,100.00%,0,0,0%,0,0%,0,0,0%,0,0%,1,0,0%,1,100.00%,0,0,0%,0,0%
2758,2025-08-25,William Smith,2,0,0%,0,0%,0,0,0%,0,0%,0,0,0%,0,0%,2,0,0%,0,0%,0,0,0%,0,0%
2759,2025-08-25,Ms Hall,1,0,0%,0,0%,0,0,0%,0,0%,0,0,0%,0,0%,1,0,0%,0,0%,0,0,0%,0,0%
2760,2025-08-25,Mrs G Drury,4,0,0%,3,75.00%,0,0,0%,0,0%,0,0,0%,0,0%,4,0,0%,3,75.00%,0,0,0%,0,0%
2761,2025-08-25,Mrs S Rawlins,4,0,0%,2,50.00%,0,0,0%,0,0%,0,0,0%,0,0%,4,0,0%,2,50.00%,0,0,0%,0,0%
2762,2025-08-25,D J Weston,175,18,10.29%,67,38.29%,13,0,0%,1,7.69%,17,0,0%,5,29.41%,34,3,8.82%,14,41.18%,111,15,13.51%,47,42.34%
2763,2025-08-25,Miss E Harbour,1,0,0%,0,0%,0,0,0%,0,0%,0,0,0%,0,0%,1,0,0%,0,0%,0,0,0%,0,0%
2764,2025-08-25,J Sole,9,0,0%,3,33.33%,0,0,0%,0,0%,0,0,0%,0,0%,9,0,0%,3,33.33%,0,0,0%,0,0%
2765,2025-08-25,Mrs S Ashby,1,0,0%,0,0%,0,0,0%,0,0%,0,0,0%,0,0%,1,0,0%,0,0%,0,0,0%,0,0%
2766,2025-08-25,Mrs F Marshall,10,1,10.00%,4,40.00%,0,0,0%,0,0%,0,0,0%,0,0%,10,1,10.00%,4,40.00%,0,0,0%,0,0%
2767,2025-08-25,Joshua Pearce,3,0,0%,0,0%,0,0,0%,0,0%,0,0,0%,0,0%,3,0,0%,0,0%,0,0,0%,0,0%
2768,2025-08-25,Mrs C C Kelk,1,0,0%,1,100.00%,0,0,0%,0,0%,0,0,0%,0,0%,1,0,0%,1,100.00%,0,0,0%,0,0%
2769,2025-08-25,Miss Davis,1,0,0%,1,100.00%,0,0,0%,0,0%,0,0,0%,0,0%,1,0,0%,1,100.00%,0,0,0%,0,0%
2770,2025-08-25,Miss C P Holliday,1,0,0%,0,0%,0,0,0%,0,0%,0,0,0%,0,0%,1,0,0%,0,0%,0,0,0%,0,0%
2771,2025-08-25,Mrs Wheatley,4,0,0%,0,0%,0,0,0%,0,0%,0,0,0%,0,0%,4,0,0%,0,0%,0,0,0%,0,0%
2772,2025-08-25,Adrian Keatley,1702,152,8.93%,536,31.49%,388,26,6.70%,132,34.02%,1090,101,9.27%,343,31.47%,49,6,12.24%,16,32.65%,175,19,10.86%,45,25.71%
2773,2025-08-25,Yvonne Latta,162,17,10.49%,29,17.90%,7,0,0%,0,0%,73,9,12.33%,15,20.55%,4,1,25.00%,0,0%,78,7,8.97%,14,17.95%
2774,2025-08-25,Mrs Jones,9,1,11.11%,5,55.56%,0,0,0%,0,0%,0,0,0%,0,0%,9,1,11.11%,5,55.56%,0,0,0%,0,0%
2775,2025-08-25,Miss N Seely,1,0,0%,0,0%,0,0,0%,0,0%,0,0,0%,0,0%,1,0,0%,0,0%,0,0,0%,0,0%
2776,2025-08-25,Malcolm Jones,17,0,0%,3,17.65%,0,0,0%,0,0%,2,0,0%,0,0%,0,0,0%,0,0%,15,0,0%,3,20.00%
2777,2025-08-25,G T Zoetelief,1,0,0%,1,100.00%,0,0,0%,0,0%,1,0,0%,1,100.00%,0,0,0%,0,0%,0,0,0%,0,0%
2778,2025-08-25,John H Wilson,2,0,0%,0,0%,0,0,0%,0,0%,2,0,0%,0,0%,0,0,0%,0,0%,0,0,0%,0,0%
2779,2025-08-25,John Armstrong,2,1,50.00%,1,50.00%,0,0,0%,0,0%,0,0,0%,0,0%,2,1,50.00%,1,50.00%,0,0,0%,0,0%
2780,2025-08-25,Mrs L Atkinson,1,0,0%,1,100.00%,0,0,0%,0,0%,0,0,0%,0,0%,1,0,0%,1,100.00%,0,0,0%,0,0%
2781,2025-08-25,Kevin McDonagh,112,0,0%,8,7.14%,5,0,0%,0,0%,18,0,0%,1,5.56%,19,0,0%,5,26.32%,70,0,0%,2,2.86%
2782,2025-08-25,Miss G Walton,14,0,0%,7,50.00%,0,0,0%,0,0%,0,0,0%,0,0%,14,0,0%,7,50.00%,0,0,0%,0,0%
2783,2025-08-25,P Foster,4,0,0%,1,25.00%,0,0,0%,0,0%,0,0,0%,0,0%,4,0,0%,1,25.00%,0,0,0%,0,0%
2784,2025-08-25,Miss Ellis,88,5,5.68%,26,29.55%,57,3,5.26%,20,35.09%,31,2,6.45%,6,19.35%,0,0,0%,0,0%,0,0,0%,0,0%
2785,2025-08-25,John Riches,558,37,6.63%,136,24.37%,176,6,3.41%,41,23.30%,356,28,7.87%,92,25.84%,4,1,25.00%,1,25.00%,22,2,9.09%,2,9.09%
2786,2025-08-25,Mrs A Morshead,8,0,0%,3,37.50%,0,0,0%,0,0%,0,0,0%,0,0%,8,0,0%,3,37.50%,0,0,0%,0,0%
2787,2025-08-25,S W Drinkwater,1,0,0%,1,100.00%,0,0,0%,0,0%,0,0,0%,0,0%,1,0,0%,1,100.00%,0,0,0%,0,0%
2788,2025-08-25,Mr Jake Coulson,233,13,5.58%,44,18.88%,18,0,0%,0,0%,20,1,5.00%,3,15.00%,64,2,3.13%,18,28.13%,131,10,7.63%,23,17.56%
2789,2025-08-25,Miss Evans,1,0,0%,0,0%,0,0,0%,0,0%,0,0,0%,0,0%,1,0,0%,0,0%,0,0,0%,0,0%
2790,2025-08-25,Miss Fuller,1,0,0%,1,100.00%,0,0,0%,0,0%,0,0,0%,0,0%,1,0,0%,1,100.00%,0,0,0%,0,0%
2791,2025-08-25,Mrs S Fryer,3,0,0%,2,66.67%,0,0,0%,0,0%,0,0,0%,0,0%,3,0,0%,2,66.67%,0,0,0%,0,0%
2792,2025-08-25,Johnny C Hurley,48,1,2.08%,18,37.50%,3,0,0%,2,66.67%,14,0,0%,4,28.57%,11,0,0%,5,45.45%,20,1,5.00%,7,35.00%
2793,2025-08-25,Timothy Jarvis,200,16,8.00%,57,28.50%,61,2,3.28%,19,31.15%,138,14,10.14%,38,27.54%,0,0,0%,0,0%,1,0,0%,0,0%
2794,2025-08-25,Miss A M Winters,4,0,0%,0,0%,0,0,0%,0,0%,1,0,0%,0,0%,0,0,0%,0,0%,3,0,0%,0,0%
2795,2025-08-25,George Peckham,309,23,7.44%,98,31.72%,178,15,8.43%,61,34.27%,131,8,6.11%,37,28.24%,0,0,0%,0,0%,0,0,0%,0,0%
2796,2025-08-25,Joan Scott,1,0,0%,0,0%,0,0,0%,0,0%,1,0,0%,0,0%,0,0,0%,0,0%,0,0,0%,0,0%
2797,2025-08-25,Mme P Brandt,21,1,4.76%,11,52.38%,13,1,7.69%,7,53.85%,8,0,0%,4,50.00%,0,0,0%,0,0%,0,0,0%,0,0%
2798,2025-08-25,J Santos,341,37,10.85%,119,34.90%,167,23,13.77%,63,37.72%,139,12,8.63%,45,32.37%,1,0,0%,1,100.00%,34,2,5.88%,10,29.41%
2799,2025-08-25,S Botti,3,0,0%,1,33.33%,0,0,0%,0,0%,3,0,0%,1,33.33%,0,0,0%,0,0%,0,0,0%,0,0%
2800,2025-08-25,Gai Waterhouse,2,0,0%,1,50.00%,0,0,0%,0,0%,2,0,0%,1,50.00%,0,0,0%,0,0%,0,0,0%,0,0%
2801,2025-08-25,M E Hallinan,56,1,1.79%,6,10.71%,0,0,0%,0,0%,8,0,0%,1,12.50%,11,1,9.09%,4,36.36%,37,0,0%,1,2.70%
2802,2025-08-25,Albert Moriarty,118,3,2.54%,18,15.25%,19,1,5.26%,2,10.53%,99,2,2.02%,16,16.16%,0,0,0%,0,0%,0,0,0%,0,0%
2803,2025-08-25,George Kent,22,1,4.55%,5,22.73%,10,0,0%,4,40.00%,12,1,8.33%,1,8.33%,0,0,0%,0,0%,0,0,0%,0,0%
2804,2025-08-25,D O'Herlihy,19,0,0%,1,5.26%,0,0,0%,0,0%,3,0,0%,0,0%,5,0,0%,0,0%,11,0,0%,1,9.09%
2805,2025-08-25,T castanheira,2,0,0%,1,50.00%,0,0,0%,0,0%,2,0,0%,1,50.00%,0,0,0%,0,0%,0,0,0%,0,0%
2807,2025-08-25,J S Hughes,3,0,0%,2,66.67%,0,0,0%,0,0%,0,0,0%,0,0%,0,0,0%,0,0%,3,0,0%,2,66.67%
2808,2025-08-25,Alan Wells,47,0,0%,4,8.51%,3,0,0%,0,0%,20,0,0%,0,0%,6,0,0%,2,33.33%,18,0,0%,2,11.11%
2809,2025-08-25,John Murray,22,0,0%,2,9.09%,10,0,0%,1,10.00%,12,0,0%,1,8.33%,0,0,0%,0,0%,0,0,0%,0,0%
2810,2025-08-25,Henry Tett,172,7,4.07%,56,32.56%,60,3,5.00%,21,35.00%,50,4,8.00%,15,30.00%,27,0,0%,12,44.44%,35,0,0%,8,22.86%
2811,2025-08-25,Miss Harrison,36,0,0%,10,27.78%,0,0,0%,0,0%,14,0,0%,2,14.29%,0,0,0%,0,0%,22,0,0%,8,36.36%
2812,2025-08-25,John T McLoughlin,8,0,0%,2,25.00%,0,0,0%,0,0%,3,0,0%,1,33.33%,0,0,0%,0,0%,5,0,0%,1,20.00%
2813,2025-08-25,Harriet Bethell,364,47,12.91%,128,35.16%,140,16,11.43%,57,40.71%,65,17,26.15%,16,24.62%,73,8,10.96%,29,39.73%,86,6,6.98%,26,30.23%
2814,2025-08-25,C Baillet,1,0,0%,1,100.00%,0,0,0%,0,0%,1,0,0%,1,100.00%,0,0,0%,0,0%,0,0,0%,0,0%
2815,2025-08-25,J De Roualle (s),1,0,0%,1,100.00%,0,0,0%,0,0%,1,0,0%,1,100.00%,0,0,0%,0,0%,0,0,0%,0,0%
2816,2025-08-25,Miss G Ward,1,0,0%,0,0%,0,0,0%,0,0%,1,0,0%,0,0%,0,0,0%,0,0%,0,0,0%,0,0%
2817,2025-08-25,Keith Pollock,23,1,4.35%,8,34.78%,0,0,0%,0,0%,1,0,0%,0,0%,0,0,0%,0,0%,22,1,4.55%,8,36.36%
2818,2025-08-25,Jonathan Fogarty,151,14,9.27%,23,15.23%,2,0,0%,0,0%,32,3,9.38%,7,21.88%,10,2,20.00%,1,10.00%,107,9,8.41%,15,14.02%
2819,2025-08-25,Anthony McCann,1329,73,5.49%,327,24.60%,621,43,6.92%,142,22.87%,345,16,4.64%,75,21.74%,21,0,0%,11,52.38%,342,14,4.09%,99,28.95%
2820,2025-08-25,Tom Lacey,1544,274,17.75%,586,37.95%,21,5,23.81%,11,52.38%,208,30,14.42%,96,46.15%,334,57,17.07%,111,33.23%,981,182,18.55%,368,37.51%
2821,2025-08-25,Jessica Long,7,0,0%,2,28.57%,0,0,0%,0,0%,7,0,0%,2,28.57%,0,0,0%,0,0%,0,0,0%,0,0%
2822,2025-08-25,S Smrczek,1,0,0%,0,0%,0,0,0%,0,0%,1,0,0%,0,0%,0,0,0%,0,0%,0,0,0%,0,0%
2823,2025-08-25,Ms S Hughes,505,38,7.52%,174,34.46%,2,0,0%,0,0%,56,2,3.57%,20,35.71%,193,17,8.81%,68,35.23%,254,19,7.48%,86,33.86%
2824,2025-08-25,P Bary,2,0,0%,1,50.00%,1,0,0%,1,100.00%,1,0,0%,0,0%,0,0,0%,0,0%,0,0,0%,0,0%
2825,2025-08-25,Pippa Bickerton,4,0,0%,1,25.00%,0,0,0%,0,0%,1,0,0%,1,100.00%,0,0,0%,0,0%,3,0,0%,0,0%
2826,2025-08-25,Georgios Pakidis,101,13,12.87%,23,22.77%,67,9,13.43%,18,26.87%,24,3,12.50%,4,16.67%,7,1,14.29%,1,14.29%,3,0,0%,0,0%
2827,2025-08-25,Turlough O'Connor,117,2,1.71%,10,8.55%,0,0,0%,0,0%,24,0,0%,2,8.33%,25,2,8.00%,2,8.00%,68,0,0%,6,8.82%
2828,2025-08-25,Christopher Phillips,18,0,0%,3,16.67%,3,0,0%,0,0%,15,0,0%,3,20.00%,0,0,0%,0,0%,0,0,0%,0,0%
2829,2025-08-25,Mark Wall,59,2,3.39%,12,20.34%,0,0,0%,0,0%,12,0,0%,2,16.67%,20,2,10.00%,6,30.00%,27,0,0%,4,14.81%
2830,2025-08-25,Heather Dalton,225,13,5.78%,87,38.67%,123,7,5.69%,51,41.46%,57,5,8.77%,18,31.58%,17,0,0%,8,47.06%,28,1,3.57%,10,35.71%
2831,2025-08-25,Gavin Dower,31,1,3.23%,14,45.16%,0,0,0%,0,0%,6,0,0%,2,33.33%,0,0,0%,0,0%,25,1,4.00%,12,48.00%
2832,2025-08-25,T O M Greenwood,11,0,0%,4,36.36%,0,0,0%,0,0%,1,0,0%,0,0%,10,0,0%,4,40.00%,0,0,0%,0,0%
2833,2025-08-25,Mrs Murray Scott,1,0,0%,0,0%,0,0,0%,0,0%,0,0,0%,0,0%,1,0,0%,0,0%,0,0,0%,0,0%
2834,2025-08-25,Mrs V Park,2,0,0%,1,50.00%,0,0,0%,0,0%,0,0,0%,0,0%,2,0,0%,1,50.00%,0,0,0%,0,0%
2835,2025-08-25,Ms Ms Richert,24,2,8.33%,7,29.17%,7,0,0%,5,71.43%,14,1,7.14%,2,14.29%,3,1,33.33%,0,0%,0,0,0%,0,0%
2836,2025-08-25,Henry Spiller,1142,95,8.32%,350,30.65%,761,74,9.72%,232,30.49%,364,20,5.49%,109,29.95%,0,0,0%,0,0%,17,1,5.88%,9,52.94%
2837,2025-08-25,R W Smerdon,1,0,0%,0,0%,0,0,0%,0,0%,1,0,0%,0,0%,0,0,0%,0,0%,0,0,0%,0,0%
2838,2025-08-25,Byron Cozamanis,0,0,0%,0,0%,0,0,0%,0,0%,0,0,0%,0,0%,0,0,0%,0,0%,0,0,0%,0,0%
2839,2025-08-25,S V Brown,0,0,0%,0,0%,0,0,0%,0,0%,0,0,0%,0,0%,0,0,0%,0,0%,0,0,0%,0,0%
2840,2025-08-25,Lee & Anthony Freedman,0,0,0%,0,0%,0,0,0%,0,0%,0,0,0%,0,0%,0,0,0%,0,0%,0,0,0%,0,0%
2841,2025-08-25,Charlie Wallis,1433,96,6.70%,497,34.68%,1134,86,7.58%,408,35.98%,295,10,3.39%,89,30.17%,0,0,0%,0,0%,4,0,0%,0,0%
2842,2025-08-25,Stuart Edmunds,1167,159,13.62%,492,42.16%,53,6,11.32%,17,32.08%,142,12,8.45%,65,45.77%,204,26,12.75%,84,41.18%,768,115,14.97%,326,42.45%
2843,2025-08-25,Chris Honour,197,24,12.18%,58,29.44%,6,0,0%,2,33.33%,22,3,13.64%,9,40.91%,92,15,16.30%,30,32.61%,77,6,7.79%,17,22.08%
2844,2025-08-25,Miss S McQueen,12,1,8.33%,5,41.67%,0,0,0%,0,0%,0,0,0%,0,0%,12,1,8.33%,5,41.67%,0,0,0%,0,0%
2845,2025-08-25,N J Tinkler,4,1,25.00%,0,0%,0,0,0%,0,0%,1,0,0%,0,0%,3,1,33.33%,0,0%,0,0,0%,0,0%
2846,2025-08-25,Rebecca Bastiman,1375,103,7.49%,482,35.05%,317,19,5.99%,96,30.28%,1050,84,8.00%,381,36.29%,0,0,0%,0,0%,8,0,0%,5,62.50%
2847,2025-08-25,S J Kenny,48,2,4.17%,8,16.67%,0,0,0%,0,0%,7,0,0%,0,0%,8,1,12.50%,2,25.00%,33,1,3.03%,6,18.18%
2848,2025-08-25,Mark Thompson,2,0,0%,0,0%,0,0,0%,0,0%,0,0,0%,0,0%,2,0,0%,0,0%,0,0,0%,0,0%
2849,2025-08-25,Mrs L J Jefford,11,3,27.27%,4,36.36%,0,0,0%,0,0%,0,0,0%,0,0%,11,3,27.27%,4,36.36%,0,0,0%,0,0%
2850,2025-08-25,Sarah Hollinshead,932,41,4.40%,259,27.79%,528,21,3.98%,162,30.68%,236,13,5.51%,54,22.88%,7,0,0%,1,14.29%,161,7,4.35%,42,26.09%
2851,2025-08-25,Mrs Lacey,2,0,0%,0,0%,0,0,0%,0,0%,0,0,0%,0,0%,2,0,0%,0,0%,0,0,0%,0,0%
2852,2025-08-25,C M Clarke,4,0,0%,0,0%,0,0,0%,0,0%,0,0,0%,0,0%,4,0,0%,0,0%,0,0,0%,0,0%
2853,2025-08-25,Alistair Phillips-hill,4,0,0%,0,0%,0,0,0%,0,0%,0,0,0%,0,0%,4,0,0%,0,0%,0,0,0%,0,0%
2854,2025-08-25,Graham Mays,25,1,4.00%,4,16.00%,14,1,7.14%,3,21.43%,8,0,0%,1,12.50%,0,0,0%,0,0%,3,0,0%,0,0%
2855,2025-08-25,Kevin Parker,4,1,25.00%,1,25.00%,0,0,0%,0,0%,0,0,0%,0,0%,4,1,25.00%,1,25.00%,0,0,0%,0,0%
2856,2025-08-25,Kenneth Slack,297,62,20.88%,108,36.36%,24,3,12.50%,7,29.17%,68,13,19.12%,19,27.94%,43,13,30.23%,16,37.21%,162,33,20.37%,66,40.74%
2857,2025-08-25,M J Quaid,1,0,0%,0,0%,0,0,0%,0,0%,0,0,0%,0,0%,0,0,0%,0,0%,1,0,0%,0,0%
2858,2025-08-25,M N Dawson,5,3,60.00%,1,20.00%,0,0,0%,0,0%,0,0,0%,0,0%,5,3,60.00%,1,20.00%,0,0,0%,0,0%
2859,2025-08-25,T Stayt,1,0,0%,1,100.00%,0,0,0%,0,0%,0,0,0%,0,0%,1,0,0%,1,100.00%,0,0,0%,0,0%
2860,2025-08-25,B Eckley,8,0,0%,1,12.50%,0,0,0%,0,0%,0,0,0%,0,0%,8,0,0%,1,12.50%,0,0,0%,0,0%
2861,2025-08-25,Steven Croft,2,0,0%,0,0%,0,0,0%,0,0%,0,0,0%,0,0%,2,0,0%,0,0%,0,0,0%,0,0%
2862,2025-08-25,Miss R A Green,1,1,100.00%,0,0%,0,0,0%,0,0%,0,0,0%,0,0%,1,1,100.00%,0,0%,0,0,0%,0,0%
2863,2025-08-25,J M Ridley,26,2,7.69%,10,38.46%,0,0,0%,0,0%,3,0,0%,2,66.67%,23,2,8.70%,8,34.78%,0,0,0%,0,0%
2864,2025-08-25,D M G Fitch-peyton,16,1,6.25%,9,56.25%,0,0,0%,0,0%,1,0,0%,1,100.00%,15,1,6.67%,8,53.33%,0,0,0%,0,0%
2865,2025-08-25,Glyn Slade-Jones,2,0,0%,2,100.00%,0,0,0%,0,0%,0,0,0%,0,0%,2,0,0%,2,100.00%,0,0,0%,0,0%
2866,2025-08-25,Kirsty Adcock,3,0,0%,3,100.00%,0,0,0%,0,0%,0,0,0%,0,0%,3,0,0%,3,100.00%,0,0,0%,0,0%
2867,2025-08-25,Hannah Taylor,18,0,0%,3,16.67%,0,0,0%,0,0%,0,0,0%,0,0%,18,0,0%,3,16.67%,0,0,0%,0,0%
2868,2025-08-25,Mme I Pacault,1,0,0%,0,0%,0,0,0%,0,0%,0,0,0%,0,0%,1,0,0%,0,0%,0,0,0%,0,0%
2869,2025-08-25,Miss J Hunter,2,0,0%,1,50.00%,0,0,0%,0,0%,0,0,0%,0,0%,2,0,0%,1,50.00%,0,0,0%,0,0%
2870,2025-08-25,Michael G Kennedy,313,17,5.43%,92,29.39%,19,2,10.53%,3,15.79%,80,3,3.75%,30,37.50%,48,5,10.42%,12,25.00%,166,7,4.22%,47,28.31%
2871,2025-08-25,Con O'Keeffe,198,16,8.08%,74,37.37%,3,0,0%,1,33.33%,64,3,4.69%,26,40.63%,20,3,15.00%,5,25.00%,111,10,9.01%,42,37.84%
2872,2025-08-25,R Walton,1,0,0%,0,0%,0,0,0%,0,0%,0,0,0%,0,0%,1,0,0%,0,0%,0,0,0%,0,0%
2873,2025-08-25,Joseph Dullea,34,4,11.76%,10,29.41%,0,0,0%,0,0%,1,0,0%,1,100.00%,12,0,0%,5,41.67%,21,4,19.05%,4,19.05%
2874,2025-08-25,Richard Patrick,1,0,0%,0,0%,0,0,0%,0,0%,0,0,0%,0,0%,1,0,0%,0,0%,0,0,0%,0,0%
2875,2025-08-25,Joseph Murray,391,26,6.65%,104,26.60%,116,10,8.62%,36,31.03%,237,15,6.33%,55,23.21%,1,0,0%,1,100.00%,37,1,2.70%,12,32.43%
2876,2025-08-25,Mrs L Glanville,10,0,0%,1,10.00%,0,0,0%,0,0%,0,0,0%,0,0%,10,0,0%,1,10.00%,0,0,0%,0,0%
2877,2025-08-25,Mrs Gray,1,0,0%,0,0%,0,0,0%,0,0%,0,0,0%,0,0%,1,0,0%,0,0%,0,0,0%,0,0%
2878,2025-08-25,C Henn,4,1,25.00%,3,75.00%,0,0,0%,0,0%,0,0,0%,0,0%,4,1,25.00%,3,75.00%,0,0,0%,0,0%
2879,2025-08-25,David Turner,5,0,0%,3,60.00%,0,0,0%,0,0%,0,0,0%,0,0%,5,0,0%,3,60.00%,0,0,0%,0,0%
2880,2025-08-25,G Slade-Jones,31,4,12.90%,7,22.58%,0,0,0%,0,0%,1,0,0%,0,0%,30,4,13.33%,7,23.33%,0,0,0%,0,0%
2881,2025-08-25,David Harry Kelly,953,36,3.78%,259,27.18%,26,0,0%,1,3.85%,188,9,4.79%,51,27.13%,166,6,3.61%,54,32.53%,572,21,3.67%,152,26.57%
2882,2025-08-25,Andrew Nicholls,19,1,5.26%,5,26.32%,0,0,0%,0,0%,1,0,0%,0,0%,18,1,5.56%,5,27.78%,0,0,0%,0,0%
2884,2025-08-25,A M Gibbons,1,0,0%,0,0%,0,0,0%,0,0%,0,0,0%,0,0%,1,0,0%,0,0%,0,0,0%,0,0%
2885,2025-08-25,John Ibbott,1,0,0%,1,100.00%,0,0,0%,0,0%,0,0,0%,0,0%,1,0,0%,1,100.00%,0,0,0%,0,0%
2886,2025-08-25,Joanne Thomason-murphy,138,3,2.17%,11,7.97%,6,0,0%,0,0%,9,0,0%,1,11.11%,18,1,5.56%,1,5.56%,105,2,1.90%,9,8.57%
2887,2025-08-25,M H Easterby,2,0,0%,0,0%,0,0,0%,0,0%,2,0,0%,0,0%,0,0,0%,0,0%,0,0,0%,0,0%
2888,2025-08-25,Miss J Mckie,3,1,33.33%,1,33.33%,0,0,0%,0,0%,0,0,0%,0,0%,3,1,33.33%,1,33.33%,0,0,0%,0,0%
2889,2025-08-25,Mrs Lesley Bewley,2,0,0%,1,50.00%,0,0,0%,0,0%,0,0,0%,0,0%,2,0,0%,1,50.00%,0,0,0%,0,0%
2890,2025-08-25,Aengus King,424,27,6.37%,74,17.45%,22,1,4.55%,1,4.55%,73,2,2.74%,12,16.44%,156,13,8.33%,41,26.28%,173,11,6.36%,20,11.56%
2891,2025-08-25,S Crisford,380,67,17.63%,160,42.11%,152,32,21.05%,63,41.45%,228,35,15.35%,97,42.54%,0,0,0%,0,0%,0,0,0%,0,0%
2892,2025-08-25,D Peters,34,3,8.82%,18,52.94%,0,0,0%,0,0%,3,0,0%,2,66.67%,31,3,9.68%,16,51.61%,0,0,0%,0,0%
2893,2025-08-25,Philip M Byrne,380,11,2.89%,58,15.26%,50,2,4.00%,8,16.00%,139,6,4.32%,15,10.79%,30,0,0%,13,43.33%,161,3,1.86%,22,13.66%
2894,2025-08-25,W J Bryson,90,1,1.11%,16,17.78%,0,0,0%,0,0%,38,1,2.63%,6,15.79%,6,0,0%,2,33.33%,46,0,0%,8,17.39%
2895,2025-08-25,Ms Costigan,10,0,0%,3,30.00%,0,0,0%,0,0%,10,0,0%,3,30.00%,0,0,0%,0,0%,0,0,0%,0,0%
2896,2025-08-25,R C Pudd,7,2,28.57%,4,57.14%,0,0,0%,0,0%,1,0,0%,1,100.00%,6,2,33.33%,3,50.00%,0,0,0%,0,0%
2897,2025-08-25,Mrs Frances Bishop,2,0,0%,2,100.00%,0,0,0%,0,0%,0,0,0%,0,0%,2,0,0%,2,100.00%,0,0,0%,0,0%
2898,2025-08-25,Nicky Williams,5,0,0%,3,60.00%,0,0,0%,0,0%,1,0,0%,0,0%,4,0,0%,3,75.00%,0,0,0%,0,0%
2899,2025-08-25,Kenny Johnson,665,21,3.16%,173,26.02%,83,0,0%,5,6.02%,97,1,1.03%,12,12.37%,243,13,5.35%,95,39.09%,242,7,2.89%,61,25.21%
2900,2025-08-25,Mrs L Redman,6,0,0%,3,50.00%,0,0,0%,0,0%,1,0,0%,0,0%,5,0,0%,3,60.00%,0,0,0%,0,0%
2901,2025-08-25,Miss Harriet Besent,2,1,50.00%,0,0%,0,0,0%,0,0%,0,0,0%,0,0%,2,1,50.00%,0,0%,0,0,0%,0,0%
2902,2025-08-25,Mrs R Fuller,4,0,0%,1,25.00%,0,0,0%,0,0%,0,0,0%,0,0%,4,0,0%,1,25.00%,0,0,0%,0,0%
2903,2025-08-25,R J Jackson,1,0,0%,0,0%,0,0,0%,0,0%,0,0,0%,0,0%,1,0,0%,0,0%,0,0,0%,0,0%
2904,2025-08-25,Mrs J M Mann,4,0,0%,2,50.00%,0,0,0%,0,0%,0,0,0%,0,0%,4,0,0%,2,50.00%,0,0,0%,0,0%
2905,2025-08-25,R Cummings,1,0,0%,0,0%,0,0,0%,0,0%,0,0,0%,0,0%,1,0,0%,0,0%,0,0,0%,0,0%
2906,2025-08-25,Miss K Frisby,2,0,0%,1,50.00%,0,0,0%,0,0%,0,0,0%,0,0%,2,0,0%,1,50.00%,0,0,0%,0,0%
2907,2025-08-25,Amber Griffiths,4,0,0%,1,25.00%,0,0,0%,0,0%,0,0,0%,0,0%,4,0,0%,1,25.00%,0,0,0%,0,0%
2908,2025-08-25,Mrs R Hurley,2,0,0%,0,0%,0,0,0%,0,0%,0,0,0%,0,0%,2,0,0%,0,0%,0,0,0%,0,0%
2909,2025-08-25,Mrs Mrs C Walton,4,0,0%,1,25.00%,0,0,0%,0,0%,0,0,0%,0,0%,4,0,0%,1,25.00%,0,0,0%,0,0%
2910,2025-08-25,Ms Ms S Burns,1,0,0%,0,0%,0,0,0%,0,0%,0,0,0%,0,0%,1,0,0%,0,0%,0,0,0%,0,0%
2911,2025-08-25,Miss G T Lee,1,0,0%,0,0%,0,0,0%,0,0%,0,0,0%,0,0%,1,0,0%,0,0%,0,0,0%,0,0%
2912,2025-08-25,Mrs G Smith,2,0,0%,1,50.00%,0,0,0%,0,0%,0,0,0%,0,0%,2,0,0%,1,50.00%,0,0,0%,0,0%
2913,2025-08-25,Ms Hughes,2,0,0%,1,50.00%,0,0,0%,0,0%,0,0,0%,0,0%,1,0,0%,0,0%,1,0,0%,1,100.00%
2914,2025-08-25,I Chanin,7,1,14.29%,2,28.57%,0,0,0%,0,0%,2,0,0%,1,50.00%,5,1,20.00%,1,20.00%,0,0,0%,0,0%
2915,2025-08-25,Sarah Tickle,4,0,0%,1,25.00%,0,0,0%,0,0%,0,0,0%,0,0%,4,0,0%,1,25.00%,0,0,0%,0,0%
2916,2025-08-25,Stewart Reddaway,1,0,0%,0,0%,0,0,0%,0,0%,0,0,0%,0,0%,1,0,0%,0,0%,0,0,0%,0,0%
2917,2025-08-25,Paul O J Hosgood,1,0,0%,0,0%,0,0,0%,0,0%,0,0,0%,0,0%,1,0,0%,0,0%,0,0,0%,0,0%
2918,2025-08-25,C H G Davies,1,0,0%,0,0%,0,0,0%,0,0%,0,0,0%,0,0%,1,0,0%,0,0%,0,0,0%,0,0%
2919,2025-08-25,T H Weston,347,37,10.66%,74,21.33%,1,0,0%,1,100.00%,83,5,6.02%,13,15.66%,102,20,19.61%,35,34.31%,161,12,7.45%,25,15.53%
2920,2025-08-25,D Russell,1,0,0%,0,0%,0,0,0%,0,0%,0,0,0%,0,0%,1,0,0%,0,0%,0,0,0%,0,0%
2921,2025-08-25,Miss B Childs,11,0,0%,3,27.27%,0,0,0%,0,0%,0,0,0%,0,0%,11,0,0%,3,27.27%,0,0,0%,0,0%
2922,2025-08-25,R Gurney,2,0,0%,0,0%,0,0,0%,0,0%,0,0,0%,0,0%,2,0,0%,0,0%,0,0,0%,0,0%
2923,2025-08-25,E J Farrant,1,0,0%,0,0%,0,0,0%,0,0%,0,0,0%,0,0%,1,0,0%,0,0%,0,0,0%,0,0%
2924,2025-08-25,W Russell,2,0,0%,1,50.00%,0,0,0%,0,0%,0,0,0%,0,0%,2,0,0%,1,50.00%,0,0,0%,0,0%
2925,2025-08-25,Roderick Chelton,5,0,0%,3,60.00%,0,0,0%,0,0%,0,0,0%,0,0%,5,0,0%,3,60.00%,0,0,0%,0,0%
2926,2025-08-25,Steve Spice,2,0,0%,0,0%,0,0,0%,0,0%,0,0,0%,0,0%,2,0,0%,0,0%,0,0,0%,0,0%
2927,2025-08-25,T D B Underwood,7,0,0%,2,28.57%,0,0,0%,0,0%,0,0,0%,0,0%,7,0,0%,2,28.57%,0,0,0%,0,0%
2928,2025-08-25,S Allwood,385,21,5.45%,89,23.12%,0,0,0%,0,0%,14,0,0%,1,7.14%,153,13,8.50%,50,32.68%,218,8,3.67%,38,17.43%
2929,2025-08-25,J Al Ghazali,12,1,8.33%,4,33.33%,0,0,0%,0,0%,12,1,8.33%,4,33.33%,0,0,0%,0,0%,0,0,0%,0,0%
2930,2025-08-25,Z Mohsen,3,0,0%,0,0%,1,0,0%,0,0%,2,0,0%,0,0%,0,0,0%,0,0%,0,0,0%,0,0%
2931,2025-08-25,Ahmed Kobesi,2,0,0%,0,0%,0,0,0%,0,0%,2,0,0%,0,0%,0,0,0%,0,0%,0,0,0%,0,0%
2932,2025-08-25,M Hussain,1,0,0%,0,0%,0,0,0%,0,0%,1,0,0%,0,0%,0,0,0%,0,0%,0,0,0%,0,0%
2933,2025-08-25,G E Mikhalides,1,0,0%,0,0%,0,0,0%,0,0%,1,0,0%,0,0%,0,0,0%,0,0%,0,0,0%,0,0%
2934,2025-08-25,Francesco Santella,1,0,0%,1,100.00%,0,0,0%,0,0%,1,0,0%,1,100.00%,0,0,0%,0,0%,0,0,0%,0,0%
2935,2025-08-25,Mrs C Banks,4,0,0%,2,50.00%,0,0,0%,0,0%,0,0,0%,0,0%,4,0,0%,2,50.00%,0,0,0%,0,0%
2936,2025-08-25,Sarah Weaver,1,0,0%,0,0%,0,0,0%,0,0%,0,0,0%,0,0%,1,0,0%,0,0%,0,0,0%,0,0%
2937,2025-08-25,Ivan Furtado,2431,236,9.71%,779,32.04%,1603,167,10.42%,514,32.06%,828,69,8.33%,265,32.00%,0,0,0%,0,0%,0,0,0%,0,0%
2938,2025-08-25,Guy Brewer,18,5,27.78%,8,44.44%,0,0,0%,0,0%,0,0,0%,0,0%,18,5,27.78%,8,44.44%,0,0,0%,0,0%
2939,2025-08-25,Miss Miss A Waugh,10,0,0%,5,50.00%,0,0,0%,0,0%,0,0,0%,0,0%,10,0,0%,5,50.00%,0,0,0%,0,0%
2940,2025-08-25,Mrs E J Clark,1,0,0%,0,0%,0,0,0%,0,0%,0,0,0%,0,0%,1,0,0%,0,0%,0,0,0%,0,0%
2941,2025-08-25,P J Costello,23,0,0%,6,26.09%,4,0,0%,1,25.00%,2,0,0%,0,0%,0,0,0%,0,0%,17,0,0%,5,29.41%
2942,2025-08-25,J Barry,2,0,0%,1,50.00%,0,0,0%,0,0%,1,0,0%,1,100.00%,0,0,0%,0,0%,1,0,0%,0,0%
2943,2025-08-25,T Messenger,3,0,0%,0,0%,0,0,0%,0,0%,0,0,0%,0,0%,3,0,0%,0,0%,0,0,0%,0,0%
2944,2025-08-25,Sean Murray,2,0,0%,2,100.00%,0,0,0%,0,0%,0,0,0%,0,0%,2,0,0%,2,100.00%,0,0,0%,0,0%
2945,2025-08-25,Mrs F J Marriott,6,2,33.33%,3,50.00%,0,0,0%,0,0%,0,0,0%,0,0%,6,2,33.33%,3,50.00%,0,0,0%,0,0%
2946,2025-08-25,Charlotte Rowe,5,0,0%,2,40.00%,0,0,0%,0,0%,0,0,0%,0,0%,5,0,0%,2,40.00%,0,0,0%,0,0%
2947,2025-08-25,Mr R D L Glanville,1,0,0%,0,0%,0,0,0%,0,0%,0,0,0%,0,0%,1,0,0%,0,0%,0,0,0%,0,0%
2948,2025-08-25,Ronald Thompson,480,16,3.33%,118,24.58%,230,8,3.48%,65,28.26%,228,8,3.51%,46,20.18%,0,0,0%,0,0%,22,0,0%,7,31.82%
2950,2025-08-25,Antony Brittain,2383,182,7.64%,885,37.14%,1774,157,8.85%,684,38.56%,606,25,4.13%,201,33.17%,1,0,0%,0,0%,2,0,0%,0,0%
2951,2025-08-25,Miss Lupini,457,45,9.85%,136,29.76%,145,15,10.34%,44,30.34%,312,30,9.62%,92,29.49%,0,0,0%,0,0%,0,0,0%,0,0%
2952,2025-08-25,Kazuo Fujisawa,2,0,0%,0,0%,0,0,0%,0,0%,2,0,0%,0,0%,0,0,0%,0,0%,0,0,0%,0,0%
2953,2025-08-25,A De Watrigant,1,0,0%,0,0%,0,0,0%,0,0%,1,0,0%,0,0%,0,0,0%,0,0%,0,0,0%,0,0%
2954,2025-08-25,Ms C Erichsen,5,2,40.00%,0,0%,0,0,0%,0,0%,5,2,40.00%,0,0%,0,0,0%,0,0%,0,0,0%,0,0%
2955,2025-08-25,G Bietolini,3,0,0%,1,33.33%,0,0,0%,0,0%,3,0,0%,1,33.33%,0,0,0%,0,0%,0,0,0%,0,0%
2956,2025-08-25,J Perruchot,1,0,0%,1,100.00%,0,0,0%,0,0%,1,0,0%,1,100.00%,0,0,0%,0,0%,0,0,0%,0,0%
2957,2025-08-25,Mlle V Dissaux,1,0,0%,0,0%,0,0,0%,0,0%,1,0,0%,0,0%,0,0,0%,0,0%,0,0,0%,0,0%
2958,2025-08-25,George Weaver,5,1,20.00%,1,20.00%,0,0,0%,0,0%,5,1,20.00%,1,20.00%,0,0,0%,0,0%,0,0,0%,0,0%
2959,2025-08-25,Chris Waller,5,1,20.00%,2,40.00%,0,0,0%,0,0%,4,1,25.00%,1,25.00%,0,0,0%,0,0%,0,0,0%,0,0%
2960,2025-08-25,D Prod'homme,1,0,0%,1,100.00%,0,0,0%,0,0%,1,0,0%,1,100.00%,0,0,0%,0,0%,0,0,0%,0,0%
2961,2025-08-25,Thomas Coyle,379,13,3.43%,63,16.62%,53,2,3.77%,10,18.87%,151,6,3.97%,23,15.23%,52,3,5.77%,14,26.92%,123,2,1.63%,16,13.01%
2962,2025-08-25,Emmet Mullins,827,133,16.08%,260,31.44%,57,2,3.51%,14,24.56%,342,56,16.37%,123,35.96%,125,24,19.20%,39,31.20%,303,51,16.83%,84,27.72%
2963,2025-08-25,Paul Power,263,20,7.60%,70,26.62%,5,0,0%,1,20.00%,33,1,3.03%,5,15.15%,59,7,11.86%,15,25.42%,166,12,7.23%,49,29.52%
2964,2025-08-25,Miss Jones,12,0,0%,4,33.33%,0,0,0%,0,0%,12,0,0%,4,33.33%,0,0,0%,0,0%,0,0,0%,0,0%
2965,2025-08-25,Edmond Linehan,19,2,10.53%,3,15.79%,1,0,0%,0,0%,14,2,14.29%,3,21.43%,1,0,0%,0,0%,3,0,0%,0,0%
2966,2025-08-25,Miss Kerry Lee,963,154,15.99%,360,37.38%,7,0,0%,1,14.29%,32,3,9.38%,17,53.13%,547,97,17.73%,197,36.01%,377,54,14.32%,145,38.46%
2968,2025-08-25,C Laffon-Parias,7,0,0%,4,57.14%,0,0,0%,0,0%,7,0,0%,4,57.14%,0,0,0%,0,0%,0,0,0%,0,0%
2969,2025-08-25,Miss J M Lee,150,2,1.33%,13,8.67%,5,0,0%,0,0%,47,0,0%,5,10.64%,4,0,0%,0,0%,94,2,2.13%,8,8.51%
2970,2025-08-25,Clare Ellam,285,9,3.16%,49,17.19%,91,1,1.10%,14,15.38%,49,0,0%,7,14.29%,62,5,8.06%,11,17.74%,83,3,3.61%,17,20.48%
2971,2025-08-25,Dermot P O'Brien,94,9,9.57%,35,37.23%,0,0,0%,0,0%,32,2,6.25%,17,53.13%,1,0,0%,0,0%,61,7,11.48%,18,29.51%
2973,2025-08-25,Ahmed Kobeissi,1,0,0%,0,0%,0,0,0%,0,0%,1,0,0%,0,0%,0,0,0%,0,0%,0,0,0%,0,0%
2974,2025-08-25,S & E Crisford,2796,550,19.67%,1119,40.02%,1251,262,20.94%,519,41.49%,1541,288,18.69%,598,38.81%,4,0,0%,2,50.00%,0,0,0%,0,0%
2975,2025-08-25,Olly Williams,548,22,4.01%,116,21.17%,235,11,4.68%,57,24.26%,223,10,4.48%,45,20.18%,19,1,5.26%,6,31.58%,71,0,0%,8,11.27%
2977,2025-08-25,P J Moloney,2,0,0%,0,0%,0,0,0%,0,0%,2,0,0%,0,0%,0,0,0%,0,0%,0,0,0%,0,0%
2978,2025-08-25,Michael Vaughan,7,0,0%,1,14.29%,0,0,0%,0,0%,0,0,0%,0,0%,0,0,0%,0,0%,7,0,0%,1,14.29%
2979,2025-08-25,Richard Hughes,3324,425,12.79%,1388,41.76%,1693,252,14.88%,758,44.77%,1601,173,10.81%,614,38.35%,3,0,0%,0,0%,27,0,0%,16,59.26%
2980,2025-08-25,James Grassick,99,1,1.01%,10,10.10%,35,0,0%,6,17.14%,43,1,2.33%,4,9.30%,0,0,0%,0,0%,21,0,0%,0,0%
2981,2025-08-25,S Gray,3,0,0%,0,0%,0,0,0%,0,0%,3,0,0%,0,0%,0,0,0%,0,0%,0,0,0%,0,0%
2982,2025-08-25,Katy Price,776,54,6.96%,245,31.57%,31,0,0%,8,25.81%,49,1,2.04%,13,26.53%,280,31,11.07%,96,34.29%,416,22,5.29%,128,30.77%
2983,2025-08-25,M G Quinn,115,5,4.35%,17,14.78%,46,2,4.35%,8,17.39%,63,3,4.76%,9,14.29%,0,0,0%,0,0%,6,0,0%,0,0%
2984,2025-08-25,Edmond Daniel Linehan,130,3,2.31%,38,29.23%,19,0,0%,5,26.32%,52,2,3.85%,12,23.08%,14,0,0%,5,35.71%,45,1,2.22%,16,35.56%
2985,2025-08-25,D R Loder,64,5,7.81%,23,35.94%,0,0,0%,0,0%,24,2,8.33%,5,20.83%,7,1,14.29%,0,0%,33,2,6.06%,18,54.55%
2986,2025-08-25,R Storp,1,1,100.00%,0,0%,1,1,100.00%,0,0%,0,0,0%,0,0%,0,0,0%,0,0%,0,0,0%,0,0%
2987,2025-08-25,Anthony Curran,30,1,3.33%,14,46.67%,0,0,0%,0,0%,4,0,0%,1,25.00%,19,1,5.26%,9,47.37%,7,0,0%,4,57.14%
2988,2025-08-25,Sally Randell,88,6,6.82%,27,30.68%,7,0,0%,1,14.29%,3,1,33.33%,2,66.67%,24,1,4.17%,10,41.67%,54,4,7.41%,14,25.93%
2989,2025-08-25,George Scott,1933,258,13.35%,652,33.73%,774,94,12.14%,295,38.11%,1154,164,14.21%,354,30.68%,0,0,0%,0,0%,5,0,0%,3,60.00%
2990,2025-08-25,N J Tector,4,0,0%,0,0%,0,0,0%,0,0%,2,0,0%,0,0%,0,0,0%,0,0%,2,0,0%,0,0%
2991,2025-08-25,Sam Thomas,640,93,14.53%,253,39.53%,15,2,13.33%,6,40.00%,111,12,10.81%,47,42.34%,198,35,17.68%,88,44.44%,316,44,13.92%,112,35.44%
2992,2025-08-25,Barry J Murphy,164,1,0.61%,44,26.83%,19,0,0%,1,5.26%,67,0,0%,15,22.39%,33,1,3.03%,19,57.58%,45,0,0%,9,20.00%
2993,2025-08-25,Emma Owen,301,15,4.98%,87,28.90%,255,14,5.49%,75,29.41%,40,1,2.50%,12,30.00%,0,0,0%,0,0%,6,0,0%,0,0%
2994,2025-08-25,Eoin Barry,78,1,1.28%,7,8.97%,8,0,0%,0,0%,12,0,0%,1,8.33%,2,0,0%,0,0%,56,1,1.79%,6,10.71%
2995,2025-08-25,Robyn Brisland,1745,146,8.37%,582,33.35%,1172,98,8.36%,384,32.76%,571,48,8.41%,197,34.50%,0,0,0%,0,0%,2,0,0%,1,50.00%
2996,2025-08-25,Carol Ross,1,0,0%,0,0%,1,0,0%,0,0%,0,0,0%,0,0%,0,0,0%,0,0%,0,0,0%,0,0%
2997,2025-08-25,Dafydd Jones,4,0,0%,1,25.00%,0,0,0%,0,0%,0,0,0%,0,0%,4,0,0%,1,25.00%,0,0,0%,0,0%
2998,2025-08-25,Sam Drake,149,23,15.44%,56,37.58%,7,3,42.86%,3,42.86%,7,0,0%,1,14.29%,41,8,19.51%,18,43.90%,94,12,12.77%,34,36.17%
2999,2025-08-25,Chris Williams,1,0,0%,0,0%,0,0,0%,0,0%,0,0,0%,0,0%,1,0,0%,0,0%,0,0,0%,0,0%
3000,2025-08-25,Dean Coleman,4,0,0%,2,50.00%,0,0,0%,0,0%,0,0,0%,0,0%,4,0,0%,2,50.00%,0,0,0%,0,0%
3001,2025-08-25,J H Henderson,14,1,7.14%,6,42.86%,0,0,0%,0,0%,0,0,0%,0,0%,14,1,7.14%,6,42.86%,0,0,0%,0,0%
3002,2025-08-25,Miss C L Mews,5,0,0%,3,60.00%,0,0,0%,0,0%,0,0,0%,0,0%,5,0,0%,3,60.00%,0,0,0%,0,0%
3003,2025-08-25,David Loughnane,2630,265,10.08%,914,34.75%,1266,143,11.30%,453,35.78%,1289,120,9.31%,439,34.06%,9,1,11.11%,2,22.22%,66,1,1.52%,20,30.30%
3004,2025-08-25,Anthony Hogarth,14,0,0%,5,35.71%,0,0,0%,0,0%,0,0,0%,0,0%,14,0,0%,5,35.71%,0,0,0%,0,0%
3005,2025-08-25,Miss L Wallace,8,0,0%,4,50.00%,0,0,0%,0,0%,0,0,0%,0,0%,8,0,0%,4,50.00%,0,0,0%,0,0%
3006,2025-08-25,Andrew McNamara,866,56,6.47%,213,24.60%,119,11,9.24%,23,19.33%,253,12,4.74%,41,16.21%,137,9,6.57%,45,32.85%,357,24,6.72%,104,29.13%
3007,2025-08-25,D J Ralph,22,1,4.55%,10,45.45%,0,0,0%,0,0%,1,1,100.00%,0,0%,21,0,0%,10,47.62%,0,0,0%,0,0%
3008,2025-08-25,Clive Price,5,1,20.00%,0,0%,0,0,0%,0,0%,1,1,100.00%,0,0%,4,0,0%,0,0%,0,0,0%,0,0%
3009,2025-08-25,Miss K A Williams,1,0,0%,0,0%,0,0,0%,0,0%,0,0,0%,0,0%,1,0,0%,0,0%,0,0,0%,0,0%
3010,2025-08-25,Miss V J Nicholls,4,1,25.00%,1,25.00%,0,0,0%,0,0%,0,0,0%,0,0%,4,1,25.00%,1,25.00%,0,0,0%,0,0%
3011,2025-08-25,Mrs Harriet Waight,8,2,25.00%,3,37.50%,0,0,0%,0,0%,0,0,0%,0,0%,8,2,25.00%,3,37.50%,0,0,0%,0,0%
3012,2025-08-25,C Gourdain,1,1,100.00%,0,0%,1,1,100.00%,0,0%,0,0,0%,0,0%,0,0,0%,0,0%,0,0,0%,0,0%
3013,2025-08-25,Owen Burrows,1239,239,19.29%,498,40.19%,377,62,16.45%,159,42.18%,857,175,20.42%,337,39.32%,5,2,40.00%,2,40.00%,0,0,0%,0,0%
3014,2025-08-25,Gareth Thomas,5,1,20.00%,2,40.00%,0,0,0%,0,0%,0,0,0%,0,0%,5,1,20.00%,2,40.00%,0,0,0%,0,0%
3015,2025-08-25,C Mcsharry,2,0,0%,0,0%,0,0,0%,0,0%,0,0,0%,0,0%,2,0,0%,0,0%,0,0,0%,0,0%
3016,2025-08-25,J Teal,28,2,7.14%,6,21.43%,0,0,0%,0,0%,7,1,14.29%,2,28.57%,21,1,4.76%,4,19.05%,0,0,0%,0,0%
3017,2025-08-25,Nicole McKenna,139,6,4.32%,23,16.55%,28,1,3.57%,6,21.43%,60,4,6.67%,14,23.33%,7,0,0%,0,0%,44,1,2.27%,3,6.82%
3018,2025-08-25,E Leray,1,0,0%,0,0%,0,0,0%,0,0%,0,0,0%,0,0%,1,0,0%,0,0%,0,0,0%,0,0%
3019,2025-08-25,F Nicolle,2,0,0%,1,50.00%,0,0,0%,0,0%,0,0,0%,0,0%,0,0,0%,0,0%,2,0,0%,1,50.00%
3020,2025-08-25,Artu (s),1,0,0%,0,0%,0,0,0%,0,0%,0,0,0%,0,0%,0,0,0%,0,0%,1,0,0%,0,0%
3021,2025-08-25,William Ross,117,8,6.84%,26,22.22%,30,5,16.67%,9,30.00%,49,3,6.12%,4,8.16%,12,0,0%,4,33.33%,26,0,0%,9,34.62%
3022,2025-08-25,G J McKeever,54,4,7.41%,20,37.04%,0,0,0%,0,0%,22,0,0%,8,36.36%,29,4,13.79%,12,41.38%,3,0,0%,0,0%
3023,2025-08-25,J Coyle,28,0,0%,1,3.57%,9,0,0%,0,0%,16,0,0%,1,6.25%,0,0,0%,0,0%,3,0,0%,0,0%
3024,2025-08-25,Nigel Slevin,609,32,5.25%,141,23.15%,95,6,6.32%,19,20.00%,274,20,7.30%,63,22.99%,64,2,3.13%,19,29.69%,175,4,2.29%,39,22.29%
3025,2025-08-25,P Froud,1,0,0%,0,0%,0,0,0%,0,0%,0,0,0%,0,0%,1,0,0%,0,0%,0,0,0%,0,0%
3026,2025-08-25,Paul Stephen Kiely,188,11,5.85%,31,16.49%,0,0,0%,0,0%,40,2,5.00%,7,17.50%,22,0,0%,6,27.27%,126,9,7.14%,18,14.29%
3027,2025-08-25,Miss Lydia Svensson,2,0,0%,0,0%,0,0,0%,0,0%,0,0,0%,0,0%,2,0,0%,0,0%,0,0,0%,0,0%
3028,2025-08-25,Jacqueline Coward,229,14,6.11%,78,34.06%,52,4,7.69%,21,40.38%,102,8,7.84%,31,30.39%,28,0,0%,14,50.00%,47,2,4.26%,12,25.53%
3029,2025-08-25,Mrs J Butler,1,0,0%,0,0%,0,0,0%,0,0%,0,0,0%,0,0%,1,0,0%,0,0%,0,0,0%,0,0%
3030,2025-08-25,Miss R D Keeble,3,0,0%,0,0%,0,0,0%,0,0%,0,0,0%,0,0%,3,0,0%,0,0%,0,0,0%,0,0%
3031,2025-08-25,Lizzie Luxton,4,0,0%,0,0%,0,0,0%,0,0%,0,0,0%,0,0%,4,0,0%,0,0%,0,0,0%,0,0%
3032,2025-08-25,Mlle A Rosa,2,0,0%,2,100.00%,0,0,0%,0,0%,0,0,0%,0,0%,0,0,0%,0,0%,2,0,0%,2,100.00%
3033,2025-08-25,Mrs K Weir,2,0,0%,1,50.00%,0,0,0%,0,0%,0,0,0%,0,0%,2,0,0%,1,50.00%,0,0,0%,0,0%
3034,2025-08-25,Justin Landy,233,32,13.73%,75,32.19%,10,0,0%,4,40.00%,8,1,12.50%,3,37.50%,49,13,26.53%,16,32.65%,166,18,10.84%,52,31.33%
3035,2025-08-25,T Malone,3,0,0%,2,66.67%,0,0,0%,0,0%,0,0,0%,0,0%,3,0,0%,2,66.67%,0,0,0%,0,0%
3036,2025-08-25,K M Hanmer,3,0,0%,0,0%,0,0,0%,0,0%,0,0,0%,0,0%,3,0,0%,0,0%,0,0,0%,0,0%
3037,2025-08-25,Richard Spencer,1690,169,10.00%,598,35.38%,697,71,10.19%,273,39.17%,857,82,9.57%,287,33.49%,40,4,10.00%,10,25.00%,96,12,12.50%,28,29.17%
3038,2025-08-25,Brian Francis Cawley,192,6,3.13%,33,17.19%,7,0,0%,0,0%,22,0,0%,3,13.64%,41,0,0%,7,17.07%,122,6,4.92%,23,18.85%
3039,2025-08-25,F Birrane,388,12,3.09%,81,20.88%,202,10,4.95%,53,26.24%,157,2,1.27%,24,15.29%,0,0,0%,0,0%,29,0,0%,4,13.79%
3040,2025-08-25,P J Thomas,2,0,0%,0,0%,0,0,0%,0,0%,0,0,0%,0,0%,2,0,0%,0,0%,0,0,0%,0,0%
3041,2025-08-25,Paul Hamer,4,0,0%,1,25.00%,0,0,0%,0,0%,0,0,0%,0,0%,4,0,0%,1,25.00%,0,0,0%,0,0%
3042,2025-08-25,Mrs Z Hammond,3,0,0%,1,33.33%,0,0,0%,0,0%,1,0,0%,0,0%,2,0,0%,1,50.00%,0,0,0%,0,0%
3043,2025-08-25,Edward Glassonbury,3,0,0%,0,0%,0,0,0%,0,0%,2,0,0%,0,0%,1,0,0%,0,0%,0,0,0%,0,0%
3044,2025-08-25,Jonathan Lean,4,0,0%,2,50.00%,0,0,0%,0,0%,0,0,0%,0,0%,4,0,0%,2,50.00%,0,0,0%,0,0%
3045,2025-08-25,Mrs Lorna Williams,1,0,0%,0,0%,0,0,0%,0,0%,0,0,0%,0,0%,1,0,0%,0,0%,0,0,0%,0,0%
3046,2025-08-25,Mrs J Smyth-osbourne,1,0,0%,0,0%,0,0,0%,0,0%,0,0,0%,0,0%,1,0,0%,0,0%,0,0,0%,0,0%
3047,2025-08-25,Mrs J Price,4,0,0%,0,0%,0,0,0%,0,0%,1,0,0%,0,0%,3,0,0%,0,0%,0,0,0%,0,0%
3048,2025-08-25,Mrs Brown,5,1,20.00%,2,40.00%,0,0,0%,0,0%,0,0,0%,0,0%,5,1,20.00%,2,40.00%,0,0,0%,0,0%
3049,2025-08-25,J R Bryan,3,0,0%,1,33.33%,0,0,0%,0,0%,0,0,0%,0,0%,3,0,0%,1,33.33%,0,0,0%,0,0%
3050,2025-08-25,Mrs H Connors,7,1,14.29%,3,42.86%,0,0,0%,0,0%,0,0,0%,0,0%,7,1,14.29%,3,42.86%,0,0,0%,0,0%
3051,2025-08-25,Mrs Sara V Bradstock,39,9,23.08%,3,7.69%,0,0,0%,0,0%,2,0,0%,0,0%,19,5,26.32%,1,5.26%,18,4,22.22%,2,11.11%
3052,2025-08-25,G Hiscock,8,0,0%,0,0%,0,0,0%,0,0%,0,0,0%,0,0%,8,0,0%,0,0%,0,0,0%,0,0%
3053,2025-08-25,Mrs J Branton,1,0,0%,0,0%,0,0,0%,0,0%,0,0,0%,0,0%,1,0,0%,0,0%,0,0,0%,0,0%
3054,2025-08-25,Stuart Kittow,1,0,0%,0,0%,0,0,0%,0,0%,1,0,0%,0,0%,0,0,0%,0,0%,0,0,0%,0,0%
3055,2025-08-25,F L Heffernan,2,0,0%,0,0%,0,0,0%,0,0%,0,0,0%,0,0%,2,0,0%,0,0%,0,0,0%,0,0%
3056,2025-08-25,Gary Rutherford,118,9,7.63%,23,19.49%,25,3,12.00%,7,28.00%,38,2,5.26%,6,15.79%,18,2,11.11%,5,27.78%,37,2,5.41%,5,13.51%
3057,2025-08-25,Tracey Leeson,200,4,2.00%,35,17.50%,1,0,0%,0,0%,14,0,0%,1,7.14%,26,2,7.69%,2,7.69%,159,2,1.26%,32,20.13%
3058,2025-08-25,Miss L Horsfall,147,6,4.08%,37,25.17%,9,0,0%,3,33.33%,27,2,7.41%,8,29.63%,34,1,2.94%,5,14.71%,77,3,3.90%,21,27.27%
3059,2025-08-25,Raymond Gibson,1,0,0%,0,0%,0,0,0%,0,0%,0,0,0%,0,0%,1,0,0%,0,0%,0,0,0%,0,0%
3060,2025-08-25,Miss S Pidsley,1,0,0%,0,0%,0,0,0%,0,0%,0,0,0%,0,0%,1,0,0%,0,0%,0,0,0%,0,0%
3061,2025-08-25,David Flood,1,0,0%,0,0%,0,0,0%,0,0%,1,0,0%,0,0%,0,0,0%,0,0%,0,0,0%,0,0%
3062,2025-08-25,Richard Walker,3,0,0%,1,33.33%,0,0,0%,0,0%,0,0,0%,0,0%,3,0,0%,1,33.33%,0,0,0%,0,0%
3063,2025-08-25,Emma Yardley,1,0,0%,0,0%,0,0,0%,0,0%,0,0,0%,0,0%,1,0,0%,0,0%,0,0,0%,0,0%
3064,2025-08-25,Damian Carden,6,0,0%,1,16.67%,0,0,0%,0,0%,0,0,0%,0,0%,6,0,0%,1,16.67%,0,0,0%,0,0%
3065,2025-08-25,Mrs Cynthia Woods,117,2,1.71%,22,18.80%,0,0,0%,0,0%,3,0,0%,0,0%,53,2,3.77%,19,35.85%,61,0,0%,3,4.92%
3066,2025-08-25,Petra New,1,1,100.00%,0,0%,0,0,0%,0,0%,0,0,0%,0,0%,1,1,100.00%,0,0%,0,0,0%,0,0%
3067,2025-08-25,Brian Tetley,1,0,0%,0,0%,0,0,0%,0,0%,0,0,0%,0,0%,1,0,0%,0,0%,0,0,0%,0,0%
3068,2025-08-25,Axelle Wall,2,0,0%,2,100.00%,0,0,0%,0,0%,0,0,0%,0,0%,2,0,0%,2,100.00%,0,0,0%,0,0%
3069,2025-08-25,Thomas Gallagher,194,10,5.15%,47,24.23%,46,4,8.70%,12,26.09%,72,0,0%,10,13.89%,6,2,33.33%,2,33.33%,70,4,5.71%,23,32.86%
3070,2025-08-25,John Mead,3,0,0%,0,0%,0,0,0%,0,0%,0,0,0%,0,0%,3,0,0%,0,0%,0,0,0%,0,0%
3071,2025-08-25,Grant Tuer,2056,241,11.72%,617,30.01%,808,102,12.62%,258,31.93%,1248,139,11.14%,359,28.77%,0,0,0%,0,0%,0,0,0%,0,0%
3072,2025-08-25,R Pringuer,4,0,0%,1,25.00%,0,0,0%,0,0%,0,0,0%,0,0%,4,0,0%,1,25.00%,0,0,0%,0,0%
3073,2025-08-25,Luke Harvey,5,0,0%,2,40.00%,0,0,0%,0,0%,0,0,0%,0,0%,5,0,0%,2,40.00%,0,0,0%,0,0%
3074,2025-08-25,K Jacka,7,0,0%,2,28.57%,0,0,0%,0,0%,0,0,0%,0,0%,7,0,0%,2,28.57%,0,0,0%,0,0%
3075,2025-08-25,T D Bryce,1,0,0%,0,0%,0,0,0%,0,0%,0,0,0%,0,0%,1,0,0%,0,0%,0,0,0%,0,0%
3076,2025-08-25,P S Johnson,1,0,0%,0,0%,0,0,0%,0,0%,0,0,0%,0,0%,1,0,0%,0,0%,0,0,0%,0,0%
3077,2025-08-25,Jan Mathias,5,0,0%,1,20.00%,0,0,0%,0,0%,0,0,0%,0,0%,0,0,0%,0,0%,5,0,0%,1,20.00%
3078,2025-08-25,S Nolan,73,3,4.11%,20,27.40%,0,0,0%,0,0%,2,0,0%,0,0%,15,1,6.67%,2,13.33%,56,2,3.57%,18,32.14%
3079,2025-08-25,Capt W B Ramsay,2,0,0%,1,50.00%,0,0,0%,0,0%,0,0,0%,0,0%,2,0,0%,1,50.00%,0,0,0%,0,0%
3080,2025-08-25,Joseph P O'Brien,8545,1181,13.82%,3238,37.89%,1373,200,14.57%,510,37.14%,4579,631,13.78%,1764,38.52%,832,102,12.26%,286,34.38%,1761,248,14.08%,678,38.50%
3081,2025-08-25,Daniel O'leary,41,1,2.44%,8,19.51%,0,0,0%,0,0%,3,0,0%,0,0%,10,0,0%,6,60.00%,28,1,3.57%,2,7.14%
3082,2025-08-25,Don Browne,34,1,2.94%,11,32.35%,1,0,0%,0,0%,19,1,5.26%,5,26.32%,12,0,0%,5,41.67%,2,0,0%,1,50.00%
3083,2025-08-25,Ellmarie Holden,327,43,13.15%,129,39.45%,25,4,16.00%,5,20.00%,91,8,8.79%,32,35.16%,64,10,15.63%,28,43.75%,147,21,14.29%,64,43.54%
3084,2025-08-25,Caroline Mccaldin,220,7,3.18%,61,27.73%,14,0,0%,4,28.57%,32,0,0%,4,12.50%,62,6,9.68%,25,40.32%,112,1,0.89%,28,25.00%
3085,2025-08-25,Mark Casse,2,1,50.00%,0,0%,0,0,0%,0,0%,2,1,50.00%,0,0%,0,0,0%,0,0%,0,0,0%,0,0%
3086,2025-08-25,H Nakao,1,0,0%,0,0%,0,0,0%,0,0%,1,0,0%,0,0%,0,0,0%,0,0%,0,0,0%,0,0%
3087,2025-08-25,Enebish Ganbat,2,0,0%,0,0%,0,0,0%,0,0%,2,0,0%,0,0%,0,0,0%,0,0%,0,0,0%,0,0%
3088,2025-08-25,Eoin Harty,1,0,0%,0,0%,0,0,0%,0,0%,1,0,0%,0,0%,0,0,0%,0,0%,0,0,0%,0,0%
3089,2025-08-25,James King,12,2,16.67%,4,33.33%,0,0,0%,0,0%,5,2,40.00%,2,40.00%,0,0,0%,0,0%,7,0,0%,2,28.57%
3090,2025-08-25,A & G Botti,9,3,33.33%,5,55.56%,8,3,37.50%,5,62.50%,1,0,0%,0,0%,0,0,0%,0,0%,0,0,0%,0,0%
3091,2025-08-25,H F Devin,7,1,14.29%,2,28.57%,2,1,50.00%,0,0%,5,0,0%,2,40.00%,0,0,0%,0,0%,0,0,0%,0,0%
3092,2025-08-25,F Chappet,19,1,5.26%,6,31.58%,3,1,33.33%,2,66.67%,16,0,0%,4,25.00%,0,0,0%,0,0%,0,0,0%,0,0%
3093,2025-08-25,M Sakaguchi,1,0,0%,0,0%,0,0,0%,0,0%,1,0,0%,0,0%,0,0,0%,0,0%,0,0,0%,0,0%
3094,2025-08-25,M Figge,1,0,0%,0,0%,0,0,0%,0,0%,1,0,0%,0,0%,0,0,0%,0,0%,0,0,0%,0,0%
3095,2025-08-25,C Lerner,1,0,0%,1,100.00%,0,0,0%,0,0%,1,0,0%,1,100.00%,0,0,0%,0,0%,0,0,0%,0,0%
3096,2025-08-25,T Clout,1,0,0%,0,0%,0,0,0%,0,0%,1,0,0%,0,0%,0,0,0%,0,0%,0,0,0%,0,0%
3097,2025-08-25,S Michael Millar,259,5,1.93%,37,14.29%,19,0,0%,2,10.53%,62,1,1.61%,7,11.29%,46,1,2.17%,11,23.91%,132,3,2.27%,17,12.88%
3098,2025-08-25,R Gibson,2,0,0%,1,50.00%,0,0,0%,0,0%,2,0,0%,1,50.00%,0,0,0%,0,0%,0,0,0%,0,0%
3099,2025-08-25,J A O'shea,1,0,0%,0,0%,0,0,0%,0,0%,1,0,0%,0,0%,0,0,0%,0,0%,0,0,0%,0,0%
3100,2025-08-25,David Drinkwater,74,5,6.76%,19,25.68%,33,2,6.06%,8,24.24%,35,3,8.57%,8,22.86%,2,0,0%,0,0%,4,0,0%,3,75.00%
3101,2025-08-25,Paddy Corkery,74,3,4.05%,22,29.73%,0,0,0%,0,0%,6,0,0%,1,16.67%,16,1,6.25%,5,31.25%,52,2,3.85%,16,30.77%
3102,2025-08-25,Don Cashman,87,3,3.45%,18,20.69%,0,0,0%,0,0%,4,0,0%,0,0%,15,0,0%,5,33.33%,68,3,4.41%,13,19.12%
3103,2025-08-25,Madeleine Tylicki,219,14,6.39%,54,24.66%,34,0,0%,10,29.41%,121,10,8.26%,27,22.31%,15,2,13.33%,3,20.00%,49,2,4.08%,14,28.57%
3104,2025-08-25,David Dunne,374,24,6.42%,62,16.58%,58,3,5.17%,9,15.52%,85,5,5.88%,17,20.00%,43,3,6.98%,10,23.26%,188,13,6.91%,26,13.83%
3105,2025-08-25,R P McNamara,185,11,5.95%,54,29.19%,30,1,3.33%,7,23.33%,93,4,4.30%,29,31.18%,12,3,25.00%,3,25.00%,50,3,6.00%,15,30.00%
3106,2025-08-25,J F Davison,2,0,0%,0,0%,0,0,0%,0,0%,2,0,0%,0,0%,0,0,0%,0,0%,0,0,0%,0,0%
3107,2025-08-25,Miss Amanda Mooney,1,0,0%,1,100.00%,0,0,0%,0,0%,1,0,0%,1,100.00%,0,0,0%,0,0%,0,0,0%,0,0%
3108,2025-08-25,Adam West,1380,104,7.54%,327,23.70%,614,33,5.37%,133,21.66%,552,37,6.70%,128,23.19%,26,3,11.54%,12,46.15%,188,31,16.49%,54,28.72%
3109,2025-08-25,Laura Morgan,328,31,9.45%,114,34.76%,36,2,5.56%,12,33.33%,37,2,5.41%,16,43.24%,110,17,15.45%,45,40.91%,145,10,6.90%,41,28.28%
3110,2025-08-25,F O'Donnell,10,0,0%,1,10.00%,0,0,0%,0,0%,1,0,0%,0,0%,3,0,0%,1,33.33%,5,0,0%,0,0%
3111,2025-08-25,Gemma Anderson,70,0,0%,13,18.57%,10,0,0%,2,20.00%,7,0,0%,2,28.57%,19,0,0%,2,10.53%,34,0,0%,7,20.59%
3112,2025-08-25,Archie Watson,4096,660,16.11%,1509,36.84%,2086,350,16.78%,788,37.78%,1900,288,15.16%,683,35.95%,15,2,13.33%,2,13.33%,95,20,21.05%,36,37.89%
3113,2025-08-25,Amy Murphy,2114,207,9.79%,715,33.82%,822,71,8.64%,255,31.02%,788,73,9.26%,267,33.88%,147,27,18.37%,51,34.69%,357,36,10.08%,142,39.78%
3114,2025-08-25,James Moon,20,0,0%,4,20.00%,5,0,0%,2,40.00%,6,0,0%,1,16.67%,3,0,0%,0,0%,6,0,0%,1,16.67%
3115,2025-08-25,P O'Connor,9,2,22.22%,3,33.33%,0,0,0%,0,0%,5,1,20.00%,3,60.00%,0,0,0%,0,0%,4,1,25.00%,0,0%
3116,2025-08-25,R G Fell,3114,301,9.67%,1081,34.71%,983,87,8.85%,356,36.22%,2092,211,10.09%,708,33.84%,5,1,20.00%,1,20.00%,34,2,5.88%,16,47.06%
3117,2025-08-25,Sam England,4,0,0%,0,0%,0,0,0%,0,0%,0,0,0%,0,0%,1,0,0%,0,0%,3,0,0%,0,0%
3118,2025-08-25,Eamon Courtney,158,4,2.53%,25,15.82%,0,0,0%,0,0%,11,0,0%,2,18.18%,47,2,4.26%,9,19.15%,100,2,2.00%,14,14.00%
3119,2025-08-25,Francis J Flood,421,9,2.14%,71,16.86%,21,1,4.76%,7,33.33%,62,0,0%,10,16.13%,101,3,2.97%,23,22.77%,237,5,2.11%,31,13.08%
3120,2025-08-25,Raymond McCurtin,6,0,0%,0,0%,0,0,0%,0,0%,0,0,0%,0,0%,0,0,0%,0,0%,6,0,0%,0,0%
3121,2025-08-25,Ms Richert,9,0,0%,5,55.56%,0,0,0%,0,0%,2,0,0%,0,0%,1,0,0%,0,0%,6,0,0%,5,83.33%
3122,2025-08-25,David & B Dabernig,3,1,33.33%,0,0%,0,0,0%,0,0%,2,0,0%,0,0%,0,0,0%,0,0%,0,0,0%,0,0%
3123,2025-08-25,Darren Weir,2,0,0%,1,50.00%,0,0,0%,0,0%,0,0,0%,0,0%,0,0,0%,0,0%,0,0,0%,0,0%
3124,2025-08-25,Todd Balfour,1,0,0%,1,100.00%,0,0,0%,0,0%,0,0,0%,0,0%,0,0,0%,0,0%,0,0,0%,0,0%
3125,2025-08-25,P J White,1,0,0%,1,100.00%,0,0,0%,0,0%,0,0,0%,0,0%,0,0,0%,0,0%,0,0,0%,0,0%
3126,2025-08-25,J C Coyle,1,0,0%,0,0%,0,0,0%,0,0%,0,0,0%,0,0%,0,0,0%,0,0%,0,0,0%,0,0%
3127,2025-08-25,D & B & T Dabernig,1,0,0%,0,0%,0,0,0%,0,0%,0,0,0%,0,0%,0,0,0%,0,0%,0,0,0%,0,0%
3128,2025-08-25,P Gelagotis,1,0,0%,1,100.00%,0,0,0%,0,0%,0,0,0%,0,0%,0,0,0%,0,0%,0,0,0%,0,0%
3129,2025-08-25,David and B Hayes and T Dabernig,1,0,0%,1,100.00%,0,0,0%,0,0%,0,0,0%,0,0%,0,0,0%,0,0%,0,0,0%,0,0%
3130,2025-08-25,Robbie Laing,1,0,0%,1,100.00%,0,0,0%,0,0%,0,0,0%,0,0%,0,0,0%,0,0%,0,0,0%,0,0%
3131,2025-08-25,P J Roche,1,0,0%,0,0%,0,0,0%,0,0%,0,0,0%,0,0%,0,0,0%,0,0%,0,0,0%,0,0%
3132,2025-08-25,R E Laing,1,0,0%,0,0%,0,0,0%,0,0%,0,0,0%,0,0%,0,0,0%,0,0%,0,0,0%,0,0%
3133,2025-08-25,S Drinkwater,640,68,10.63%,203,31.72%,36,2,5.56%,13,36.11%,58,3,5.17%,18,31.03%,113,21,18.58%,31,27.43%,433,42,9.70%,141,32.56%
3134,2025-08-25,Radim Bodlak,2,0,0%,0,0%,0,0,0%,0,0%,0,0,0%,0,0%,1,0,0%,0,0%,1,0,0%,0,0%
3135,2025-08-25,Mark Weatherer,157,1,0.64%,29,18.47%,23,0,0%,2,8.70%,51,0,0%,7,13.73%,17,1,5.88%,7,41.18%,66,0,0%,13,19.70%
3136,2025-08-25,Mark Pattinson,378,19,5.03%,101,26.72%,247,13,5.26%,64,25.91%,108,4,3.70%,29,26.85%,0,0,0%,0,0%,23,2,8.70%,8,34.78%
3137,2025-08-25,Mohamed Moubarak,364,31,8.52%,127,34.89%,186,14,7.53%,66,35.48%,170,16,9.41%,54,31.76%,0,0,0%,0,0%,8,1,12.50%,7,87.50%
3138,2025-08-25,James Albert Jenkins,4,0,0%,0,0%,0,0,0%,0,0%,3,0,0%,0,0%,0,0,0%,0,0%,1,0,0%,0,0%
3139,2025-08-25,Tom Clover,1564,189,12.08%,580,37.08%,704,79,11.22%,280,39.77%,852,110,12.91%,298,34.98%,8,0,0%,2,25.00%,0,0,0%,0,0%
3140,2025-08-25,S England,1647,188,11.41%,500,30.36%,188,17,9.04%,43,22.87%,272,26,9.56%,48,17.65%,552,88,15.94%,214,38.77%,635,57,8.98%,195,30.71%
3141,2025-08-25,Nicky Martin,60,5,8.33%,11,18.33%,0,0,0%,0,0%,3,1,33.33%,0,0%,20,1,5.00%,3,15.00%,37,3,8.11%,8,21.62%
3142,2025-08-25,Richard O'brien,898,74,8.24%,246,27.39%,251,26,10.36%,65,25.90%,579,39,6.74%,156,26.94%,7,2,28.57%,1,14.29%,61,7,11.48%,24,39.34%
3143,2025-08-25,Karen Phillips-Hill,8,0,0%,2,25.00%,0,0,0%,0,0%,0,0,0%,0,0%,8,0,0%,2,25.00%,0,0,0%,0,0%
3144,2025-08-25,Nick J Jones,7,0,0%,5,71.43%,0,0,0%,0,0%,0,0,0%,0,0%,7,0,0%,5,71.43%,0,0,0%,0,0%
3145,2025-08-25,J Neilan,112,0,0%,22,19.64%,0,0,0%,0,0%,31,0,0%,4,12.90%,8,0,0%,2,25.00%,73,0,0%,16,21.92%
3146,2025-08-25,Dr Charles Levinson,8,2,25.00%,1,12.50%,0,0,0%,0,0%,0,0,0%,0,0%,8,2,25.00%,1,12.50%,0,0,0%,0,0%
3147,2025-08-25,Chris Delcros,92,1,1.09%,10,10.87%,30,0,0%,4,13.33%,18,0,0%,0,0%,3,0,0%,1,33.33%,41,1,2.44%,5,12.20%
3148,2025-08-25,Alan Rhead,4,0,0%,1,25.00%,0,0,0%,0,0%,1,0,0%,1,100.00%,3,0,0%,0,0%,0,0,0%,0,0%
3149,2025-08-25,Sam Jukes,6,1,16.67%,2,33.33%,0,0,0%,0,0%,0,0,0%,0,0%,6,1,16.67%,2,33.33%,0,0,0%,0,0%
3150,2025-08-25,Fiona Read,1,0,0%,1,100.00%,0,0,0%,0,0%,0,0,0%,0,0%,1,0,0%,1,100.00%,0,0,0%,0,0%
3151,2025-08-25,Mrs A J Loder,2,0,0%,1,50.00%,0,0,0%,0,0%,0,0,0%,0,0%,2,0,0%,1,50.00%,0,0,0%,0,0%
3152,2025-08-25,Mrs S Bowen,4,0,0%,2,50.00%,0,0,0%,0,0%,0,0,0%,0,0%,4,0,0%,2,50.00%,0,0,0%,0,0%
3153,2025-08-25,W Bryan,5,0,0%,2,40.00%,0,0,0%,0,0%,1,0,0%,1,100.00%,4,0,0%,1,25.00%,0,0,0%,0,0%
3154,2025-08-25,Luke Mcjannet,373,21,5.63%,116,31.10%,245,14,5.71%,77,31.43%,125,7,5.60%,38,30.40%,0,0,0%,0,0%,3,0,0%,1,33.33%
3155,2025-08-25,T Ellis,205,29,14.15%,58,28.29%,0,0,0%,0,0%,18,1,5.56%,3,16.67%,93,19,20.43%,38,40.86%,94,9,9.57%,17,18.09%
3156,2025-08-25,C E Ward,1,0,0%,0,0%,0,0,0%,0,0%,0,0,0%,0,0%,1,0,0%,0,0%,0,0,0%,0,0%
3157,2025-08-25,John Aprahamian,2,0,0%,2,100.00%,0,0,0%,0,0%,0,0,0%,0,0%,2,0,0%,2,100.00%,0,0,0%,0,0%
3158,2025-08-25,Linda Pile,3,0,0%,0,0%,0,0,0%,0,0%,0,0,0%,0,0%,3,0,0%,0,0%,0,0,0%,0,0%
3159,2025-08-25,Tim Thirlby,2,0,0%,1,50.00%,0,0,0%,0,0%,0,0,0%,0,0%,2,0,0%,1,50.00%,0,0,0%,0,0%
3160,2025-08-25,Miss E Smith-chaston,1,0,0%,0,0%,0,0,0%,0,0%,0,0,0%,0,0%,1,0,0%,0,0%,0,0,0%,0,0%
3161,2025-08-25,Miss Katy Brown,393,15,3.82%,67,17.05%,134,3,2.24%,20,14.93%,175,8,4.57%,28,16.00%,18,0,0%,9,50.00%,66,4,6.06%,10,15.15%
3162,2025-08-25,A J Wight,2,0,0%,1,50.00%,0,0,0%,0,0%,0,0,0%,0,0%,2,0,0%,1,50.00%,0,0,0%,0,0%
3163,2025-08-25,Jessica Gillam,1,0,0%,1,100.00%,0,0,0%,0,0%,0,0,0%,0,0%,1,0,0%,1,100.00%,0,0,0%,0,0%
3164,2025-08-25,C M Casey,2,0,0%,0,0%,0,0,0%,0,0%,0,0,0%,0,0%,2,0,0%,0,0%,0,0,0%,0,0%
3165,2025-08-25,Mrs A Fox-pitt,1,0,0%,0,0%,0,0,0%,0,0%,0,0,0%,0,0%,1,0,0%,0,0%,0,0,0%,0,0%
3166,2025-08-25,Phillippe Cottin,1,0,0%,1,100.00%,0,0,0%,0,0%,0,0,0%,0,0%,1,0,0%,1,100.00%,0,0,0%,0,0%
3167,2025-08-25,C J Miller,4,0,0%,2,50.00%,0,0,0%,0,0%,0,0,0%,0,0%,4,0,0%,2,50.00%,0,0,0%,0,0%
3168,2025-08-25,Mrs Julie Wadland,6,0,0%,4,66.67%,0,0,0%,0,0%,0,0,0%,0,0%,6,0,0%,4,66.67%,0,0,0%,0,0%
3169,2025-08-25,Mark Robinson,2,0,0%,0,0%,0,0,0%,0,0%,0,0,0%,0,0%,2,0,0%,0,0%,0,0,0%,0,0%
3170,2025-08-25,Mrs C Fry,4,1,25.00%,3,75.00%,0,0,0%,0,0%,0,0,0%,0,0%,4,1,25.00%,3,75.00%,0,0,0%,0,0%
3171,2025-08-25,Mme L Carberry,2,0,0%,0,0%,0,0,0%,0,0%,0,0,0%,0,0%,1,0,0%,0,0%,1,0,0%,0,0%
3172,2025-08-25,J A Stack,1458,145,9.95%,504,34.57%,232,25,10.78%,91,39.22%,1223,119,9.73%,412,33.69%,0,0,0%,0,0%,3,1,33.33%,1,33.33%
3173,2025-08-25,Miss Amy Collier,1,0,0%,0,0%,0,0,0%,0,0%,0,0,0%,0,0%,1,0,0%,0,0%,0,0,0%,0,0%
3174,2025-08-25,Daniel Rabhi,1,0,0%,0,0%,0,0,0%,0,0%,1,0,0%,0,0%,0,0,0%,0,0%,0,0,0%,0,0%
3175,2025-08-25,Paul Gammell,26,0,0%,3,11.54%,0,0,0%,0,0%,26,0,0%,3,11.54%,0,0,0%,0,0%,0,0,0%,0,0%
3176,2025-08-25,Mrs Mooney,173,4,2.31%,23,13.29%,9,0,0%,1,11.11%,33,1,3.03%,5,15.15%,20,1,5.00%,2,10.00%,111,2,1.80%,15,13.51%
3177,2025-08-25,S J Sampson,10,0,0%,6,60.00%,0,0,0%,0,0%,0,0,0%,0,0%,10,0,0%,6,60.00%,0,0,0%,0,0%
3178,2025-08-25,Miss Thomas,5,0,0%,2,40.00%,0,0,0%,0,0%,0,0,0%,0,0%,5,0,0%,2,40.00%,0,0,0%,0,0%
3179,2025-08-25,Mrs G Welch,1,0,0%,0,0%,0,0,0%,0,0%,0,0,0%,0,0%,1,0,0%,0,0%,0,0,0%,0,0%
3180,2025-08-25,Deborah Treneer,7,0,0%,1,14.29%,0,0,0%,0,0%,0,0,0%,0,0%,7,0,0%,1,14.29%,0,0,0%,0,0%
3181,2025-08-25,L Baudron,1,0,0%,0,0%,1,0,0%,0,0%,0,0,0%,0,0%,0,0,0%,0,0%,0,0,0%,0,0%
3182,2025-08-25,D&p Prod'homme,2,0,0%,1,50.00%,1,0,0%,1,100.00%,1,0,0%,0,0%,0,0,0%,0,0%,0,0,0%,0,0%
3183,2025-08-25,Miss Alexandra Bell,2,0,0%,2,100.00%,0,0,0%,0,0%,0,0,0%,0,0%,2,0,0%,2,100.00%,0,0,0%,0,0%
3184,2025-08-25,Christian Williams,1775,170,9.58%,426,24.00%,17,0,0%,2,11.76%,126,3,2.38%,29,23.02%,772,114,14.77%,208,26.94%,860,53,6.16%,187,21.74%
3185,2025-08-25,Mrs A Slatter,2,0,0%,0,0%,0,0,0%,0,0%,0,0,0%,0,0%,2,0,0%,0,0%,0,0,0%,0,0%
3186,2025-08-25,Mrs S J Stearn,1,0,0%,0,0%,0,0,0%,0,0%,0,0,0%,0,0%,1,0,0%,0,0%,0,0,0%,0,0%
3187,2025-08-25,Miss Lucy Horner,8,1,12.50%,1,12.50%,0,0,0%,0,0%,0,0,0%,0,0%,8,1,12.50%,1,12.50%,0,0,0%,0,0%
3188,2025-08-25,William Easterby,29,1,3.45%,11,37.93%,0,0,0%,0,0%,1,0,0%,0,0%,28,1,3.57%,11,39.29%,0,0,0%,0,0%
3189,2025-08-25,Amy Cox,3,0,0%,2,66.67%,0,0,0%,0,0%,0,0,0%,0,0%,3,0,0%,2,66.67%,0,0,0%,0,0%
3190,2025-08-25,Patrick Langdown,1,0,0%,0,0%,0,0,0%,0,0%,1,0,0%,0,0%,0,0,0%,0,0%,0,0,0%,0,0%
3191,2025-08-25,Andrew Evans,1,0,0%,0,0%,0,0,0%,0,0%,1,0,0%,0,0%,0,0,0%,0,0%,0,0,0%,0,0%
3192,2025-08-25,Bridget Lewis,10,1,10.00%,6,60.00%,0,0,0%,0,0%,0,0,0%,0,0%,10,1,10.00%,6,60.00%,0,0,0%,0,0%
3193,2025-08-25,Kieran Price,6,1,16.67%,2,33.33%,0,0,0%,0,0%,0,0,0%,0,0%,6,1,16.67%,2,33.33%,0,0,0%,0,0%
3194,2025-08-25,Carlie Packwood,6,0,0%,1,16.67%,0,0,0%,0,0%,0,0,0%,0,0%,6,0,0%,1,16.67%,0,0,0%,0,0%
3195,2025-08-25,Carl Price,1,0,0%,0,0%,0,0,0%,0,0%,0,0,0%,0,0%,1,0,0%,0,0%,0,0,0%,0,0%
3196,2025-08-25,Graeme Scantlebury,2,0,0%,1,50.00%,0,0,0%,0,0%,0,0,0%,0,0%,2,0,0%,1,50.00%,0,0,0%,0,0%
3197,2025-08-25,Luke Humphrey,18,0,0%,3,16.67%,0,0,0%,0,0%,0,0,0%,0,0%,18,0,0%,3,16.67%,0,0,0%,0,0%
3198,2025-08-25,Con Rutledge,4,0,0%,2,50.00%,0,0,0%,0,0%,0,0,0%,0,0%,4,0,0%,2,50.00%,0,0,0%,0,0%
3199,2025-08-25,Howard Pauling,1,0,0%,1,100.00%,0,0,0%,0,0%,0,0,0%,0,0%,1,0,0%,1,100.00%,0,0,0%,0,0%
3200,2025-08-25,Stacey Whitehead,4,0,0%,1,25.00%,0,0,0%,0,0%,0,0,0%,0,0%,4,0,0%,1,25.00%,0,0,0%,0,0%
3201,2025-08-25,Benjamin Durrell,2,0,0%,0,0%,0,0,0%,0,0%,0,0,0%,0,0%,2,0,0%,0,0%,0,0,0%,0,0%
3202,2025-08-25,Mrs Jo Paynter,2,0,0%,0,0%,0,0,0%,0,0%,0,0,0%,0,0%,2,0,0%,0,0%,0,0,0%,0,0%
3203,2025-08-25,M Biddick,1,0,0%,0,0%,0,0,0%,0,0%,0,0,0%,0,0%,1,0,0%,0,0%,0,0,0%,0,0%
3204,2025-08-25,A Gardner,3,0,0%,1,33.33%,0,0,0%,0,0%,0,0,0%,0,0%,3,0,0%,1,33.33%,0,0,0%,0,0%
3205,2025-08-25,John Dawson,7,0,0%,2,28.57%,0,0,0%,0,0%,2,0,0%,0,0%,5,0,0%,2,40.00%,0,0,0%,0,0%
3206,2025-08-25,Samantha Coward,4,0,0%,1,25.00%,0,0,0%,0,0%,0,0,0%,0,0%,4,0,0%,1,25.00%,0,0,0%,0,0%
3207,2025-08-25,N J Dawe,5,1,20.00%,1,20.00%,0,0,0%,0,0%,0,0,0%,0,0%,5,1,20.00%,1,20.00%,0,0,0%,0,0%
3208,2025-08-25,Damian Murphy,51,3,5.88%,10,19.61%,0,0,0%,0,0%,19,2,10.53%,4,21.05%,0,0,0%,0,0%,32,1,3.13%,6,18.75%
3209,2025-08-25,P D Fitzgerald,30,2,6.67%,8,26.67%,0,0,0%,0,0%,4,0,0%,2,50.00%,21,2,9.52%,6,28.57%,5,0,0%,0,0%
3210,2025-08-25,S Lynam,346,25,7.23%,92,26.59%,137,15,10.95%,48,35.04%,209,10,4.78%,44,21.05%,0,0,0%,0,0%,0,0,0%,0,0%
3211,2025-08-25,Emma Reed,1,0,0%,0,0%,0,0,0%,0,0%,0,0,0%,0,0%,1,0,0%,0,0%,0,0,0%,0,0%
3212,2025-08-25,S C Robinson,7,0,0%,2,28.57%,0,0,0%,0,0%,0,0,0%,0,0%,7,0,0%,2,28.57%,0,0,0%,0,0%
3213,2025-08-25,Mrs L J Varnham,1,0,0%,0,0%,0,0,0%,0,0%,0,0,0%,0,0%,1,0,0%,0,0%,0,0,0%,0,0%
3214,2025-08-25,Ben Clarke,299,42,14.05%,97,32.44%,0,0,0%,0,0%,29,1,3.45%,7,24.14%,75,14,18.67%,24,32.00%,195,27,13.85%,66,33.85%
3215,2025-08-25,Miss A M Bacon,3,0,0%,0,0%,0,0,0%,0,0%,1,0,0%,0,0%,2,0,0%,0,0%,0,0,0%,0,0%
3216,2025-08-25,Sally Haynes,105,9,8.57%,40,38.10%,25,4,16.00%,5,20.00%,66,5,7.58%,27,40.91%,2,0,0%,1,50.00%,12,0,0%,7,58.33%
3217,2025-08-25,Steve Barry,3,0,0%,0,0%,0,0,0%,0,0%,0,0,0%,0,0%,3,0,0%,0,0%,0,0,0%,0,0%
3218,2025-08-25,Adrian Mcallister,65,5,7.69%,14,21.54%,15,1,6.67%,5,33.33%,35,3,8.57%,6,17.14%,8,1,12.50%,2,25.00%,7,0,0%,1,14.29%
3219,2025-08-25,Niall Hennessy,48,1,2.08%,14,29.17%,0,0,0%,0,0%,3,0,0%,3,100.00%,8,1,12.50%,1,12.50%,37,0,0%,10,27.03%
3220,2025-08-25,Lionel James Beresford,1,0,0%,0,0%,0,0,0%,0,0%,0,0,0%,0,0%,0,0,0%,0,0%,1,0,0%,0,0%
3221,2025-08-25,L D'Arcy,5,0,0%,0,0%,0,0,0%,0,0%,0,0,0%,0,0%,0,0,0%,0,0%,4,0,0%,0,0%
3222,2025-08-25,Amber Mathias,1,0,0%,0,0%,0,0,0%,0,0%,0,0,0%,0,0%,1,0,0%,0,0%,0,0,0%,0,0%
3223,2025-08-25,M J Felton,1,0,0%,0,0%,0,0,0%,0,0%,0,0,0%,0,0%,1,0,0%,0,0%,0,0,0%,0,0%
3224,2025-08-25,David O'brien,27,2,7.41%,8,29.63%,0,0,0%,0,0%,0,0,0%,0,0%,26,2,7.69%,8,30.77%,1,0,0%,0,0%
3225,2025-08-25,Nicola White,1,0,0%,0,0%,0,0,0%,0,0%,0,0,0%,0,0%,1,0,0%,0,0%,0,0,0%,0,0%
3226,2025-08-25,Charlotte Hawker,1,0,0%,0,0%,0,0,0%,0,0%,0,0,0%,0,0%,1,0,0%,0,0%,0,0,0%,0,0%
3227,2025-08-25,Mr Sherree Lean,7,0,0%,2,28.57%,0,0,0%,0,0%,2,0,0%,1,50.00%,5,0,0%,1,20.00%,0,0,0%,0,0%
3228,2025-08-25,Tim Pinfield,72,3,4.17%,29,40.28%,38,1,2.63%,16,42.11%,34,2,5.88%,13,38.24%,0,0,0%,0,0%,0,0,0%,0,0%
3229,2025-08-25,M Munch,1,0,0%,1,100.00%,0,0,0%,0,0%,1,0,0%,1,100.00%,0,0,0%,0,0%,0,0,0%,0,0%
3230,2025-08-25,S kobayashi,1,0,0%,0,0%,0,0,0%,0,0%,1,0,0%,0,0%,0,0,0%,0,0%,0,0,0%,0,0%
3231,2025-08-25,Guillemin (s),1,0,0%,0,0%,0,0,0%,0,0%,1,0,0%,0,0%,0,0,0%,0,0%,0,0,0%,0,0%
3232,2025-08-25,William Mott,2,0,0%,1,50.00%,0,0,0%,0,0%,2,0,0%,1,50.00%,0,0,0%,0,0%,0,0,0%,0,0%
3233,2025-08-25,Ms Sheila Lavery,1288,90,6.99%,334,25.93%,252,22,8.73%,75,29.76%,1025,66,6.44%,257,25.07%,5,0,0%,2,40.00%,6,2,33.33%,0,0%
3234,2025-08-25,Olly Murphy,3075,536,17.43%,1244,40.46%,184,27,14.67%,77,41.85%,294,62,21.09%,147,50.00%,582,88,15.12%,213,36.60%,2015,359,17.82%,807,40.05%
3235,2025-08-25,D P Coakley,146,20,13.70%,36,24.66%,79,15,18.99%,23,29.11%,66,5,7.58%,13,19.70%,1,0,0%,0,0%,0,0,0%,0,0%
3236,2025-08-25,J A Kinsella,177,9,5.08%,31,17.51%,19,0,0%,1,5.26%,116,7,6.03%,21,18.10%,13,2,15.38%,4,30.77%,29,0,0%,5,17.24%
3237,2025-08-25,Gary Sanderson,24,0,0%,0,0%,11,0,0%,0,0%,11,0,0%,0,0%,0,0,0%,0,0%,2,0,0%,0,0%
3238,2025-08-25,Mlle Fey,4,0,0%,2,50.00%,2,0,0%,2,100.00%,1,0,0%,0,0%,0,0,0%,0,0%,1,0,0%,0,0%
3239,2025-08-25,H Beggs,9,0,0%,1,11.11%,2,0,0%,0,0%,1,0,0%,0,0%,1,0,0%,1,100.00%,5,0,0%,0,0%
3240,2025-08-25,A Dassie,1,0,0%,0,0%,0,0,0%,0,0%,1,0,0%,0,0%,0,0,0%,0,0%,0,0,0%,0,0%
3241,2025-08-25,James Given,1,0,0%,0,0%,0,0,0%,0,0%,1,0,0%,0,0%,0,0,0%,0,0%,0,0,0%,0,0%
3242,2025-08-25,Ian O'Connor,178,8,4.49%,18,10.11%,9,0,0%,2,22.22%,75,6,8.00%,6,8.00%,7,0,0%,1,14.29%,87,2,2.30%,9,10.34%
3243,2025-08-25,Adrian Nicholls,1066,100,9.38%,287,26.92%,260,14,5.38%,75,28.85%,806,86,10.67%,212,26.30%,0,0,0%,0,0%,0,0,0%,0,0%
3244,2025-08-25,Jack W Davison,646,48,7.43%,202,31.27%,141,16,11.35%,47,33.33%,504,32,6.35%,155,30.75%,0,0,0%,0,0%,1,0,0%,0,0%
3245,2025-08-25,James Kieran King,37,2,5.41%,7,18.92%,0,0,0%,0,0%,16,0,0%,4,25.00%,3,0,0%,1,33.33%,18,2,11.11%,2,11.11%
3246,2025-08-25,Bernard Martin Crowley,68,2,2.94%,8,11.76%,0,0,0%,0,0%,9,0,0%,1,11.11%,6,0,0%,0,0%,53,2,3.77%,7,13.21%
3247,2025-08-25,Brett Crawford,1,0,0%,0,0%,0,0,0%,0,0%,1,0,0%,0,0%,0,0,0%,0,0%,0,0,0%,0,0%
3248,2025-08-25,Miss R Woodman,83,2,2.41%,6,7.23%,46,1,2.17%,6,13.04%,15,0,0%,0,0%,0,0,0%,0,0%,22,1,4.55%,0,0%
3249,2025-08-25,F J Lacy,9,0,0%,0,0%,3,0,0%,0,0%,3,0,0%,0,0%,0,0,0%,0,0%,3,0,0%,0,0%
3250,2025-08-25,Alex Swinswood,6,0,0%,3,50.00%,0,0,0%,0,0%,3,0,0%,1,33.33%,0,0,0%,0,0%,3,0,0%,2,66.67%
3251,2025-08-25,Suzi Best,477,32,6.71%,131,27.46%,178,8,4.49%,43,24.16%,83,5,6.02%,19,22.89%,10,2,20.00%,2,20.00%,206,17,8.25%,67,32.52%
3252,2025-08-25,E & g Leenders,1,0,0%,0,0%,0,0,0%,0,0%,0,0,0%,0,0%,1,0,0%,0,0%,0,0,0%,0,0%
3253,2025-08-25,Noel O'Neill,48,3,6.25%,18,37.50%,0,0,0%,0,0%,9,0,0%,4,44.44%,16,0,0%,9,56.25%,23,3,13.04%,5,21.74%
3254,2025-08-25,Padraig Roche,734,69,9.40%,195,26.57%,20,1,5.00%,2,10.00%,169,11,6.51%,43,25.44%,188,25,13.30%,51,27.13%,357,32,8.96%,99,27.73%
3255,2025-08-25,Seb Spencer,515,38,7.38%,115,22.33%,217,15,6.91%,47,21.66%,297,23,7.74%,68,22.90%,0,0,0%,0,0%,1,0,0%,0,0%
3256,2025-08-25,Kayley Woollacott,413,28,6.78%,144,34.87%,5,0,0%,3,60.00%,30,0,0%,9,30.00%,123,8,6.50%,57,46.34%,255,20,7.84%,75,29.41%
3257,2025-08-25,Mrs E J Dun,8,0,0%,6,75.00%,0,0,0%,0,0%,0,0,0%,0,0%,8,0,0%,6,75.00%,0,0,0%,0,0%
3258,2025-08-25,Ruth Jefferson,527,80,15.18%,169,32.07%,17,2,11.76%,7,41.18%,74,10,13.51%,24,32.43%,100,18,18.00%,34,34.00%,336,50,14.88%,104,30.95%
3259,2025-08-25,Thomas Murray,2,0,0%,1,50.00%,0,0,0%,0,0%,0,0,0%,0,0%,2,0,0%,1,50.00%,0,0,0%,0,0%
3260,2025-08-25,Victoria Sollitt,4,0,0%,2,50.00%,0,0,0%,0,0%,1,0,0%,1,100.00%,3,0,0%,1,33.33%,0,0,0%,0,0%
3261,2025-08-25,Robert Varnham,22,1,4.55%,6,27.27%,0,0,0%,0,0%,1,0,0%,0,0%,21,1,4.76%,6,28.57%,0,0,0%,0,0%
3262,2025-08-25,Paul Henry Webb,3,0,0%,2,66.67%,0,0,0%,0,0%,0,0,0%,0,0%,3,0,0%,2,66.67%,0,0,0%,0,0%
3263,2025-08-25,Sean Conway,111,5,4.50%,27,24.32%,6,1,16.67%,0,0%,13,0,0%,3,23.08%,13,0,0%,3,23.08%,79,4,5.06%,21,26.58%
3264,2025-08-25,G M Davies,3,0,0%,0,0%,0,0,0%,0,0%,0,0,0%,0,0%,3,0,0%,0,0%,0,0,0%,0,0%
3265,2025-08-25,Donnchadh Doyle,55,7,12.73%,22,40.00%,0,0,0%,0,0%,51,6,11.76%,21,41.18%,0,0,0%,0,0%,0,0,0%,0,0%
3266,2025-08-25,Warren Ewing,23,2,8.70%,7,30.43%,0,0,0%,0,0%,22,2,9.09%,7,31.82%,1,0,0%,0,0%,0,0,0%,0,0%
3267,2025-08-25,Colin S McKeever,31,2,6.45%,10,32.26%,0,0,0%,0,0%,31,2,6.45%,10,32.26%,0,0,0%,0,0%,0,0,0%,0,0%
3268,2025-08-25,Brian W Dougan,1,0,0%,0,0%,0,0,0%,0,0%,1,0,0%,0,0%,0,0,0%,0,0%,0,0,0%,0,0%
3269,2025-08-25,Andrew Kinirons,287,22,7.67%,74,25.78%,67,3,4.48%,15,22.39%,188,17,9.04%,51,27.13%,4,0,0%,0,0%,28,2,7.14%,8,28.57%
3270,2025-08-25,Louis Hill,2,0,0%,0,0%,0,0,0%,0,0%,2,0,0%,0,0%,0,0,0%,0,0%,0,0,0%,0,0%
3271,2025-08-25,Rory O'Meara,2,0,0%,2,100.00%,0,0,0%,0,0%,2,0,0%,2,100.00%,0,0,0%,0,0%,0,0,0%,0,0%
3272,2025-08-25,Patrick Joseph Hayes Jnr,3,0,0%,1,33.33%,0,0,0%,0,0%,3,0,0%,1,33.33%,0,0,0%,0,0%,0,0,0%,0,0%
3273,2025-08-25,Brian Dillon,1,0,0%,0,0%,0,0,0%,0,0%,1,0,0%,0,0%,0,0,0%,0,0%,0,0,0%,0,0%
3274,2025-08-25,P J Kiely,1,0,0%,0,0%,0,0,0%,0,0%,1,0,0%,0,0%,0,0,0%,0,0%,0,0,0%,0,0%
3275,2025-08-25,Peter J Flood,151,7,4.64%,28,18.54%,2,0,0%,0,0%,58,1,1.72%,9,15.52%,27,2,7.41%,8,29.63%,62,4,6.45%,9,14.52%
3276,2025-08-25,Vincent Carroll,24,0,0%,5,20.83%,3,0,0%,0,0%,11,0,0%,2,18.18%,0,0,0%,0,0%,10,0,0%,3,30.00%
3277,2025-08-25,William J Martin,1,0,0%,0,0%,0,0,0%,0,0%,1,0,0%,0,0%,0,0,0%,0,0%,0,0,0%,0,0%
3278,2025-08-25,James Casserly,1,0,0%,0,0%,0,0,0%,0,0%,1,0,0%,0,0%,0,0,0%,0,0%,0,0,0%,0,0%
3279,2025-08-25,Shane C Byrne,1,0,0%,0,0%,0,0,0%,0,0%,1,0,0%,0,0%,0,0,0%,0,0%,0,0,0%,0,0%
3280,2025-08-25,Leo Doyle,4,0,0%,1,25.00%,0,0,0%,0,0%,4,0,0%,1,25.00%,0,0,0%,0,0%,0,0,0%,0,0%
3281,2025-08-25,Steve Griffin,3,0,0%,0,0%,0,0,0%,0,0%,3,0,0%,0,0%,0,0,0%,0,0%,0,0,0%,0,0%
3282,2025-08-25,Thomas S Costello,27,0,0%,1,3.70%,0,0,0%,0,0%,15,0,0%,0,0%,11,0,0%,1,9.09%,1,0,0%,0,0%
3283,2025-08-25,J R Barlow,34,2,5.88%,9,26.47%,0,0,0%,0,0%,0,0,0%,0,0%,23,1,4.35%,7,30.43%,11,1,9.09%,2,18.18%
3284,2025-08-25,Claire Harris,59,8,13.56%,13,22.03%,0,0,0%,0,0%,4,0,0%,0,0%,3,0,0%,0,0%,52,8,15.38%,13,25.00%
3285,2025-08-25,D Cottin,15,3,20.00%,5,33.33%,0,0,0%,0,0%,0,0,0%,0,0%,11,2,18.18%,4,36.36%,4,1,25.00%,1,25.00%
3286,2025-08-25,Callum Bickers-price,7,0,0%,1,14.29%,0,0,0%,0,0%,0,0,0%,0,0%,7,0,0%,1,14.29%,0,0,0%,0,0%
3287,2025-08-25,W B Ramsay,12,3,25.00%,2,16.67%,0,0,0%,0,0%,0,0,0%,0,0%,12,3,25.00%,2,16.67%,0,0,0%,0,0%
3288,2025-08-25,R McNeilly,29,0,0%,3,10.34%,0,0,0%,0,0%,16,0,0%,3,18.75%,0,0,0%,0,0%,13,0,0%,0,0%
3289,2025-08-25,Mrs B Thomas,3,0,0%,0,0%,0,0,0%,0,0%,0,0,0%,0,0%,3,0,0%,0,0%,0,0,0%,0,0%
3290,2025-08-25,Francis Casey,249,15,6.02%,55,22.09%,44,2,4.55%,9,20.45%,89,3,3.37%,16,17.98%,40,4,10.00%,13,32.50%,76,6,7.89%,17,22.37%
3291,2025-08-25,C Barber,20,5,25.00%,9,45.00%,0,0,0%,0,0%,0,0,0%,0,0%,20,5,25.00%,9,45.00%,0,0,0%,0,0%
3292,2025-08-25,Ella Pickard,175,19,10.86%,38,21.71%,1,0,0%,0,0%,33,4,12.12%,7,21.21%,58,8,13.79%,16,27.59%,83,7,8.43%,15,18.07%
3293,2025-08-25,Alan Roberts,1,0,0%,0,0%,0,0,0%,0,0%,0,0,0%,0,0%,1,0,0%,0,0%,0,0,0%,0,0%
3294,2025-08-25,Joel Boisnard,1,1,100.00%,0,0%,1,1,100.00%,0,0%,0,0,0%,0,0%,0,0,0%,0,0%,0,0,0%,0,0%
3295,2025-08-25,Olivia Hegarty,41,0,0%,7,17.07%,0,0,0%,0,0%,10,0,0%,0,0%,1,0,0%,0,0%,30,0,0%,7,23.33%
3296,2025-08-25,S L Keightley,513,48,9.36%,158,30.80%,383,35,9.14%,120,31.33%,118,12,10.17%,34,28.81%,0,0,0%,0,0%,12,1,8.33%,4,33.33%
3297,2025-08-25,Mrs L Bevin,7,0,0%,0,0%,0,0,0%,0,0%,0,0,0%,0,0%,7,0,0%,0,0%,0,0,0%,0,0%
3298,2025-08-25,Matthew Hampton,14,5,35.71%,3,21.43%,0,0,0%,0,0%,1,0,0%,1,100.00%,13,5,38.46%,2,15.38%,0,0,0%,0,0%
3299,2025-08-25,Mary Vestey,2,0,0%,1,50.00%,0,0,0%,0,0%,0,0,0%,0,0%,2,0,0%,1,50.00%,0,0,0%,0,0%
3300,2025-08-25,Mrs Claire Hardwick,10,0,0%,1,10.00%,0,0,0%,0,0%,0,0,0%,0,0%,10,0,0%,1,10.00%,0,0,0%,0,0%
3301,2025-08-25,Mike Hawker,7,0,0%,0,0%,0,0,0%,0,0%,0,0,0%,0,0%,1,0,0%,0,0%,6,0,0%,0,0%
3302,2025-08-25,C White,2,0,0%,2,100.00%,0,0,0%,0,0%,0,0,0%,0,0%,2,0,0%,2,100.00%,0,0,0%,0,0%
3303,2025-08-25,D F Bourke,2,0,0%,1,50.00%,0,0,0%,0,0%,0,0,0%,0,0%,2,0,0%,1,50.00%,0,0,0%,0,0%
3304,2025-08-25,Jessica Bedi,23,0,0%,11,47.83%,2,0,0%,2,100.00%,1,0,0%,0,0%,12,0,0%,6,50.00%,8,0,0%,3,37.50%
3305,2025-08-25,Nicholas Orpwood,5,0,0%,3,60.00%,0,0,0%,0,0%,1,0,0%,1,100.00%,4,0,0%,2,50.00%,0,0,0%,0,0%
3306,2025-08-25,Ms Mullins,1,0,0%,0,0%,0,0,0%,0,0%,1,0,0%,0,0%,0,0,0%,0,0%,0,0,0%,0,0%
3307,2025-08-25,Anthony Ward-Thomas,12,0,0%,1,8.33%,0,0,0%,0,0%,0,0,0%,0,0%,12,0,0%,1,8.33%,0,0,0%,0,0%
3308,2025-08-25,Robert Llewellyn,1,0,0%,0,0%,0,0,0%,0,0%,0,0,0%,0,0%,1,0,0%,0,0%,0,0,0%,0,0%
3309,2025-08-25,Claire Heelay,1,0,0%,0,0%,0,0,0%,0,0%,0,0,0%,0,0%,1,0,0%,0,0%,0,0,0%,0,0%
3310,2025-08-25,R J Osborne,94,4,4.26%,26,27.66%,8,1,12.50%,0,0%,86,3,3.49%,26,30.23%,0,0,0%,0,0%,0,0,0%,0,0%
3311,2025-08-25,Kevin Coleman,750,59,7.87%,152,20.27%,142,12,8.45%,30,21.13%,585,47,8.03%,120,20.51%,1,0,0%,0,0%,22,0,0%,2,9.09%
3312,2025-08-25,David Dando,9,1,11.11%,6,66.67%,0,0,0%,0,0%,0,0,0%,0,0%,9,1,11.11%,6,66.67%,0,0,0%,0,0%
3313,2025-08-25,Daniel Bourne,68,5,7.35%,19,27.94%,0,0,0%,0,0%,0,0,0%,0,0%,13,2,15.38%,6,46.15%,55,3,5.45%,13,23.64%
3314,2025-08-25,Hannah Gregory,2,1,50.00%,1,50.00%,0,0,0%,0,0%,0,0,0%,0,0%,2,1,50.00%,1,50.00%,0,0,0%,0,0%
3315,2025-08-25,Liz Harris,3,0,0%,1,33.33%,0,0,0%,0,0%,0,0,0%,0,0%,3,0,0%,1,33.33%,0,0,0%,0,0%
3316,2025-08-25,Miss A Bell,1,0,0%,0,0%,0,0,0%,0,0%,0,0,0%,0,0%,1,0,0%,0,0%,0,0,0%,0,0%
3317,2025-08-25,Mrs Barclay,1138,70,6.15%,276,24.25%,663,37,5.58%,160,24.13%,354,26,7.34%,85,24.01%,36,6,16.67%,14,38.89%,85,1,1.18%,17,20.00%
3318,2025-08-25,A G Dobbin,3,0,0%,2,66.67%,0,0,0%,0,0%,0,0,0%,0,0%,3,0,0%,2,66.67%,0,0,0%,0,0%
3319,2025-08-25,Frank Bishop,162,0,0%,14,8.64%,117,0,0%,14,11.97%,45,0,0%,0,0%,0,0,0%,0,0%,0,0,0%,0,0%
3320,2025-08-25,Miss H Reveley,2,0,0%,2,100.00%,0,0,0%,0,0%,0,0,0%,0,0%,2,0,0%,2,100.00%,0,0,0%,0,0%
3321,2025-08-25,S Clark,2,0,0%,1,50.00%,0,0,0%,0,0%,0,0,0%,0,0%,2,0,0%,1,50.00%,0,0,0%,0,0%
3322,2025-08-25,J Threadgall,2,0,0%,0,0%,0,0,0%,0,0%,0,0,0%,0,0%,2,0,0%,0,0%,0,0,0%,0,0%
3323,2025-08-25,L M A Beresford,5,0,0%,0,0%,0,0,0%,0,0%,1,0,0%,0,0%,0,0,0%,0,0%,4,0,0%,0,0%
3324,2025-08-25,Mrs Phillippa Taylor,21,1,4.76%,7,33.33%,0,0,0%,0,0%,1,0,0%,0,0%,17,1,5.88%,6,35.29%,3,0,0%,1,33.33%
3325,2025-08-25,Miss Newby-vincent,1,0,0%,0,0%,0,0,0%,0,0%,0,0,0%,0,0%,1,0,0%,0,0%,0,0,0%,0,0%
3326,2025-08-25,Mrs E Mercy Mcewen,2,0,0%,0,0%,0,0,0%,0,0%,0,0,0%,0,0%,2,0,0%,0,0%,0,0,0%,0,0%
3327,2025-08-25,D J McGrath,40,2,5.00%,5,12.50%,0,0,0%,0,0%,14,0,0%,3,21.43%,13,2,15.38%,1,7.69%,13,0,0%,1,7.69%
3328,2025-08-25,Jake Slatter,10,1,10.00%,3,30.00%,0,0,0%,0,0%,1,0,0%,0,0%,9,1,11.11%,3,33.33%,0,0,0%,0,0%
3329,2025-08-25,Miss Laura Bradley,1,0,0%,0,0%,0,0,0%,0,0%,0,0,0%,0,0%,1,0,0%,0,0%,0,0,0%,0,0%
3330,2025-08-25,Miss Alexandra Mcalpine,1,0,0%,0,0%,0,0,0%,0,0%,0,0,0%,0,0%,1,0,0%,0,0%,0,0,0%,0,0%
3331,2025-08-25,Mrs B Ansell,1,0,0%,0,0%,0,0,0%,0,0%,0,0,0%,0,0%,1,0,0%,0,0%,0,0,0%,0,0%
3332,2025-08-25,T Bulgin,2,0,0%,2,100.00%,0,0,0%,0,0%,2,0,0%,2,100.00%,0,0,0%,0,0%,0,0,0%,0,0%
3333,2025-08-25,Samuel Evans,1,0,0%,0,0%,0,0,0%,0,0%,1,0,0%,0,0%,0,0,0%,0,0%,0,0,0%,0,0%
3334,2025-08-25,P J Murphy,395,35,8.86%,76,19.24%,136,15,11.03%,23,16.91%,252,20,7.94%,53,21.03%,4,0,0%,0,0%,3,0,0%,0,0%
3335,2025-08-25,Joanne Bowkett,1,0,0%,0,0%,0,0,0%,0,0%,0,0,0%,0,0%,1,0,0%,0,0%,0,0,0%,0,0%
3336,2025-08-25,Richard Edwards,6,1,16.67%,2,33.33%,0,0,0%,0,0%,0,0,0%,0,0%,6,1,16.67%,2,33.33%,0,0,0%,0,0%
3337,2025-08-25,Simon Edwards,32,0,0%,4,12.50%,0,0,0%,0,0%,7,0,0%,0,0%,3,0,0%,1,33.33%,22,0,0%,3,13.64%
3338,2025-08-25,John J Cullen,1,0,0%,0,0%,0,0,0%,0,0%,0,0,0%,0,0%,1,0,0%,0,0%,0,0,0%,0,0%
3339,2025-08-25,Mrs S Fenwick,2,0,0%,1,50.00%,0,0,0%,0,0%,0,0,0%,0,0%,2,0,0%,1,50.00%,0,0,0%,0,0%
3340,2025-08-25,Stef Keniry,346,27,7.80%,81,23.41%,92,3,3.26%,26,28.26%,155,14,9.03%,35,22.58%,30,7,23.33%,7,23.33%,69,3,4.35%,13,18.84%
3341,2025-08-25,O Brissenden,1,0,0%,0,0%,0,0,0%,0,0%,0,0,0%,0,0%,1,0,0%,0,0%,0,0,0%,0,0%
3342,2025-08-25,Mrs J Barber,1,0,0%,1,100.00%,0,0,0%,0,0%,0,0,0%,0,0%,1,0,0%,1,100.00%,0,0,0%,0,0%
3343,2025-08-25,Tim Glyshaw,1,0,0%,1,100.00%,0,0,0%,0,0%,1,0,0%,1,100.00%,0,0,0%,0,0%,0,0,0%,0,0%
3344,2025-08-25,J Reynier,13,1,7.69%,5,38.46%,1,0,0%,0,0%,12,1,8.33%,5,41.67%,0,0,0%,0,0%,0,0,0%,0,0%
3345,2025-08-25,Y Durepaire,1,0,0%,0,0%,0,0,0%,0,0%,1,0,0%,0,0%,0,0,0%,0,0%,0,0,0%,0,0%
3346,2025-08-25,Mme G Rarick,1,0,0%,0,0%,0,0,0%,0,0%,1,0,0%,0,0%,0,0,0%,0,0%,0,0,0%,0,0%
3347,2025-08-25,Ryan Chapman,51,1,1.96%,9,17.65%,0,0,0%,0,0%,2,0,0%,0,0%,13,1,7.69%,3,23.08%,36,0,0%,6,16.67%
3348,2025-08-25,Harry Dunlop,1,0,0%,0,0%,0,0,0%,0,0%,1,0,0%,0,0%,0,0,0%,0,0%,0,0,0%,0,0%
3349,2025-08-25,Stephen Hanlon,45,6,13.33%,13,28.89%,23,3,13.04%,8,34.78%,0,0,0%,0,0%,2,0,0%,1,50.00%,20,3,15.00%,4,20.00%
3350,2025-08-25,Gearoid O'loughlin,181,14,7.73%,41,22.65%,6,0,0%,2,33.33%,27,0,0%,7,25.93%,69,8,11.59%,18,26.09%,79,6,7.59%,14,17.72%
3351,2025-08-25,Paul George,283,22,7.77%,93,32.86%,129,4,3.10%,37,28.68%,149,18,12.08%,54,36.24%,0,0,0%,0,0%,5,0,0%,2,40.00%
3352,2025-08-25,Helen Cuthbert,87,2,2.30%,19,21.84%,71,2,2.82%,17,23.94%,16,0,0%,2,12.50%,0,0,0%,0,0%,0,0,0%,0,0%
3353,2025-08-25,Mrs Magnier,73,2,2.74%,21,28.77%,14,1,7.14%,2,14.29%,40,0,0%,11,27.50%,1,0,0%,0,0%,18,1,5.56%,8,44.44%
3354,2025-08-25,Marjorie Fife,1,0,0%,1,100.00%,0,0,0%,0,0%,1,0,0%,1,100.00%,0,0,0%,0,0%,0,0,0%,0,0%
3355,2025-08-25,Miss M A Duggan,1,0,0%,0,0%,0,0,0%,0,0%,0,0,0%,0,0%,0,0,0%,0,0%,1,0,0%,0,0%
3356,2025-08-25,Gillian Scott,323,14,4.33%,61,18.89%,44,1,2.27%,13,29.55%,190,11,5.79%,36,18.95%,5,0,0%,0,0%,84,2,2.38%,12,14.29%
3357,2025-08-25,Mrs D O'neill,115,2,1.74%,31,26.96%,5,0,0%,0,0%,4,0,0%,0,0%,35,1,2.86%,10,28.57%,71,1,1.41%,21,29.58%
3358,2025-08-25,Julia Saunders,1,0,0%,0,0%,0,0,0%,0,0%,0,0,0%,0,0%,0,0,0%,0,0%,1,0,0%,0,0%
3359,2025-08-25,R J Armson,140,5,3.57%,43,30.71%,0,0,0%,0,0%,5,0,0%,0,0%,65,3,4.62%,23,35.38%,70,2,2.86%,20,28.57%
3360,2025-08-25,Zdenek Koplik,1,0,0%,1,100.00%,0,0,0%,0,0%,1,0,0%,1,100.00%,0,0,0%,0,0%,0,0,0%,0,0%
3361,2025-08-25,C Hamilton,11,1,9.09%,3,27.27%,0,0,0%,0,0%,0,0,0%,0,0%,9,1,11.11%,3,33.33%,2,0,0%,0,0%
3362,2025-08-25,Samuel Farrell,20,0,0%,5,25.00%,5,0,0%,0,0%,15,0,0%,5,33.33%,0,0,0%,0,0%,0,0,0%,0,0%
3363,2025-08-25,R P Cody,517,46,8.90%,157,30.37%,66,4,6.06%,23,34.85%,236,16,6.78%,65,27.54%,29,7,24.14%,8,27.59%,186,19,10.22%,61,32.80%
3364,2025-08-25,Leonard Paul Flynn,160,4,2.50%,13,8.13%,1,0,0%,0,0%,71,2,2.82%,3,4.23%,8,1,12.50%,3,37.50%,80,1,1.25%,7,8.75%
3365,2025-08-25,Una Corcoran,36,2,5.56%,1,2.78%,1,0,0%,1,100.00%,9,1,11.11%,0,0%,3,0,0%,0,0%,23,1,4.35%,0,0%
3366,2025-08-25,Andrew Hughes,100,6,6.00%,17,17.00%,19,0,0%,3,15.79%,78,6,7.69%,12,15.38%,0,0,0%,0,0%,3,0,0%,2,66.67%
3367,2025-08-25,Daragh Bourke,353,29,8.22%,106,30.03%,40,5,12.50%,11,27.50%,35,5,14.29%,13,37.14%,21,2,9.52%,6,28.57%,257,17,6.61%,76,29.57%
3368,2025-08-25,Gary McGill,160,12,7.50%,34,21.25%,3,0,0%,2,66.67%,41,1,2.44%,7,17.07%,4,0,0%,0,0%,112,11,9.82%,25,22.32%
3369,2025-08-25,Michael F Croke,1,0,0%,0,0%,0,0,0%,0,0%,1,0,0%,0,0%,0,0,0%,0,0%,0,0,0%,0,0%
3370,2025-08-25,A Lacombe,1,0,0%,1,100.00%,0,0,0%,0,0%,0,0,0%,0,0%,0,0,0%,0,0%,1,0,0%,1,100.00%
3371,2025-08-25,Patrick J F Hassett,81,1,1.23%,14,17.28%,0,0,0%,0,0%,14,0,0%,1,7.14%,25,0,0%,7,28.00%,42,1,2.38%,6,14.29%
3372,2025-08-25,William Best-turner,2,0,0%,0,0%,0,0,0%,0,0%,2,0,0%,0,0%,0,0,0%,0,0%,0,0,0%,0,0%
3373,2025-08-25,Major H A Wallace,4,0,0%,1,25.00%,0,0,0%,0,0%,0,0,0%,0,0%,4,0,0%,1,25.00%,0,0,0%,0,0%
3374,2025-08-25,Mrs K Bandey,6,0,0%,1,16.67%,0,0,0%,0,0%,0,0,0%,0,0%,6,0,0%,1,16.67%,0,0,0%,0,0%
3375,2025-08-25,T M Frost,8,0,0%,3,37.50%,0,0,0%,0,0%,0,0,0%,0,0%,8,0,0%,3,37.50%,0,0,0%,0,0%
3376,2025-08-25,A Lake,1,0,0%,1,100.00%,0,0,0%,0,0%,0,0,0%,0,0%,1,0,0%,1,100.00%,0,0,0%,0,0%
3377,2025-08-25,James A Fahey,277,12,4.33%,61,22.02%,2,0,0%,0,0%,76,2,2.63%,15,19.74%,34,2,5.88%,6,17.65%,165,8,4.85%,40,24.24%
3378,2025-08-25,Max Comley,98,4,4.08%,13,13.27%,1,0,0%,1,100.00%,10,0,0%,0,0%,27,0,0%,2,7.41%,60,4,6.67%,10,16.67%
3379,2025-08-25,Michael W O'meara,124,10,8.06%,27,21.77%,27,3,11.11%,8,29.63%,87,7,8.05%,19,21.84%,0,0,0%,0,0%,10,0,0%,0,0%
3380,2025-08-25,Miss H Welch,1,0,0%,0,0%,0,0,0%,0,0%,0,0,0%,0,0%,1,0,0%,0,0%,0,0,0%,0,0%
3381,2025-08-25,B A Murphy,96,3,3.13%,18,18.75%,22,0,0%,9,40.91%,71,3,4.23%,8,11.27%,0,0,0%,0,0%,3,0,0%,1,33.33%
3382,2025-08-25,Rob Cundy,6,0,0%,1,16.67%,0,0,0%,0,0%,0,0,0%,0,0%,6,0,0%,1,16.67%,0,0,0%,0,0%
3383,2025-08-25,T Garton,1,0,0%,0,0%,0,0,0%,0,0%,0,0,0%,0,0%,1,0,0%,0,0%,0,0,0%,0,0%
3384,2025-08-25,Patrick Eugene Turley,113,6,5.31%,35,30.97%,8,1,12.50%,0,0%,47,1,2.13%,18,38.30%,19,1,5.26%,10,52.63%,39,3,7.69%,7,17.95%
3385,2025-08-25,Mark J Scallan,54,2,3.70%,17,31.48%,0,0,0%,0,0%,27,1,3.70%,8,29.63%,6,0,0%,2,33.33%,21,1,4.76%,7,33.33%
3386,2025-08-25,Michael Goff,12,2,16.67%,2,16.67%,0,0,0%,0,0%,10,2,20.00%,2,20.00%,0,0,0%,0,0%,0,0,0%,0,0%
3387,2025-08-25,Kate Harrington,2,0,0%,0,0%,0,0,0%,0,0%,2,0,0%,0,0%,0,0,0%,0,0%,0,0,0%,0,0%
3388,2025-08-25,C J Casey,1,0,0%,0,0%,0,0,0%,0,0%,1,0,0%,0,0%,0,0,0%,0,0%,0,0,0%,0,0%
3389,2025-08-25,Shane Hassett,2,0,0%,1,50.00%,0,0,0%,0,0%,2,0,0%,1,50.00%,0,0,0%,0,0%,0,0,0%,0,0%
3390,2025-08-25,Rodney Ian Arthur,1,0,0%,0,0%,0,0,0%,0,0%,1,0,0%,0,0%,0,0,0%,0,0%,0,0,0%,0,0%
3391,2025-08-25,Paul E Ryan,1,0,0%,0,0%,0,0,0%,0,0%,1,0,0%,0,0%,0,0,0%,0,0%,0,0,0%,0,0%
3392,2025-08-25,Stephen G Carey,144,15,10.42%,43,29.86%,3,0,0%,0,0%,37,3,8.11%,9,24.32%,28,2,7.14%,11,39.29%,76,10,13.16%,23,30.26%
3393,2025-08-25,Lyle Andrew,1,0,0%,0,0%,0,0,0%,0,0%,1,0,0%,0,0%,0,0,0%,0,0%,0,0,0%,0,0%
3394,2025-08-25,Cathy M Hamilton,1,0,0%,0,0%,0,0,0%,0,0%,1,0,0%,0,0%,0,0,0%,0,0%,0,0,0%,0,0%
3395,2025-08-25,M J Berry,1,0,0%,0,0%,0,0,0%,0,0%,1,0,0%,0,0%,0,0,0%,0,0%,0,0,0%,0,0%
3396,2025-08-25,Ciaran M Murphy,704,43,6.11%,168,23.86%,108,14,12.96%,21,19.44%,256,12,4.69%,61,23.83%,134,6,4.48%,48,35.82%,206,11,5.34%,38,18.45%
3397,2025-08-25,Robert Bevis,63,6,9.52%,15,23.81%,0,0,0%,0,0%,5,0,0%,1,20.00%,21,4,19.05%,5,23.81%,37,2,5.41%,9,24.32%
3398,2025-08-25,Antony Burks,5,0,0%,1,20.00%,0,0,0%,0,0%,0,0,0%,0,0%,5,0,0%,1,20.00%,0,0,0%,0,0%
3399,2025-08-25,Miss C R Crane,10,0,0%,3,30.00%,0,0,0%,0,0%,0,0,0%,0,0%,10,0,0%,3,30.00%,0,0,0%,0,0%
3400,2025-08-25,A Fielding,2,0,0%,2,100.00%,0,0,0%,0,0%,0,0,0%,0,0%,2,0,0%,2,100.00%,0,0,0%,0,0%
3401,2025-08-25,Liam Bailey,736,39,5.30%,225,30.57%,183,5,2.73%,54,29.51%,509,31,6.09%,162,31.83%,10,1,10.00%,2,20.00%,34,2,5.88%,7,20.59%
3402,2025-08-25,Miss K Smith,3,0,0%,1,33.33%,0,0,0%,0,0%,0,0,0%,0,0%,3,0,0%,1,33.33%,0,0,0%,0,0%
3403,2025-08-25,Miss A E McClung,4,0,0%,0,0%,0,0,0%,0,0%,0,0,0%,0,0%,4,0,0%,0,0%,0,0,0%,0,0%
3404,2025-08-25,Miss L E A Doyle,11,0,0%,2,18.18%,0,0,0%,0,0%,2,0,0%,0,0%,0,0,0%,0,0%,9,0,0%,2,22.22%
3405,2025-08-25,Douglas Gittins,1,0,0%,0,0%,0,0,0%,0,0%,0,0,0%,0,0%,1,0,0%,0,0%,0,0,0%,0,0%
3406,2025-08-25,Phillip Makin,1016,65,6.40%,317,31.20%,432,30,6.94%,131,30.32%,584,35,5.99%,186,31.85%,0,0,0%,0,0%,0,0,0%,0,0%
3407,2025-08-25,N R P Williams,5,1,20.00%,3,60.00%,0,0,0%,0,0%,0,0,0%,0,0%,5,1,20.00%,3,60.00%,0,0,0%,0,0%
3408,2025-08-25,Joshua Guerriero,9,3,33.33%,1,11.11%,0,0,0%,0,0%,0,0,0%,0,0%,9,3,33.33%,1,11.11%,0,0,0%,0,0%
3409,2025-08-25,M Ainsworth,1,0,0%,0,0%,0,0,0%,0,0%,0,0,0%,0,0%,1,0,0%,0,0%,0,0,0%,0,0%
3410,2025-08-25,N McCluskey,214,5,2.34%,34,15.89%,4,0,0%,0,0%,21,0,0%,2,9.52%,35,0,0%,5,14.29%,154,5,3.25%,27,17.53%
3411,2025-08-25,J Marshall,2,0,0%,2,100.00%,0,0,0%,0,0%,0,0,0%,0,0%,2,0,0%,2,100.00%,0,0,0%,0,0%
3412,2025-08-25,C Robson,4,0,0%,2,50.00%,0,0,0%,0,0%,0,0,0%,0,0%,4,0,0%,2,50.00%,0,0,0%,0,0%
3413,2025-08-25,Mrs Claire Wonnacott,1,1,100.00%,0,0%,0,0,0%,0,0%,0,0,0%,0,0%,1,1,100.00%,0,0%,0,0,0%,0,0%
3414,2025-08-25,M J Linehan,4,0,0%,3,75.00%,0,0,0%,0,0%,2,0,0%,2,100.00%,2,0,0%,1,50.00%,0,0,0%,0,0%
3415,2025-08-25,Miss Lucy Brown,7,0,0%,1,14.29%,0,0,0%,0,0%,1,0,0%,0,0%,6,0,0%,1,16.67%,0,0,0%,0,0%
3416,2025-08-25,Daniele Camuffo,7,0,0%,3,42.86%,0,0,0%,0,0%,7,0,0%,3,42.86%,0,0,0%,0,0%,0,0,0%,0,0%
3417,2025-08-25,Terence Leonard,18,0,0%,5,27.78%,0,0,0%,0,0%,4,0,0%,1,25.00%,14,0,0%,4,28.57%,0,0,0%,0,0%
3418,2025-08-25,Miss C Walton,4,0,0%,1,25.00%,0,0,0%,0,0%,0,0,0%,0,0%,4,0,0%,1,25.00%,0,0,0%,0,0%
3419,2025-08-25,Alexander Gibbons,27,0,0%,4,14.81%,0,0,0%,0,0%,1,0,0%,0,0%,5,0,0%,1,20.00%,21,0,0%,3,14.29%
3420,2025-08-25,T Faulkner,157,13,8.28%,20,12.74%,81,12,14.81%,7,8.64%,56,1,1.79%,11,19.64%,5,0,0%,2,40.00%,15,0,0%,0,0%
3421,2025-08-25,Richard A Foley,62,2,3.23%,15,24.19%,1,0,0%,0,0%,19,1,5.26%,1,5.26%,1,0,0%,0,0%,41,1,2.44%,14,34.15%
3422,2025-08-25,Alan Donoghue,110,1,0.91%,16,14.55%,0,0,0%,0,0%,12,0,0%,5,41.67%,0,0,0%,0,0%,98,1,1.02%,11,11.22%
3423,2025-08-25,Mary E Doyle,96,5,5.21%,26,27.08%,1,0,0%,0,0%,39,1,2.56%,8,20.51%,8,0,0%,5,62.50%,48,4,8.33%,13,27.08%
3424,2025-08-25,David Nolan,1,0,0%,0,0%,0,0,0%,0,0%,1,0,0%,0,0%,0,0,0%,0,0%,0,0,0%,0,0%
3425,2025-08-25,Kieran Roche,8,0,0%,2,25.00%,0,0,0%,0,0%,8,0,0%,2,25.00%,0,0,0%,0,0%,0,0,0%,0,0%
3426,2025-08-25,Matthew Flynn O'Connor,15,1,6.67%,8,53.33%,0,0,0%,0,0%,15,1,6.67%,8,53.33%,0,0,0%,0,0%,0,0,0%,0,0%
3427,2025-08-25,Virginia Considine,5,0,0%,2,40.00%,0,0,0%,0,0%,5,0,0%,2,40.00%,0,0,0%,0,0%,0,0,0%,0,0%
3428,2025-08-25,Geoff Power,1,0,0%,0,0%,0,0,0%,0,0%,1,0,0%,0,0%,0,0,0%,0,0%,0,0,0%,0,0%
3429,2025-08-25,Sean F Gallagher,1,0,0%,0,0%,0,0,0%,0,0%,1,0,0%,0,0%,0,0,0%,0,0%,0,0,0%,0,0%
3430,2025-08-25,John G Cummins,4,0,0%,0,0%,0,0,0%,0,0%,4,0,0%,0,0%,0,0,0%,0,0%,0,0,0%,0,0%
3431,2025-08-25,Gary Carson,1,0,0%,0,0%,0,0,0%,0,0%,1,0,0%,0,0%,0,0,0%,0,0%,0,0,0%,0,0%
3432,2025-08-25,Jonathan Hagan,1,0,0%,0,0%,0,0,0%,0,0%,1,0,0%,0,0%,0,0,0%,0,0%,0,0,0%,0,0%
3433,2025-08-25,John Edward Walsh,3,1,33.33%,0,0%,0,0,0%,0,0%,3,1,33.33%,0,0%,0,0,0%,0,0%,0,0,0%,0,0%
3434,2025-08-25,Brian Mortell,74,1,1.35%,10,13.51%,0,0,0%,0,0%,11,0,0%,0,0%,51,1,1.96%,10,19.61%,12,0,0%,0,0%
3435,2025-08-25,M Hoskins,5,1,20.00%,2,40.00%,0,0,0%,0,0%,0,0,0%,0,0%,5,1,20.00%,2,40.00%,0,0,0%,0,0%
3436,2025-08-25,N McLean,3,1,33.33%,2,66.67%,0,0,0%,0,0%,0,0,0%,0,0%,3,1,33.33%,2,66.67%,0,0,0%,0,0%
3437,2025-08-25,Kim Tripp,1,0,0%,1,100.00%,0,0,0%,0,0%,0,0,0%,0,0%,1,0,0%,1,100.00%,0,0,0%,0,0%
3438,2025-08-25,Robert Hawker,1,0,0%,0,0%,0,0,0%,0,0%,0,0,0%,0,0%,1,0,0%,0,0%,0,0,0%,0,0%
3439,2025-08-25,Mrs Faye Messenger,1,0,0%,0,0%,0,0,0%,0,0%,0,0,0%,0,0%,1,0,0%,0,0%,0,0,0%,0,0%
3440,2025-08-25,T R David,3,1,33.33%,1,33.33%,0,0,0%,0,0%,0,0,0%,0,0%,3,1,33.33%,1,33.33%,0,0,0%,0,0%
3441,2025-08-25,Mrs K Bewley,1,0,0%,0,0%,0,0,0%,0,0%,0,0,0%,0,0%,1,0,0%,0,0%,0,0,0%,0,0%
3452,2025-08-25,Camilla Poulton,217,11,5.07%,37,17.05%,101,7,6.93%,18,17.82%,63,2,3.17%,8,12.70%,0,0,0%,0,0%,53,2,3.77%,11,20.75%
3453,2025-08-25,Brian F McCarthy,3,0,0%,0,0%,0,0,0%,0,0%,1,0,0%,0,0%,2,0,0%,0,0%,0,0,0%,0,0%
3454,2025-08-25,D J Jeffreys,735,61,8.30%,177,24.08%,28,1,3.57%,4,14.29%,71,5,7.04%,16,22.54%,151,20,13.25%,36,23.84%,485,35,7.22%,121,24.95%
3455,2025-08-25,Brooke Gardener-wollen,1,0,0%,1,100.00%,0,0,0%,0,0%,0,0,0%,0,0%,1,0,0%,1,100.00%,0,0,0%,0,0%
3456,2025-08-25,Noel R Wilson,1,0,0%,0,0%,0,0,0%,0,0%,0,0,0%,0,0%,1,0,0%,0,0%,0,0,0%,0,0%
3457,2025-08-25,N B Thomson,3,1,33.33%,0,0%,0,0,0%,0,0%,0,0,0%,0,0%,3,1,33.33%,0,0%,0,0,0%,0,0%
3458,2025-08-25,Louise Cabble,7,0,0%,3,42.86%,0,0,0%,0,0%,0,0,0%,0,0%,1,0,0%,0,0%,6,0,0%,3,50.00%
3459,2025-08-25,Toby Edmonds,2,0,0%,0,0%,0,0,0%,0,0%,2,0,0%,0,0%,0,0,0%,0,0%,0,0,0%,0,0%
3460,2025-08-25,James Latham,7,1,14.29%,1,14.29%,0,0,0%,0,0%,0,0,0%,0,0%,7,1,14.29%,1,14.29%,0,0,0%,0,0%
3461,2025-08-25,Miss C E Dean,3,0,0%,2,66.67%,0,0,0%,0,0%,0,0,0%,0,0%,3,0,0%,2,66.67%,0,0,0%,0,0%
3462,2025-08-25,Mrs H Mahon,3,0,0%,0,0%,0,0,0%,0,0%,0,0,0%,0,0%,3,0,0%,0,0%,0,0,0%,0,0%
3463,2025-08-25,Paul Broughton,1,0,0%,0,0%,0,0,0%,0,0%,0,0,0%,0,0%,1,0,0%,0,0%,0,0,0%,0,0%
3464,2025-08-25,Lucinda Ticehurst,2,0,0%,0,0%,0,0,0%,0,0%,0,0,0%,0,0%,2,0,0%,0,0%,0,0,0%,0,0%
3465,2025-08-25,D White,1,0,0%,1,100.00%,0,0,0%,0,0%,1,0,0%,1,100.00%,0,0,0%,0,0%,0,0,0%,0,0%
3466,2025-08-25,Jazmin Hosgood,1,0,0%,0,0%,0,0,0%,0,0%,1,0,0%,0,0%,0,0,0%,0,0%,0,0,0%,0,0%
3467,2025-08-25,Joseph Orseno,1,0,0%,0,0%,0,0,0%,0,0%,1,0,0%,0,0%,0,0,0%,0,0%,0,0,0%,0,0%
3468,2025-08-25,Michael Pitman,2,0,0%,0,0%,0,0,0%,0,0%,2,0,0%,0,0%,0,0,0%,0,0%,0,0,0%,0,0%
3469,2025-08-25,M Hashida,6,1,16.67%,2,33.33%,0,0,0%,0,0%,6,1,16.67%,2,33.33%,0,0,0%,0,0%,0,0,0%,0,0%
3470,2025-08-25,P&f Monfort,1,0,0%,1,100.00%,1,0,0%,1,100.00%,0,0,0%,0,0%,0,0,0%,0,0%,0,0,0%,0,0%
3471,2025-08-25,V Luka jr,1,0,0%,1,100.00%,0,0,0%,0,0%,1,0,0%,1,100.00%,0,0,0%,0,0%,0,0,0%,0,0%
3472,2025-08-25,Miss Miss J Ellis,7,0,0%,0,0%,0,0,0%,0,0%,7,0,0%,0,0%,0,0,0%,0,0%,0,0,0%,0,0%
3473,2025-08-25,G Hernon,6,0,0%,2,33.33%,2,0,0%,1,50.00%,4,0,0%,1,25.00%,0,0,0%,0,0%,0,0,0%,0,0%
3474,2025-08-25,Leanne Breen,312,15,4.81%,55,17.63%,160,9,5.63%,25,15.63%,145,6,4.14%,30,20.69%,0,0,0%,0,0%,7,0,0%,0,0%
3475,2025-08-25,Paul Traynor,250,15,6.00%,41,16.40%,27,0,0%,2,7.41%,95,7,7.37%,18,18.95%,25,2,8.00%,7,28.00%,103,6,5.83%,14,13.59%
3476,2025-08-25,Jason Ward,144,4,2.78%,29,20.14%,57,1,1.75%,9,15.79%,87,3,3.45%,20,22.99%,0,0,0%,0,0%,0,0,0%,0,0%
3477,2025-08-25,Barry J Fitzgerald,327,32,9.79%,60,18.35%,42,7,16.67%,5,11.90%,167,18,10.78%,27,16.17%,3,0,0%,1,33.33%,115,7,6.09%,27,23.48%
3478,2025-08-25,George Boughey,2156,356,16.51%,755,35.02%,1140,186,16.32%,420,36.84%,1010,169,16.73%,334,33.07%,3,1,33.33%,1,33.33%,3,0,0%,0,0%
3479,2025-08-25,John Hassett,12,1,8.33%,2,16.67%,9,1,11.11%,1,11.11%,3,0,0%,1,33.33%,0,0,0%,0,0%,0,0,0%,0,0%
3480,2025-08-25,Y Tomomichi,2,0,0%,0,0%,0,0,0%,0,0%,2,0,0%,0,0%,0,0,0%,0,0%,0,0,0%,0,0%
3481,2025-08-25,Nina Lensvik,1,0,0%,0,0%,0,0,0%,0,0%,1,0,0%,0,0%,0,0,0%,0,0%,0,0,0%,0,0%
3482,2025-08-25,Sir M Todd,221,30,13.57%,78,35.29%,110,18,16.36%,36,32.73%,106,12,11.32%,41,38.68%,0,0,0%,0,0%,5,0,0%,1,20.00%
3483,2025-08-25,Chelsea Banham,612,49,8.01%,183,29.90%,501,42,8.38%,159,31.74%,110,7,6.36%,24,21.82%,0,0,0%,0,0%,1,0,0%,0,0%
3484,2025-08-25,William Bethell,75,7,9.33%,28,37.33%,21,3,14.29%,7,33.33%,22,3,13.64%,7,31.82%,20,1,5.00%,7,35.00%,12,0,0%,7,58.33%
3485,2025-08-25,Sir Mark Todd,61,3,4.92%,22,36.07%,41,2,4.88%,17,41.46%,20,1,5.00%,5,25.00%,0,0,0%,0,0%,0,0,0%,0,0%
3486,2025-08-25,Debbie Hughes,47,0,0%,5,10.64%,21,0,0%,3,14.29%,26,0,0%,2,7.69%,0,0,0%,0,0%,0,0,0%,0,0%
3487,2025-08-25,Tom Ward,805,83,10.31%,297,36.89%,438,47,10.73%,174,39.73%,363,36,9.92%,121,33.33%,0,0,0%,0,0%,4,0,0%,2,50.00%
3488,2025-08-25,Robert Widger,101,11,10.89%,19,18.81%,3,0,0%,0,0%,4,1,25.00%,1,25.00%,17,5,29.41%,5,29.41%,77,5,6.49%,13,16.88%
3489,2025-08-25,Paula Smith,97,3,3.09%,17,17.53%,4,0,0%,0,0%,3,0,0%,0,0%,31,2,6.45%,9,29.03%,59,1,1.69%,8,13.56%
3490,2025-08-25,Patrick Owens,269,23,8.55%,76,28.25%,58,2,3.45%,13,22.41%,211,21,9.95%,63,29.86%,0,0,0%,0,0%,0,0,0%,0,0%
3491,2025-08-25,P Hennessy,33,5,15.15%,5,15.15%,0,0,0%,0,0%,6,0,0%,0,0%,2,0,0%,0,0%,25,5,20.00%,5,20.00%
3492,2025-08-25,T Lawes,385,54,14.03%,122,31.69%,14,2,14.29%,3,21.43%,39,7,17.95%,8,20.51%,117,21,17.95%,35,29.91%,215,24,11.16%,76,35.35%
3493,2025-08-25,Tjade Collier,225,18,8.00%,60,26.67%,41,5,12.20%,9,21.95%,65,3,4.62%,13,20.00%,35,6,17.14%,14,40.00%,84,4,4.76%,24,28.57%
3494,2025-08-25,Oliver Signy,236,29,12.29%,61,25.85%,14,0,0%,3,21.43%,41,4,9.76%,15,36.59%,36,11,30.56%,5,13.89%,145,14,9.66%,38,26.21%
3495,2025-08-25,James Ferguson,701,96,13.69%,262,37.38%,343,58,16.91%,139,40.52%,358,38,10.61%,123,34.36%,0,0,0%,0,0%,0,0,0%,0,0%
3496,2025-08-25,Simon Pearce,535,55,10.28%,133,24.86%,336,46,13.69%,91,27.08%,165,7,4.24%,33,20.00%,2,0,0%,1,50.00%,32,2,6.25%,8,25.00%
3497,2025-08-25,Declan Wall,32,0,0%,5,15.63%,14,0,0%,0,0%,9,0,0%,3,33.33%,0,0,0%,0,0%,9,0,0%,2,22.22%
3498,2025-08-25,A Adeline De Boisbrunet,1,0,0%,0,0%,0,0,0%,0,0%,0,0,0%,0,0%,1,0,0%,0,0%,0,0,0%,0,0%
3499,2025-08-25,Conor O'Keeffe,37,0,0%,6,16.22%,0,0,0%,0,0%,11,0,0%,2,18.18%,0,0,0%,0,0%,26,0,0%,4,15.38%
3500,2025-08-25,C & D Eustace,3,0,0%,0,0%,0,0,0%,0,0%,0,0,0%,0,0%,0,0,0%,0,0%,3,0,0%,0,0%
3501,2025-08-25,Niall Egan,60,4,6.67%,15,25.00%,20,1,5.00%,6,30.00%,40,3,7.50%,9,22.50%,0,0,0%,0,0%,0,0,0%,0,0%
3502,2025-08-25,Aidan Fitzgerald,14,0,0%,6,42.86%,0,0,0%,0,0%,11,0,0%,6,54.55%,3,0,0%,0,0%,0,0,0%,0,0%
3503,2025-08-25,Donnacha O'Brien,809,107,13.23%,299,36.96%,89,17,19.10%,33,37.08%,720,90,12.50%,266,36.94%,0,0,0%,0,0%,0,0,0%,0,0%
3504,2025-08-25,J W Stevenson,2,0,0%,0,0%,0,0,0%,0,0%,0,0,0%,0,0%,2,0,0%,0,0%,0,0,0%,0,0%
3505,2025-08-25,Rodney Arthur,5,0,0%,0,0%,0,0,0%,0,0%,0,0,0%,0,0%,5,0,0%,0,0%,0,0,0%,0,0%
3506,2025-08-25,Patrick Magee,326,18,5.52%,55,16.87%,23,1,4.35%,4,17.39%,220,12,5.45%,33,15.00%,4,0,0%,1,25.00%,78,5,6.41%,17,21.79%
3507,2025-08-25,Les Eyre,1,0,0%,0,0%,1,0,0%,0,0%,0,0,0%,0,0%,0,0,0%,0,0%,0,0,0%,0,0%
3508,2025-08-25,S W Byrne,2,0,0%,1,50.00%,0,0,0%,0,0%,0,0,0%,0,0%,2,0,0%,1,50.00%,0,0,0%,0,0%
3509,2025-08-25,J W Furness,1,0,0%,0,0%,0,0,0%,0,0%,0,0,0%,0,0%,1,0,0%,0,0%,0,0,0%,0,0%
3510,2025-08-25,Mrs O'neill,6,0,0%,2,33.33%,0,0,0%,0,0%,0,0,0%,0,0%,6,0,0%,2,33.33%,0,0,0%,0,0%
3511,2025-08-25,Y Mathijs,1,0,0%,0,0%,0,0,0%,0,0%,1,0,0%,0,0%,0,0,0%,0,0%,0,0,0%,0,0%
3512,2025-08-25,Mark Palmer,1,0,0%,0,0%,0,0,0%,0,0%,0,0,0%,0,0%,1,0,0%,0,0%,0,0,0%,0,0%
3513,2025-08-25,J Ibbott,3,1,33.33%,2,66.67%,0,0,0%,0,0%,0,0,0%,0,0%,3,1,33.33%,2,66.67%,0,0,0%,0,0%
3514,2025-08-25,J Merienne,1,0,0%,1,100.00%,0,0,0%,0,0%,0,0,0%,0,0%,0,0,0%,0,0%,1,0,0%,1,100.00%
3515,2025-08-25,A Marcialis,1,0,0%,0,0%,1,0,0%,0,0%,0,0,0%,0,0%,0,0,0%,0,0%,0,0,0%,0,0%
3516,2025-08-25,Cian M Collins,256,18,7.03%,45,17.58%,15,1,6.67%,2,13.33%,32,3,9.38%,7,21.88%,69,2,2.90%,19,27.54%,140,12,8.57%,17,12.14%
3517,2025-08-25,Peter Cribbin,3,0,0%,1,33.33%,0,0,0%,0,0%,2,0,0%,0,0%,0,0,0%,0,0%,0,0,0%,0,0%
3518,2025-08-25,Barry K Walsh,2,0,0%,0,0%,0,0,0%,0,0%,2,0,0%,0,0%,0,0,0%,0,0%,0,0,0%,0,0%
3519,2025-08-25,Michael Maguire,11,0,0%,1,9.09%,0,0,0%,0,0%,1,0,0%,1,100.00%,1,0,0%,0,0%,9,0,0%,0,0%
3520,2025-08-25,Mrs C Williams,1,0,0%,1,100.00%,0,0,0%,0,0%,0,0,0%,0,0%,1,0,0%,1,100.00%,0,0,0%,0,0%
3521,2025-08-25,Miss Emma Richards,1,0,0%,0,0%,0,0,0%,0,0%,0,0,0%,0,0%,1,0,0%,0,0%,0,0,0%,0,0%
3522,2025-08-25,Joseph Parr,679,78,11.49%,239,35.20%,386,44,11.40%,134,34.72%,286,34,11.89%,103,36.01%,2,0,0%,1,50.00%,5,0,0%,1,20.00%
3523,2025-08-25,Ms Katherine Davis,1,0,0%,1,100.00%,0,0,0%,0,0%,0,0,0%,0,0%,1,0,0%,1,100.00%,0,0,0%,0,0%
3524,2025-08-25,O J Pimlott,5,1,20.00%,2,40.00%,0,0,0%,0,0%,0,0,0%,0,0%,5,1,20.00%,2,40.00%,0,0,0%,0,0%
3525,2025-08-25,P D Robson,1,0,0%,0,0%,0,0,0%,0,0%,0,0,0%,0,0%,1,0,0%,0,0%,0,0,0%,0,0%
3526,2025-08-25,Terry Kent,406,51,12.56%,102,25.12%,190,28,14.74%,59,31.05%,216,23,10.65%,43,19.91%,0,0,0%,0,0%,0,0,0%,0,0%
3527,2025-08-25,L J Morgan,755,110,14.57%,214,28.34%,33,0,0%,9,27.27%,76,11,14.47%,27,35.53%,314,67,21.34%,91,28.98%,332,32,9.64%,87,26.20%
3528,2025-08-25,Maxwell Young,328,14,4.27%,54,16.46%,29,1,3.45%,1,3.45%,17,1,5.88%,3,17.65%,96,3,3.13%,21,21.88%,186,9,4.84%,29,15.59%
3529,2025-08-25,Kevin Michael Smith,190,8,4.21%,39,20.53%,51,4,7.84%,8,15.69%,81,2,2.47%,18,22.22%,3,0,0%,0,0%,55,2,3.64%,13,23.64%
3530,2025-08-25,Barry Connell,277,47,16.97%,74,26.71%,8,0,0%,1,12.50%,33,9,27.27%,10,30.30%,77,13,16.88%,13,16.88%,159,25,15.72%,50,31.45%
3531,2025-08-25,Sylvester Kirk,1,0,0%,0,0%,0,0,0%,0,0%,1,0,0%,0,0%,0,0,0%,0,0%,0,0,0%,0,0%
3532,2025-08-25,Ryan Potter,442,39,8.82%,123,27.83%,28,0,0%,6,21.43%,23,0,0%,6,26.09%,143,19,13.29%,54,37.76%,248,20,8.06%,57,22.98%
3533,2025-08-25,P&J Brandt,2,0,0%,0,0%,1,0,0%,0,0%,1,0,0%,0,0%,0,0,0%,0,0%,0,0,0%,0,0%
3534,2025-08-25,Craig O'Neill,48,5,10.42%,6,12.50%,19,3,15.79%,3,15.79%,29,2,6.90%,3,10.34%,0,0,0%,0,0%,0,0,0%,0,0%
3535,2025-08-25,Liam G O'brien,130,9,6.92%,12,9.23%,10,0,0%,1,10.00%,38,0,0%,2,5.26%,9,2,22.22%,2,22.22%,73,7,9.59%,7,9.59%
3536,2025-08-25,Adam Robson,17,1,5.88%,4,23.53%,0,0,0%,0,0%,1,0,0%,0,0%,4,1,25.00%,1,25.00%,12,0,0%,3,25.00%
3537,2025-08-25,Hilal Kobeissi,148,10,6.76%,42,28.38%,76,4,5.26%,22,28.95%,72,6,8.33%,20,27.78%,0,0,0%,0,0%,0,0,0%,0,0%
3538,2025-08-25,Richard Daniels,43,2,4.65%,11,25.58%,0,0,0%,0,0%,1,0,0%,0,0%,9,1,11.11%,3,33.33%,33,1,3.03%,8,24.24%
3539,2025-08-25,Daniel Brooke,2,0,0%,1,50.00%,0,0,0%,0,0%,0,0,0%,0,0%,0,0,0%,0,0%,2,0,0%,1,50.00%
3540,2025-08-25,Charles & Pogson,298,34,11.41%,90,30.20%,5,0,0%,1,20.00%,12,0,0%,0,0%,128,21,16.41%,40,31.25%,153,13,8.50%,49,32.03%
3541,2025-08-25,Danny Brooke,30,1,3.33%,7,23.33%,13,1,7.69%,2,15.38%,1,0,0%,1,100.00%,3,0,0%,0,0%,13,0,0%,4,30.77%
3542,2025-08-25,Liam Treacy,12,0,0%,1,8.33%,2,0,0%,0,0%,5,0,0%,1,20.00%,0,0,0%,0,0%,5,0,0%,0,0%
3543,2025-08-25,Jayne Hearne,58,3,5.17%,10,17.24%,0,0,0%,0,0%,9,0,0%,3,33.33%,1,1,100.00%,0,0%,48,2,4.17%,7,14.58%
3544,2025-08-25,Louise G Lyons,189,12,6.35%,41,21.69%,3,0,0%,0,0%,24,1,4.17%,4,16.67%,51,6,11.76%,17,33.33%,111,5,4.50%,20,18.02%
3545,2025-08-25,Jessica Macey,790,69,8.73%,233,29.49%,458,44,9.61%,137,29.91%,332,25,7.53%,96,28.92%,0,0,0%,0,0%,0,0,0%,0,0%
3546,2025-08-25,Chris Mcsharry,37,0,0%,19,51.35%,5,0,0%,2,40.00%,10,0,0%,7,70.00%,1,0,0%,1,100.00%,21,0,0%,9,42.86%
3547,2025-08-25,Gerard Lawless,4,0,0%,0,0%,0,0,0%,0,0%,2,0,0%,0,0%,2,0,0%,0,0%,0,0,0%,0,0%
3548,2025-08-25,R R Evans,2,0,0%,0,0%,0,0,0%,0,0%,1,0,0%,0,0%,0,0,0%,0,0%,1,0,0%,0,0%
3549,2025-08-25,Peter Lawlor,107,12,11.21%,21,19.63%,34,5,14.71%,7,20.59%,69,7,10.14%,13,18.84%,0,0,0%,0,0%,4,0,0%,1,25.00%
3550,2025-08-25,Kevin Philippart De Foy,1033,153,14.81%,370,35.82%,558,88,15.77%,212,37.99%,474,65,13.71%,157,33.12%,1,0,0%,1,100.00%,0,0,0%,0,0%
3551,2025-08-25,Sarah Bowen,16,0,0%,2,12.50%,0,0,0%,0,0%,0,0,0%,0,0%,5,0,0%,2,40.00%,11,0,0%,0,0%
3552,2025-08-25,Toby Bulgin,68,8,11.76%,19,27.94%,3,0,0%,1,33.33%,21,3,14.29%,2,9.52%,19,3,15.79%,6,31.58%,25,2,8.00%,10,40.00%
3553,2025-08-25,Adam Nicol,156,14,8.97%,49,31.41%,42,5,11.90%,13,30.95%,41,8,19.51%,12,29.27%,13,0,0%,5,38.46%,60,1,1.67%,19,31.67%
3554,2025-08-25,Katharine Davis,80,1,1.25%,12,15.00%,6,0,0%,1,16.67%,7,0,0%,1,14.29%,13,1,7.69%,5,38.46%,54,0,0%,5,9.26%
3555,2025-08-25,Jonathan Sheppard,1,0,0%,1,100.00%,0,0,0%,0,0%,0,0,0%,0,0%,0,0,0%,0,0%,1,0,0%,1,100.00%
3556,2025-08-25,Ed Bethell,590,92,15.59%,226,38.31%,187,24,12.83%,75,40.11%,402,68,16.92%,151,37.56%,0,0,0%,0,0%,1,0,0%,0,0%
3557,2025-08-25,Alex French,99,10,10.10%,30,30.30%,60,6,10.00%,18,30.00%,39,4,10.26%,12,30.77%,0,0,0%,0,0%,0,0,0%,0,0%
3558,2025-08-25,Andy Irvine,336,22,6.55%,107,31.85%,4,0,0%,0,0%,18,0,0%,2,11.11%,100,7,7.00%,32,32.00%,214,15,7.01%,73,34.11%
3559,2025-08-25,Keri Brion,12,2,16.67%,6,50.00%,0,0,0%,0,0%,2,1,50.00%,1,50.00%,0,0,0%,0,0%,10,1,10.00%,5,50.00%
3560,2025-08-25,J P Flavin,290,23,7.93%,38,13.10%,6,1,16.67%,0,0%,21,0,0%,5,23.81%,74,8,10.81%,17,22.97%,189,14,7.41%,16,8.47%
3561,2025-08-25,Mrs Melanie Rowley,341,40,11.73%,134,39.30%,0,0,0%,0,0%,66,6,9.09%,23,34.85%,85,16,18.82%,27,31.76%,190,18,9.47%,84,44.21%
3562,2025-08-25,Mrs Lucy Smith,14,2,14.29%,9,64.29%,0,0,0%,0,0%,0,0,0%,0,0%,14,2,14.29%,9,64.29%,0,0,0%,0,0%
3563,2025-08-25,D Brooke,459,31,6.75%,104,22.66%,101,5,4.95%,30,29.70%,169,12,7.10%,37,21.89%,68,8,11.76%,17,25.00%,121,6,4.96%,20,16.53%
3564,2025-08-25,J Bedi,245,10,4.08%,38,15.51%,40,2,5.00%,4,10.00%,57,0,0%,5,8.77%,29,0,0%,4,13.79%,119,8,6.72%,25,21.01%
3565,2025-08-25,B Gibbs,29,9,31.03%,10,34.48%,0,0,0%,0,0%,3,1,33.33%,2,66.67%,26,8,30.77%,8,30.77%,0,0,0%,0,0%
3566,2025-08-25,G J Barber,8,0,0%,3,37.50%,0,0,0%,0,0%,0,0,0%,0,0%,8,0,0%,3,37.50%,0,0,0%,0,0%
3567,2025-08-25,Finbar Mulrine,1,0,0%,0,0%,0,0,0%,0,0%,0,0,0%,0,0%,1,0,0%,0,0%,0,0,0%,0,0%
3568,2025-08-25,W Biddick,15,6,40.00%,7,46.67%,0,0,0%,0,0%,1,0,0%,1,100.00%,14,6,42.86%,6,42.86%,0,0,0%,0,0%
3569,2025-08-25,B Harding,3,0,0%,3,100.00%,0,0,0%,0,0%,0,0,0%,0,0%,3,0,0%,3,100.00%,0,0,0%,0,0%
3570,2025-08-25,Miss L Walsh,1,0,0%,0,0%,0,0,0%,0,0%,0,0,0%,0,0%,1,0,0%,0,0%,0,0,0%,0,0%
3571,2025-08-25,Andrew Barker,3,0,0%,0,0%,0,0,0%,0,0%,0,0,0%,0,0%,3,0,0%,0,0%,0,0,0%,0,0%
3572,2025-08-25,R Hayton,3,0,0%,0,0%,0,0,0%,0,0%,0,0,0%,0,0%,3,0,0%,0,0%,0,0,0%,0,0%
3573,2025-08-25,A Sowray,2,0,0%,0,0%,0,0,0%,0,0%,0,0,0%,0,0%,2,0,0%,0,0%,0,0,0%,0,0%
3574,2025-08-25,Hannah Mcmahon,47,0,0%,1,2.13%,0,0,0%,0,0%,1,0,0%,0,0%,5,0,0%,0,0%,41,0,0%,1,2.44%
3575,2025-08-25,S Loxton,44,8,18.18%,12,27.27%,0,0,0%,0,0%,0,0,0%,0,0%,44,8,18.18%,12,27.27%,0,0,0%,0,0%
3576,2025-08-25,Miss H Clarke,4,0,0%,0,0%,0,0,0%,0,0%,1,0,0%,0,0%,3,0,0%,0,0%,0,0,0%,0,0%
3577,2025-08-25,Miss E Yardley,2,0,0%,2,100.00%,0,0,0%,0,0%,0,0,0%,0,0%,2,0,0%,2,100.00%,0,0,0%,0,0%
3578,2025-08-25,Miss H Jones,1,0,0%,0,0%,0,0,0%,0,0%,0,0,0%,0,0%,1,0,0%,0,0%,0,0,0%,0,0%
3579,2025-08-25,Edward Walker,12,2,16.67%,0,0%,0,0,0%,0,0%,0,0,0%,0,0%,12,2,16.67%,0,0%,0,0,0%,0,0%
3580,2025-08-25,Miss H M Mcmahon,16,0,0%,2,12.50%,0,0,0%,0,0%,0,0,0%,0,0%,16,0,0%,2,12.50%,0,0,0%,0,0%
3581,2025-08-25,R J Rexton,1,0,0%,0,0%,0,0,0%,0,0%,0,0,0%,0,0%,1,0,0%,0,0%,0,0,0%,0,0%
3582,2025-08-25,Alice Haynes,1911,207,10.83%,477,24.96%,1020,115,11.27%,268,26.27%,882,91,10.32%,205,23.24%,4,1,25.00%,2,50.00%,5,0,0%,2,40.00%
3583,2025-08-25,B Butterworth,47,3,6.38%,17,36.17%,0,0,0%,0,0%,0,0,0%,0,0%,5,0,0%,3,60.00%,42,3,7.14%,14,33.33%
3584,2025-08-25,R Edwards,2,0,0%,0,0%,0,0,0%,0,0%,0,0,0%,0,0%,2,0,0%,0,0%,0,0,0%,0,0%
3585,2025-08-25,Leanne Williamson,2,0,0%,0,0%,0,0,0%,0,0%,0,0,0%,0,0%,2,0,0%,0,0%,0,0,0%,0,0%
3586,2025-08-25,H Merienne,3,0,0%,0,0%,0,0,0%,0,0%,0,0,0%,0,0%,0,0,0%,0,0%,3,0,0%,0,0%
3587,2025-08-25,Miss Elizabeth Feakes,1,0,0%,0,0%,0,0,0%,0,0%,0,0,0%,0,0%,1,0,0%,0,0%,0,0,0%,0,0%
3588,2025-08-25,Tom Britten,10,2,20.00%,2,20.00%,0,0,0%,0,0%,0,0,0%,0,0%,10,2,20.00%,2,20.00%,0,0,0%,0,0%
3589,2025-08-25,R Llewellyn,147,20,13.61%,40,27.21%,8,0,0%,3,37.50%,11,0,0%,2,18.18%,48,6,12.50%,18,37.50%,80,14,17.50%,17,21.25%
3590,2025-08-25,Ms Jordan Devlin,1,0,0%,0,0%,0,0,0%,0,0%,0,0,0%,0,0%,1,0,0%,0,0%,0,0,0%,0,0%
3591,2025-08-25,Miss Bohemia Houghton,1,0,0%,0,0%,0,0,0%,0,0%,0,0,0%,0,0%,1,0,0%,0,0%,0,0,0%,0,0%
3592,2025-08-25,John Clark,8,0,0%,3,37.50%,0,0,0%,0,0%,0,0,0%,0,0%,8,0,0%,3,37.50%,0,0,0%,0,0%
3593,2025-08-25,W J Milburn,5,1,20.00%,3,60.00%,0,0,0%,0,0%,0,0,0%,0,0%,5,1,20.00%,3,60.00%,0,0,0%,0,0%
3594,2025-08-25,Ms Nicholls,57,4,7.02%,19,33.33%,11,1,9.09%,4,36.36%,23,2,8.70%,5,21.74%,12,1,8.33%,6,50.00%,11,0,0%,4,36.36%
3595,2025-08-25,Dennis Pugh,2,0,0%,1,50.00%,0,0,0%,0,0%,0,0,0%,0,0%,2,0,0%,1,50.00%,0,0,0%,0,0%
3596,2025-08-25,Clive Boultbee-brooks,63,7,11.11%,13,20.63%,0,0,0%,0,0%,7,0,0%,1,14.29%,23,5,21.74%,2,8.70%,33,2,6.06%,10,30.30%
3597,2025-08-25,S Hanlon,18,0,0%,10,55.56%,16,0,0%,8,50.00%,1,0,0%,1,100.00%,0,0,0%,0,0%,1,0,0%,1,100.00%
3598,2025-08-25,Miss Emma Brown,4,0,0%,2,50.00%,0,0,0%,0,0%,0,0,0%,0,0%,4,0,0%,2,50.00%,0,0,0%,0,0%
3599,2025-08-25,Rosie Howarth,5,1,20.00%,0,0%,0,0,0%,0,0%,0,0,0%,0,0%,5,1,20.00%,0,0%,0,0,0%,0,0%
3600,2025-08-25,Mrs Linda Delahooke,1,0,0%,0,0%,0,0,0%,0,0%,0,0,0%,0,0%,1,0,0%,0,0%,0,0,0%,0,0%
3601,2025-08-25,Patrick T Foley,211,18,8.53%,47,22.27%,3,0,0%,0,0%,93,9,9.68%,24,25.81%,25,2,8.00%,5,20.00%,90,7,7.78%,18,20.00%
3602,2025-08-25,Simon Cross,3,0,0%,1,33.33%,0,0,0%,0,0%,0,0,0%,0,0%,3,0,0%,1,33.33%,0,0,0%,0,0%
3604,2025-08-25,Peter Hickman,1,0,0%,0,0%,0,0,0%,0,0%,0,0,0%,0,0%,1,0,0%,0,0%,0,0,0%,0,0%
3605,2025-08-25,P J McBurney,3,0,0%,1,33.33%,0,0,0%,0,0%,3,0,0%,1,33.33%,0,0,0%,0,0%,0,0,0%,0,0%
3606,2025-08-25,Mrs T Walsh,2,0,0%,0,0%,0,0,0%,0,0%,1,0,0%,0,0%,0,0,0%,0,0%,1,0,0%,0,0%
3607,2025-08-25,Brendan Long,1,0,0%,0,0%,0,0,0%,0,0%,1,0,0%,0,0%,0,0,0%,0,0%,0,0,0%,0,0%
3608,2025-08-25,Garry Aherne,4,0,0%,1,25.00%,0,0,0%,0,0%,4,0,0%,1,25.00%,0,0,0%,0,0%,0,0,0%,0,0%
3609,2025-08-25,J V Redmond,2,0,0%,1,50.00%,0,0,0%,0,0%,2,0,0%,1,50.00%,0,0,0%,0,0%,0,0,0%,0,0%
3610,2025-08-25,Ian Donoghue,119,9,7.56%,15,12.61%,12,0,0%,1,8.33%,45,4,8.89%,2,4.44%,13,3,23.08%,4,30.77%,47,2,4.26%,8,17.02%
3611,2025-08-25,J P Walsh,8,0,0%,3,37.50%,0,0,0%,0,0%,4,0,0%,1,25.00%,4,0,0%,2,50.00%,0,0,0%,0,0%
3612,2025-08-25,Jordan Hart,1,0,0%,0,0%,0,0,0%,0,0%,1,0,0%,0,0%,0,0,0%,0,0%,0,0,0%,0,0%
3613,2025-08-25,Colin Motherway,103,7,6.80%,17,16.50%,0,0,0%,0,0%,30,2,6.67%,9,30.00%,25,2,8.00%,4,16.00%,48,3,6.25%,4,8.33%
3614,2025-08-25,Michael F Bates,1,0,0%,0,0%,0,0,0%,0,0%,1,0,0%,0,0%,0,0,0%,0,0%,0,0,0%,0,0%
3615,2025-08-25,Shane O'brien,31,2,6.45%,7,22.58%,0,0,0%,0,0%,3,1,33.33%,1,33.33%,0,0,0%,0,0%,28,1,3.57%,6,21.43%
3616,2025-08-25,Harley Dean Dunne,7,1,14.29%,2,28.57%,0,0,0%,0,0%,7,1,14.29%,2,28.57%,0,0,0%,0,0%,0,0,0%,0,0%
3617,2025-08-25,Vincent Sheehan,1,0,0%,1,100.00%,0,0,0%,0,0%,1,0,0%,1,100.00%,0,0,0%,0,0%,0,0,0%,0,0%
3618,2025-08-25,Martin A Corrigan,7,0,0%,3,42.86%,0,0,0%,0,0%,7,0,0%,3,42.86%,0,0,0%,0,0%,0,0,0%,0,0%
3619,2025-08-25,Padraig Butler,64,6,9.38%,14,21.88%,0,0,0%,0,0%,12,2,16.67%,4,33.33%,10,0,0%,2,20.00%,42,4,9.52%,8,19.05%
3620,2025-08-25,Brendan Walsh,202,13,6.44%,31,15.35%,4,0,0%,0,0%,35,3,8.57%,3,8.57%,32,3,9.38%,3,9.38%,131,7,5.34%,25,19.08%
3621,2025-08-25,P C Carter,1,0,0%,0,0%,0,0,0%,0,0%,1,0,0%,0,0%,0,0,0%,0,0%,0,0,0%,0,0%
3622,2025-08-25,Jason O'Reilly,1,0,0%,0,0%,0,0,0%,0,0%,1,0,0%,0,0%,0,0,0%,0,0%,0,0,0%,0,0%
3623,2025-08-25,Ciaran William Fennessy,2,0,0%,2,100.00%,0,0,0%,0,0%,2,0,0%,2,100.00%,0,0,0%,0,0%,0,0,0%,0,0%
3624,2025-08-25,Richard J O'Hara,8,1,12.50%,1,12.50%,0,0,0%,0,0%,4,0,0%,1,25.00%,0,0,0%,0,0%,4,1,25.00%,0,0%
3625,2025-08-25,David P Murphy,5,0,0%,2,40.00%,0,0,0%,0,0%,5,0,0%,2,40.00%,0,0,0%,0,0%,0,0,0%,0,0%
3626,2025-08-25,Maike Magnussen,42,1,2.38%,2,4.76%,0,0,0%,0,0%,7,0,0%,0,0%,0,0,0%,0,0%,35,1,2.86%,2,5.71%
3627,2025-08-25,Thomas Byrne,2,0,0%,0,0%,0,0,0%,0,0%,2,0,0%,0,0%,0,0,0%,0,0%,0,0,0%,0,0%
3628,2025-08-25,Ian Mccarthy,13,4,30.77%,5,38.46%,0,0,0%,0,0%,3,1,33.33%,1,33.33%,9,3,33.33%,3,33.33%,0,0,0%,0,0%
3629,2025-08-25,Richard O Harding,1,0,0%,0,0%,0,0,0%,0,0%,1,0,0%,0,0%,0,0,0%,0,0%,0,0,0%,0,0%
3630,2025-08-25,Patrick J f Doyle,1,0,0%,0,0%,0,0,0%,0,0%,1,0,0%,0,0%,0,0,0%,0,0%,0,0,0%,0,0%
3631,2025-08-25,Marc Costello,2,0,0%,0,0%,0,0,0%,0,0%,1,0,0%,0,0%,0,0,0%,0,0%,0,0,0%,0,0%
3632,2025-08-25,Robert Moloney,1,0,0%,0,0%,0,0,0%,0,0%,1,0,0%,0,0%,0,0,0%,0,0%,0,0,0%,0,0%
3633,2025-08-25,Richard Lynch,1,0,0%,0,0%,0,0,0%,0,0%,1,0,0%,0,0%,0,0,0%,0,0%,0,0,0%,0,0%
3634,2025-08-25,D E Hewins,2,0,0%,0,0%,0,0,0%,0,0%,0,0,0%,0,0%,2,0,0%,0,0%,0,0,0%,0,0%
3635,2025-08-25,Callum Griffiths,6,0,0%,2,33.33%,0,0,0%,0,0%,0,0,0%,0,0%,6,0,0%,2,33.33%,0,0,0%,0,0%
3636,2025-08-25,G Alimpinisis,1,0,0%,0,0%,1,0,0%,0,0%,0,0,0%,0,0%,0,0,0%,0,0%,0,0,0%,0,0%
3637,2025-08-25,Harvey Bastiman,103,6,5.83%,30,29.13%,6,0,0%,2,33.33%,97,6,6.19%,28,28.87%,0,0,0%,0,0%,0,0,0%,0,0%
3638,2025-08-25,S P C Woods,937,111,11.85%,271,28.92%,515,66,12.82%,168,32.62%,420,45,10.71%,102,24.29%,1,0,0%,1,100.00%,1,0,0%,0,0%
3639,2025-08-25,A g Costello,3,0,0%,1,33.33%,0,0,0%,0,0%,2,0,0%,1,50.00%,1,0,0%,0,0%,0,0,0%,0,0%
3640,2025-08-25,Darryll Holland,898,87,9.69%,199,22.16%,487,50,10.27%,123,25.26%,411,37,9.00%,76,18.49%,0,0,0%,0,0%,0,0,0%,0,0%
3641,2025-08-25,Harry Eustace,850,105,12.35%,246,28.94%,271,27,9.96%,81,29.89%,564,76,13.48%,159,28.19%,2,0,0%,0,0%,13,2,15.38%,6,46.15%
3642,2025-08-25,Robert Tector,3,0,0%,1,33.33%,0,0,0%,0,0%,3,0,0%,1,33.33%,0,0,0%,0,0%,0,0,0%,0,0%
3643,2025-08-25,Alexander Ott,63,4,6.35%,6,9.52%,0,0,0%,0,0%,7,0,0%,1,14.29%,12,3,25.00%,1,8.33%,44,1,2.27%,4,9.09%
3644,2025-08-25,Cormac Doyle,13,2,15.38%,4,30.77%,0,0,0%,0,0%,12,2,16.67%,3,25.00%,0,0,0%,0,0%,0,0,0%,0,0%
3645,2025-08-25,Michael R Murphy,6,0,0%,2,33.33%,0,0,0%,0,0%,6,0,0%,2,33.33%,0,0,0%,0,0%,0,0,0%,0,0%
3646,2025-08-25,P J Crowley,2,0,0%,2,100.00%,0,0,0%,0,0%,2,0,0%,2,100.00%,0,0,0%,0,0%,0,0,0%,0,0%
3647,2025-08-25,Thomas G Barry,1,0,0%,1,100.00%,0,0,0%,0,0%,1,0,0%,1,100.00%,0,0,0%,0,0%,0,0,0%,0,0%
3648,2025-08-25,Roisin Hickey,6,0,0%,1,16.67%,0,0,0%,0,0%,4,0,0%,0,0%,0,0,0%,0,0%,0,0,0%,0,0%
3649,2025-08-25,Rosemary Connors,27,1,3.70%,1,3.70%,0,0,0%,0,0%,3,1,33.33%,0,0%,11,0,0%,1,9.09%,13,0,0%,0,0%
3650,2025-08-25,Pat O'rourke,5,2,40.00%,1,20.00%,0,0,0%,0,0%,5,2,40.00%,1,20.00%,0,0,0%,0,0%,0,0,0%,0,0%
3651,2025-08-25,Richard Harding,1,0,0%,0,0%,0,0,0%,0,0%,1,0,0%,0,0%,0,0,0%,0,0%,0,0,0%,0,0%
3652,2025-08-25,Miss E Nixon,2,0,0%,1,50.00%,0,0,0%,0,0%,0,0,0%,0,0%,2,0,0%,1,50.00%,0,0,0%,0,0%
3653,2025-08-25,W M Scott,1,0,0%,0,0%,0,0,0%,0,0%,0,0,0%,0,0%,1,0,0%,0,0%,0,0,0%,0,0%
3654,2025-08-25,Paurick O'Connor,1,0,0%,1,100.00%,0,0,0%,0,0%,1,0,0%,1,100.00%,0,0,0%,0,0%,0,0,0%,0,0%
3655,2025-08-25,Ray P Cody,1,0,0%,0,0%,0,0,0%,0,0%,1,0,0%,0,0%,0,0,0%,0,0%,0,0,0%,0,0%
3656,2025-08-25,Benny O Walsh,7,0,0%,3,42.86%,0,0,0%,0,0%,7,0,0%,3,42.86%,0,0,0%,0,0%,0,0,0%,0,0%
3657,2025-08-25,J P Berry,15,2,13.33%,8,53.33%,0,0,0%,0,0%,14,2,14.29%,7,50.00%,0,0,0%,0,0%,0,0,0%,0,0%
3658,2025-08-25,Vincent Devereux,6,0,0%,2,33.33%,0,0,0%,0,0%,6,0,0%,2,33.33%,0,0,0%,0,0%,0,0,0%,0,0%
3659,2025-08-25,Debbie Cody,10,0,0%,0,0%,0,0,0%,0,0%,3,0,0%,0,0%,0,0,0%,0,0%,7,0,0%,0,0%
3660,2025-08-25,Tom Keating,7,0,0%,3,42.86%,0,0,0%,0,0%,6,0,0%,2,33.33%,0,0,0%,0,0%,0,0,0%,0,0%
3661,2025-08-25,Edward Creighton,2,0,0%,0,0%,0,0,0%,0,0%,2,0,0%,0,0%,0,0,0%,0,0%,0,0,0%,0,0%
3662,2025-08-25,Darren Collins,126,6,4.76%,19,15.08%,0,0,0%,0,0%,3,0,0%,0,0%,26,1,3.85%,5,19.23%,97,5,5.15%,14,14.43%
3663,2025-08-25,Wayne Kehoe,1,0,0%,0,0%,0,0,0%,0,0%,1,0,0%,0,0%,0,0,0%,0,0%,0,0,0%,0,0%
3664,2025-08-25,M Doran,1,0,0%,0,0%,0,0,0%,0,0%,1,0,0%,0,0%,0,0,0%,0,0%,0,0,0%,0,0%
3665,2025-08-25,S Holdsworth,17,0,0%,2,11.76%,0,0,0%,0,0%,0,0,0%,0,0%,2,0,0%,0,0%,15,0,0%,2,13.33%
3666,2025-08-25,Miss Jennifer Anne Lynch,238,11,4.62%,42,17.65%,65,3,4.62%,14,21.54%,163,8,4.91%,28,17.18%,0,0,0%,0,0%,10,0,0%,0,0%
3667,2025-08-25,Simon Whitaker,455,26,5.71%,117,25.71%,124,6,4.84%,26,20.97%,327,20,6.12%,91,27.83%,0,0,0%,0,0%,4,0,0%,0,0%
3668,2025-08-25,Gearoid Brouder,101,2,1.98%,12,11.88%,6,0,0%,0,0%,49,2,4.08%,8,16.33%,5,0,0%,0,0%,41,0,0%,4,9.76%
3669,2025-08-25,Jamie Sloan,22,1,4.55%,1,4.55%,1,0,0%,0,0%,8,1,12.50%,1,12.50%,1,0,0%,0,0%,12,0,0%,0,0%
3670,2025-08-25,John H Murphy,2,2,100.00%,0,0%,0,0,0%,0,0%,2,2,100.00%,0,0%,0,0,0%,0,0%,0,0,0%,0,0%
3671,2025-08-25,Ann Hunter,2,0,0%,1,50.00%,0,0,0%,0,0%,2,0,0%,1,50.00%,0,0,0%,0,0%,0,0,0%,0,0%
3672,2025-08-25,Muir & Grassick,655,80,12.21%,225,34.35%,241,29,12.03%,95,39.42%,410,51,12.44%,128,31.22%,0,0,0%,0,0%,4,0,0%,2,50.00%
3673,2025-08-25,Eoin McDonagh,56,1,1.79%,11,19.64%,8,0,0%,4,50.00%,43,1,2.33%,6,13.95%,3,0,0%,1,33.33%,2,0,0%,0,0%
3674,2025-08-25,Claire Hitch,74,7,9.46%,11,14.86%,0,0,0%,0,0%,12,2,16.67%,1,8.33%,17,1,5.88%,2,11.76%,45,4,8.89%,8,17.78%
3675,2025-08-25,William & Grassick,5,0,0%,3,60.00%,3,0,0%,3,100.00%,2,0,0%,0,0%,0,0,0%,0,0%,0,0,0%,0,0%
3676,2025-08-25,John Patrick Walsh,2,0,0%,0,0%,0,0,0%,0,0%,2,0,0%,0,0%,0,0,0%,0,0%,0,0,0%,0,0%
3677,2025-08-25,Andrew Latta,2,0,0%,0,0%,0,0,0%,0,0%,2,0,0%,0,0%,0,0,0%,0,0%,0,0,0%,0,0%
3678,2025-08-25,Paul Tobin,92,0,0%,20,21.74%,0,0,0%,0,0%,20,0,0%,4,20.00%,1,0,0%,0,0%,71,0,0%,16,22.54%
3679,2025-08-25,Grace Kelly,1,0,0%,0,0%,0,0,0%,0,0%,1,0,0%,0,0%,0,0,0%,0,0%,0,0,0%,0,0%
3680,2025-08-25,Martyn P Walsh,1,0,0%,1,100.00%,0,0,0%,0,0%,1,0,0%,1,100.00%,0,0,0%,0,0%,0,0,0%,0,0%
3681,2025-08-25,Mitchell Hunt,188,5,2.66%,54,28.72%,50,1,2.00%,13,26.00%,43,1,2.33%,9,20.93%,8,0,0%,3,37.50%,87,3,3.45%,29,33.33%
3682,2025-08-25,Liz Chatfield,1,0,0%,0,0%,1,0,0%,0,0%,0,0,0%,0,0%,0,0,0%,0,0%,0,0,0%,0,0%
3683,2025-08-25,Stuart Payne,5,0,0%,2,40.00%,0,0,0%,0,0%,0,0,0%,0,0%,5,0,0%,2,40.00%,0,0,0%,0,0%
3684,2025-08-25,Miss L Mager,1,0,0%,1,100.00%,0,0,0%,0,0%,0,0,0%,0,0%,1,0,0%,1,100.00%,0,0,0%,0,0%
3685,2025-08-25,Miss Laura Richardson,10,1,10.00%,2,20.00%,0,0,0%,0,0%,0,0,0%,0,0%,10,1,10.00%,2,20.00%,0,0,0%,0,0%
3686,2025-08-25,David Cottin,1,0,0%,0,0%,0,0,0%,0,0%,0,0,0%,0,0%,0,0,0%,0,0%,1,0,0%,0,0%
3687,2025-08-25,Joe Ponting,323,14,4.33%,52,16.10%,120,7,5.83%,23,19.17%,125,4,3.20%,16,12.80%,13,1,7.69%,2,15.38%,65,2,3.08%,11,16.92%
3688,2025-08-25,Brian O'rourke,116,5,4.31%,38,32.76%,56,1,1.79%,19,33.93%,60,4,6.67%,19,31.67%,0,0,0%,0,0%,0,0,0%,0,0%
3689,2025-08-25,Mrs Ruth Pennock,3,1,33.33%,1,33.33%,0,0,0%,0,0%,0,0,0%,0,0%,3,1,33.33%,1,33.33%,0,0,0%,0,0%
3690,2025-08-25,Nigel Benstead,2,0,0%,2,100.00%,0,0,0%,0,0%,0,0,0%,0,0%,2,0,0%,2,100.00%,0,0,0%,0,0%
3691,2025-08-25,David Bergin,14,0,0%,2,14.29%,0,0,0%,0,0%,12,0,0%,2,16.67%,0,0,0%,0,0%,2,0,0%,0,0%
3692,2025-08-25,Nina Walsh,23,1,4.35%,6,26.09%,0,0,0%,0,0%,17,1,5.88%,5,29.41%,0,0,0%,0,0%,6,0,0%,1,16.67%
3693,2025-08-25,Mrs Collins,1,0,0%,0,0%,0,0,0%,0,0%,0,0,0%,0,0%,1,0,0%,0,0%,0,0,0%,0,0%
3694,2025-08-25,Thomas Corish,5,0,0%,0,0%,0,0,0%,0,0%,1,0,0%,0,0%,1,0,0%,0,0%,2,0,0%,0,0%
3695,2025-08-25,Francis Kavanagh,2,0,0%,0,0%,0,0,0%,0,0%,0,0,0%,0,0%,0,0,0%,0,0%,0,0,0%,0,0%
3696,2025-08-25,William Harvey,51,5,9.80%,5,9.80%,1,0,0%,0,0%,22,2,9.09%,2,9.09%,8,0,0%,1,12.50%,19,2,10.53%,2,10.53%
3697,2025-08-25,Christine Rabbitt,1,0,0%,1,100.00%,0,0,0%,0,0%,0,0,0%,0,0%,0,0,0%,0,0%,0,0,0%,0,0%
3698,2025-08-25,Daragh O'neill,1,0,0%,1,100.00%,0,0,0%,0,0%,0,0,0%,0,0%,0,0,0%,0,0%,0,0,0%,0,0%
3699,2025-08-25,Peter O Duffy,1,0,0%,0,0%,0,0,0%,0,0%,0,0,0%,0,0%,0,0,0%,0,0%,0,0,0%,0,0%
3700,2025-08-25,K T Henry,1,0,0%,0,0%,0,0,0%,0,0%,0,0,0%,0,0%,0,0,0%,0,0%,0,0,0%,0,0%
3701,2025-08-25,Patrick Harty,1,0,0%,1,100.00%,0,0,0%,0,0%,0,0,0%,0,0%,0,0,0%,0,0%,0,0,0%,0,0%
3702,2025-08-25,M E Keoghan,7,2,28.57%,2,28.57%,0,0,0%,0,0%,1,0,0%,0,0%,1,0,0%,1,100.00%,4,1,25.00%,1,25.00%
3703,2025-08-25,Thomas J Nolan,1,0,0%,0,0%,0,0,0%,0,0%,0,0,0%,0,0%,0,0,0%,0,0%,0,0,0%,0,0%
3704,2025-08-25,E Austin,1,0,0%,0,0%,0,0,0%,0,0%,0,0,0%,0,0%,1,0,0%,0,0%,0,0,0%,0,0%
3705,2025-08-25,Eddie & Harty,333,19,5.71%,101,30.33%,24,0,0%,5,20.83%,216,9,4.17%,60,27.78%,18,2,11.11%,9,50.00%,75,8,10.67%,27,36.00%
3706,2025-08-25,Fiona Needham,15,4,26.67%,4,26.67%,0,0,0%,0,0%,1,0,0%,0,0%,14,4,28.57%,4,28.57%,0,0,0%,0,0%
3707,2025-08-25,Joanne Mccain,3,0,0%,1,33.33%,0,0,0%,0,0%,0,0,0%,0,0%,3,0,0%,1,33.33%,0,0,0%,0,0%
3708,2025-08-25,J M Tomlinson,1,0,0%,1,100.00%,0,0,0%,0,0%,0,0,0%,0,0%,1,0,0%,1,100.00%,0,0,0%,0,0%
3709,2025-08-25,Miss McGivern,77,8,10.39%,16,20.78%,9,0,0%,4,44.44%,58,8,13.79%,8,13.79%,0,0,0%,0,0%,10,0,0%,4,40.00%
3710,2025-08-25,Jennifer Monaghan,51,0,0%,4,7.84%,9,0,0%,0,0%,25,0,0%,0,0%,5,0,0%,2,40.00%,12,0,0%,2,16.67%
3711,2025-08-25,B James,15,3,20.00%,4,26.67%,12,2,16.67%,3,25.00%,3,1,33.33%,1,33.33%,0,0,0%,0,0%,0,0,0%,0,0%
3712,2025-08-25,"II George R Arnold,",3,0,0%,1,33.33%,0,0,0%,0,0%,3,0,0%,1,33.33%,0,0,0%,0,0%,0,0,0%,0,0%
3713,2025-08-25,A Suborics,3,0,0%,0,0%,0,0,0%,0,0%,3,0,0%,0,0%,0,0,0%,0,0%,0,0,0%,0,0%
3714,2025-08-25,C D Timmons,137,10,7.30%,26,18.98%,39,4,10.26%,7,17.95%,90,6,6.67%,16,17.78%,0,0,0%,0,0%,8,0,0%,3,37.50%
3715,2025-08-25,Deborah Cole,172,16,9.30%,41,23.84%,0,0,0%,0,0%,11,1,9.09%,1,9.09%,56,12,21.43%,17,30.36%,105,3,2.86%,23,21.90%
3716,2025-08-25,Charles J Maguire,4,0,0%,0,0%,0,0,0%,0,0%,1,0,0%,0,0%,0,0,0%,0,0%,3,0,0%,0,0%
3717,2025-08-25,Tom McGuinness,152,9,5.92%,12,7.89%,21,3,14.29%,4,19.05%,119,6,5.04%,8,6.72%,0,0,0%,0,0%,12,0,0%,0,0%
3718,2025-08-25,Charles Weld,103,4,3.88%,14,13.59%,20,0,0%,4,20.00%,81,4,4.94%,10,12.35%,0,0,0%,0,0%,2,0,0%,0,0%
3719,2025-08-25,B Duffy,35,7,20.00%,5,14.29%,1,0,0%,0,0%,34,7,20.59%,5,14.71%,0,0,0%,0,0%,0,0,0%,0,0%
3720,2025-08-25,Frau M Krzyskow,1,0,0%,1,100.00%,0,0,0%,0,0%,1,0,0%,1,100.00%,0,0,0%,0,0%,0,0,0%,0,0%
3721,2025-08-25,J G Murray,123,3,2.44%,8,6.50%,16,0,0%,0,0%,93,3,3.23%,6,6.45%,0,0,0%,0,0%,14,0,0%,2,14.29%
3722,2025-08-25,Gerald Quinn,44,6,13.64%,17,38.64%,1,0,0%,0,0%,18,3,16.67%,6,33.33%,0,0,0%,0,0%,25,3,12.00%,11,44.00%
3723,2025-08-25,Ewan Whillans,1031,86,8.34%,225,21.82%,271,19,7.01%,50,18.45%,386,27,6.99%,92,23.83%,118,11,9.32%,30,25.42%,256,29,11.33%,53,20.70%
3724,2025-08-25,Matt Crawley,109,7,6.42%,34,31.19%,80,7,8.75%,26,32.50%,26,0,0%,7,26.92%,1,0,0%,0,0%,2,0,0%,1,50.00%
3725,2025-08-25,F Guyader,4,0,0%,1,25.00%,0,0,0%,0,0%,4,0,0%,1,25.00%,0,0,0%,0,0%,0,0,0%,0,0%
3726,2025-08-25,Paul Robson,217,21,9.68%,44,20.28%,4,0,0%,2,50.00%,39,0,0%,4,10.26%,73,12,16.44%,18,24.66%,101,9,8.91%,20,19.80%
3727,2025-08-25,Harriet Brown,111,4,3.60%,24,21.62%,1,0,0%,0,0%,7,0,0%,0,0%,31,2,6.45%,7,22.58%,72,2,2.78%,17,23.61%
3728,2025-08-25,Gerard Kyne,9,0,0%,1,11.11%,0,0,0%,0,0%,4,0,0%,1,25.00%,0,0,0%,0,0%,5,0,0%,0,0%
3729,2025-08-25,C E Rossi,1,1,100.00%,0,0%,0,0,0%,0,0%,1,1,100.00%,0,0%,0,0,0%,0,0%,0,0,0%,0,0%
3730,2025-08-25,John & Jewell,198,17,8.59%,71,35.86%,126,13,10.32%,43,34.13%,24,2,8.33%,10,41.67%,19,2,10.53%,9,47.37%,29,0,0%,9,31.03%
3731,2025-08-25,Gabriel McNamara,3,0,0%,0,0%,1,0,0%,0,0%,2,0,0%,0,0%,0,0,0%,0,0%,0,0,0%,0,0%
3732,2025-08-25,Camilla Greenwood,2,0,0%,0,0%,0,0,0%,0,0%,0,0,0%,0,0%,0,0,0%,0,0%,2,0,0%,0,0%
3733,2025-08-25,Andreas Schutz,1,0,0%,1,100.00%,0,0,0%,0,0%,1,0,0%,1,100.00%,0,0,0%,0,0%,0,0,0%,0,0%
3734,2025-08-25,Shaun Lycett,1,0,0%,0,0%,0,0,0%,0,0%,1,0,0%,0,0%,0,0,0%,0,0%,0,0,0%,0,0%
3735,2025-08-25,Laura Hourigan,105,10,9.52%,12,11.43%,31,8,25.81%,5,16.13%,69,2,2.90%,7,10.14%,0,0,0%,0,0%,5,0,0%,0,0%
3736,2025-08-25,Martin G Mcguane,28,0,0%,4,14.29%,2,0,0%,0,0%,7,0,0%,2,28.57%,1,0,0%,0,0%,18,0,0%,2,11.11%
3737,2025-08-25,Thomas Dowling,221,10,4.52%,31,14.03%,79,4,5.06%,18,22.78%,119,6,5.04%,13,10.92%,1,0,0%,0,0%,22,0,0%,0,0%
3738,2025-08-25,Niall O'flynn,21,0,0%,0,0%,0,0,0%,0,0%,1,0,0%,0,0%,0,0,0%,0,0%,20,0,0%,0,0%
3739,2025-08-25,Frank John Hayes,31,0,0%,0,0%,0,0,0%,0,0%,5,0,0%,0,0%,0,0,0%,0,0%,26,0,0%,0,0%
3740,2025-08-25,Charlotte Fuller,24,2,8.33%,9,37.50%,0,0,0%,0,0%,2,0,0%,1,50.00%,1,0,0%,0,0%,21,2,9.52%,8,38.10%
3741,2025-08-25,Craig Lidster,867,79,9.11%,193,22.26%,332,28,8.43%,87,26.20%,517,50,9.67%,105,20.31%,0,0,0%,0,0%,18,1,5.56%,1,5.56%
3742,2025-08-25,Mark E Mccrory,3,1,33.33%,2,66.67%,0,0,0%,0,0%,0,0,0%,0,0%,3,1,33.33%,2,66.67%,0,0,0%,0,0%
3743,2025-08-25,John O'Donoghue,298,26,8.72%,50,16.78%,68,5,7.35%,11,16.18%,229,21,9.17%,39,17.03%,0,0,0%,0,0%,1,0,0%,0,0%
3744,2025-08-25,Alan McIntyre,102,8,7.84%,21,20.59%,19,0,0%,6,31.58%,75,8,10.67%,14,18.67%,0,0,0%,0,0%,8,0,0%,1,12.50%
3745,2025-08-25,Scott Malson,1,0,0%,0,0%,0,0,0%,0,0%,0,0,0%,0,0%,1,0,0%,0,0%,0,0,0%,0,0%
3746,2025-08-25,Harry & Charlton,13,3,23.08%,8,61.54%,13,3,23.08%,8,61.54%,0,0,0%,0,0%,0,0,0%,0,0%,0,0,0%,0,0%
3747,2025-08-25,M Osborne,30,1,3.33%,10,33.33%,0,0,0%,0,0%,6,0,0%,2,33.33%,24,1,4.17%,8,33.33%,0,0,0%,0,0%
3748,2025-08-25,Derek Smith,3,0,0%,0,0%,0,0,0%,0,0%,0,0,0%,0,0%,3,0,0%,0,0%,0,0,0%,0,0%
3749,2025-08-25,Harriet & Rutherfo,143,10,6.99%,27,18.88%,11,0,0%,3,27.27%,32,0,0%,0,0%,35,1,2.86%,10,28.57%,65,9,13.85%,14,21.54%
3750,2025-08-25,J Swinbank,4,0,0%,0,0%,0,0,0%,0,0%,0,0,0%,0,0%,4,0,0%,0,0%,0,0,0%,0,0%
3751,2025-08-25,Miss K Leckenby,4,0,0%,1,25.00%,0,0,0%,0,0%,0,0,0%,0,0%,4,0,0%,1,25.00%,0,0,0%,0,0%
3752,2025-08-25,Hannah Grissell,1,0,0%,0,0%,0,0,0%,0,0%,0,0,0%,0,0%,1,0,0%,0,0%,0,0,0%,0,0%
3753,2025-08-25,John Wright,2,0,0%,0,0%,0,0,0%,0,0%,0,0,0%,0,0%,2,0,0%,0,0%,0,0,0%,0,0%
3754,2025-08-25,Jess Mckie,10,1,10.00%,1,10.00%,0,0,0%,0,0%,2,0,0%,0,0%,4,1,25.00%,1,25.00%,4,0,0%,0,0%
3755,2025-08-25,Miss Bevan,2,0,0%,1,50.00%,0,0,0%,0,0%,0,0,0%,0,0%,2,0,0%,1,50.00%,0,0,0%,0,0%
3756,2025-08-25,Miss M I Macgregor,1,0,0%,0,0%,0,0,0%,0,0%,0,0,0%,0,0%,1,0,0%,0,0%,0,0,0%,0,0%
3757,2025-08-25,Francesca Poste,23,6,26.09%,5,21.74%,0,0,0%,0,0%,1,0,0%,0,0%,22,6,27.27%,5,22.73%,0,0,0%,0,0%
3758,2025-08-25,Syd Hosie,243,23,9.47%,48,19.75%,2,0,0%,0,0%,23,2,8.70%,6,26.09%,89,9,10.11%,26,29.21%,129,12,9.30%,16,12.40%
3759,2025-08-25,William Worthington,3,0,0%,1,33.33%,0,0,0%,0,0%,0,0,0%,0,0%,3,0,0%,1,33.33%,0,0,0%,0,0%
3760,2025-08-25,Billy Aprahamian,189,20,10.58%,45,23.81%,0,0,0%,0,0%,15,1,6.67%,1,6.67%,65,12,18.46%,16,24.62%,109,7,6.42%,28,25.69%
3761,2025-08-25,Will Ramsay,4,0,0%,1,25.00%,0,0,0%,0,0%,0,0,0%,0,0%,4,0,0%,1,25.00%,0,0,0%,0,0%
3762,2025-08-25,Dr King,1,0,0%,0,0%,0,0,0%,0,0%,0,0,0%,0,0%,1,0,0%,0,0%,0,0,0%,0,0%
3763,2025-08-25,Mrs K Harding,1,0,0%,1,100.00%,0,0,0%,0,0%,0,0,0%,0,0%,1,0,0%,1,100.00%,0,0,0%,0,0%
3764,2025-08-25,Gregor Walkingshaw,10,2,20.00%,2,20.00%,0,0,0%,0,0%,0,0,0%,0,0%,10,2,20.00%,2,20.00%,0,0,0%,0,0%
3765,2025-08-25,Mrs L Jones,4,0,0%,3,75.00%,0,0,0%,0,0%,1,0,0%,1,100.00%,3,0,0%,2,66.67%,0,0,0%,0,0%
3766,2025-08-25,L O'Brien,7,0,0%,1,14.29%,0,0,0%,0,0%,0,0,0%,0,0%,0,0,0%,0,0%,7,0,0%,1,14.29%
3767,2025-08-25,A C Wilson,7,1,14.29%,1,14.29%,0,0,0%,0,0%,0,0,0%,0,0%,7,1,14.29%,1,14.29%,0,0,0%,0,0%
3768,2025-08-25,James Horton,444,51,11.49%,100,22.52%,155,16,10.32%,36,23.23%,289,35,12.11%,64,22.15%,0,0,0%,0,0%,0,0,0%,0,0%
3769,2025-08-25,Mrs I Mckie,3,1,33.33%,1,33.33%,0,0,0%,0,0%,0,0,0%,0,0%,3,1,33.33%,1,33.33%,0,0,0%,0,0%
3770,2025-08-25,Diane Ward,7,1,14.29%,4,57.14%,0,0,0%,0,0%,0,0,0%,0,0%,7,1,14.29%,4,57.14%,0,0,0%,0,0%
3771,2025-08-25,Gemma Tutty,333,37,11.11%,97,29.13%,128,14,10.94%,36,28.13%,205,23,11.22%,61,29.76%,0,0,0%,0,0%,0,0,0%,0,0%
3772,2025-08-25,Huw Edwards,2,0,0%,1,50.00%,0,0,0%,0,0%,0,0,0%,0,0%,2,0,0%,1,50.00%,0,0,0%,0,0%
3773,2025-08-25,Steve Jones,32,1,3.13%,2,6.25%,0,0,0%,0,0%,7,0,0%,0,0%,5,0,0%,1,20.00%,20,1,5.00%,1,5.00%
3774,2025-08-25,Alan Walter,1,0,0%,0,0%,0,0,0%,0,0%,0,0,0%,0,0%,1,0,0%,0,0%,0,0,0%,0,0%
3775,2025-08-25,N Caullery,4,0,0%,1,25.00%,1,0,0%,1,100.00%,3,0,0%,0,0%,0,0,0%,0,0%,0,0,0%,0,0%
3776,2025-08-25,Mrs Dawson,3,0,0%,1,33.33%,0,0,0%,0,0%,0,0,0%,0,0%,3,0,0%,1,33.33%,0,0,0%,0,0%
3777,2025-08-25,Peter & Clutterbuck,167,11,6.59%,37,22.16%,96,7,7.29%,25,26.04%,65,4,6.15%,11,16.92%,0,0,0%,0,0%,6,0,0%,1,16.67%
3778,2025-08-25,Robert James,2,1,50.00%,0,0%,0,0,0%,0,0%,2,1,50.00%,0,0%,0,0,0%,0,0%,0,0,0%,0,0%
3779,2025-08-25,John Martin Walsh,2,0,0%,0,0%,0,0,0%,0,0%,2,0,0%,0,0%,0,0,0%,0,0%,0,0,0%,0,0%
3780,2025-08-25,Alex Friel,1,0,0%,0,0%,0,0,0%,0,0%,1,0,0%,0,0%,0,0,0%,0,0%,0,0,0%,0,0%
3781,2025-08-25,Lucy Davies,1,0,0%,0,0%,0,0,0%,0,0%,1,0,0%,0,0%,0,0,0%,0,0%,0,0,0%,0,0%
3782,2025-08-25,Dylan Cunha,698,89,12.75%,139,19.91%,316,42,13.29%,75,23.73%,377,45,11.94%,63,16.71%,4,2,50.00%,1,25.00%,1,0,0%,0,0%
3783,2025-08-25,Phil Lutman,2,0,0%,0,0%,0,0,0%,0,0%,0,0,0%,0,0%,2,0,0%,0,0%,0,0,0%,0,0%
3784,2025-08-25,Mrs Susan Darke,3,0,0%,0,0%,0,0,0%,0,0%,0,0,0%,0,0%,3,0,0%,0,0%,0,0,0%,0,0%
3785,2025-08-25,Robert Jones,2,0,0%,0,0%,0,0,0%,0,0%,0,0,0%,0,0%,2,0,0%,0,0%,0,0,0%,0,0%
3786,2025-08-25,J Bourne,5,1,20.00%,1,20.00%,0,0,0%,0,0%,0,0,0%,0,0%,5,1,20.00%,1,20.00%,0,0,0%,0,0%
3787,2025-08-25,Miss B Coward,5,1,20.00%,0,0%,0,0,0%,0,0%,0,0,0%,0,0%,5,1,20.00%,0,0%,0,0,0%,0,0%
3788,2025-08-25,Catch Bissett,37,1,2.70%,11,29.73%,0,0,0%,0,0%,2,0,0%,0,0%,5,0,0%,1,20.00%,30,1,3.33%,10,33.33%
3789,2025-08-25,Joe Tizzard,749,93,12.42%,238,31.78%,14,2,14.29%,5,35.71%,49,3,6.12%,15,30.61%,367,55,14.99%,107,29.16%,319,33,10.34%,111,34.80%
3790,2025-08-25,Kate Hanson,2,0,0%,1,50.00%,0,0,0%,0,0%,0,0,0%,0,0%,0,0,0%,0,0%,2,0,0%,1,50.00%
3791,2025-08-25,Jack Jones,638,82,12.85%,140,21.94%,333,53,15.92%,80,24.02%,272,23,8.46%,56,20.59%,3,0,0%,0,0%,30,6,20.00%,4,13.33%
3792,2025-08-25,Joe Tickle,6,1,16.67%,3,50.00%,0,0,0%,0,0%,1,0,0%,0,0%,5,1,20.00%,3,60.00%,0,0,0%,0,0%
3793,2025-08-25,Mrs S Barker,2,1,50.00%,1,50.00%,0,0,0%,0,0%,0,0,0%,0,0%,2,1,50.00%,1,50.00%,0,0,0%,0,0%
3794,2025-08-25,Harriet Dickin,118,2,1.69%,23,19.49%,1,0,0%,0,0%,18,0,0%,1,5.56%,33,1,3.03%,13,39.39%,66,1,1.52%,9,13.64%
3795,2025-08-25,J A Jenkins,1,1,100.00%,0,0%,0,0,0%,0,0%,1,1,100.00%,0,0%,0,0,0%,0,0%,0,0,0%,0,0%
3796,2025-08-25,Miss Ayres,1,0,0%,0,0%,0,0,0%,0,0%,1,0,0%,0,0%,0,0,0%,0,0%,0,0,0%,0,0%
3797,2025-08-25,Andrew Mccullough,2,0,0%,1,50.00%,0,0,0%,0,0%,1,0,0%,1,100.00%,0,0,0%,0,0%,1,0,0%,0,0%
3798,2025-08-25,William Ross Crawford,1,0,0%,0,0%,0,0,0%,0,0%,1,0,0%,0,0%,0,0,0%,0,0%,0,0,0%,0,0%
3799,2025-08-25,John C Byrne,2,1,50.00%,1,50.00%,0,0,0%,0,0%,2,1,50.00%,1,50.00%,0,0,0%,0,0%,0,0,0%,0,0%
3800,2025-08-25,M J O'hare,5,0,0%,2,40.00%,0,0,0%,0,0%,5,0,0%,2,40.00%,0,0,0%,0,0%,0,0,0%,0,0%
3801,2025-08-25,Benjamin Halsall,6,1,16.67%,2,33.33%,0,0,0%,0,0%,1,1,100.00%,0,0%,5,0,0%,2,40.00%,0,0,0%,0,0%
3802,2025-08-25,A M Kidd,1,0,0%,1,100.00%,0,0,0%,0,0%,1,0,0%,1,100.00%,0,0,0%,0,0%,0,0,0%,0,0%
3803,2025-08-25,W J Codd,1,0,0%,0,0%,0,0,0%,0,0%,1,0,0%,0,0%,0,0,0%,0,0%,0,0,0%,0,0%
3804,2025-08-25,Martin J Molloy,1,0,0%,0,0%,0,0,0%,0,0%,1,0,0%,0,0%,0,0,0%,0,0%,0,0,0%,0,0%
3805,2025-08-25,Martin Sweetland,2,0,0%,0,0%,0,0,0%,0,0%,0,0,0%,0,0%,2,0,0%,0,0%,0,0,0%,0,0%
3806,2025-08-25,R J Holmes,7,0,0%,0,0%,0,0,0%,0,0%,0,0,0%,0,0%,7,0,0%,0,0%,0,0,0%,0,0%
3807,2025-08-25,Paul Mulligan,134,4,2.99%,11,8.21%,32,2,6.25%,3,9.38%,60,1,1.67%,2,3.33%,3,0,0%,0,0%,39,1,2.56%,6,15.38%
3808,2025-08-25,M Murphy & M Keady,518,35,6.76%,118,22.78%,281,15,5.34%,63,22.42%,225,19,8.44%,53,23.56%,1,0,0%,0,0%,11,1,9.09%,2,18.18%
3809,2025-08-25,M Nieslanik,5,0,0%,1,20.00%,0,0,0%,0,0%,5,0,0%,1,20.00%,0,0,0%,0,0%,0,0,0%,0,0%
3810,2025-08-25,H Fujiwara,1,0,0%,1,100.00%,0,0,0%,0,0%,1,0,0%,1,100.00%,0,0,0%,0,0%,0,0,0%,0,0%
3811,2025-08-25,C&Y Lerner,2,0,0%,1,50.00%,0,0,0%,0,0%,2,0,0%,1,50.00%,0,0,0%,0,0%,0,0,0%,0,0%
3812,2025-08-25,Christophe Clement,3,0,0%,0,0%,0,0,0%,0,0%,3,0,0%,0,0%,0,0,0%,0,0%,0,0,0%,0,0%
3813,2025-08-25,A & S Freedman,3,0,0%,2,66.67%,0,0,0%,0,0%,3,0,0%,2,66.67%,0,0,0%,0,0%,0,0,0%,0,0%
3814,2025-08-25,Mitsumasa Nakauchida,1,0,0%,0,0%,0,0,0%,0,0%,1,0,0%,0,0%,0,0,0%,0,0%,0,0,0%,0,0%
3815,2025-08-25,P Charalambous & J Clutterbuck,152,9,5.92%,22,14.47%,98,7,7.14%,16,16.33%,51,2,3.92%,6,11.76%,0,0,0%,0,0%,3,0,0%,0,0%
3816,2025-08-25,Chr Head,10,2,20.00%,3,30.00%,0,0,0%,0,0%,10,2,20.00%,3,30.00%,0,0,0%,0,0%,0,0,0%,0,0%
3817,2025-08-25,Eoin Seymour,56,2,3.57%,8,14.29%,0,0,0%,0,0%,2,0,0%,0,0%,7,0,0%,1,14.29%,47,2,4.26%,7,14.89%
3818,2025-08-25,Joe Conlon,42,3,7.14%,10,23.81%,8,0,0%,2,25.00%,29,3,10.34%,6,20.69%,0,0,0%,0,0%,5,0,0%,2,40.00%
3819,2025-08-25,Marcel Weiss,2,0,0%,1,50.00%,0,0,0%,0,0%,2,0,0%,1,50.00%,0,0,0%,0,0%,0,0,0%,0,0%
3820,2025-08-25,Raphael Freire,97,13,13.40%,20,20.62%,24,4,16.67%,8,33.33%,73,9,12.33%,12,16.44%,0,0,0%,0,0%,0,0,0%,0,0%
3821,2025-08-25,Thomas R Hughes,34,2,5.88%,2,5.88%,2,0,0%,0,0%,6,0,0%,0,0%,2,1,50.00%,0,0%,24,1,4.17%,2,8.33%
3822,2025-08-25,Alan Richardson,12,0,0%,1,8.33%,3,0,0%,0,0%,9,0,0%,1,11.11%,0,0,0%,0,0%,0,0,0%,0,0%
3823,2025-08-25,M Baratti,1,0,0%,1,100.00%,0,0,0%,0,0%,1,0,0%,1,100.00%,0,0,0%,0,0%,0,0,0%,0,0%
3824,2025-08-25,G Arizkorreta Elosegui,7,0,0%,1,14.29%,0,0,0%,0,0%,7,0,0%,1,14.29%,0,0,0%,0,0%,0,0,0%,0,0%
3825,2025-08-25,Elizabeth Quinlan,2,0,0%,1,50.00%,0,0,0%,0,0%,0,0,0%,0,0%,1,0,0%,0,0%,1,0,0%,1,100.00%
3826,2025-08-25,Michael Fenton,108,5,4.63%,13,12.04%,10,0,0%,1,10.00%,98,5,5.10%,12,12.24%,0,0,0%,0,0%,0,0,0%,0,0%
3827,2025-08-25,Kate Hazard,13,0,0%,3,23.08%,0,0,0%,0,0%,0,0,0%,0,0%,4,0,0%,0,0%,9,0,0%,3,33.33%
3828,2025-08-25,Lizzie Quinlan,328,27,8.23%,49,14.94%,6,0,0%,0,0%,21,1,4.76%,3,14.29%,97,8,8.25%,11,11.34%,204,18,8.82%,35,17.16%
3829,2025-08-25,Kate Leckenby,8,0,0%,0,0%,0,0,0%,0,0%,0,0,0%,0,0%,4,0,0%,0,0%,4,0,0%,0,0%
3830,2025-08-25,Sourdeau Beauregard,1,0,0%,1,100.00%,0,0,0%,0,0%,0,0,0%,0,0%,0,0,0%,0,0%,1,0,0%,1,100.00%
3831,2025-08-25,John Winston,11,0,0%,1,9.09%,0,0,0%,0,0%,8,0,0%,1,12.50%,0,0,0%,0,0%,3,0,0%,0,0%
3832,2025-08-25,B F Brookhouse,195,26,13.33%,38,19.49%,63,2,3.17%,12,19.05%,85,14,16.47%,22,25.88%,8,2,25.00%,1,12.50%,39,8,20.51%,3,7.69%
3833,2025-08-25,Brendan Maurice Walsh,135,4,2.96%,17,12.59%,1,0,0%,0,0%,13,0,0%,0,0%,26,3,11.54%,4,15.38%,95,1,1.05%,13,13.68%
3834,2025-08-25,James Owen,1489,289,19.41%,313,21.02%,433,81,18.71%,85,19.63%,500,81,16.20%,97,19.40%,95,21,22.11%,31,32.63%,461,106,22.99%,100,21.69%
3835,2025-08-25,Harry Derham,546,123,22.53%,121,22.16%,9,1,11.11%,1,11.11%,42,9,21.43%,14,33.33%,101,21,20.79%,18,17.82%,394,92,23.35%,88,22.34%
3836,2025-08-25,Barry Walsh,33,2,6.06%,1,3.03%,0,0,0%,0,0%,10,1,10.00%,0,0%,11,1,9.09%,1,9.09%,12,0,0%,0,0%
3837,2025-08-25,Edward F Power,28,5,17.86%,5,17.86%,0,0,0%,0,0%,12,2,16.67%,1,8.33%,7,1,14.29%,2,28.57%,9,2,22.22%,2,22.22%
3838,2025-08-25,David J Phelan,25,0,0%,4,16.00%,0,0,0%,0,0%,2,0,0%,0,0%,3,0,0%,1,33.33%,20,0,0%,3,15.00%
3839,2025-08-25,Charlie Johnston,1318,188,14.26%,277,21.02%,543,84,15.47%,143,26.34%,774,104,13.44%,134,17.31%,1,0,0%,0,0%,0,0,0%,0,0%
3840,2025-08-25,Miss Miss E Mcgarty-jones,3,0,0%,1,33.33%,0,0,0%,0,0%,0,0,0%,0,0%,3,0,0%,1,33.33%,0,0,0%,0,0%
3841,2025-08-25,Heather I Kiernan,2,0,0%,1,50.00%,0,0,0%,0,0%,0,0,0%,0,0%,2,0,0%,1,50.00%,0,0,0%,0,0%
3842,2025-08-25,Jack Channon,347,47,13.54%,97,27.95%,93,13,13.98%,34,36.56%,253,34,13.44%,63,24.90%,1,0,0%,0,0%,0,0,0%,0,0%
3843,2025-08-25,Jamie Flynn,37,3,8.11%,7,18.92%,21,3,14.29%,6,28.57%,16,0,0%,1,6.25%,0,0,0%,0,0%,0,0,0%,0,0%
3844,2025-08-25,Fionn Mcsharry,104,9,8.65%,15,14.42%,44,5,11.36%,9,20.45%,48,3,6.25%,2,4.17%,4,1,25.00%,2,50.00%,8,0,0%,2,25.00%
3845,2025-08-25,Gab Leenders,4,2,50.00%,0,0%,0,0,0%,0,0%,0,0,0%,0,0%,2,1,50.00%,0,0%,2,1,50.00%,0,0%
3846,2025-08-25,Michael Lynch,1,0,0%,1,100.00%,0,0,0%,0,0%,0,0,0%,0,0%,0,0,0%,0,0%,1,0,0%,1,100.00%
3847,2025-08-25,Miss Miss Howel,2,0,0%,0,0%,0,0,0%,0,0%,0,0,0%,0,0%,2,0,0%,0,0%,0,0,0%,0,0%
3848,2025-08-25,Stephanie Ocsko-Moore,14,0,0%,0,0%,1,0,0%,0,0%,2,0,0%,0,0%,4,0,0%,0,0%,7,0,0%,0,0%
3849,2025-08-25,H D McGuigan,142,1,0.70%,21,14.79%,47,1,2.13%,8,17.02%,91,0,0%,13,14.29%,0,0,0%,0,0%,4,0,0%,0,0%
3850,2025-08-25,Derek O'Connor,1,0,0%,0,0%,0,0,0%,0,0%,1,0,0%,0,0%,0,0,0%,0,0%,0,0,0%,0,0%
3851,2025-08-25,Maeve Carlin,1,0,0%,1,100.00%,0,0,0%,0,0%,1,0,0%,1,100.00%,0,0,0%,0,0%,0,0,0%,0,0%
3852,2025-08-25,Jenny Lynch,1,0,0%,0,0%,0,0,0%,0,0%,1,0,0%,0,0%,0,0,0%,0,0%,0,0,0%,0,0%
3853,2025-08-25,Diane Duffy,1,0,0%,0,0%,0,0,0%,0,0%,1,0,0%,0,0%,0,0,0%,0,0%,0,0,0%,0,0%
3854,2025-08-25,Ms J Nolan,2,0,0%,0,0%,0,0,0%,0,0%,0,0,0%,0,0%,2,0,0%,0,0%,0,0,0%,0,0%
3855,2025-08-25,Miss A M Slack,35,2,5.71%,4,11.43%,0,0,0%,0,0%,0,0,0%,0,0%,18,1,5.56%,1,5.56%,17,1,5.88%,3,17.65%
3856,2025-08-25,Liz Doyle,170,7,4.12%,29,17.06%,0,0,0%,0,0%,23,1,4.35%,4,17.39%,53,3,5.66%,12,22.64%,94,3,3.19%,13,13.83%
3857,2025-08-25,M & T Collins,253,24,9.49%,43,17.00%,91,10,10.99%,21,23.08%,162,14,8.64%,22,13.58%,0,0,0%,0,0%,0,0,0%,0,0%
3858,2025-08-25,Conor Maxwell,127,8,6.30%,17,13.39%,13,0,0%,2,15.38%,50,4,8.00%,7,14.00%,7,0,0%,0,0%,57,4,7.02%,8,14.04%
3859,2025-08-25,Mrs Annabel England,3,0,0%,1,33.33%,0,0,0%,0,0%,0,0,0%,0,0%,3,0,0%,1,33.33%,0,0,0%,0,0%
3860,2025-08-25,Miss Dawn Ball,4,0,0%,3,75.00%,0,0,0%,0,0%,0,0,0%,0,0%,4,0,0%,3,75.00%,0,0,0%,0,0%
3861,2025-08-25,W Ewing,1,0,0%,0,0%,0,0,0%,0,0%,0,0,0%,0,0%,1,0,0%,0,0%,0,0,0%,0,0%
3862,2025-08-25,Miss E Grice,2,1,50.00%,1,50.00%,0,0,0%,0,0%,0,0,0%,0,0%,2,1,50.00%,1,50.00%,0,0,0%,0,0%
3863,2025-08-25,Jamie Albert Sloan,15,0,0%,2,13.33%,0,0,0%,0,0%,3,0,0%,1,33.33%,2,0,0%,0,0%,10,0,0%,1,10.00%
3864,2025-08-25,Miss M Filby,6,2,33.33%,2,33.33%,0,0,0%,0,0%,0,0,0%,0,0%,6,2,33.33%,2,33.33%,0,0,0%,0,0%
3865,2025-08-25,J Veysey,1,0,0%,0,0%,0,0,0%,0,0%,0,0,0%,0,0%,1,0,0%,0,0%,0,0,0%,0,0%
3866,2025-08-25,H Ryall,13,2,15.38%,3,23.08%,0,0,0%,0,0%,4,0,0%,2,50.00%,9,2,22.22%,1,11.11%,0,0,0%,0,0%
3867,2025-08-25,Ollie Sangster,504,69,13.69%,95,18.85%,213,29,13.62%,37,17.37%,290,40,13.79%,58,20.00%,1,0,0%,0,0%,0,0,0%,0,0%
3868,2025-08-25,Amy Bennallick,1,0,0%,1,100.00%,0,0,0%,0,0%,0,0,0%,0,0%,1,0,0%,1,100.00%,0,0,0%,0,0%
3869,2025-08-25,J Newman,10,3,30.00%,2,20.00%,0,0,0%,0,0%,3,0,0%,1,33.33%,7,3,42.86%,1,14.29%,0,0,0%,0,0%
3870,2025-08-25,Sean Davis,123,3,2.44%,10,8.13%,42,2,4.76%,2,4.76%,81,1,1.23%,8,9.88%,0,0,0%,0,0%,0,0,0%,0,0%
3871,2025-08-25,Jonjo ONeill,0,0,0%,0,0%,0,0,0%,0,0%,0,0,0%,0,0%,0,0,0%,0,0%,0,0,0%,0,0%
3872,2025-08-25,F OBrien,0,0,0%,0,0%,0,0,0%,0,0%,0,0,0%,0,0%,0,0,0%,0,0%,0,0,0%,0,0%
3873,2025-08-25,N A Twiston Davies,0,0,0%,0,0%,0,0,0%,0,0%,0,0,0%,0,0%,0,0,0%,0,0%,0,0,0%,0,0%
3874,2025-08-25,Joseph P OBrien,0,0,0%,0,0%,0,0,0%,0,0%,0,0,0%,0,0%,0,0,0%,0,0%,0,0,0%,0,0%
3875,2025-08-25,Jedd OKeeffe,0,0,0%,0,0%,0,0,0%,0,0%,0,0,0%,0,0%,0,0,0%,0,0%,0,0,0%,0,0%
3876,2025-08-25,D OMeara,0,0,0%,0,0%,0,0,0%,0,0%,0,0,0%,0,0%,0,0,0%,0,0%,0,0,0%,0,0%
3877,2025-08-25,Jane Chapple Hyam,0,0,0%,0,0%,0,0,0%,0,0%,0,0,0%,0,0%,0,0,0%,0,0%,0,0,0%,0,0%
3938,2025-08-25,A P OBrien,0,0,0%,0,0%,0,0,0%,0,0%,0,0,0%,0,0%,0,0,0%,0,0%,0,0,0%,0,0%
3939,2025-08-25,John ODonoghue,0,0,0%,0,0%,0,0,0%,0,0%,0,0,0%,0,0%,0,0,0%,0,0%,0,0,0%,0,0%
3940,2025-08-25,Donnacha OBrien,0,0,0%,0,0%,0,0,0%,0,0%,0,0,0%,0,0%,0,0,0%,0,0%,0,0,0%,0,0%
3941,2025-08-25,Michael W Omeara,0,0,0%,0,0%,0,0,0%,0,0%,0,0,0%,0,0%,0,0,0%,0,0%,0,0,0%,0,0%
3942,2025-08-25,M OCallaghan,0,0,0%,0,0%,0,0,0%,0,0%,0,0,0%,0,0%,0,0,0%,0,0%,0,0,0%,0,0%
3943,2025-08-25,C OBrien,0,0,0%,0,0%,0,0,0%,0,0%,0,0,0%,0,0%,0,0,0%,0,0%,0,0,0%,0,0%
3944,2025-08-25,Mrs A M OShea,0,0,0%,0,0%,0,0,0%,0,0%,0,0,0%,0,0%,0,0,0%,0,0%,0,0,0%,0,0%
3945,2025-08-25,Ross Osullivan,0,0,0%,0,0%,0,0,0%,0,0%,0,0,0%,0,0%,0,0,0%,0,0%,0,0,0%,0,0%
3946,2025-08-25,P OCallaghan,0,0,0%,0,0%,0,0,0%,0,0%,0,0,0%,0,0%,0,0,0%,0,0%,0,0,0%,0,0%
3947,2025-08-25,Con OKeeffe,0,0,0%,0,0%,0,0,0%,0,0%,0,0,0%,0,0%,0,0,0%,0,0%,0,0,0%,0,0%
3948,2025-08-25,T J Nagle Jr,0,0,0%,0,0%,0,0,0%,0,0%,0,0,0%,0,0%,0,0,0%,0,0%,0,0,0%,0,0%
3949,2025-08-25,E J OGrady,0,0,0%,0,0%,0,0,0%,0,0%,0,0,0%,0,0%,0,0,0%,0,0%,0,0,0%,0,0%
3950,2025-08-25,J F OShea,0,0,0%,0,0%,0,0,0%,0,0%,0,0,0%,0,0%,0,0,0%,0,0%,0,0,0%,0,0%
3951,2025-08-25,Liam G Obrien,0,0,0%,0,0%,0,0,0%,0,0%,0,0,0%,0,0%,0,0,0%,0,0%,0,0,0%,0,0%
3952,2025-08-25,Paul OFlynn,0,0,0%,0,0%,0,0,0%,0,0%,0,0,0%,0,0%,0,0,0%,0,0%,0,0,0%,0,0%
3953,2025-08-25,S O OBrien,0,0,0%,0,0%,0,0,0%,0,0%,0,0,0%,0,0%,0,0,0%,0,0%,0,0,0%,0,0%
3954,2025-08-25,B OKeeffe,0,0,0%,0,0%,0,0,0%,0,0%,0,0,0%,0,0%,0,0,0%,0,0%,0,0,0%,0,0%
3955,2025-08-25,E M OSullivan,0,0,0%,0,0%,0,0,0%,0,0%,0,0,0%,0,0%,0,0,0%,0,0%,0,0,0%,0,0%
3956,2025-08-25,Ross Wilson,2,0,0%,0,0%,0,0,0%,0,0%,0,0,0%,0,0%,2,0,0%,0,0%,0,0,0%,0,0%
3957,2025-08-25,P W Chapple Hyam,0,0,0%,0,0%,0,0,0%,0,0%,0,0,0%,0,0%,0,0,0%,0,0%,0,0,0%,0,0%
3958,2025-08-25,Niall Oflynn,0,0,0%,0,0%,0,0,0%,0,0%,0,0,0%,0,0%,0,0,0%,0,0%,0,0,0%,0,0%
3959,2025-08-25,D M OBrien,0,0,0%,0,0%,0,0,0%,0,0%,0,0,0%,0,0%,0,0,0%,0,0%,0,0,0%,0,0%
3960,2025-08-25,T J OMara,0,0,0%,0,0%,0,0,0%,0,0%,0,0,0%,0,0%,0,0,0%,0,0%,0,0,0%,0,0%
3961,2025-08-25,E OConnell,0,0,0%,0,0%,0,0,0%,0,0%,0,0,0%,0,0%,0,0,0%,0,0%,0,0,0%,0,0%
3962,2025-08-25,C ODwyer,0,0,0%,0,0%,0,0,0%,0,0%,0,0,0%,0,0%,0,0,0%,0,0%,0,0,0%,0,0%
3963,2025-08-25,P ORourke,0,0,0%,0,0%,0,0,0%,0,0%,0,0,0%,0,0%,0,0,0%,0,0%,0,0,0%,0,0%
3964,2025-08-25,Daniel Oleary,0,0,0%,0,0%,0,0,0%,0,0%,0,0,0%,0,0%,0,0,0%,0,0%,0,0,0%,0,0%
3965,2025-08-25,Turlough OConnor,0,0,0%,0,0%,0,0,0%,0,0%,0,0,0%,0,0%,0,0,0%,0,0%,0,0,0%,0,0%
3966,2025-08-25,Miss Shauna Larkin,31,2,6.45%,6,19.35%,13,1,7.69%,2,15.38%,5,0,0%,1,20.00%,3,0,0%,1,33.33%,10,1,10.00%,2,20.00%
3967,2025-08-25,Richard Obrien,0,0,0%,0,0%,0,0,0%,0,0%,0,0,0%,0,0%,0,0,0%,0,0%,0,0,0%,0,0%
3968,2025-08-25,Miss OShea,0,0,0%,0,0%,0,0,0%,0,0%,0,0,0%,0,0%,0,0,0%,0,0%,0,0,0%,0,0%
3969,2025-08-25,D OSullivan,0,0,0%,0,0%,0,0,0%,0,0%,0,0,0%,0,0%,0,0,0%,0,0%,0,0,0%,0,0%
3970,2025-08-25,Mrs I Gansera leveque,0,0,0%,0,0%,0,0,0%,0,0%,0,0,0%,0,0%,0,0,0%,0,0%,0,0,0%,0,0%
3971,2025-08-25,J G M OShea,0,0,0%,0,0%,0,0,0%,0,0%,0,0,0%,0,0%,0,0,0%,0,0%,0,0,0%,0,0%
3972,2025-08-25,J F ONeill,0,0,0%,0,0%,0,0,0%,0,0%,0,0,0%,0,0%,0,0,0%,0,0%,0,0,0%,0,0%
3973,2025-08-25,P F ODonnell,0,0,0%,0,0%,0,0,0%,0,0%,0,0,0%,0,0%,0,0,0%,0,0%,0,0,0%,0,0%
3974,2025-08-25,Mrs Tracey Barfoot Saunt,0,0,0%,0,0%,0,0,0%,0,0%,0,0,0%,0,0%,0,0,0%,0,0%,0,0,0%,0,0%
3975,2025-08-25,Mrs Helen Bament,6,0,0%,0,0%,0,0,0%,0,0%,0,0,0%,0,0%,6,0,0%,0,0%,0,0,0%,0,0%
3976,2025-08-25,Miss Heidi Stevens,3,0,0%,0,0%,0,0,0%,0,0%,0,0,0%,0,0%,3,0,0%,0,0%,0,0,0%,0,0%
3977,2025-08-25,Brian Orourke,0,0,0%,0,0%,0,0,0%,0,0%,0,0,0%,0,0%,0,0,0%,0,0%,0,0,0%,0,0%
3978,2025-08-25,Craig ONeill,0,0,0%,0,0%,0,0,0%,0,0%,0,0,0%,0,0%,0,0,0%,0,0%,0,0,0%,0,0%
3979,2025-08-25,Mrs M OConnor,0,0,0%,0,0%,0,0,0%,0,0%,0,0,0%,0,0%,0,0,0%,0,0%,0,0,0%,0,0%
3980,2025-08-25,Ms Oconnell,0,0,0%,0,0%,0,0,0%,0,0%,0,0,0%,0,0%,0,0,0%,0,0%,0,0,0%,0,0%
3987,2025-08-25,R Mitford slade,0,0,0%,0,0%,0,0,0%,0,0%,0,0,0%,0,0%,0,0,0%,0,0%,0,0,0%,0,0%
4008,2025-08-25,Miss Sarah jayne Davies,0,0,0%,0,0%,0,0,0%,0,0%,0,0,0%,0,0%,0,0,0%,0,0%,0,0,0%,0,0%
4009,2025-08-25,Rachel & Bridger,325,20,6.15%,53,16.31%,88,2,2.27%,10,11.36%,236,18,7.63%,43,18.22%,1,0,0%,0,0%,0,0,0%,0,0%
4010,2025-08-25,R P OKeeffe,0,0,0%,0,0%,0,0,0%,0,0%,0,0,0%,0,0%,0,0,0%,0,0%,0,0,0%,0,0%
4011,2025-08-25,M J Ohare,0,0,0%,0,0%,0,0,0%,0,0%,0,0,0%,0,0%,0,0,0%,0,0%,0,0,0%,0,0%
4012,2025-08-25,Callum Bickers price,0,0,0%,0,0%,0,0,0%,0,0%,0,0,0%,0,0%,0,0,0%,0,0%,0,0,0%,0,0%
4013,2025-08-25,T OBrien,0,0,0%,0,0%,0,0,0%,0,0%,0,0,0%,0,0%,0,0,0%,0,0%,0,0,0%,0,0%
4014,2025-08-25,Gearoid Oloughlin,0,0,0%,0,0%,0,0,0%,0,0%,0,0,0%,0,0%,0,0,0%,0,0%,0,0,0%,0,0%
4015,2025-08-25,Mrs D Oneill,0,0,0%,0,0%,0,0,0%,0,0%,0,0,0%,0,0%,0,0,0%,0,0%,0,0,0%,0,0%
4016,2025-08-25,Damien Wingrove,10,0,0%,0,0%,8,0,0%,0,0%,2,0,0%,0,0%,0,0,0%,0,0%,0,0,0%,0,0%
4017,2025-08-25,Miss Elizabeth Doyle,101,6,5.94%,17,16.83%,1,0,0%,0,0%,13,1,7.69%,2,15.38%,21,0,0%,4,19.05%,66,5,7.58%,11,16.67%
4018,2025-08-25,John E & Kiely,161,12,7.45%,32,19.88%,9,1,11.11%,1,11.11%,80,8,10.00%,22,27.50%,10,0,0%,2,20.00%,62,3,4.84%,7,11.29%
4019,2025-08-25,A M O'Grady,72,6,8.33%,5,6.94%,0,0,0%,0,0%,1,0,0%,0,0%,40,5,12.50%,4,10.00%,31,1,3.23%,1,3.23%
4020,2025-08-25,Miss P S Topley,1,0,0%,0,0%,0,0,0%,0,0%,0,0,0%,0,0%,1,0,0%,0,0%,0,0,0%,0,0%
4021,2025-08-25,Ed Partridge,1,0,0%,0,0%,0,0,0%,0,0%,0,0,0%,0,0%,1,0,0%,0,0%,0,0,0%,0,0%
4022,2025-08-25,E M Rees,3,0,0%,0,0%,0,0,0%,0,0%,0,0,0%,0,0%,3,0,0%,0,0%,0,0,0%,0,0%
4023,2025-08-25,Eoghan O'Neill,91,8,8.79%,13,14.29%,22,2,9.09%,3,13.64%,69,6,8.70%,10,14.49%,0,0,0%,0,0%,0,0,0%,0,0%
4024,2025-08-25,Karen Jewell,88,2,2.27%,13,14.77%,41,1,2.44%,7,17.07%,16,0,0%,1,6.25%,20,1,5.00%,4,20.00%,11,0,0%,1,9.09%
4025,2025-08-25,Mrs J Owen,12,1,8.33%,4,33.33%,0,0,0%,0,0%,0,0,0%,0,0%,12,1,8.33%,4,33.33%,0,0,0%,0,0%
4026,2025-08-25,Oliver Greenall & Josh Guerriero,301,36,11.96%,39,12.96%,34,3,8.82%,3,8.82%,51,2,3.92%,4,7.84%,83,14,16.87%,14,16.87%,133,17,12.78%,18,13.53%
4027,2025-08-25,Robert Wilkinson,2,0,0%,1,50.00%,0,0,0%,0,0%,0,0,0%,0,0%,2,0,0%,1,50.00%,0,0,0%,0,0%
4028,2025-08-25,Miss J Richards,1,0,0%,0,0%,0,0,0%,0,0%,0,0,0%,0,0%,1,0,0%,0,0%,0,0,0%,0,0%
4029,2025-08-25,Paul Frank,1,0,0%,0,0%,0,0,0%,0,0%,0,0,0%,0,0%,1,0,0%,0,0%,0,0,0%,0,0%
4030,2025-08-25,Miss Hennessy,3,0,0%,0,0%,0,0,0%,0,0%,1,0,0%,0,0%,2,0,0%,0,0%,0,0,0%,0,0%
4031,2025-08-25,Leon & Corstens,3,0,0%,1,33.33%,0,0,0%,0,0%,3,0,0%,1,33.33%,0,0,0%,0,0%,0,0,0%,0,0%
4032,2025-08-25,Mrs Kay Horsfall,1,0,0%,0,0%,0,0,0%,0,0%,1,0,0%,0,0%,0,0,0%,0,0%,0,0,0%,0,0%
4033,2025-08-25,Eoghan Joseph O'Neill,67,2,2.99%,10,14.93%,15,0,0%,3,20.00%,52,2,3.85%,7,13.46%,0,0,0%,0,0%,0,0,0%,0,0%
4034,2025-08-25,Hiroo Shimizu,1,0,0%,0,0%,0,0,0%,0,0%,1,0,0%,0,0%,0,0,0%,0,0%,0,0,0%,0,0%
4035,2025-08-25,Steve Blackwell,30,3,10.00%,3,10.00%,6,1,16.67%,1,16.67%,24,2,8.33%,2,8.33%,0,0,0%,0,0%,0,0,0%,0,0%
4036,2025-08-25,Miss Jen Harris,17,0,0%,3,17.65%,5,0,0%,0,0%,12,0,0%,3,25.00%,0,0,0%,0,0%,0,0,0%,0,0%
4037,2025-08-25,Gavin Kelly,3,0,0%,0,0%,0,0,0%,0,0%,3,0,0%,0,0%,0,0,0%,0,0%,0,0,0%,0,0%
4038,2025-08-25,Diego Dias,168,11,6.55%,30,17.86%,42,5,11.90%,5,11.90%,126,6,4.76%,25,19.84%,0,0,0%,0,0%,0,0,0%,0,0%
4039,2025-08-25,Eoghan Joseph ONeill,0,0,0%,0,0%,0,0,0%,0,0%,0,0,0%,0,0%,0,0,0%,0,0%,0,0,0%,0,0%
4040,2025-08-25,G Hassett,21,0,0%,0,0%,9,0,0%,0,0%,11,0,0%,0,0%,0,0,0%,0,0%,1,0,0%,0,0%
4057,2025-08-25,J J OShea,0,0,0%,0,0%,0,0,0%,0,0%,0,0,0%,0,0%,0,0,0%,0,0%,0,0,0%,0,0%
4058,2025-08-25,Joanne Thomason murphy,0,0,0%,0,0%,0,0,0%,0,0%,0,0,0%,0,0%,0,0,0%,0,0%,0,0,0%,0,0%
4059,2025-08-25,William ODoherty,0,0,0%,0,0%,0,0,0%,0,0%,0,0,0%,0,0%,0,0,0%,0,0%,0,0,0%,0,0%
4060,2025-08-25,T P OConnor,0,0,0%,0,0%,0,0,0%,0,0%,0,0,0%,0,0%,0,0,0%,0,0%,0,0,0%,0,0%
4061,2025-08-25,S G ODonnell,0,0,0%,0,0%,0,0,0%,0,0%,0,0,0%,0,0%,0,0,0%,0,0%,0,0,0%,0,0%
4062,2025-08-25,David Obrien,0,0,0%,0,0%,0,0,0%,0,0%,0,0,0%,0,0%,0,0,0%,0,0%,0,0,0%,0,0%
4063,2025-08-25,L Hopkins,0,0,0%,0,0%,0,0,0%,0,0%,0,0,0%,0,0%,0,0,0%,0,0%,0,0,0%,0,0%
4064,2025-08-25,Miss D Kenealy,3,0,0%,0,0%,0,0,0%,0,0%,1,0,0%,0,0%,2,0,0%,0,0%,0,0,0%,0,0%
4065,2025-08-25,A M OGrady,0,0,0%,0,0%,0,0,0%,0,0%,0,0,0%,0,0%,0,0,0%,0,0%,0,0,0%,0,0%
4066,2025-08-25,M J OConnor,0,0,0%,0,0%,0,0,0%,0,0%,0,0,0%,0,0%,0,0,0%,0,0%,0,0,0%,0,0%
4067,2025-08-25,P Collington,35,10,28.57%,4,11.43%,13,3,23.08%,0,0%,22,7,31.82%,4,18.18%,0,0,0%,0,0%,0,0,0%,0,0%
4068,2025-08-25,Keelan Dempsey,5,0,0%,0,0%,0,0,0%,0,0%,2,0,0%,0,0%,0,0,0%,0,0%,3,0,0%,0,0%
4069,2025-08-25,D C OBrien,0,0,0%,0,0%,0,0,0%,0,0%,0,0,0%,0,0%,0,0,0%,0,0%,0,0,0%,0,0%
4070,2025-08-25,R Fell & S Murray,652,46,7.06%,113,17.33%,190,14,7.37%,24,12.63%,459,32,6.97%,89,19.39%,1,0,0%,0,0%,2,0,0%,0,0%
4071,2025-08-25,P & O Cole,312,46,14.74%,73,23.40%,114,14,12.28%,27,23.68%,198,32,16.16%,46,23.23%,0,0,0%,0,0%,0,0,0%,0,0%
4072,2025-08-25,L OBrien,0,0,0%,0,0%,0,0,0%,0,0%,0,0,0%,0,0%,0,0,0%,0,0%,0,0,0%,0,0%
4073,2025-08-25,Peter & Snowden,2,0,0%,0,0%,0,0,0%,0,0%,2,0,0%,0,0%,0,0,0%,0,0%,0,0,0%,0,0%
4074,2025-08-25,Ciaron & Eustace,1,0,0%,0,0%,0,0,0%,0,0%,1,0,0%,0,0%,0,0,0%,0,0%,0,0,0%,0,0%
4075,2025-08-25,Stephanie Ocsko Moore,0,0,0%,0,0%,0,0,0%,0,0%,0,0,0%,0,0%,0,0,0%,0,0%,0,0,0%,0,0%
4076,2025-08-25,V T OBrien,0,0,0%,0,0%,0,0,0%,0,0%,0,0,0%,0,0%,0,0,0%,0,0%,0,0,0%,0,0%
4077,2025-08-25,Thomas Morley,1,0,0%,0,0%,0,0,0%,0,0%,1,0,0%,0,0%,0,0,0%,0,0%,0,0,0%,0,0%
4078,2025-08-25,Mohammed Khalifa Al,12,0,0%,1,8.33%,0,0,0%,0,0%,12,0,0%,1,8.33%,0,0,0%,0,0%,0,0,0%,0,0%
4079,2025-08-25,M Al Attiyah,2,1,50.00%,1,50.00%,1,1,100.00%,0,0%,1,0,0%,1,100.00%,0,0,0%,0,0%,0,0,0%,0,0%
4080,2025-08-25,Miss A M Newton Smith,0,0,0%,0,0%,0,0,0%,0,0%,0,0,0%,0,0%,0,0,0%,0,0%,0,0,0%,0,0%
4081,2025-08-25,David & Mcphe,2,0,0%,1,50.00%,1,0,0%,0,0%,1,0,0%,1,100.00%,0,0,0%,0,0%,0,0,0%,0,0%
4082,2025-08-25,M Dunne,7,1,14.29%,1,14.29%,7,1,14.29%,1,14.29%,0,0,0%,0,0%,0,0,0%,0,0%,0,0,0%,0,0%
4083,2025-08-25,W De Best Turner,0,0,0%,0,0%,0,0,0%,0,0%,0,0,0%,0,0%,0,0,0%,0,0%,0,0,0%,0,0%
4084,2025-08-25,David Killanena & Graeme McPherson,78,13,16.67%,14,17.95%,10,4,40.00%,1,10.00%,8,1,12.50%,1,12.50%,16,2,12.50%,3,18.75%,44,6,13.64%,9,20.45%
4085,2025-08-25,Martin Dunne,233,13,5.58%,40,17.17%,123,10,8.13%,16,13.01%,107,3,2.80%,24,22.43%,0,0,0%,0,0%,3,0,0%,0,0%
4086,2025-08-25,E & P Harty,269,19,7.06%,50,18.59%,34,0,0%,7,20.59%,162,11,6.79%,26,16.05%,18,2,11.11%,1,5.56%,55,6,10.91%,16,29.09%
4087,2025-08-25,Annike Hansen,1,0,0%,0,0%,0,0,0%,0,0%,1,0,0%,0,0%,0,0,0%,0,0%,0,0,0%,0,0%
4088,2025-08-25,Cornelia Fraisl,1,0,0%,0,0%,0,0,0%,0,0%,1,0,0%,0,0%,0,0,0%,0,0%,0,0,0%,0,0%
4089,2025-08-25,T Fourcy,3,1,33.33%,1,33.33%,0,0,0%,0,0%,3,1,33.33%,1,33.33%,0,0,0%,0,0%,0,0,0%,0,0%
4090,2025-08-25,Gerald Stephen Quinn,57,8,14.04%,11,19.30%,0,0,0%,0,0%,11,4,36.36%,1,9.09%,4,0,0%,3,75.00%,42,4,9.52%,7,16.67%
4091,2025-08-25,Yann Barberot,2,0,0%,1,50.00%,1,0,0%,1,100.00%,1,0,0%,0,0%,0,0,0%,0,0%,0,0,0%,0,0%
4092,2025-08-25,Daniel Murphy,231,27,11.69%,36,15.58%,90,16,17.78%,14,15.56%,140,11,7.86%,22,15.71%,0,0,0%,0,0%,1,0,0%,0,0%
4093,2025-08-25,N & A Zetterholm,22,2,9.09%,5,22.73%,0,0,0%,0,0%,0,0,0%,0,0%,7,1,14.29%,1,14.29%,15,1,6.67%,4,26.67%
4094,2025-08-25,Clive Boultbee brooks,0,0,0%,0,0%,0,0,0%,0,0%,0,0,0%,0,0%,0,0,0%,0,0%,0,0,0%,0,0%
4095,2025-08-25,P cottier,5,0,0%,4,80.00%,0,0,0%,0,0%,5,0,0%,4,80.00%,0,0,0%,0,0%,0,0,0%,0,0%
4096,2025-08-25,Brian Toomey,113,10,8.85%,23,20.35%,64,5,7.81%,14,21.88%,48,5,10.42%,9,18.75%,0,0,0%,0,0%,1,0,0%,0,0%
4097,2025-08-25,Seamus Murnane,9,0,0%,1,11.11%,0,0,0%,0,0%,0,0,0%,0,0%,9,0,0%,1,11.11%,0,0,0%,0,0%
4098,2025-08-25,Kevin Pickard,39,4,10.26%,6,15.38%,0,0,0%,0,0%,1,0,0%,0,0%,9,0,0%,3,33.33%,29,4,13.79%,3,10.34%
4099,2025-08-25,Anthony Charlton,265,25,9.43%,42,15.85%,22,0,0%,2,9.09%,33,2,6.06%,6,18.18%,26,1,3.85%,2,7.69%,184,22,11.96%,32,17.39%
4100,2025-08-25,Dr Richard Newland & Jamie Insole,75,7,9.33%,15,20.00%,27,5,18.52%,4,14.81%,1,0,0%,0,0%,22,0,0%,3,13.64%,25,2,8.00%,8,32.00%
4101,2025-08-25,Dr & Ins,2,1,50.00%,0,0%,1,1,100.00%,0,0%,0,0,0%,0,0%,1,0,0%,0,0%,0,0,0%,0,0%
4102,2025-08-25,Marie Martin,17,1,5.88%,1,5.88%,9,1,11.11%,0,0%,4,0,0%,0,0%,0,0,0%,0,0%,4,0,0%,1,25.00%
4103,2025-08-25,M Seror,1,0,0%,0,0%,0,0,0%,0,0%,0,0,0%,0,0%,0,0,0%,0,0%,1,0,0%,0,0%
4104,2025-08-25,Harry Charlton,416,59,14.18%,88,21.15%,153,22,14.38%,33,21.57%,259,37,14.29%,54,20.85%,4,0,0%,1,25.00%,0,0,0%,0,0%
4105,2025-08-25,Ross Tumilty,4,1,25.00%,0,0%,0,0,0%,0,0%,0,0,0%,0,0%,0,0,0%,0,0%,4,1,25.00%,0,0%
4106,2025-08-25,M Robinson,2,0,0%,0,0%,0,0,0%,0,0%,0,0,0%,0,0%,2,0,0%,0,0%,0,0,0%,0,0%
4107,2025-08-25,Mrs Lucinda Hughes,20,3,15.00%,5,25.00%,0,0,0%,0,0%,0,0,0%,0,0%,15,2,13.33%,5,33.33%,5,1,20.00%,0,0%
4108,2025-08-25,C Boultbee-brooks,110,12,10.91%,25,22.73%,0,0,0%,0,0%,7,0,0%,0,0%,14,3,21.43%,5,35.71%,89,9,10.11%,20,22.47%
4109,2025-08-25,Douglas White,7,1,14.29%,2,28.57%,0,0,0%,0,0%,0,0,0%,0,0%,7,1,14.29%,2,28.57%,0,0,0%,0,0%
4110,2025-08-25,J & S Quinn,619,63,10.18%,113,18.26%,150,14,9.33%,20,13.33%,456,47,10.31%,91,19.96%,4,1,25.00%,0,0%,9,1,11.11%,2,22.22%
4111,2025-08-25,H Roach,3,1,33.33%,1,33.33%,0,0,0%,0,0%,0,0,0%,0,0%,3,1,33.33%,1,33.33%,0,0,0%,0,0%
4112,2025-08-25,Tony Coyle & Kaine Wood,190,20,10.53%,42,22.11%,49,2,4.08%,16,32.65%,139,18,12.95%,25,17.99%,1,0,0%,0,0%,1,0,0%,1,100.00%
4113,2025-08-25,Frederick Timmis,11,4,36.36%,1,9.09%,0,0,0%,0,0%,0,0,0%,0,0%,11,4,36.36%,1,9.09%,0,0,0%,0,0%
4114,2025-08-25,E Buckley,58,7,12.07%,5,8.62%,5,0,0%,0,0%,16,1,6.25%,0,0%,2,2,100.00%,0,0%,35,4,11.43%,5,14.29%
4115,2025-08-25,Sarah Connell,23,1,4.35%,3,13.04%,0,0,0%,0,0%,2,0,0%,0,0%,6,0,0%,0,0%,15,1,6.67%,3,20.00%
4116,2025-08-25,Miss Jackson-fennell,19,1,5.26%,3,15.79%,0,0,0%,0,0%,2,1,50.00%,0,0%,17,0,0%,3,17.65%,0,0,0%,0,0%
4117,2025-08-25,R Pallas,3,1,33.33%,1,33.33%,0,0,0%,0,0%,0,0,0%,0,0%,3,1,33.33%,1,33.33%,0,0,0%,0,0%
4118,2025-08-25,H Bethell,152,28,18.42%,32,21.05%,44,7,15.91%,7,15.91%,108,21,19.44%,25,23.15%,0,0,0%,0,0%,0,0,0%,0,0%
4119,2025-08-25,G Boanas,81,1,1.23%,8,9.88%,11,0,0%,0,0%,4,0,0%,0,0%,1,0,0%,1,100.00%,65,1,1.54%,7,10.77%
4120,2025-08-25,D Bourke,196,14,7.14%,34,17.35%,41,4,9.76%,5,12.20%,84,7,8.33%,17,20.24%,11,0,0%,6,54.55%,60,3,5.00%,6,10.00%
4121,2025-08-25,R Menzies,869,90,10.36%,154,17.72%,198,18,9.09%,31,15.66%,273,23,8.42%,53,19.41%,85,16,18.82%,16,18.82%,313,33,10.54%,54,17.25%
4122,2025-08-25,C Johnston,1737,202,11.63%,337,19.40%,628,86,13.69%,119,18.95%,1108,116,10.47%,218,19.68%,1,0,0%,0,0%,0,0,0%,0,0%
4123,2025-08-25,A Brittain,405,27,6.67%,63,15.56%,306,26,8.50%,57,18.63%,99,1,1.01%,6,6.06%,0,0,0%,0,0%,0,0,0%,0,0%
4124,2025-08-25,L Williamson,181,14,7.73%,24,13.26%,96,5,5.21%,12,12.50%,84,9,10.71%,12,14.29%,1,0,0%,0,0%,0,0,0%,0,0%
4125,2025-08-25,Mrs Stella Barclay,317,32,10.09%,56,17.67%,168,23,13.69%,39,23.21%,111,5,4.50%,11,9.91%,15,2,13.33%,3,20.00%,23,2,8.70%,3,13.04%
4126,2025-08-25,G Boughey,989,151,15.27%,212,21.44%,404,58,14.36%,82,20.30%,585,93,15.90%,130,22.22%,0,0,0%,0,0%,0,0,0%,0,0%
4127,2025-08-25,K Scott,354,25,7.06%,69,19.49%,131,5,3.82%,21,16.03%,222,20,9.01%,47,21.17%,0,0,0%,0,0%,1,0,0%,1,100.00%
4128,2025-08-25,L Bailey,286,24,8.39%,52,18.18%,131,10,7.63%,27,20.61%,150,14,9.33%,25,16.67%,3,0,0%,0,0%,2,0,0%,0,0%
4129,2025-08-25,A Keatley,377,49,13.00%,69,18.30%,47,2,4.26%,5,10.64%,242,29,11.98%,48,19.83%,13,3,23.08%,1,7.69%,75,15,20.00%,15,20.00%
4130,2025-08-25,O Signy,96,9,9.38%,11,11.46%,0,0,0%,0,0%,19,3,15.79%,3,15.79%,22,5,22.73%,2,9.09%,55,1,1.82%,6,10.91%
4131,2025-08-25,L Wadham,203,39,19.21%,36,17.73%,26,6,23.08%,5,19.23%,25,1,4.00%,3,12.00%,73,18,24.66%,12,16.44%,79,14,17.72%,16,20.25%
4132,2025-08-25,S-J Davies,164,5,3.05%,16,9.76%,1,0,0%,0,0%,7,0,0%,0,0%,82,5,6.10%,14,17.07%,74,0,0%,2,2.70%
4133,2025-08-25,O Greenall & J Guerriero,588,79,13.44%,99,16.84%,26,1,3.85%,4,15.38%,70,6,8.57%,10,14.29%,202,41,20.30%,38,18.81%,290,31,10.69%,47,16.21%
4134,2025-08-25,O Murphy,825,194,23.52%,162,19.64%,32,1,3.13%,6,18.75%,76,14,18.42%,19,25.00%,176,41,23.30%,23,13.07%,541,138,25.51%,114,21.07%
4135,2025-08-25,B Pauling,591,93,15.74%,127,21.49%,2,0,0%,0,0%,69,12,17.39%,8,11.59%,185,35,18.92%,29,15.68%,335,46,13.73%,90,26.87%
4136,2025-08-25,Mrs M Rowley,205,20,9.76%,38,18.54%,0,0,0%,0,0%,25,0,0%,3,12.00%,52,7,13.46%,10,19.23%,128,13,10.16%,25,19.53%
4137,2025-08-25,N Kent,105,4,3.81%,29,27.62%,1,0,0%,0,0%,3,0,0%,0,0%,40,1,2.50%,7,17.50%,61,3,4.92%,22,36.07%
4138,2025-08-25,L Horsfall,98,8,8.16%,16,16.33%,12,1,8.33%,2,16.67%,13,1,7.69%,0,0%,4,0,0%,0,0%,69,6,8.70%,14,20.29%
4139,2025-08-25,R Bevis,38,3,7.89%,7,18.42%,1,0,0%,0,0%,14,2,14.29%,3,21.43%,8,0,0%,1,12.50%,15,1,6.67%,3,20.00%
4140,2025-08-25,M Hunt,45,3,6.67%,3,6.67%,6,1,16.67%,0,0%,13,0,0%,0,0%,3,0,0%,1,33.33%,23,2,8.70%,2,8.70%
4141,2025-08-25,P Hobbs & J White,362,63,17.40%,92,25.41%,2,1,50.00%,0,0%,26,8,30.77%,5,19.23%,128,17,13.28%,30,23.44%,206,37,17.96%,57,27.67%
4142,2025-08-25,K Woollacott,96,8,8.33%,19,19.79%,0,0,0%,0,0%,6,0,0%,1,16.67%,9,0,0%,1,11.11%,81,8,9.88%,17,20.99%
4143,2025-08-25,A Watson,1033,113,10.94%,181,17.52%,424,57,13.44%,92,21.70%,549,53,9.65%,83,15.12%,19,1,5.26%,0,0%,41,2,4.88%,6,14.63%
4144,2025-08-25,S Hosie,81,5,6.17%,16,19.75%,0,0,0%,0,0%,15,1,6.67%,1,6.67%,27,1,3.70%,4,14.81%,39,3,7.69%,11,28.21%
4145,2025-08-25,R Walford,142,27,19.01%,33,23.24%,0,0,0%,0,0%,0,0,0%,0,0%,63,13,20.63%,17,26.98%,79,14,17.72%,16,20.25%
4146,2025-08-25,R Dobbin,23,1,4.35%,1,4.35%,0,0,0%,0,0%,0,0,0%,0,0%,11,0,0%,0,0%,12,1,8.33%,1,8.33%
4147,2025-08-25,M Walford,594,53,8.92%,95,15.99%,70,1,1.43%,9,12.86%,242,20,8.26%,43,17.77%,53,6,11.32%,11,20.75%,229,26,11.35%,32,13.97%
4148,2025-08-25,G Hanmer,229,26,11.35%,30,13.10%,22,1,4.55%,1,4.55%,22,1,4.55%,0,0%,83,13,15.66%,11,13.25%,102,11,10.78%,18,17.65%
4149,2025-08-25,C Banham,181,22,12.15%,27,14.92%,139,18,12.95%,25,17.99%,41,4,9.76%,2,4.88%,1,0,0%,0,0%,0,0,0%,0,0%
4150,2025-08-25,G Deacon,2,0,0%,0,0%,2,0,0%,0,0%,0,0,0%,0,0%,0,0,0%,0,0%,0,0,0%,0,0%
4151,2025-08-25,A Wintle,430,40,9.30%,83,19.30%,169,14,8.28%,26,15.38%,245,25,10.20%,56,22.86%,3,1,33.33%,1,33.33%,13,0,0%,0,0%
4152,2025-08-25,C Wallis,145,6,4.14%,28,19.31%,100,5,5.00%,20,20.00%,45,1,2.22%,8,17.78%,0,0,0%,0,0%,0,0,0%,0,0%
4153,2025-08-25,H Main,251,26,10.36%,38,15.14%,84,11,13.10%,12,14.29%,156,11,7.05%,26,16.67%,9,4,44.44%,0,0%,2,0,0%,0,0%
4154,2025-08-25,T Ward,338,33,9.76%,57,16.86%,160,19,11.88%,26,16.25%,178,14,7.87%,31,17.42%,0,0,0%,0,0%,0,0,0%,0,0%
4155,2025-08-25,K P De Foy,459,49,10.68%,88,19.17%,237,25,10.55%,47,19.83%,216,21,9.72%,40,18.52%,0,0,0%,0,0%,6,3,50.00%,1,16.67%
4156,2025-08-25,R Stephens,137,12,8.76%,21,15.33%,55,7,12.73%,10,18.18%,49,3,6.12%,7,14.29%,3,0,0%,0,0%,30,2,6.67%,4,13.33%
4157,2025-08-25,S Pearce,4,1,25.00%,2,50.00%,4,1,25.00%,2,50.00%,0,0,0%,0,0%,0,0,0%,0,0%,0,0,0%,0,0%
4158,2025-08-25,G Nicholls,144,19,13.19%,34,23.61%,23,1,4.35%,4,17.39%,49,5,10.20%,11,22.45%,4,0,0%,0,0%,68,13,19.12%,19,27.94%
4159,2025-08-25,D M Loughnane,581,60,10.33%,111,19.10%,357,46,12.89%,75,21.01%,223,14,6.28%,36,16.14%,0,0,0%,0,0%,1,0,0%,0,0%
4160,2025-08-25,W Muir & C Grassick,340,40,11.76%,55,16.18%,113,18,15.93%,14,12.39%,227,22,9.69%,41,18.06%,0,0,0%,0,0%,0,0,0%,0,0%
4161,2025-08-25,H Palmer,825,117,14.18%,142,17.21%,250,34,13.60%,32,12.80%,571,83,14.54%,110,19.26%,1,0,0%,0,0%,3,0,0%,0,0%
4162,2025-08-25,Alexandra Dunn,146,6,4.11%,24,16.44%,31,0,0%,5,16.13%,25,1,4.00%,3,12.00%,31,5,16.13%,7,22.58%,59,0,0%,9,15.25%
4163,2025-08-25,M Young,151,3,1.99%,7,4.64%,61,2,3.28%,5,8.20%,17,0,0%,0,0%,27,0,0%,1,3.70%,46,1,2.17%,1,2.17%
4164,2025-08-25,I Furtado,532,41,7.71%,74,13.91%,282,19,6.74%,42,14.89%,250,22,8.80%,32,12.80%,0,0,0%,0,0%,0,0,0%,0,0%
4165,2025-08-25,B Clarke,25,3,12.00%,2,8.00%,0,0,0%,0,0%,1,0,0%,0,0%,9,1,11.11%,2,22.22%,15,2,13.33%,0,0%
4166,2025-08-25,B Brookhouse,252,30,11.90%,53,21.03%,94,10,10.64%,20,21.28%,107,13,12.15%,23,21.50%,5,0,0%,1,20.00%,46,7,15.22%,9,19.57%
4167,2025-08-25,Georgie Howell,55,0,0%,4,7.27%,0,0,0%,0,0%,2,0,0%,0,0%,18,0,0%,1,5.56%,35,0,0%,3,8.57%
4168,2025-08-25,P Gundry,61,5,8.20%,5,8.20%,2,0,0%,0,0%,13,0,0%,2,15.38%,15,5,33.33%,1,6.67%,31,0,0%,2,6.45%
4169,2025-08-25,D A McLoughlin,327,21,6.42%,32,9.79%,6,0,0%,0,0%,44,0,0%,8,18.18%,77,7,9.09%,11,14.29%,200,14,7.00%,13,6.50%
4170,2025-08-25,Colm Murphy,151,9,5.96%,15,9.93%,0,0,0%,0,0%,14,3,21.43%,1,7.14%,32,1,3.13%,2,6.25%,105,5,4.76%,12,11.43%
4171,2025-08-25,J Nallen,67,5,7.46%,19,28.36%,4,0,0%,0,0%,52,4,7.69%,17,32.69%,0,0,0%,0,0%,11,1,9.09%,2,18.18%
4172,2025-08-25,P T Foley,168,13,7.74%,26,15.48%,3,0,0%,0,0%,73,4,5.48%,13,17.81%,19,3,15.79%,3,15.79%,73,6,8.22%,10,13.70%
4173,2025-08-25,M Fahey,288,36,12.50%,57,19.79%,27,4,14.81%,11,40.74%,181,18,9.94%,30,16.57%,10,1,10.00%,3,30.00%,70,13,18.57%,13,18.57%
4174,2025-08-25,J P O'Brien,1656,235,14.19%,354,21.38%,163,22,13.50%,31,19.02%,1226,163,13.30%,251,20.47%,75,16,21.33%,12,16.00%,192,34,17.71%,60,31.25%
4175,2025-08-25,D H Kelly,199,15,7.54%,34,17.09%,2,0,0%,0,0%,68,5,7.35%,17,25.00%,26,0,0%,2,7.69%,103,10,9.71%,15,14.56%
4176,2025-08-25,N P Hennessy,17,4,23.53%,6,35.29%,0,0,0%,0,0%,0,0,0%,0,0%,9,2,22.22%,3,33.33%,8,2,25.00%,3,37.50%
4177,2025-08-25,D Budds,133,8,6.02%,20,15.04%,9,0,0%,1,11.11%,22,0,0%,3,13.64%,10,1,10.00%,2,20.00%,92,7,7.61%,14,15.22%
4178,2025-08-25,R Bandey,127,13,10.24%,19,14.96%,6,0,0%,2,33.33%,21,3,14.29%,4,19.05%,42,5,11.90%,6,14.29%,58,5,8.62%,7,12.07%
4179,2025-08-25,K Jewell,178,11,6.18%,24,13.48%,77,4,5.19%,12,15.58%,44,1,2.27%,7,15.91%,39,6,15.38%,3,7.69%,18,0,0%,2,11.11%
4180,2025-08-25,Mrs D Grissell,30,3,10.00%,4,13.33%,0,0,0%,0,0%,1,0,0%,0,0%,4,2,50.00%,1,25.00%,25,1,4.00%,3,12.00%
4181,2025-08-25,A West,193,8,4.15%,28,14.51%,63,2,3.17%,3,4.76%,94,5,5.32%,18,19.15%,2,0,0%,0,0%,34,1,2.94%,7,20.59%
4182,2025-08-25,J Tizzard,493,83,16.84%,99,20.08%,1,0,0%,0,0%,34,5,14.71%,7,20.59%,256,44,17.19%,52,20.31%,202,34,16.83%,40,19.80%
4183,2025-08-25,S Edmunds,223,41,18.39%,44,19.73%,3,0,0%,0,0%,13,0,0%,2,15.38%,47,9,19.15%,7,14.89%,160,32,20.00%,35,21.88%
4184,2025-08-25,M & D Easterby,890,70,7.87%,157,17.64%,213,16,7.51%,35,16.43%,641,50,7.80%,114,17.78%,5,0,0%,2,40.00%,31,4,12.90%,6,19.35%
4185,2025-08-25,A Nicol,169,15,8.88%,24,14.20%,23,0,0%,2,8.70%,51,4,7.84%,8,15.69%,3,0,0%,0,0%,92,11,11.96%,14,15.22%
4186,2025-08-25,J & S Best,208,21,10.10%,40,19.23%,111,6,5.41%,27,24.32%,56,8,14.29%,8,14.29%,9,5,55.56%,0,0%,32,2,6.25%,5,15.63%
4187,2025-08-25,J Parr,208,23,11.06%,29,13.94%,125,15,12.00%,22,17.60%,83,8,9.64%,7,8.43%,0,0,0%,0,0%,0,0,0%,0,0%
4188,2025-08-25,Miss A Murphy,369,30,8.13%,49,13.28%,191,20,10.47%,22,11.52%,154,9,5.84%,23,14.94%,3,0,0%,0,0%,21,1,4.76%,4,19.05%
4189,2025-08-25,R Eddery,148,10,6.76%,26,17.57%,52,1,1.92%,11,21.15%,88,8,9.09%,14,15.91%,0,0,0%,0,0%,8,1,12.50%,1,12.50%
4190,2025-08-25,B Connell,160,21,13.13%,44,27.50%,1,0,0%,1,100.00%,20,5,25.00%,8,40.00%,53,5,9.43%,14,26.42%,86,11,12.79%,21,24.42%
4191,2025-08-25,M Hassett,119,7,5.88%,20,16.81%,2,0,0%,0,0%,84,3,3.57%,16,19.05%,13,2,15.38%,2,15.38%,20,2,10.00%,2,10.00%
4192,2025-08-25,James Andrew Fahey,126,9,7.14%,20,15.87%,0,0,0%,0,0%,26,1,3.85%,3,11.54%,18,3,16.67%,4,22.22%,82,5,6.10%,13,15.85%
4193,2025-08-25,D Hogan,689,42,6.10%,117,16.98%,131,9,6.87%,18,13.74%,334,23,6.89%,56,16.77%,37,1,2.70%,8,21.62%,187,9,4.81%,35,18.72%
4194,2025-08-25,P Roche,188,22,11.70%,25,13.30%,3,0,0%,0,0%,48,3,6.25%,7,14.58%,54,8,14.81%,10,18.52%,83,11,13.25%,8,9.64%
4195,2025-08-25,D Howard,46,4,8.70%,8,17.39%,0,0,0%,0,0%,15,3,20.00%,0,0%,23,1,4.35%,5,21.74%,8,0,0%,3,37.50%
4196,2025-08-25,T O'Connor,36,0,0%,1,2.78%,0,0,0%,0,0%,1,0,0%,0,0%,9,0,0%,0,0%,26,0,0%,1,3.85%
4197,2025-08-25,Miss E McCutcheon,31,1,3.23%,6,19.35%,2,0,0%,0,0%,10,0,0%,4,40.00%,10,0,0%,1,10.00%,9,1,11.11%,1,11.11%
4198,2025-08-25,Mrs J Cashin,21,0,0%,5,23.81%,0,0,0%,0,0%,6,0,0%,0,0%,0,0,0%,0,0%,15,0,0%,5,33.33%
4199,2025-08-25,D Commins,21,0,0%,1,4.76%,2,0,0%,0,0%,7,0,0%,0,0%,1,0,0%,0,0%,11,0,0%,1,9.09%
4200,2025-08-25,D Faulkner,11,2,18.18%,2,18.18%,10,2,20.00%,2,20.00%,0,0,0%,0,0%,0,0,0%,0,0%,1,0,0%,0,0%
4201,2025-08-25,G Tutty,344,34,9.88%,79,22.97%,144,14,9.72%,40,27.78%,200,20,10.00%,39,19.50%,0,0,0%,0,0%,0,0,0%,0,0%
4202,2025-08-25,Dr R Newland & J Insole,703,92,13.09%,133,18.92%,185,24,12.97%,30,16.22%,242,26,10.74%,40,16.53%,96,17,17.71%,14,14.58%,180,25,13.89%,49,27.22%
4203,2025-08-25,H Hogarth,42,9,21.43%,4,9.52%,0,0,0%,0,0%,0,0,0%,0,0%,34,9,26.47%,3,8.82%,8,0,0%,1,12.50%
4204,2025-08-25,R M Smith,421,28,6.65%,56,13.30%,19,0,0%,1,5.26%,209,14,6.70%,24,11.48%,29,3,10.34%,5,17.24%,164,11,6.71%,26,15.85%
4205,2025-08-25,H Graham & G Rutherford,35,0,0%,3,8.57%,0,0,0%,0,0%,8,0,0%,0,0%,13,0,0%,3,23.08%,14,0,0%,0,0%
4206,2025-08-25,B Haslam,363,51,14.05%,69,19.01%,78,17,21.79%,11,14.10%,160,15,9.38%,40,25.00%,52,9,17.31%,10,19.23%,73,10,13.70%,8,10.96%
4207,2025-08-25,R Hughes,693,106,15.30%,152,21.93%,337,71,21.07%,76,22.55%,355,35,9.86%,76,21.41%,1,0,0%,0,0%,0,0,0%,0,0%
4208,2025-08-25,D Loughnane,476,42,8.82%,83,17.44%,236,25,10.59%,45,19.07%,236,17,7.20%,38,16.10%,4,0,0%,0,0%,0,0,0%,0,0%
4209,2025-08-25,J Channon,543,98,18.05%,116,21.36%,128,29,22.66%,27,21.09%,411,69,16.79%,88,21.41%,4,0,0%,1,25.00%,0,0,0%,0,0%
4210,2025-08-25,Kerry Lee,123,9,7.32%,26,21.14%,0,0,0%,0,0%,0,0,0%,0,0%,69,3,4.35%,14,20.29%,54,6,11.11%,12,22.22%
4211,2025-08-25,T Dennis,14,2,14.29%,3,21.43%,0,0,0%,0,0%,0,0,0%,0,0%,7,1,14.29%,2,28.57%,7,1,14.29%,1,14.29%
4212,2025-08-25,Mrs F M Shaw,13,0,0%,0,0%,0,0,0%,0,0%,2,0,0%,0,0%,3,0,0%,0,0%,8,0,0%,0,0%
4213,2025-08-25,Miss J Du Plessis,11,0,0%,0,0%,0,0,0%,0,0%,0,0,0%,0,0%,7,0,0%,0,0%,4,0,0%,0,0%
4214,2025-08-25,C Honour,66,10,15.15%,6,9.09%,0,0,0%,0,0%,6,0,0%,0,0%,30,9,30.00%,5,16.67%,30,1,3.33%,1,3.33%
4215,2025-08-25,R L Llewellyn,173,18,10.40%,19,10.98%,4,0,0%,1,25.00%,9,0,0%,0,0%,57,6,10.53%,5,8.77%,103,12,11.65%,13,12.62%
4216,2025-08-25,S Lavery,239,16,6.69%,39,16.32%,28,0,0%,5,17.86%,211,16,7.58%,34,16.11%,0,0,0%,0,0%,0,0,0%,0,0%
4217,2025-08-25,A McNamara,155,9,5.81%,18,11.61%,12,0,0%,0,0%,80,6,7.50%,10,12.50%,12,1,8.33%,2,16.67%,51,2,3.92%,6,11.76%
4218,2025-08-25,J P Murtagh,752,89,11.84%,188,25.00%,104,14,13.46%,31,29.81%,648,75,11.57%,157,24.23%,0,0,0%,0,0%,0,0,0%,0,0%
4219,2025-08-25,J Feane,143,12,8.39%,22,15.38%,36,2,5.56%,5,13.89%,107,10,9.35%,17,15.89%,0,0,0%,0,0%,0,0,0%,0,0%
4220,2025-08-25,M Halford & T Collins,216,23,10.65%,48,22.22%,79,8,10.13%,17,21.52%,127,11,8.66%,29,22.83%,0,0,0%,0,0%,10,4,40.00%,2,20.00%
4221,2025-08-25,A McCann,224,16,7.14%,28,12.50%,66,3,4.55%,9,13.64%,81,7,8.64%,13,16.05%,12,1,8.33%,0,0%,65,5,7.69%,6,9.23%
4222,2025-08-25,N Lupini,200,18,9.00%,36,18.00%,39,4,10.26%,10,25.64%,161,14,8.70%,26,16.15%,0,0,0%,0,0%,0,0,0%,0,0%
4223,2025-08-25,Ciaran Murphy,396,25,6.31%,44,11.11%,54,5,9.26%,2,3.70%,180,13,7.22%,16,8.89%,18,0,0%,0,0%,144,7,4.86%,26,18.06%
4224,2025-08-25,K Smith,120,6,5.00%,20,16.67%,22,0,0%,4,18.18%,71,4,5.63%,14,19.72%,3,1,33.33%,0,0%,24,1,4.17%,2,8.33%
4225,2025-08-25,A Kinirons,105,10,9.52%,12,11.43%,5,0,0%,0,0%,69,7,10.14%,6,8.70%,2,0,0%,0,0%,29,3,10.34%,6,20.69%
4226,2025-08-25,R O'Sullivan,521,51,9.79%,108,20.73%,39,4,10.26%,10,25.64%,204,20,9.80%,42,20.59%,67,5,7.46%,17,25.37%,211,22,10.43%,39,18.48%
4227,2025-08-25,M Rice,72,3,4.17%,9,12.50%,30,1,3.33%,6,20.00%,32,1,3.13%,2,6.25%,0,0,0%,0,0%,10,1,10.00%,1,10.00%
4228,2025-08-25,H Dickin,219,19,8.68%,30,13.70%,7,0,0%,0,0%,20,0,0%,3,15.00%,41,2,4.88%,8,19.51%,151,17,11.26%,19,12.58%
4229,2025-08-25,G Harris,409,35,8.56%,69,16.87%,77,8,10.39%,6,7.79%,249,20,8.03%,54,21.69%,20,3,15.00%,3,15.00%,63,4,6.35%,6,9.52%
4230,2025-08-25,Andrew Martin,78,10,12.82%,7,8.97%,20,4,20.00%,3,15.00%,16,1,6.25%,0,0%,4,1,25.00%,0,0%,38,4,10.53%,4,10.53%
4231,2025-08-25,J Coulson,94,2,2.13%,5,5.32%,1,0,0%,0,0%,7,0,0%,0,0%,25,1,4.00%,3,12.00%,61,1,1.64%,2,3.28%
4232,2025-08-25,D Killahena & G McPherson,195,35,17.95%,45,23.08%,16,1,6.25%,4,25.00%,26,4,15.38%,7,26.92%,40,6,15.00%,9,22.50%,113,24,21.24%,25,22.12%
4233,2025-08-25,L Morgan,235,23,9.79%,27,11.49%,30,7,23.33%,4,13.33%,13,1,7.69%,4,30.77%,92,7,7.61%,10,10.87%,100,8,8.00%,9,9.00%
4234,2025-08-25,A Irvine,114,4,3.51%,10,8.77%,9,0,0%,0,0%,14,0,0%,0,0%,42,1,2.38%,3,7.14%,49,3,6.12%,7,14.29%
4235,2025-08-25,J Ewart,82,8,9.76%,23,28.05%,1,0,0%,0,0%,2,0,0%,0,0%,37,3,8.11%,12,32.43%,42,5,11.90%,11,26.19%
4236,2025-08-25,S Corbett,197,25,12.69%,42,21.32%,10,1,10.00%,0,0%,42,2,4.76%,8,19.05%,13,1,7.69%,3,23.08%,132,21,15.91%,31,23.48%
4237,2025-08-25,J Davison,235,22,9.36%,48,20.43%,34,3,8.82%,6,17.65%,201,19,9.45%,42,20.90%,0,0,0%,0,0%,0,0,0%,0,0%
4238,2025-08-25,B Rothwell,94,2,2.13%,5,5.32%,23,0,0%,0,0%,64,2,3.13%,5,7.81%,2,0,0%,0,0%,5,0,0%,0,0%
4239,2025-08-25,K Frost,517,42,8.12%,105,20.31%,252,25,9.92%,57,22.62%,245,17,6.94%,47,19.18%,5,0,0%,0,0%,15,0,0%,1,6.67%
4240,2025-08-25,J Ferguson,368,51,13.86%,83,22.55%,167,28,16.77%,36,21.56%,201,23,11.44%,47,23.38%,0,0,0%,0,0%,0,0,0%,0,0%
4241,2025-08-25,R Spencer,342,42,12.28%,68,19.88%,137,22,16.06%,38,27.74%,205,20,9.76%,30,14.63%,0,0,0%,0,0%,0,0,0%,0,0%
4242,2025-08-25,C Allen,165,21,12.73%,24,14.55%,93,9,9.68%,15,16.13%,72,12,16.67%,9,12.50%,0,0,0%,0,0%,0,0,0%,0,0%
4243,2025-08-25,F Brennan,154,9,5.84%,24,15.58%,33,4,12.12%,2,6.06%,28,0,0%,2,7.14%,27,3,11.11%,6,22.22%,66,2,3.03%,14,21.21%
4244,2025-08-25,S Thomas,109,23,21.10%,30,27.52%,1,1,100.00%,0,0%,14,2,14.29%,3,21.43%,40,9,22.50%,12,30.00%,54,11,20.37%,15,27.78%
4245,2025-08-25,E Mullins,294,31,10.54%,55,18.71%,5,0,0%,1,20.00%,151,15,9.93%,23,15.23%,43,10,23.26%,10,23.26%,95,6,6.32%,21,22.11%
4246,2025-08-25,P Croke,31,2,6.45%,3,9.68%,0,0,0%,0,0%,3,0,0%,0,0%,5,0,0%,1,20.00%,23,2,8.70%,2,8.70%
4247,2025-08-25,J Nash,94,1,1.06%,6,6.38%,1,0,0%,0,0%,28,0,0%,0,0%,3,0,0%,0,0%,62,1,1.61%,6,9.68%
4248,2025-08-25,K Thornton,97,6,6.19%,14,14.43%,1,0,0%,0,0%,31,3,9.68%,5,16.13%,26,3,11.54%,6,23.08%,39,0,0%,3,7.69%
4249,2025-08-25,C Collins,437,28,6.41%,59,13.50%,23,1,4.35%,0,0%,63,1,1.59%,4,6.35%,51,7,13.73%,6,11.76%,300,19,6.33%,49,16.33%
4250,2025-08-25,L Fowler,60,3,5.00%,9,15.00%,0,0,0%,0,0%,11,0,0%,1,9.09%,8,1,12.50%,2,25.00%,41,2,4.88%,6,14.63%
4251,2025-08-25,M Kennedy,36,0,0%,8,22.22%,0,0,0%,0,0%,6,0,0%,0,0%,5,0,0%,0,0%,25,0,0%,8,32.00%
4252,2025-08-25,J Dullea,27,1,3.70%,3,11.11%,0,0,0%,0,0%,6,0,0%,2,33.33%,10,1,10.00%,1,10.00%,11,0,0%,0,0%
4253,2025-08-25,Con McSweeney,24,1,4.17%,2,8.33%,0,0,0%,0,0%,3,0,0%,0,0%,2,0,0%,0,0%,19,1,5.26%,2,10.53%
4254,2025-08-25,Mrs L Hill,34,4,11.76%,4,11.76%,1,0,0%,0,0%,3,0,0%,0,0%,7,2,28.57%,0,0%,23,2,8.70%,4,17.39%
4255,2025-08-25,Cynthia Woods,46,0,0%,0,0%,0,0,0%,0,0%,0,0,0%,0,0%,12,0,0%,0,0%,34,0,0%,0,0%
4256,2025-08-25,D Wingrove,26,0,0%,1,3.85%,21,0,0%,1,4.76%,5,0,0%,0,0%,0,0,0%,0,0%,0,0,0%,0,0%
4257,2025-08-25,T Collier,52,4,7.69%,6,11.54%,15,1,6.67%,1,6.67%,12,0,0%,2,16.67%,12,3,25.00%,2,16.67%,13,0,0%,1,7.69%
4258,2025-08-25,W Young Jnr,64,0,0%,7,10.94%,0,0,0%,0,0%,1,0,0%,0,0%,18,0,0%,1,5.56%,45,0,0%,6,13.33%
4259,2025-08-25,Mrs J Stephen,65,2,3.08%,7,10.77%,0,0,0%,0,0%,2,0,0%,0,0%,7,0,0%,0,0%,56,2,3.57%,7,12.50%
4260,2025-08-25,C Fellowes,400,35,8.75%,90,22.50%,169,18,10.65%,48,28.40%,231,17,7.36%,42,18.18%,0,0,0%,0,0%,0,0,0%,0,0%
4261,2025-08-25,C Hobson,118,5,4.24%,15,12.71%,57,3,5.26%,9,15.79%,35,1,2.86%,3,8.57%,7,0,0%,1,14.29%,19,1,5.26%,2,10.53%
4262,2025-08-25,L Allan,46,2,4.35%,6,13.04%,22,1,4.55%,4,18.18%,18,1,5.56%,2,11.11%,1,0,0%,0,0%,5,0,0%,0,0%
4263,2025-08-25,M Crawley,142,10,7.04%,22,15.49%,71,6,8.45%,11,15.49%,32,2,6.25%,3,9.38%,13,2,15.38%,2,15.38%,26,0,0%,6,23.08%
4264,2025-08-25,J Coward,52,2,3.85%,8,15.38%,14,1,7.14%,4,28.57%,27,0,0%,4,14.81%,0,0,0%,0,0%,11,1,9.09%,0,0%
4265,2025-08-25,F Hutsby,8,0,0%,2,25.00%,0,0,0%,0,0%,0,0,0%,0,0%,8,0,0%,2,25.00%,0,0,0%,0,0%
4266,2025-08-25,Miss Roach,9,4,44.44%,2,22.22%,0,0,0%,0,0%,0,0,0%,0,0%,9,4,44.44%,2,22.22%,0,0,0%,0,0%
4267,2025-08-25,P Taylor,24,0,0%,1,4.17%,0,0,0%,0,0%,0,0,0%,0,0%,15,0,0%,1,6.67%,9,0,0%,0,0%
4268,2025-08-25,M Pattinson,102,4,3.92%,10,9.80%,64,3,4.69%,8,12.50%,25,1,4.00%,1,4.00%,3,0,0%,0,0%,10,0,0%,1,10.00%
4269,2025-08-25,H Fry,186,27,14.52%,46,24.73%,2,0,0%,0,0%,28,5,17.86%,5,17.86%,38,3,7.89%,8,21.05%,118,19,16.10%,33,27.97%
4270,2025-08-25,C R Barber,8,2,25.00%,1,12.50%,0,0,0%,0,0%,2,0,0%,0,0%,6,2,33.33%,1,16.67%,0,0,0%,0,0%
4271,2025-08-25,M Sweetland,6,0,0%,0,0%,0,0,0%,0,0%,0,0,0%,0,0%,6,0,0%,0,0%,0,0,0%,0,0%
4272,2025-08-25,M Hawker,19,2,10.53%,6,31.58%,0,0,0%,0,0%,2,0,0%,0,0%,16,2,12.50%,6,37.50%,1,0,0%,0,0%
4273,2025-08-25,D Weston,21,3,14.29%,1,4.76%,0,0,0%,0,0%,4,0,0%,1,25.00%,4,1,25.00%,0,0%,13,2,15.38%,0,0%
4274,2025-08-25,Peter Maher,88,1,1.14%,3,3.41%,0,0,0%,0,0%,7,0,0%,0,0%,29,0,0%,1,3.45%,52,1,1.92%,2,3.85%
4275,2025-08-25,E Bethell,509,83,16.31%,131,25.74%,124,16,12.90%,38,30.65%,385,67,17.40%,93,24.16%,0,0,0%,0,0%,0,0,0%,0,0%
4276,2025-08-25,L Breen,45,1,2.22%,6,13.33%,20,0,0%,2,10.00%,19,0,0%,4,21.05%,0,0,0%,0,0%,6,1,16.67%,0,0%
4277,2025-08-25,D J Bunyan,35,0,0%,0,0%,3,0,0%,0,0%,32,0,0%,0,0%,0,0,0%,0,0%,0,0,0%,0,0%
4278,2025-08-25,R Hobson,76,7,9.21%,12,15.79%,0,0,0%,0,0%,0,0,0%,0,0%,47,5,10.64%,9,19.15%,29,2,6.90%,3,10.34%
4279,2025-08-25,Tom Dreaper,65,2,3.08%,9,13.85%,0,0,0%,0,0%,1,0,0%,0,0%,25,2,8.00%,4,16.00%,39,0,0%,5,12.82%
4280,2025-08-25,Patrick Rooney,13,0,0%,4,30.77%,0,0,0%,0,0%,0,0,0%,0,0%,1,0,0%,0,0%,12,0,0%,4,33.33%
4281,2025-08-25,J J M Winston,1,0,0%,0,0%,0,0,0%,0,0%,0,0,0%,0,0%,1,0,0%,0,0%,0,0,0%,0,0%
4282,2025-08-25,D Kemp,13,5,38.46%,2,15.38%,0,0,0%,0,0%,0,0,0%,0,0%,13,5,38.46%,2,15.38%,0,0,0%,0,0%
4283,2025-08-25,I P Popham,1,0,0%,0,0%,0,0,0%,0,0%,0,0,0%,0,0%,1,0,0%,0,0%,0,0,0%,0,0%
4284,2025-08-25,Ian Patrick Donoghue,248,22,8.87%,38,15.32%,14,0,0%,2,14.29%,59,4,6.78%,6,10.17%,57,5,8.77%,8,14.04%,118,13,11.02%,22,18.64%
4285,2025-08-25,Liam Lennon,40,1,2.50%,6,15.00%,1,0,0%,0,0%,4,0,0%,1,25.00%,6,0,0%,1,16.67%,29,1,3.45%,4,13.79%
4286,2025-08-25,H Brown,42,1,2.38%,4,9.52%,0,0,0%,0,0%,4,0,0%,0,0%,16,0,0%,3,18.75%,22,1,4.55%,1,4.55%
4287,2025-08-25,G Bewley,154,14,9.09%,29,18.83%,2,0,0%,0,0%,2,0,0%,0,0%,62,6,9.68%,9,14.52%,88,8,9.09%,20,22.73%
4288,2025-08-25,Rodger Sweeney,52,2,3.85%,7,13.46%,6,0,0%,1,16.67%,28,1,3.57%,4,14.29%,4,0,0%,1,25.00%,14,1,7.14%,1,7.14%
4289,2025-08-25,Eamonn Francis Gallagher,42,2,4.76%,7,16.67%,0,0,0%,0,0%,6,0,0%,1,16.67%,5,0,0%,0,0%,31,2,6.45%,6,19.35%
4290,2025-08-25,B McMahon,126,3,2.38%,21,16.67%,0,0,0%,0,0%,7,0,0%,0,0%,18,0,0%,1,5.56%,101,3,2.97%,20,19.80%
4291,2025-08-25,Mrs Caroline McCaldin,22,2,9.09%,4,18.18%,0,0,0%,0,0%,2,0,0%,1,50.00%,12,1,8.33%,3,25.00%,8,1,12.50%,0,0%
4292,2025-08-25,William P Murphy,34,2,5.88%,2,5.88%,0,0,0%,0,0%,7,0,0%,0,0%,19,2,10.53%,2,10.53%,8,0,0%,0,0%
4293,2025-08-25,T Reed,14,0,0%,2,14.29%,0,0,0%,0,0%,0,0,0%,0,0%,7,0,0%,1,14.29%,7,0,0%,1,14.29%
4294,2025-08-25,T W Fife,3,0,0%,0,0%,0,0,0%,0,0%,0,0,0%,0,0%,3,0,0%,0,0%,0,0,0%,0,0%
4295,2025-08-25,Mrs S Fanning,1,0,0%,0,0%,0,0,0%,0,0%,0,0,0%,0,0%,1,0,0%,0,0%,0,0,0%,0,0%
4296,2025-08-25,B Lund,57,0,0%,5,8.77%,17,0,0%,2,11.76%,20,0,0%,0,0%,5,0,0%,0,0%,15,0,0%,3,20.00%
4297,2025-08-25,Mrs E Bishop,46,2,4.35%,4,8.70%,0,0,0%,0,0%,5,0,0%,0,0%,25,2,8.00%,1,4.00%,16,0,0%,3,18.75%
4298,2025-08-25,P C Dando,23,0,0%,3,13.04%,0,0,0%,0,0%,2,0,0%,0,0%,0,0,0%,0,0%,21,0,0%,3,14.29%
4299,2025-08-25,R Chapman,12,0,0%,0,0%,0,0,0%,0,0%,2,0,0%,0,0%,5,0,0%,0,0%,5,0,0%,0,0%
4300,2025-08-25,Mrs R Gasson,32,1,3.13%,2,6.25%,0,0,0%,0,0%,1,0,0%,0,0%,14,1,7.14%,2,14.29%,17,0,0%,0,0%
4301,2025-08-25,Gerard O'Leary,269,35,13.01%,64,23.79%,29,2,6.90%,6,20.69%,183,23,12.57%,47,25.68%,2,0,0%,0,0%,55,10,18.18%,11,20.00%
4302,2025-08-25,Ray Hackett,122,8,6.56%,19,15.57%,0,0,0%,0,0%,15,1,6.67%,1,6.67%,15,3,20.00%,3,20.00%,92,4,4.35%,15,16.30%
4303,2025-08-25,Michael Butler,43,1,2.33%,4,9.30%,3,0,0%,0,0%,21,1,4.76%,3,14.29%,2,0,0%,0,0%,17,0,0%,1,5.88%
4304,2025-08-25,Paul Stafford,43,2,4.65%,3,6.98%,5,0,0%,0,0%,25,2,8.00%,3,12.00%,4,0,0%,0,0%,9,0,0%,0,0%
4305,2025-08-25,A Forbes,30,2,6.67%,6,20.00%,19,1,5.26%,2,10.53%,7,0,0%,3,42.86%,0,0,0%,0,0%,4,1,25.00%,1,25.00%
4306,2025-08-25,George Edgedale,1,0,0%,0,0%,0,0,0%,0,0%,0,0,0%,0,0%,1,0,0%,0,0%,0,0,0%,0,0%
4307,2025-08-25,Rebecca Romain,2,0,0%,0,0%,0,0,0%,0,0%,0,0,0%,0,0%,2,0,0%,0,0%,0,0,0%,0,0%
4308,2025-08-25,Miss Doyle,2,0,0%,0,0%,0,0,0%,0,0%,0,0,0%,0,0%,2,0,0%,0,0%,0,0,0%,0,0%
4309,2025-08-25,Edward Smyth-osbourne,71,11,15.49%,16,22.54%,39,5,12.82%,10,25.64%,32,6,18.75%,6,18.75%,0,0,0%,0,0%,0,0,0%,0,0%
4310,2025-08-25,Miss N Hennessy,8,0,0%,0,0%,1,0,0%,0,0%,4,0,0%,0,0%,1,0,0%,0,0%,2,0,0%,0,0%
4311,2025-08-25,Chris Timmons,26,1,3.85%,3,11.54%,3,0,0%,0,0%,21,0,0%,3,14.29%,0,0,0%,0,0%,2,1,50.00%,0,0%
4312,2025-08-25,V Halley,22,2,9.09%,1,4.55%,0,0,0%,0,0%,3,0,0%,0,0%,13,1,7.69%,0,0%,6,1,16.67%,1,16.67%
4313,2025-08-25,Daisy Hitchins,191,14,7.33%,45,23.56%,15,0,0%,4,26.67%,32,2,6.25%,9,28.13%,39,2,5.13%,15,38.46%,105,10,9.52%,17,16.19%
4314,2025-08-25,Miss K Brown,46,5,10.87%,3,6.52%,11,0,0%,1,9.09%,31,3,9.68%,2,6.45%,0,0,0%,0,0%,4,2,50.00%,0,0%
4315,2025-08-25,Josh Halley,80,1,1.25%,7,8.75%,11,1,9.09%,2,18.18%,49,0,0%,5,10.20%,1,0,0%,0,0%,19,0,0%,0,0%
4316,2025-08-25,Mrs N Sheppard,7,3,42.86%,2,28.57%,0,0,0%,0,0%,0,0,0%,0,0%,7,3,42.86%,2,28.57%,0,0,0%,0,0%
4317,2025-08-25,A French,14,2,14.29%,0,0%,5,1,20.00%,0,0%,9,1,11.11%,0,0%,0,0,0%,0,0%,0,0,0%,0,0%
4318,2025-08-25,R Teague,1,0,0%,0,0%,0,0,0%,0,0%,0,0,0%,0,0%,1,0,0%,0,0%,0,0,0%,0,0%
4319,2025-08-25,Mrs G Ellis,7,1,14.29%,2,28.57%,0,0,0%,0,0%,0,0,0%,0,0%,7,1,14.29%,2,28.57%,0,0,0%,0,0%
4320,2025-08-25,Daniel McLoughlin,70,5,7.14%,8,11.43%,6,0,0%,1,16.67%,64,5,7.81%,7,10.94%,0,0,0%,0,0%,0,0,0%,0,0%
4321,2025-08-25,John M Harney,28,1,3.57%,2,7.14%,4,0,0%,0,0%,22,1,4.55%,2,9.09%,0,0,0%,0,0%,2,0,0%,0,0%
4322,2025-08-25,Ms Claire O'Connell,113,7,6.19%,12,10.62%,15,1,6.67%,3,20.00%,66,2,3.03%,7,10.61%,8,2,25.00%,0,0%,24,2,8.33%,2,8.33%
4323,2025-08-25,P Decouz,2,0,0%,1,50.00%,2,0,0%,1,50.00%,0,0,0%,0,0%,0,0,0%,0,0%,0,0,0%,0,0%
4324,2025-08-25,Michael John O'Connor,39,1,2.56%,4,10.26%,1,0,0%,0,0%,9,0,0%,1,11.11%,6,0,0%,0,0%,23,1,4.35%,3,13.04%
4325,2025-08-25,Roger Joseph McGrath,13,0,0%,3,23.08%,0,0,0%,0,0%,7,0,0%,3,42.86%,5,0,0%,0,0%,1,0,0%,0,0%
4326,2025-08-25,Mary Ellen Doyle,29,2,6.90%,1,3.45%,0,0,0%,0,0%,4,1,25.00%,0,0%,5,0,0%,0,0%,20,1,5.00%,1,5.00%
4327,2025-08-25,Ms M M Gannon,2,0,0%,0,0%,0,0,0%,0,0%,2,0,0%,0,0%,0,0,0%,0,0%,0,0,0%,0,0%
4328,2025-08-25,Miss Ellmarie Holden,16,0,0%,1,6.25%,0,0,0%,0,0%,4,0,0%,0,0%,0,0,0%,0,0%,12,0,0%,1,8.33%
4329,2025-08-25,Sean Thomas Doyle,44,6,13.64%,7,15.91%,0,0,0%,0,0%,13,1,7.69%,1,7.69%,21,5,23.81%,5,23.81%,10,0,0%,1,10.00%
4330,2025-08-25,Peter McCreery,45,4,8.89%,3,6.67%,5,3,60.00%,0,0%,18,1,5.56%,2,11.11%,8,0,0%,1,12.50%,14,0,0%,0,0%
4331,2025-08-25,Miss C Tinkler,1,1,100.00%,0,0%,0,0,0%,0,0%,0,0,0%,0,0%,1,1,100.00%,0,0%,0,0,0%,0,0%
4332,2025-08-25,Ms M Lawrence,2,0,0%,0,0%,0,0,0%,0,0%,0,0,0%,0,0%,2,0,0%,0,0%,0,0,0%,0,0%
4333,2025-08-25,Denis Paul Murphy,26,1,3.85%,4,15.38%,0,0,0%,0,0%,8,0,0%,0,0%,14,1,7.14%,4,28.57%,4,0,0%,0,0%
4334,2025-08-25,Abbie Willmott,1,0,0%,0,0%,0,0,0%,0,0%,0,0,0%,0,0%,1,0,0%,0,0%,0,0,0%,0,0%
4335,2025-08-25,E O'Donnabhain,2,1,50.00%,0,0%,0,0,0%,0,0%,1,1,100.00%,0,0%,1,0,0%,0,0%,0,0,0%,0,0%
4336,2025-08-25,Chloe Mills,1,0,0%,0,0%,0,0,0%,0,0%,0,0,0%,0,0%,1,0,0%,0,0%,0,0,0%,0,0%
4337,2025-08-25,Mrs C Davies,1,0,0%,0,0%,0,0,0%,0,0%,0,0,0%,0,0%,1,0,0%,0,0%,0,0,0%,0,0%
4338,2025-08-25,Jonjo & A J O'Neill,662,78,11.78%,114,17.22%,7,0,0%,1,14.29%,42,2,4.76%,9,21.43%,213,29,13.62%,30,14.08%,400,47,11.75%,74,18.50%
4339,2025-08-25,Liam Kenny,17,4,23.53%,2,11.76%,0,0,0%,0,0%,1,0,0%,1,100.00%,5,0,0%,1,20.00%,11,4,36.36%,0,0%
4340,2025-08-25,Joseph Drinkwater,2,0,0%,0,0%,0,0,0%,0,0%,0,0,0%,0,0%,2,0,0%,0,0%,0,0,0%,0,0%
4341,2025-08-25,Miss E L Gillings,1,0,0%,0,0%,0,0,0%,0,0%,0,0,0%,0,0%,1,0,0%,0,0%,0,0,0%,0,0%
4342,2025-08-25,H Stock,1,0,0%,0,0%,0,0,0%,0,0%,0,0,0%,0,0%,1,0,0%,0,0%,0,0,0%,0,0%
4343,2025-08-25,Miss L A N Bradstock,1,0,0%,0,0%,0,0,0%,0,0%,0,0,0%,0,0%,1,0,0%,0,0%,0,0,0%,0,0%
4344,2025-08-25,Miss C Sherriff,1,0,0%,0,0%,0,0,0%,0,0%,0,0,0%,0,0%,1,0,0%,0,0%,0,0,0%,0,0%
4345,2025-08-25,Toby Mccain-mitchell,0,0,0%,0,0%,0,0,0%,0,0%,0,0,0%,0,0%,0,0,0%,0,0%,0,0,0%,0,0%
4346,2025-08-25,Mrs R Vanstone,3,0,0%,0,0%,0,0,0%,0,0%,1,0,0%,0,0%,2,0,0%,0,0%,0,0,0%,0,0%
4347,2025-08-25,G & J Moore,970,115,11.86%,176,18.14%,194,15,7.73%,26,13.40%,356,45,12.64%,64,17.98%,150,31,20.67%,21,14.00%,270,24,8.89%,65,24.07%
4348,2025-08-25,Neil McKnight,7,1,14.29%,1,14.29%,0,0,0%,0,0%,0,0,0%,0,0%,0,0,0%,0,0%,7,1,14.29%,1,14.29%
4349,2025-08-25,Jacqui Lang,2,0,0%,0,0%,0,0,0%,0,0%,0,0,0%,0,0%,2,0,0%,0,0%,0,0,0%,0,0%
4350,2025-08-25,Mrs K B Mactaggart,3,0,0%,0,0%,0,0,0%,0,0%,1,0,0%,0,0%,2,0,0%,0,0%,0,0,0%,0,0%
4351,2025-08-25,Miss Joanne Murphy,1,1,100.00%,0,0%,0,0,0%,0,0%,0,0,0%,0,0%,1,1,100.00%,0,0%,0,0,0%,0,0%
4352,2025-08-25,Tom Sowerby,1,0,0%,0,0%,0,0,0%,0,0%,0,0,0%,0,0%,1,0,0%,0,0%,0,0,0%,0,0%
4353,2025-08-25,Connor King,13,1,7.69%,4,30.77%,1,0,0%,0,0%,5,0,0%,1,20.00%,1,0,0%,1,100.00%,6,1,16.67%,2,33.33%
4354,2025-08-25,Ms F M Crowley,4,0,0%,0,0%,0,0,0%,0,0%,4,0,0%,0,0%,0,0,0%,0,0%,0,0,0%,0,0%
4355,2025-08-25,H Al Jehani,84,14,16.67%,23,27.38%,4,1,25.00%,1,25.00%,80,13,16.25%,22,27.50%,0,0,0%,0,0%,0,0,0%,0,0%
4356,2025-08-25,Maurizio Guarnieri,1,0,0%,0,0%,0,0,0%,0,0%,1,0,0%,0,0%,0,0,0%,0,0%,0,0,0%,0,0%
4357,2025-08-25,Craig Benton,80,8,10.00%,12,15.00%,55,7,12.73%,12,21.82%,25,1,4.00%,0,0%,0,0,0%,0,0%,0,0,0%,0,0%
4358,2025-08-25,Miss A Procter,1,0,0%,1,100.00%,0,0,0%,0,0%,0,0,0%,0,0%,1,0,0%,1,100.00%,0,0,0%,0,0%
4359,2025-08-25,Edward P Mitchell,3,0,0%,0,0%,0,0,0%,0,0%,2,0,0%,0,0%,0,0,0%,0,0%,1,0,0%,0,0%
4360,2025-08-25,Peter Buchanan,5,0,0%,1,20.00%,0,0,0%,0,0%,5,0,0%,1,20.00%,0,0,0%,0,0%,0,0,0%,0,0%
4361,2025-08-25,Henry Dwyer,7,2,28.57%,1,14.29%,0,0,0%,0,0%,7,2,28.57%,1,14.29%,0,0,0%,0,0%,0,0,0%,0,0%
4362,2025-08-25,Miss B Shepherd,2,0,0%,0,0%,0,0,0%,0,0%,0,0,0%,0,0%,2,0,0%,0,0%,0,0,0%,0,0%
4363,2025-08-25,C Timmons,146,10,6.85%,19,13.01%,27,3,11.11%,6,22.22%,105,7,6.67%,12,11.43%,0,0,0%,0,0%,14,0,0%,1,7.14%
4364,2025-08-25,Daniel Skelton,29,7,24.14%,3,10.34%,0,0,0%,0,0%,0,0,0%,0,0%,6,1,16.67%,2,33.33%,23,6,26.09%,1,4.35%
4365,2025-08-25,S Cameron,15,0,0%,1,6.67%,0,0,0%,0,0%,2,0,0%,0,0%,4,0,0%,1,25.00%,9,0,0%,0,0%
4366,2025-08-25,Cian Hughes,66,1,1.52%,10,15.15%,16,1,6.25%,5,31.25%,34,0,0%,2,5.88%,0,0,0%,0,0%,16,0,0%,3,18.75%
4367,2025-08-25,Finbarr Cowman,4,0,0%,0,0%,0,0,0%,0,0%,3,0,0%,0,0%,0,0,0%,0,0%,1,0,0%,0,0%
4368,2025-08-25,Kenneth Daly,6,0,0%,0,0%,0,0,0%,0,0%,4,0,0%,0,0%,2,0,0%,0,0%,0,0,0%,0,0%
4369,2025-08-25,M Guarnieri,3,0,0%,0,0%,0,0,0%,0,0%,3,0,0%,0,0%,0,0,0%,0,0%,0,0,0%,0,0%
4370,2025-08-25,F Graffard,17,3,17.65%,5,29.41%,1,0,0%,0,0%,16,3,18.75%,5,31.25%,0,0,0%,0,0%,0,0,0%,0,0%
4371,2025-08-25,Mario Baratti,4,0,0%,1,25.00%,0,0,0%,0,0%,4,0,0%,1,25.00%,0,0,0%,0,0%,0,0,0%,0,0%
4372,2025-08-25,Eddie Kenneally,1,0,0%,0,0%,0,0,0%,0,0%,1,0,0%,0,0%,0,0,0%,0,0%,0,0,0%,0,0%
4373,2025-08-25,Jose D Angelo,2,0,0%,1,50.00%,0,0,0%,0,0%,2,0,0%,1,50.00%,0,0,0%,0,0%,0,0,0%,0,0%
4374,2025-08-25,Mme A Karkosa,1,0,0%,0,0%,0,0,0%,0,0%,1,0,0%,0,0%,0,0,0%,0,0%,0,0,0%,0,0%
4375,2025-08-25,M & M Jnr,1,0,0%,0,0%,0,0,0%,0,0%,1,0,0%,0,0%,0,0,0%,0,0%,0,0,0%,0,0%
4376,2025-08-25,John Sadler,1,0,0%,0,0%,0,0,0%,0,0%,1,0,0%,0,0%,0,0,0%,0,0%,0,0,0%,0,0%
4377,2025-08-25,Aidan Melia,32,1,3.13%,4,12.50%,8,0,0%,0,0%,17,1,5.88%,4,23.53%,0,0,0%,0,0%,7,0,0%,0,0%
4378,2025-08-25,S Caston,0,0,0%,0,0%,0,0,0%,0,0%,0,0,0%,0,0%,0,0,0%,0,0%,0,0,0%,0,0%
4379,2025-08-25,Patrick Gerard Ryan,10,0,0%,0,0%,0,0,0%,0,0%,1,0,0%,0,0%,0,0,0%,0,0%,9,0,0%,0,0%
4380,2025-08-25,Mrs B Aashour,8,0,0%,1,12.50%,5,0,0%,1,20.00%,3,0,0%,0,0%,0,0,0%,0,0%,0,0,0%,0,0%
4381,2025-08-25,Mick Jr,1,0,0%,1,100.00%,0,0,0%,0,0%,1,0,0%,1,100.00%,0,0,0%,0,0%,0,0,0%,0,0%
4382,2025-08-25,Stephen Allen,29,1,3.45%,2,6.90%,0,0,0%,0,0%,1,0,0%,0,0%,12,1,8.33%,1,8.33%,16,0,0%,1,6.25%
4383,2025-08-25,Michael Flannery,32,0,0%,1,3.13%,3,0,0%,0,0%,9,0,0%,1,11.11%,6,0,0%,0,0%,14,0,0%,0,0%
4384,2025-08-25,P Attwater,153,7,4.58%,25,16.34%,97,2,2.06%,18,18.56%,56,5,8.93%,7,12.50%,0,0,0%,0,0%,0,0,0%,0,0%
4385,2025-08-25,J Mieulle De,1,0,0%,0,0%,0,0,0%,0,0%,1,0,0%,0,0%,0,0,0%,0,0%,0,0,0%,0,0%
4386,2025-08-25,D Morisson,1,0,0%,1,100.00%,0,0,0%,0,0%,1,0,0%,1,100.00%,0,0,0%,0,0%,0,0,0%,0,0%
4387,2025-08-25,Tomohito Ozeki,1,0,0%,0,0%,0,0,0%,0,0%,1,0,0%,0,0%,0,0,0%,0,0%,0,0,0%,0,0%
4388,2025-08-25,James Conheady,2,0,0%,0,0%,0,0,0%,0,0%,2,0,0%,0,0%,0,0,0%,0,0%,0,0,0%,0,0%
4389,2025-08-25,Wayne Swindle,3,0,0%,0,0%,0,0,0%,0,0%,3,0,0%,0,0%,0,0,0%,0,0%,0,0,0%,0,0%
4390,2025-08-25,Shane Gallagher,10,0,0%,1,10.00%,4,0,0%,0,0%,5,0,0%,1,20.00%,0,0,0%,0,0%,1,0,0%,0,0%
4391,2025-08-25,Yoshito Yahagi,2,0,0%,1,50.00%,0,0,0%,0,0%,2,0,0%,1,50.00%,0,0,0%,0,0%,0,0,0%,0,0%
4392,2025-08-25,Pavel Vovcenko,0,0,0%,0,0%,0,0,0%,0,0%,0,0,0%,0,0%,0,0,0%,0,0%,0,0,0%,0,0%
4393,2025-08-25,Anna Schleusner-fruhriep,0,0,0%,0,0%,0,0,0%,0,0%,0,0,0%,0,0%,0,0,0%,0,0%,0,0,0%,0,0%
4394,2025-08-25,John O'Toole,2,0,0%,0,0%,2,0,0%,0,0%,0,0,0%,0,0%,0,0,0%,0,0%,0,0,0%,0,0%
4395,2025-08-25,Stephanie Cassidy,27,2,7.41%,5,18.52%,20,2,10.00%,2,10.00%,7,0,0%,3,42.86%,0,0,0%,0,0%,0,0,0%,0,0%
4396,2025-08-25,Roger Fell,197,17,8.63%,39,19.80%,82,8,9.76%,16,19.51%,113,9,7.96%,23,20.35%,0,0,0%,0,0%,2,0,0%,0,0%
4397,2025-08-25,Richard Hennessy,3,0,0%,0,0%,0,0,0%,0,0%,0,0,0%,0,0%,0,0,0%,0,0%,3,0,0%,0,0%
4398,2025-08-25,Stephen Thorne,154,24,15.58%,44,28.57%,75,15,20.00%,22,29.33%,79,9,11.39%,22,27.85%,0,0,0%,0,0%,0,0,0%,0,0%
4399,2025-08-25,J P Gauvin,1,0,0%,0,0%,0,0,0%,0,0%,1,0,0%,0,0%,0,0,0%,0,0%,0,0,0%,0,0%
4400,2025-08-25,Barry Brennan,5,2,40.00%,1,20.00%,1,1,100.00%,0,0%,4,1,25.00%,1,25.00%,0,0,0%,0,0%,0,0,0%,0,0%
4401,2025-08-25,K Dempsey,8,0,0%,0,0%,4,0,0%,0,0%,3,0,0%,0,0%,0,0,0%,0,0%,1,0,0%,0,0%
4402,2025-08-25,Jack Morland,102,14,13.73%,18,17.65%,55,8,14.55%,8,14.55%,47,6,12.77%,10,21.28%,0,0,0%,0,0%,0,0,0%,0,0%
4403,2025-08-25,Joseph G Davies,1,0,0%,0,0%,0,0,0%,0,0%,0,0,0%,0,0%,1,0,0%,0,0%,0,0,0%,0,0%
4404,2025-08-25,Mlle J Soudan,2,0,0%,0,0%,1,0,0%,0,0%,1,0,0%,0,0%,0,0,0%,0,0%,0,0,0%,0,0%
4405,2025-08-25,P Sweeney,48,3,6.25%,7,14.58%,17,0,0%,3,17.65%,31,3,9.68%,4,12.90%,0,0,0%,0,0%,0,0,0%,0,0%
4406,2025-08-25,G E O'Leary,2,0,0%,0,0%,0,0,0%,0,0%,0,0,0%,0,0%,0,0,0%,0,0%,2,0,0%,0,0%
4407,2025-08-25,Colm Ryan,5,1,20.00%,0,0%,0,0,0%,0,0%,4,1,25.00%,0,0%,0,0,0%,0,0%,1,0,0%,0,0%
4408,2025-08-25,G Fabre,1,0,0%,0,0%,0,0,0%,0,0%,0,0,0%,0,0%,1,0,0%,0,0%,0,0,0%,0,0%
4409,2025-08-25,Sean Joseph Allen,23,2,8.70%,6,26.09%,0,0,0%,0,0%,0,0,0%,0,0%,6,0,0%,1,16.67%,17,2,11.76%,5,29.41%
4410,2025-08-25,Charlie Clover,73,10,13.70%,18,24.66%,28,1,3.57%,8,28.57%,41,9,21.95%,7,17.07%,0,0,0%,0,0%,4,0,0%,3,75.00%
4411,2025-08-25,Michael Keady,218,17,7.80%,32,14.68%,109,8,7.34%,25,22.94%,92,8,8.70%,5,5.43%,5,0,0%,1,20.00%,12,1,8.33%,1,8.33%
4412,2025-08-25,Riceal Dunne,21,0,0%,4,19.05%,0,0,0%,0,0%,9,0,0%,3,33.33%,0,0,0%,0,0%,12,0,0%,1,8.33%
4413,2025-08-25,Eloise Quayle,5,0,0%,0,0%,0,0,0%,0,0%,1,0,0%,0,0%,0,0,0%,0,0%,4,0,0%,0,0%
4414,2025-08-25,Marcel Roland,1,1,100.00%,0,0%,0,0,0%,0,0%,0,0,0%,0,0%,0,0,0%,0,0%,1,1,100.00%,0,0%
4415,2025-08-25,James William Hannon,6,0,0%,0,0%,0,0,0%,0,0%,0,0,0%,0,0%,6,0,0%,0,0%,0,0,0%,0,0%
4416,2025-08-25,R J Tumilty,5,1,20.00%,1,20.00%,0,0,0%,0,0%,0,0,0%,0,0%,2,0,0%,0,0%,3,1,33.33%,1,33.33%
4417,2025-08-25,David K Walsh,7,0,0%,1,14.29%,0,0,0%,0,0%,2,0,0%,0,0%,5,0,0%,1,20.00%,0,0,0%,0,0%
4418,2025-08-25,Julia & Birkett,3,0,0%,0,0%,2,0,0%,0,0%,0,0,0%,0,0%,0,0,0%,0,0%,1,0,0%,0,0%
4419,2025-08-25,Miss A Lewis,2,0,0%,0,0%,0,0,0%,0,0%,0,0,0%,0,0%,2,0,0%,0,0%,0,0,0%,0,0%
4420,2025-08-25,Julia & Shelley Birkett,108,11,10.19%,24,22.22%,52,5,9.62%,15,28.85%,55,6,10.91%,9,16.36%,0,0,0%,0,0%,1,0,0%,0,0%
4421,2025-08-25,Mrs S Loughnane,2,1,50.00%,0,0%,0,0,0%,0,0%,0,0,0%,0,0%,2,1,50.00%,0,0%,0,0,0%,0,0%
4422,2025-08-25,Gordon Treacy,9,0,0%,2,22.22%,1,0,0%,0,0%,1,0,0%,0,0%,0,0,0%,0,0%,7,0,0%,2,28.57%
4423,2025-08-25,David Bingham,1,0,0%,0,0%,0,0,0%,0,0%,0,0,0%,0,0%,1,0,0%,0,0%,0,0,0%,0,0%
4424,2025-08-25,Dominic Elsworth,15,1,6.67%,3,20.00%,0,0,0%,0,0%,7,0,0%,2,28.57%,1,0,0%,0,0%,7,1,14.29%,1,14.29%
4425,2025-08-25,T G Scudamore,1,0,0%,0,0%,0,0,0%,0,0%,0,0,0%,0,0%,1,0,0%,0,0%,0,0,0%,0,0%
4426,2025-08-25,J Shaw,1,0,0%,0,0%,0,0,0%,0,0%,0,0,0%,0,0%,1,0,0%,0,0%,0,0,0%,0,0%
4427,2025-08-25,Jody Lancaster,1,0,0%,0,0%,0,0,0%,0,0%,0,0,0%,0,0%,1,0,0%,0,0%,0,0,0%,0,0%
4428,2025-08-25,Lemos Souza,101,7,6.93%,11,10.89%,34,2,5.88%,2,5.88%,62,3,4.84%,8,12.90%,0,0,0%,0,0%,5,2,40.00%,1,20.00%
4429,2025-08-25,O Nicholls,7,1,14.29%,2,28.57%,0,0,0%,0,0%,0,0,0%,0,0%,7,1,14.29%,2,28.57%,0,0,0%,0,0%
4430,2025-08-25,Mrs Emma Summersby,2,0,0%,0,0%,0,0,0%,0,0%,0,0,0%,0,0%,2,0,0%,0,0%,0,0,0%,0,0%
4431,2025-08-25,Sian Brooke,2,0,0%,0,0%,0,0,0%,0,0%,0,0,0%,0,0%,2,0,0%,0,0%,0,0,0%,0,0%
4432,2025-08-25,D J Murphy,3,0,0%,0,0%,1,0,0%,0,0%,2,0,0%,0,0%,0,0,0%,0,0%,0,0,0%,0,0%
4433,2025-08-25,Mrs G Andrews,9,1,11.11%,0,0%,0,0,0%,0,0%,1,0,0%,0,0%,8,1,12.50%,0,0%,0,0,0%,0,0%
4434,2025-08-25,Miss Henton,2,0,0%,0,0%,0,0,0%,0,0%,0,0,0%,0,0%,2,0,0%,0,0%,0,0,0%,0,0%
4435,2025-08-25,Daniel O'Brien,1,1,100.00%,0,0%,0,0,0%,0,0%,0,0,0%,0,0%,1,1,100.00%,0,0%,0,0,0%,0,0%
4436,2025-08-25,Henry Bailey,1,0,0%,0,0%,0,0,0%,0,0%,0,0,0%,0,0%,1,0,0%,0,0%,0,0,0%,0,0%
4437,2025-08-25,Faye Bramley,38,7,18.42%,7,18.42%,3,1,33.33%,0,0%,25,5,20.00%,4,16.00%,4,0,0%,0,0%,6,1,16.67%,3,50.00%
4438,2025-08-25,Batt Burke,12,0,0%,2,16.67%,1,0,0%,0,0%,11,0,0%,2,18.18%,0,0,0%,0,0%,0,0,0%,0,0%
4439,2025-08-25,Raymond Hurley,8,0,0%,0,0%,0,0,0%,0,0%,4,0,0%,0,0%,4,0,0%,0,0%,0,0,0%,0,0%
4440,2025-08-25,Poppy Skipper,1,0,0%,0,0%,0,0,0%,0,0%,0,0,0%,0,0%,1,0,0%,0,0%,0,0,0%,0,0%
4441,2025-08-25,Dan Horsford,21,3,14.29%,9,42.86%,8,1,12.50%,4,50.00%,7,1,14.29%,2,28.57%,0,0,0%,0,0%,6,1,16.67%,3,50.00%
4442,2025-08-25,Mrs W Hassall,6,0,0%,2,33.33%,3,0,0%,0,0%,3,0,0%,2,66.67%,0,0,0%,0,0%,0,0,0%,0,0%
4443,2025-08-25,Michael Cregan,1,0,0%,1,100.00%,0,0,0%,0,0%,1,0,0%,1,100.00%,0,0,0%,0,0%,0,0,0%,0,0%
4444,2025-08-25,Joe Wright,3,1,33.33%,1,33.33%,0,0,0%,0,0%,1,1,100.00%,0,0%,2,0,0%,1,50.00%,0,0,0%,0,0%
4445,2025-08-25,Ross Burdon,28,3,10.71%,8,28.57%,12,2,16.67%,4,33.33%,16,1,6.25%,4,25.00%,0,0,0%,0,0%,0,0,0%,0,0%
4446,2025-08-25,Jeremiah Patrick Baragry,1,0,0%,0,0%,0,0,0%,0,0%,1,0,0%,0,0%,0,0,0%,0,0%,0,0,0%,0,0%
4447,2025-08-25,John Gerard Lonergan,7,0,0%,1,14.29%,0,0,0%,0,0%,3,0,0%,1,33.33%,0,0,0%,0,0%,4,0,0%,0,0%
4448,2025-08-25,Jennifer Boucher,1,0,0%,0,0%,0,0,0%,0,0%,0,0,0%,0,0%,1,0,0%,0,0%,0,0,0%,0,0%
4449,2025-08-25,Mrs Rhiannon Lodge,2,0,0%,0,0%,0,0,0%,0,0%,0,0,0%,0,0%,2,0,0%,0,0%,0,0,0%,0,0%
4450,2025-08-25,Hannah Hickman-jones,1,0,0%,0,0%,0,0,0%,0,0%,0,0,0%,0,0%,1,0,0%,0,0%,0,0,0%,0,0%
4451,2025-08-25,Miss Liberty Stone,1,0,0%,0,0%,0,0,0%,0,0%,0,0,0%,0,0%,1,0,0%,0,0%,0,0,0%,0,0%
4452,2025-08-25,N Gittins,1,0,0%,0,0%,0,0,0%,0,0%,0,0,0%,0,0%,1,0,0%,0,0%,0,0,0%,0,0%
4453,2025-08-25,Miss P Wynne,1,0,0%,0,0%,0,0,0%,0,0%,0,0,0%,0,0%,1,0,0%,0,0%,0,0,0%,0,0%
4454,2025-08-25,Annabelle Sowray,5,0,0%,0,0%,0,0,0%,0,0%,0,0,0%,0,0%,0,0,0%,0,0%,5,0,0%,0,0%
4455,2025-08-25,Maurice Ahern,21,0,0%,2,9.52%,0,0,0%,0,0%,20,0,0%,2,10.00%,0,0,0%,0,0%,1,0,0%,0,0%
4456,2025-08-25,Patrick Michael Verling,0,0,0%,0,0%,0,0,0%,0,0%,0,0,0%,0,0%,0,0,0%,0,0%,0,0,0%,0,0%
4457,2025-08-25,Miss Heather Ita Kiernan,1,0,0%,0,0%,0,0,0%,0,0%,1,0,0%,0,0%,0,0,0%,0,0%,0,0,0%,0,0%
4458,2025-08-25,Helen O'connor,1,0,0%,0,0%,0,0,0%,0,0%,1,0,0%,0,0%,0,0,0%,0,0%,0,0,0%,0,0%
4459,2025-08-25,Mrs H S Jeffreys,3,0,0%,1,33.33%,0,0,0%,0,0%,0,0,0%,0,0%,3,0,0%,1,33.33%,0,0,0%,0,0%
4460,2025-08-25,Mrs E A Roberts,1,0,0%,0,0%,0,0,0%,0,0%,0,0,0%,0,0%,1,0,0%,0,0%,0,0,0%,0,0%
4461,2025-08-25,Luca Morgan,2,0,0%,0,0%,0,0,0%,0,0%,1,0,0%,0,0%,1,0,0%,0,0%,0,0,0%,0,0%
4462,2025-08-25,Hayley Burton,8,0,0%,1,12.50%,1,0,0%,0,0%,3,0,0%,0,0%,0,0,0%,0,0%,4,0,0%,1,25.00%
4463,2025-08-25,Rory Anthony Devine,9,1,11.11%,1,11.11%,1,0,0%,0,0%,7,1,14.29%,1,14.29%,0,0,0%,0,0%,1,0,0%,0,0%
4464,2025-08-25,Stephen Carlin,2,0,0%,0,0%,0,0,0%,0,0%,2,0,0%,0,0%,0,0,0%,0,0%,0,0,0%,0,0%
4465,2025-08-25,F Foster,1,0,0%,0,0%,0,0,0%,0,0%,0,0,0%,0,0%,1,0,0%,0,0%,0,0,0%,0,0%
4466,2025-08-25,Miss I Mathias,1,0,0%,0,0%,0,0,0%,0,0%,0,0,0%,0,0%,1,0,0%,0,0%,0,0,0%,0,0%
4467,2025-08-25,Okbah Aashour,9,0,0%,0,0%,5,0,0%,0,0%,4,0,0%,0,0%,0,0,0%,0,0%,0,0,0%,0,0%
4468,2025-08-25,Ms Hart,1,0,0%,0,0%,0,0,0%,0,0%,0,0,0%,0,0%,1,0,0%,0,0%,0,0,0%,0,0%
4469,2025-08-25,P C O'Donnell,2,0,0%,1,50.00%,0,0,0%,0,0%,2,0,0%,1,50.00%,0,0,0%,0,0%,0,0,0%,0,0%
4470,2025-08-25,Derek McCormack,4,0,0%,1,25.00%,0,0,0%,0,0%,4,0,0%,1,25.00%,0,0,0%,0,0%,0,0,0%,0,0%
4471,2025-08-25,C Maher,2,0,0%,0,0%,0,0,0%,0,0%,2,0,0%,0,0%,0,0,0%,0,0%,0,0,0%,0,0%
4472,2025-08-25,Patrick Biancone,1,0,0%,1,100.00%,0,0,0%,0,0%,1,0,0%,1,100.00%,0,0,0%,0,0%,0,0,0%,0,0%
4473,2025-08-25,Jorge Delgado,1,0,0%,0,0%,0,0,0%,0,0%,1,0,0%,0,0%,0,0,0%,0,0%,0,0,0%,0,0%
4474,2025-08-25,X Blanchet,1,0,0%,0,0%,0,0,0%,0,0%,1,0,0%,0,0%,0,0,0%,0,0%,0,0,0%,0,0%
4475,2025-08-25,Noriyuki Hori,1,0,0%,1,100.00%,0,0,0%,0,0%,1,0,0%,1,100.00%,0,0,0%,0,0%,0,0,0%,0,0%
4476,2025-08-25,E Mikhalides,1,0,0%,0,0%,0,0,0%,0,0%,1,0,0%,0,0%,0,0,0%,0,0%,0,0,0%,0,0%
4477,2025-08-25,Niels Petersen,2,0,0%,0,0%,0,0,0%,0,0%,2,0,0%,0,0%,0,0,0%,0,0%,0,0,0%,0,0%
4478,2025-08-25,N&F & Hermans,1,0,0%,0,0%,0,0,0%,0,0%,1,0,0%,0,0%,0,0,0%,0,0%,0,0,0%,0,0%
4479,2025-08-25,Dermot Kilmartin,11,0,0%,1,9.09%,0,0,0%,0,0%,11,0,0%,1,9.09%,0,0,0%,0,0%,0,0,0%,0,0%
4480,2025-08-25,Patrick Kiely,2,0,0%,0,0%,0,0,0%,0,0%,0,0,0%,0,0%,0,0,0%,0,0%,2,0,0%,0,0%
4481,2025-08-25,Oliver Cole,15,1,6.67%,4,26.67%,2,0,0%,0,0%,13,1,7.69%,4,30.77%,0,0,0%,0,0%,0,0,0%,0,0%
4482,2025-08-25,Sean Hayes,2,0,0%,0,0%,0,0,0%,0,0%,2,0,0%,0,0%,0,0,0%,0,0%,0,0,0%,0,0%
4483,2025-08-25,Wayne Lukas,2,0,0%,0,0%,1,0,0%,0,0%,1,0,0%,0,0%,0,0,0%,0,0%,0,0,0%,0,0%
4484,2025-08-25,Henrik Engblom,2,0,0%,0,0%,0,0,0%,0,0%,2,0,0%,0,0%,0,0,0%,0,0%,0,0,0%,0,0%
4485,2025-08-25,C & Y Lerner,1,0,0%,0,0%,0,0,0%,0,0%,1,0,0%,0,0%,0,0,0%,0,0%,0,0,0%,0,0%
4486,2025-08-25,Lucinda & Scud,19,1,5.26%,7,36.84%,0,0,0%,0,0%,11,1,9.09%,2,18.18%,1,0,0%,1,100.00%,7,0,0%,4,57.14%
4487,2025-08-25,Jack Foley,2,0,0%,0,0%,0,0,0%,0,0%,2,0,0%,0,0%,0,0,0%,0,0%,0,0,0%,0,0%
4488,2025-08-25,Shogo Yasuda,1,0,0%,0,0%,0,0,0%,0,0%,1,0,0%,0,0%,0,0,0%,0,0%,0,0,0%,0,0%
