id,race_id,horse_number,Draw,Horse_ID,Country,Name,Age,weight_uk,weight,gears,Horse_rate,jockey_ID,jockey,trainer_ID,trainer,fav,odds,odds_decimal,Timeform_comments
298390,183316,1,6.0,145096,IRE,Kentucky River,3,10-1,63.95,p,80.0,22,L Morris,3867,Ollie Sangster,,,,Improved for quicker ground with an easy victory when landing a handicap by 7l off a mark of 74 over 2m1f at Pontefract last time. Significant jockey booking. Steadily progressive as the trip increases and has more to come as a stayer.
298391,183316,2,3.0,133838,IRE,Simiyann,5,10-0,63.5,p,68.0,5191,Saffie Osborne,45,Ian Williams,,9/1,10.0,"Scored by a head off 69 at Haydock in May. Ran to form when fourth, beaten 8 1/2l off the same mark last time. Significant jockey booking. A consistent stayer who goes well on a sound surface."
298392,183316,3,1.0,126681,IRE,Hedonista,5,9-12,62.55,pt,66.0,5641,Elizabeth Gale,528,B J Llewellyn,,16/1,17.0,"Below form in first-time cheekpieces when comfortably held in a handicap over 1m6f here last time. Generally out of form and struggling of late, though now back below her last winning mark."
298393,183316,4,4.0,101576,FR,Masterdream,8,9-9,61.2,pt,63.0,5195,Callum Hutchinson,312,N P Mulholland,2nd,5/1,6.0,Travelled well and improved down in grade with a positive ride when scoring by 9l off 97 over 2m7f at Worcester on his penultimate start. A veteran who needs a sound surface. Back to form over hurdles latest and could transfer that back to the flat.
298394,183316,5,2.0,140532,GB,Navid,3,9-6,59.85,p,71.0,4172,Finley Marsh,4104,Harry Charlton,1st,6/5,2.2,"Improved up in trip under a positive ride when landing a handicap by 2l off 63 over 1m6f at Salisbury last time. Trainer in form. Progressing as the trip increases, quick ground suits, and he has more to come as a stayer."
298395,183317,1,4.0,154859,IRE,Lost Signal,2,9-11,62.1,,,5950,Alec Voikhansky,223,R Hannon,,,,"Improved when dropped in trip, though still keen, and won a Salisbury maiden over 6f by 2 1/2l last time. Effective from 6-7f on fast ground and could progress again if settling better."
298396,183317,2,2.0,153799,IRE,Magnatura,2,9-7,60.3,,,4172,Finley Marsh,4154,T Ward,1st,85/40,3.13,Benefited from debut experience to win a novice at Kempton by 3l last time. Returns from a short break and is effective over 7f on a sound surface.
298397,183317,3,1.0,153671,IRE,Must Be Ten,2,9-4,58.95,,,5191,Saffie Osborne,262,J A Osborne,,,,"Promising debut when runner-up in a Brighton maiden over 6f, beaten 4 1/2l after meeting early trouble. Off a short break since; should improve for the experience and may stay 7f."
298398,183317,4,3.0,155113,GB,Demetris Mouflon,2,8-9,54.85,,,3860,Pierre-Louis Jamin,162,B R Millman,,,,"Showed improvement from debut when beaten 8 1/4l in a Windsor novice over 6f last time. With the trainer in form, she looks one for nurseries."
298399,183318,1,4.0,111461,IRE,Chifa,8,9-9,61.2,,65.0,3959,William Cox,1859,Ed De Giles,,18/1,19.0,Never involved when down the field in a Haydock handicap most recently; effective at 7f on a sound surface. Below par of late but returns to last winning mark.
298400,183318,2,5.0,111073,GB,Flatley,8,9-8,60.75,p,64.0,4172,Finley Marsh,4151,A Wintle,2nd,11/2,6.5,Ran to form when beaten 2l off 64 over 8f at Haydock last time; leading jockey returns to the saddle. Effective from 8-10f on a sound surface.
298401,183318,3,1.0,76056,GB,Harbour Vision,10,9-7,60.3,b,63.0,2501,Joey Haynes,2243,S Dixon,,,,Went too hard early from a wide draw and finished down the field in a 9f Wolverhampton handicap most recently. Had been in good form prior and is consistent at 7-8f on a sound surface.
298402,183318,4,9.0,128757,GB,Cypriot Diaspora,4,9-7,60.3,,63.0,3797,Lewis Edmunds,162,B R Millman,,,,Ran to form when beaten 3 1/4l off 64 at Haydock last time. Effective from 6-7f and suited by cut; now dropped to a reasonable mark.
298403,183318,5,8.0,128086,GB,Mbappe,4,9-6,59.85,,62.0,5548,Joe Leavy,4159,D M Loughnane,,10/1,11.0,Weakened tamely and finished down the field in a Doncaster handicap most recently; generally out of form though stable is going well. Effective at 7f on a sound surface but struggling in 2025.
298404,183318,6,2.0,128242,IRE,Hows The Guvnor,4,9-5,59.4,h,61.0,5329,Jonny Peate,595,J Candlish,,,,Extended poor run when beaten 9l in a Doncaster handicap last time; regressive profile.
298405,183318,7,7.0,130151,IRE,Charencey,5,9-3,58.5,vt,59.0,5195,Callum Hutchinson,45,Ian Williams,1st,9/2,5.5,Poor run in first-time cheekpieces when down the field over 8f at Doncaster most recently. Generally out of form but tries a visor for the first time after a short break; effective at 7-8f.
298406,183318,8,10.0,100123,IRE,Windsor Pass,7,9-0,57.15,,56.0,22,L Morris,2260,J Butler,,,,"Ran to form when second, beaten 5l in an 8f handicap at Southwell latest. Steadily progressive with a leading jockey back on board; consistent at 7-8f on a sound surface and capable off this mark."
298407,183318,9,6.0,97667,GB,The Cola Kid,8,8-7,53.95,bt,49.0,5191,Saffie Osborne,4229,G Harris,,,,"Short of room but flattened out when clear, beaten 3l off 51 over 6f here last time. Notable jockey booking; effective at 6-7f on a sound surface."
298408,183319,1,7.0,142234,USA,Kingsclere,3,9-9,61.2,,55.0,5329,Jonny Peate,4240,J Ferguson,1st,16/5,4.2,Keen and never involved on her final qualifying run when finishing down the field in a maiden at Haydock most recently. Possible improver in handicaps and likely to stay 1m.
298409,183319,2,3.0,140939,GB,On A Vespa,3,9-9,61.2,p,55.0,5548,Joe Leavy,224,J G Portman,,,,"Ran to form when stepping up in trip, beaten 3l off 55 over 8f at Windsor last time. Wears cheekpieces for the first time and effective between 7f and 8f on fast ground."
298410,183319,3,6.0,144378,GB,Step Along,3,9-8,60.75,,54.0,3797,Lewis Edmunds,4160,W Muir & C Grassick,,,,"Ran to form when staying the longer trip, beaten 4l off 54 at Lingfield last time. Suited by a sound surface and effective from 5f to 7f."
298411,183319,4,4.0,141277,GB,Scenario,3,9-7,60.3,p,53.0,3959,William Cox,3791,Jack Jones,2nd,4/1,5.0,"Below form when back up in trip, beaten 10l in a classified race over 8f at Chepstow last time. Usually consistent, effective between 7f and 9f, but can be inconsistent."
298412,183319,5,8.0,142268,GB,Champagnebreakfast,3,9-7,60.3,,53.0,4077,Georgia Dobie,4309,Edward Smyth-osbourne,,10/1,11.0,"Continued in poor form when beaten 8l in a novice at Wolverhampton last time. Trainer in form, but she returns from a long layoff and has yet to show anything of note."
298413,183319,6,1.0,138172,IRE,Dandy Khan,3,9-6,59.85,,52.0,5651,Taylor Fisher,4168,P Gundry,,,,"No obvious excuse when finishing down the field in a handicap over 8f at Windsor most recently. Acts on any ground and effective between 7f and 8f, but currently out of form."
298414,183319,7,2.0,138533,IRE,Oldbury Lad,3,9-0,57.15,p,46.0,4172,Finley Marsh,4229,G Harris,,,,"Poor run when dropped in grade, beaten 8 1/4l in a classified race over 6f at Lingfield last time. Generally out of form, though has a significant jockey booking, and effective over 6f on fast ground."
298415,183319,8,9.0,141734,IRE,Spinning Dancer,3,9-0,57.15,,46.0,22,L Morris,111,J S Moore,,,,"Poor run when up in grade, beaten 8l in a handicap at Leicester last time. Generally out of form despite a significant jockey booking and looks on a stiff mark."
298416,183319,9,5.0,142176,GB,Havanas Dream,3,9-0,57.15,p,46.0,5641,Elizabeth Gale,172,R Harris,,,,Has no worthwhile form and has yet to show anything over sprint trips.
298417,183320,1,9.0,129398,IRE,Aljezur,4,9-9,61.2,p,50.0,3797,Lewis Edmunds,595,J Candlish,1st,9/2,5.5,Never threatened when stepped up in trip and finished down the field in a 9f handicap at Wolverhampton most recently. Usually held up and returns from a short break. Effective at 1m on a sound surface but remains an out-of-form maiden.
298418,183320,2,7.0,112428,IRE,Bobby Dassler,6,9-9,61.2,h,45.0,5641,Elizabeth Gale,326,Mrs A M Thorpe,,,,"Below form when fourth, beaten 7 1/4l, in an 8f handicap here last time and looked to need a longer trip. Effective at 1m on good to firm and good to soft. On a long losing run and no longer the force of old."
298419,183320,3,4.0,117090,GB,Fifty Sent,6,9-9,61.2,p,47.0,5651,Taylor Fisher,3420,T Faulkner,,,,Made too much use of when beaten 3l in a classified race over 8f here last time. Acts on any ground and is well treated on best form.
298420,183320,4,11.0,123897,GB,Olympic Quest,5,9-9,61.2,p,40.0,22,L Morris,3687,Joe Ponting,,,,Awkward under pressure when beaten 7l in an 8f handicap at Bath last time. Better form shown on the all-weather and appears regressive.
298421,183320,5,6.0,145842,IRE,Rebel Cove,4,9-9,61.2,p,44.0,6570,Taryn Langley,2378,S Hodgson,,,,"Probably did too much too soon when well beaten in an 8f handicap at Bath most recently. Usually consistent, trainer in form, and effective from 8-10f on good or firm ground. Looks to have reached a level."
298422,183320,6,5.0,130669,IRE,Scarfo,4,9-9,61.2,,40.0,6944,Charlie Tucker,528,B J Llewellyn,2nd,14/1,15.0,Raced away from the main action early and was beaten 9 1/4l in an 8f handicap at Chepstow last time. Effective at 7-8f but currently in poor form.
298423,183320,7,3.0,145126,IRE,Stoneacre,5,9-9,61.2,p,45.0,2501,Joey Haynes,2243,S Dixon,,22/1,23.0,"Needed the run when beaten 8l in an 8f handicap at Bath last time. Usually consistent, returns from a short break, and wears cheekpieces for the first time. Yet to show much and still unproven on turf."
298424,183320,8,2.0,122101,IRE,The Pug,5,9-9,61.2,,49.0,4172,Finley Marsh,4151,A Wintle,,,,"Ran to form when third, beaten 3l, in an 11f handicap at Windsor last time. Effective from 10-11f on a sound surface and remains competitive off the current mark, but a long losing run is a concern."
298425,183320,9,10.0,154385,GB,Hampson Green,3,9-2,58.05,,46.0,5191,Saffie Osborne,2301,D & C Kubler,,,,Stopped quickly when stepped up in grade and finished down the field in a 7f novice at Leicester most recently. Yet to build on debut effort.
298426,183320,10,8.0,141539,FR,Pacific Man,3,9-2,58.05,pt,47.0,3860,Pierre-Louis Jamin,4133,O Greenall & J Guerriero,,,,"Ran to form when appreciating the longer trip, finishing fourth and beaten 3l in a handicap at Leicester last time. Effective at 9-10f on good ground, though his official mark looks stiff."
298427,183320,11,1.0,145320,IRE,Ta Craic Ann,3,9-2,58.05,,50.0,5548,Joe Leavy,111,J S Moore,,,,Outpaced and beaten early when down the field in a 12f handicap at Bath most recently. Yet to prove he has trained on.
298428,183321,1,4.0,133600,IRE,Moab,5,10-0,63.5,,60.0,5641,Elizabeth Gale,562,Miss H C Knight,2nd,7/2,4.5,"Needed the run and was not knocked about after meeting trouble, beaten 6l in a handicap at Newbury last time. Had been in good form beforehand; effective from 10f to 12f on a sound surface, with a good mark on maiden and jumps form."
298429,183321,2,5.0,102345,FR,Sea Of Charm,7,9-13,63.0,b,59.0,3959,William Cox,4158,G Nicholls,,,,"Back on her last winning mark, returned to form on quicker ground with a well-judged ride, landing a handicap by a neck off 55 over 11f at Windsor last time. Effective from 10f to 12f on a sound surface; generally consistent, though her revised mark will demand more."
298430,183321,4,3.0,153969,GB,Rogue Justice,3,9-4,58.95,p,59.0,22,L Morris,3791,Jack Jones,,,,Improved but given too much to do when 12l third in a maiden over 10f at Yarmouth on his final qualifying run. Cheekpieces applied for the first time; usually held up; significant jockey booking. Effective at 10f on good to firm or good to soft and may get 12f; opening mark looks fair.
298431,183321,5,2.0,132832,IRE,Saachi,4,9-1,57.6,v,47.0,5191,Saffie Osborne,45,Ian Williams,1st,15/8,2.88,"Ran to current form but was outstayed late when stepped up in trip, beaten 1/2l off 47 at Leicester last time. Visor applied for the first time; significant jockey booking; off a short break. Acts on good, firm, and soft ground; an inconsistent maiden."
298432,183321,6,6.0,145757,IRE,Beaune,3,8-5,53.05,,46.0,5291,Jay Mackay,528,B J Llewellyn,,15/2,8.5,"Had too much to do after blowing the start, beaten 3l in a classified race over 8f here last time. Usually consistent and suited by 10f; acts on good to soft. A consistent but exposed maiden."
298433,183322,1,6.0,134735,FR,Risen Again,4,11-2,70.75,h,70.0,6770,Mr Paul Hainey,3582,Alice Haynes,,,,Made too much use of well beaten in a handicap over 10f at Chester latest; conditions suit; must bounce back after poor run but in the mix on pick of recent form
298434,183322,2,7.0,100755,GB,Uncle Dick,7,11-2,70.75,v,70.0,7025,Miss Khadijah Mellah,308,Eve Johnson Houghton,,,,Game when landing a handicap by a neck off 66 over 8f at Brighton last time; yet to win beyond 1m but some fair 1m2f form; back to form and bang in the mix if building on latest
298435,183322,3,10.0,109700,IRE,Marsh Benham,6,11-0,69.85,p,68.0,6794,Mr Henry Callan,108,George Baker,,,,"Appeared not to stay down the field in a handicap at Lingfield most recent; in good form prior; trip a concern, 1m suits best and stamina to prove beyond; on last winning mark, chance"
298436,183322,4,1.0,96085,GB,Platinum Prince,8,10-13,69.35,b,67.0,5860,Mr Jude Fernandes,4347,G & J Moore,,,,"Back to best in first-time blinkers scored by 1 1/2l off 64 here penultimate start; seventh beaten 4l off 64 last time; effective at trip/on good ground; can bounce back, player"
298437,183322,5,8.0,113742,IRE,Alazwar,7,10-12,68.9,b,66.0,4462,Miss Brodie Hampson,4143,A Watson,1st,10/1,11.0,"Scored by 1 1/4l off 65 over 10f at Newbury in June; fourth beaten 7 1/4l off 67 last time; enjoys making it; conditions suit; lost way since win in mid-June, bit to prove"
298438,183322,6,2.0,144680,GB,Huntly Lodge,4,10-8,67.1,h,62.0,591,Mr D H Dunsdon,202,Mrs A J Perrett,,,,Going probably on fast side well beaten in a maiden over 8f at Windsor latest; off a short-break; may appreciate step up in trip; on fair opening mark on balance of novice/maiden form
298439,183322,7,5.0,102649,GB,Pride Of Nepal,7,10-8,67.1,bt,62.0,2754,Miss S L Bowen,135,A W Carroll,,,,"Won this last year; slowly away beaten 2l off 62 over 10f at Beverley last time; conditions suit; pretty reliable generally; knocking on door often this term, player again"
298440,183322,8,9.0,131384,GB,Joycean Way,4,10-5,65.75,b,59.0,6274,Mr Ben Pollard,4347,G & J Moore,,,,"Ran to form beaten a short-head off 59 over 7f at Leicester last time; effective 1m but bit below par all three goes at 1m2f; has found level off sliding mark, big player if stamina holds"
298441,183322,9,4.0,128773,IRE,Never Dream,4,9-12,62.55,,52.0,6244,Miss Alice Tregoning,896,M P Tregoning,,,,Slowly away fourth beaten 4 1/2l in a handicap over 7f at Salisbury latest; trip a concern; likes it here (winner over 7f); ground fine; much better latest but still bit below what's required
298442,183322,10,3.0,102348,IRE,Amal,7,9-11,62.1,,51.0,4844,Miss Imogen Mathias,154,J R Jenkins,2nd,66/1,67.0,"Beaten 7l in a classified race over 8f at Lingfield last time off a layoff; off a short-break; rarely gets remotely competitive, some hope on season opener latest but needs plenty more"
298443,183323,1,7.0,155555,IRE,Coconut Cove,2,9-2,58.05,,,221,J Mitchell,2048,R Varian,,,,"Runner-up beaten a short-head in a maiden at Yarmouth only start; conditions suit; went very close on debut and sets the bar, major player"
298444,183323,2,1.0,154000,IRE,Country Artiste,2,9-2,58.05,,76.0,3304,Callum Shepherd,230,C G Cox,,,,"Looked to want further beaten 5l on nursery h'cap debut over 5f at Sandown last time; in good form prior; conditions suit; can do better back at 6f, big player"
298445,183323,3,8.0,155114,GB,Denbys Dream,2,9-2,58.05,,,4694,Rhys Clutterbuck,4384,P Attwater,,,,"Below par beaten 7l in a novice at Windsor last time; trainer in form; conditions suit;showed fair promise on debut but failed to build on it last time, needs significant step forward"
298446,183323,4,9.0,155557,IRE,Enha,2,9-2,58.05,,,4240,Jason Watson,256,A M Balding,1st,9/2,5.5,"2l fourth in a maiden at Yarmouth first-time out; top course trainer; conditions suit; showed good promise on debut and should build on it, threat"
298447,183323,5,3.0,155933,IRE,Mortubo,2,9-2,58.05,,,2799,Paddy Bradley,4347,G & J Moore,2nd,33/1,34.0,"29 Mar; 17,000 euros Pinatubo filly; fourth foal; half-sister to Whitegate, useful at 5f; yard not known for their juveniles (0 form 7 this term); big ask on debut, market can guide"
298448,183323,6,2.0,155126,GB,Passing Thought,2,9-2,58.05,,,215,George Downing,891,E Walker,,,,Wide trip beaten 9l in a novice at Windsor on debut; conditions ok; didn't show much on debut and will need big leap forward
298449,183323,7,5.0,155790,GB,Pimentel,2,9-2,58.05,,,6490,Jack Doughty,896,M P Tregoning,,50/1,51.0,"Well beaten in a novice at Newbury only start; failed to beat a rival on debut and left alone in the market, needs huge leap forward"
298450,183323,8,6.0,155938,GB,Planet Seeker,2,9-2,58.05,,,3632,Edward Greatrex,152,R M Beckett,,,,"29 Mar; Blue Point filly; third foal; half-sister to Storm Star, smart at 8f; dam high-class at 7f, including at two; top trainer; well-bred and could go well on debut, market best guide"
298451,183323,9,4.0,155939,IRE,Polka Blue,2,9-2,58.05,,,1414,Charles Bishop,2210,C Hills,,,,"29 Apr; 34,000 euros Space Blues filly; seventh foal; half-sister to Citronnade, very smart at 13f; dam useful at 10f; yard yet to have winner with 2yo's this term; tough task on debut"
298452,183324,1,2.0,114279,GB,Atlantis Blue,6,9-12,62.55,h,75.0,4240,Jason Watson,108,George Baker,,,,Scored by 2 1/4l off 69 over 9f at Lingfield penultimate start; second beaten a length off 74 last time; significant jockey booking; conditions suit well; big player
298453,183324,2,1.0,135923,GB,Patsy Snugfit,3,9-9,61.2,p,78.0,221,J Mitchell,308,Eve Johnson Houghton,,,,Scored by a nose off 75 over 10f at Salisbury penultimate start; sixth beaten 22l off 78 last time; top jockey back on board; effective at 1m but best over further; player if bouncing back
298454,183324,3,4.0,142419,GB,Bint Mohaather,3,9-8,60.75,,77.0,1414,Charles Bishop,4209,J Channon,,,,Too much to do under penalty 1 1/2l third in a novice over 6f at Doncaster most recent run; stamina to prove at 1m but could suit and well worth a try; big player if stamina holds
298455,183324,4,5.0,151867,IRE,Noche Clasica,3,9-7,60.3,,76.0,3304,Callum Shepherd,3834,James Owen,,,,Won a maiden at Chester over 7f by 3/4l last time; steadily progressive; off a short-break; stamina to prove at 1m having faded over it on debut; on fair mark if appreciating step up
298456,183324,5,3.0,146792,IRE,Champagne On Ice,3,9-3,58.5,t,72.0,215,George Downing,891,E Walker,,,,Ran to form a length third in a maiden at Southwell most recent run; trainer in form; returning from a break; 1m suits; should go well from workable opening mark if as effective on turf
298457,183325,1,1.0,148575,IRE,Cecilia Star,3,9-9,61.2,,78.0,3304,Callum Shepherd,318,M L W Bell,,,,"Outclassed upped to Listed level in Childwickbury Stud Fillies' Trial Stakes (Listed) over 10f at Newbury most recent; should stay; can do better eased back in grade, in the mix off a break"
298458,183325,2,5.0,147529,GB,Camtank,3,9-7,60.3,,76.0,4464,A J Farragher,147,W J Haggas,1st,5/2,3.5,"Did not get a clear run beaten 5l in a novice over 10f at Nottingham last time; trainer in form; trip should suit; can do better, player off this opening mark based on maiden win"
298459,183325,3,3.0,146157,GB,Sound Janet,3,9-6,59.85,,75.0,221,J Mitchell,2048,R Varian,,,,Ground probably too testing beaten 5 1/4l in a maiden over 10f at Windsor last time; trip should suit; showed promise on debut but failed to build on it last twice; on stiff looking mark
298460,183325,4,2.0,144495,GB,Lieutenant Lily,3,9-3,58.5,vt,72.0,3632,Edward Greatrex,4154,T Ward,,,,Yard won this last year; below par beaten 10l in a handicap at Newbury last time; in good form prior; visor first time; off a short-break; stamina to prove; bit to prove but not out of it
298461,183325,5,6.0,142273,FR,Eternal Blessing,3,9-1,57.6,,70.0,4240,Jason Watson,2739,D Menuisier,,,,"Ran to form beaten 4l off 70 over 10f at Sandown last time on handicap debut; significant jockey booking; worth a try at trip (placed over 1m3f); on workable mark, major player"
298462,183325,6,4.0,147091,GB,Sibling Rivelry,3,8-7,53.95,,62.0,6691,Jack Dace,244,D M Simcock,,,,"Yard has won 2 of last 10 runnings of race; won a maiden at Southwell over 8f by a short-head last time; steps up from 1m, may suit; chance if staying but on stiff looking opening mark"
298463,183326,1,6.0,130385,IRE,The Coffee Pod,4,10-0,63.5,,71.0,3622,Thomas Greatrex,223,R Hannon,,,,"Ran to form beaten 1 1/4l off 72 at Windsor last time; off a short-break; conditions suit; bounced back to something close to best last time, given another chance by assessor, player"
298464,183326,2,5.0,103271,GB,On Edge,7,9-13,63.0,v,70.0,1432,Gina Mangan,2148,C Mason,,,,"Raced freely beaten 3l off 70 over 6f at Ffos Las last time; visor first time; conditions suit; mostly competitive over 6f since win over 5f last summer; goes well on undulating track, player"
298465,183326,3,4.0,108571,IRE,So Smart,6,9-12,62.55,pt,69.0,6825,Ashley Lewis,4229,G Harris,,,,Returned to form down in grade scored by 1 1/2l off 64 at Ffos Las penultimate start; ninth beaten 8l off 69 last time; enjoys making it; conditions suit; in the mix if giving best
298466,183326,4,3.0,136121,GB,Rajeteriat,3,9-11,62.1,,70.0,1414,Charles Bishop,132,C Gordon,2nd,16/1,17.0,"Below par beaten 7 1/4l in a handicap at Lingfield last time; conditions suit; disappointing latest but not beaten too far over CD prior, could figure on pick of form"
298467,183326,5,1.0,127360,IRE,Smooth Silesie,4,9-11,62.1,b,68.0,221,J Mitchell,4124,L Williamson,,,,"Weak in the market when landing a handicap by 2l off 61 at Yarmouth last time; top jockey back on board; best effort of 2025 latest and rated tad higher last term, player again"
298468,183326,6,2.0,128858,GB,Merrimack,4,9-8,60.75,vt,65.0,3304,Callum Shepherd,282,S C Williams,1st,3/1,4.0,"Landed a handicap by a neck off 64 at Windsor last time; enjoys making it; mostly consistent, prone to odd blow-out; conditions suit; big player seeking double off just one pound higher"
298469,183326,7,7.0,141061,IRE,Virtue Temperance,3,9-2,58.05,,61.0,6691,Jack Dace,202,Mrs A J Perrett,,,,Below par beaten 9l in a handicap at Brighton last time off a break; should come on a bit for latest (this the 2nd run after wind op); on a workable mark but bit to prove
298470,183327,1,8.0,117414,FR,Honour Your Dreams,5,10-0,63.5,,74.0,2799,Paddy Bradley,126,M J Attwater,,,,Back to best scored by 1/2l off 73 over 5f at Lingfield three starts back; tenth beaten 11l off 75 last time; conditions suit; bit to prove after two poor spins
298471,183327,2,11.0,127631,GB,Kiss And Run,4,9-12,62.55,,72.0,6140,Ryan Kavanagh,4009,Rachel & Bridger,,,,Ran to form beaten 2l off 70 at Newbury last time; enjoys making it; off a short-break; course winner; stays 6f; bang in the mix
298472,183327,3,6.0,74801,IRE,Spanish Star,10,9-10,61.65,,70.0,1414,Charles Bishop,329,P R Chamings,,,,"Scored by a length off 68 at Newbury three starts back; sixth beaten 4 1/4l off 71 last time; five time CD winner from 12 runs; needs step forward but has optimum conditions, player"
298473,183327,4,2.0,138593,GB,Heaven Knows,3,9-9,61.2,,72.0,3304,Callum Shepherd,710,Rae Guest,,,,"Outclassed fourth beaten 7 1/4l in a handicap at Windsor latest; usually held up; suited by 6f and a sound surface; usually very consistent; should do much better back to class 5, player"
298474,183327,5,7.0,141522,GB,Hunky Dory,3,9-9,61.2,,72.0,215,George Downing,891,E Walker,,,,"Ran to form beaten 3/4l off 70 over 7f at Doncaster last time; trainer in form; interesting trying 6f for first time given mostly races in vanguard at 7f, serious player"
298475,183327,6,1.0,119152,GB,Danger Alert,5,9-9,61.2,v,69.0,4240,Jason Watson,108,George Baker,,,,"Appeared not to stay well beaten in a handicap over 7f at Epsom latest; significant jockey booking; best with cut; 6f fine; noty found elvel off sliding mark, bit to prove"
298476,183327,7,5.0,126372,IRE,Dapperling,4,9-9,61.2,,69.0,5802,Tyrese Cameron,223,R Hannon,1st,14/1,15.0,"Back to form scored by 2l off 66 here in June; sixth beaten 5l off 71 last time; usually held up; CD winner; best with cut; lost way of late, bit to prove"
298477,183327,8,9.0,142558,GB,Iconic Times,3,9-6,59.85,,69.0,6691,Jack Dace,4153,H Main,,,,Scored by 2l off 70 at Kempton three starts back; sixth beaten 6 1/4l off 75 last time; turf mark bit lower than AW but all four turf runs very poor; threat if showing can handle turf
298478,183327,9,10.0,128821,IRE,Serenity Dream,4,9-6,59.85,,66.0,6490,Jack Doughty,135,A W Carroll,,,,Ran to form beaten 1/2l off 65 over 7f at Lingfield last time; first try at 6f; pretty consistent; in good form and could figure if showing pace for this drop down to 6f
298479,183327,10,3.0,142146,GB,Rory Rocket,3,9-6,59.85,,69.0,222,T P Queally,4347,G & J Moore,,,,Weak in the market comfortably held on handicap debut at Chepstow last time; conditions suit; needs to bounce back from dismal effort last time but chance on novice form
298480,183327,11,4.0,117585,IRE,Lahina Bay,5,8-12,56.2,,58.0,4694,Rhys Clutterbuck,4009,Rachel & Bridger,,,,Returned to form back in a handicap scored by 2 1/4l off 50 at Windsor penultimate start; third beaten a neck off 57 last time; conditions suit; bang in the mix again
298481,183328,1,7.0,155605,IRE,August George,2,9-7,60.3,,,6369,S Donohoe,4164,I Furtado,,,,"Gelded before debut; slowly away when finishing runner-up, only beaten a neck in a 7f maiden at Newmarket (July) on his only start; a threat in this contest."
298482,183328,2,3.0,155198,GB,Fans Favourite,2,9-7,60.3,,,931,P Mulrennan,4161,H Palmer,,,,"Slowly away when a well beaten ninth of eleven in a 7f maiden at Sandown on debut; top course jockey booked, but plenty more required in this race."
298483,183328,3,8.0,155930,IRE,Mehsun,2,9-7,60.3,,,17,A Mullen,948,I Jardine,2nd,22/1,23.0,"6 Feb; 40,000 euros Mehmas colt; dam useful at 10f; wide draw to deal with in this on debut; dam related to multiple 1m4f plus winners; will probably need further in time; might need the experience here"
298484,183328,4,4.0,155934,IRE,Mr Colonel,2,9-7,60.3,,,3548,O J Orr,6,R A Fahey,,,,24 Mar; Frankel colt; half-brother to very smart 10 furlong horse High Stock; yard does well with their youngsters around these parts; bred to appreciate this trip; could go well on debut
298485,183328,5,1.0,155538,IRE,Rogue Icon,2,9-7,60.3,,,5203,Mark Winn,1642,D O'Meara,,,,Gelded before first run; beaten 6l in a 7f maiden at Catterick on debut; yard in good form at present; needs to show more after that initial effort.
298486,183328,6,6.0,155287,IRE,Saxophonist,2,9-7,60.3,,,122,D Nolan,1642,D O'Meara,1st,16/5,4.2,Third and beaten 3 1/4l in a 7f maiden at Newcastle on debut; yard in good form; steps up in trip here with experience behind him and could build on that first effort.
298487,183328,7,2.0,155628,GB,The Floors Munky,2,9-7,60.3,,,136,Greg Fairley,948,I Jardine,,,,2 Feb; Gustav Klimt gelding; dam unraced sister to 2yo winner One Last Look; dam half-sister to multiple winners; might need this debut run under his belt
298488,183328,8,5.0,153977,IRE,What A Racket,2,9-2,58.05,,,2916,Rowan Scott,4127,K Scott,,,,"Once-raced maiden; needed the experience when a well beaten fifth of six in a 7f novice at Yarmouth on debut; with the yard out of form, she needs to show a lot more."
298489,183329,1,4.0,149886,IRE,Pomme Pomme,3,9-9,61.2,,80.0,5208,Rose Dawes,4209,J Channon,,,,Won four in a row during May/June; bit in hand when scoring by 2 1/4l over 10f at Haydock three starts back; since came fifth and beaten by 8 1/2l last time; enjoys making it; a threat here
298490,183329,2,2.0,152089,IRE,Seren Star,3,9-8,60.75,,79.0,6780,Warren Fentiman,147,W J Haggas,,,,Just had the three career runs; weak in the market when winning a maiden at Chepstow over 8f by 1 1/4l last time; trainer in good form; handicap debut; a contender in this race
298491,183329,3,3.0,137719,GB,Hackney Diamonds,3,8-10,55.3,b,67.0,886,S De Sousa,45,Ian Williams,,,,Below par when beaten by 9 1/2l in a handicap over 12f at Ascot last time; in good form prior; blinkers fitted for the first time; significant jockey booking; can put in a better display in this sort of race
298492,183329,4,1.0,153640,GB,Storm On Jura,3,8-4,52.6,,61.0,4423,Amie Waugh,502,J S Goldie,,,,Ran to form when coming fourth and beaten by 11l in a novice over 8f here latest; top course trainer; yet to win in three career starts; handicap debut; might be up against it in this
298493,183330,1,1.0,147027,IRE,Si Solus,4,9-12,62.55,t,,5521,Kaiya Fraser,3,Miss Gay Kelleway,,,,Twice raced maiden; second and beaten by 3l in a maiden at Southwell latest; also second on debut for previous trainer; tongue-tie fitted for the first time; sure to go well here
298494,183330,2,4.0,155718,IRE,Spirit Of Nature,3,9-4,58.95,,,6659,Lauren Young,502,J S Goldie,,,,Gelded before making debut; in need of the experience when coming third and beaten by 12l in a maiden over 8f here debut; top course trainer; second run after wind op; all to do realistically
298495,183330,3,5.0,153645,IRE,Tiernan,3,9-4,58.95,,101.0,931,P Mulrennan,948,I Jardine,1st,2/9,1.22,Ideally suited by the trip when coming a 3/4l third in Glasgow Stakes (Listed) here most recent run; steadily progressive; top course jockey; the pick on balance of form
298496,183330,4,3.0,155920,FR,Aequitas,3,8-13,56.65,,,5203,Mark Winn,1642,D O'Meara,2nd,15/2,8.5,"31 mar 2022; 50,000gns Sea The Moon filly; half-sister to Verbal Geyser; related to multiple winners; dam a winner in France; might need this debut experience however"
298497,183331,1,1.0,130358,IRE,Defiance,4,9-12,62.55,,99.0,886,S De Sousa,2048,R Varian,1st,13/8,2.63,Ran to form when beaten by 3 1/2l off the mark of 99 over 10f at Goodwood last time; gelded back in July; had two runs since then and placed on one occasion; running well at present therefore that can continue here
298498,183331,2,2.0,125026,GB,Paddy The Squire,5,9-9,61.2,t,96.0,17,A Mullen,948,I Jardine,,,,Well backed when landing a handicap by 5l off the mark of 87 at Thirsk last time; upped 9lb's in the weights after that victory last time; won at Chester in May; running well this season and he is the one to beat here
298499,183331,3,8.0,86481,GB,Faylaq,9,9-8,60.75,,95.0,931,P Mulrennan,502,J S Goldie,,14/1,15.0,Below par when finishing down the field in a handicap over 10f at York most recent; in good form prior; top course jockey/trainer combination; value selection based on balance of form
298500,183331,4,5.0,110813,IRE,La Pulga,6,9-8,60.75,,95.0,5908,Archie Young,4122,C Johnston,,,,Scored by 6l off the mark of 85 at Newcastle in July; since came second and beaten by 1/2l off the mark of 93 last time; enjoys making it during his races; could be a contender here
298501,183331,5,4.0,131266,GB,Beylerbeyi,5,9-4,58.95,t,91.0,122,D Nolan,45,Ian Williams,,11/2,6.5,Raced a bit too freely when landing a handicap by 3/4l off the mark of 85 at Chepstow last time; usually held up during races; up 6lb's after the victory last time; probably a bit more to come
298502,183331,6,3.0,130232,IRE,Sportingsilvermine,4,8-11,55.75,,84.0,6780,Warren Fentiman,3834,James Owen,2nd,5/1,6.0,Travelled well when beaten by a neck off the mark of 80 over 11f at Yarmouth last time; upped 4lb's in the weights after that effort; won off the mark of 73 back in April; will probably need a career best to win this
298503,183331,7,6.0,99817,GB,Spanish Hustle,7,8-4,52.6,,77.0,6647,Shay Farmer,502,J S Goldie,,,,Keen and ran to form when scoring by a nose off the mark of 73 here on penultimate start; since came fourth and beaten by 5 1/2l off the mark of 77 last time; top course trainer; chance
298504,183331,8,7.0,120195,USA,Tafsir,6,8-2,51.7,p,75.0,6234,Rhys Elliott,502,J S Goldie,,22/1,23.0,6yo with plenty of experience under her belt; ran to form when beaten by 4l off the mark of 70 over 1m6f at Carlisle last time; back down in trip here; top course trainer; might need to bounce back in this
298505,183332,1,3.0,141696,GB,Naanas Sparkle,3,9-10,61.65,,88.0,2916,Rowan Scott,3582,Alice Haynes,,,,Three wins in ten career starts; landed a handicap by a length off the mark of 83 at Goodwood last time out; up 5lb's in the weights after that victory; can continue his good form here in this
298506,183332,2,1.0,130645,IRE,Brummell,4,9-8,60.75,,84.0,6504,Tom Kiely-Marshall,744,Miss J A Camacho,1st,7/2,4.5,Landed a handicap by a nose off the mark of 81 at Pontefract last time; up just 3lb's in the weights after that winning effort; runs off a career high mark here; will need a career best to win this contest
298507,183332,3,7.0,147201,IRE,Far Above Dream,3,9-6,59.85,p,84.0,6780,Warren Fentiman,3834,James Owen,,,,Improved on handicap debut when scoring by 2l off the mark of 78 over 6f at Bath in June; since came third and beaten by 3/4l off the mark of 83 last time; cheekpieces fitted for the first time; not out of it here
298508,183332,4,2.0,93247,IRE,Elegant Erin,8,9-5,59.4,,81.0,122,D Nolan,23,P T Midgley,,,,Bit too much to do when beaten by 3/4l off the mark of 81 at Pontefract last time; runs off the same mark here; came second on three occasions back in April/May/June; could run well
298509,183332,5,4.0,132947,GB,Lions House,4,9-4,58.95,,80.0,5521,Kaiya Fraser,1345,Miss L A Perratt,,,,Ideally suited by the trip when scoring by 1/2l off the mark of 78 at Southwell in May; since came third and beaten by 1 1/4l off the mark of 80 last time; runs off the same mark here; needs to bounce back to form here
298510,183332,6,6.0,100972,IRE,Water Of Leith,7,8-12,56.2,,74.0,4423,Amie Waugh,502,J S Goldie,,,,Well backed when beaten by 2l off the mark of 75 at Newcastle last time; better form on AW; top course trainer; comes into this off a short-break; yard going well; top course trainer; contender
298511,183332,7,5.0,136274,IRE,Jm Jhingree,3,8-8,54.4,,72.0,6234,Rhys Elliott,502,J S Goldie,,,,Improved on recent form when overcoming keenness to score by a neck off the mark of 69 at Musselburgh three starts back; since came fourth and beaten by 2 1/4l last time; top course trainer; can go well in this
298512,183333,1,5.0,141903,IRE,Brazilian Rose,4,9-10,61.65,,74.0,5521,Kaiya Fraser,4121,R Menzies,,,,Beaten 8l in a handicap at Ripon last time; down 1lb in the weights after that effort; hasn't shown much in last few runs; creeping down the weights still; best watched in this
298513,183333,2,3.0,135703,IRE,The Actor,3,9-9,61.2,v,76.0,2916,Rowan Scott,744,Miss J A Camacho,,,,One win in ten career starts; probably needed then race when beaten by 4l off the mark of 79 over 5f at Pontefract last time; runs off a 3lb lower mark here; not out of it
298514,183333,3,1.0,129000,GB,The Good Biscuit,4,9-8,60.75,,72.0,6780,Warren Fentiman,679,Mrs R Carr,,,,Did not get a clear run when scoring by a length off the mark of 68 at Pontefract on penultimate start; since came fourth and beaten by 3/4l off the mark of 72 last time; the pick on balance of form
298515,183333,4,6.0,128359,IRE,Emperors Son,4,9-6,59.85,,70.0,3548,O J Orr,6,R A Fahey,,,,One win in nine runs; beaten by 8 1/4l in a handicap over 5f at Chepstow last time; top jockey back on board in this; down 3lb's from last run; could be well handicapped here; threat
298516,183333,5,4.0,101177,GB,Iris Dancer,7,9-4,58.95,b,68.0,17,A Mullen,2122,T Davidson,,,,Well backed when scoring by 3 1/4l off the mark of 63 here in June; since came sixth and beaten by 3l off the mark of 68 last time; down 1lb from last run; could be in the mix here
298517,183333,6,2.0,138518,IRE,Dandy Magic,3,9-3,58.5,,70.0,931,P Mulrennan,502,J S Goldie,,,,Appeared not to stay when beaten by 7 1/2l in a handicap over 7f at Lingfield last time; top course jockey/trainer combination; usually held up; returning from a break; value selection based on balance of form
298518,183334,1,1.0,130921,GB,South Shore,4,10-0,63.5,h,64.0,1509,J P Sullivan,679,Mrs R Carr,,,,Slowly away when scoring by a neck off the mark of 60 over 6f at Wetherby in June; since came fifth and beaten by 3 1/4l off the mark of 64 last time out; runs off the same mark here; could figure
298519,183334,2,3.0,124316,GB,Too Much,5,10-0,63.5,h,64.0,5521,Kaiya Fraser,922,D Thompson,,,,Ran to form when coming a 8 1/4l third in a handicap over 8f at Redcar on most recent run; does have better form on the AW; down 2lb's from last run; out of sorts at present and does have a bit to find
298520,183334,3,2.0,120196,IRE,Rock Of England,5,10-0,63.5,,64.0,122,D Nolan,23,P T Midgley,,,,Bit in hand when landing a handicap by a length off the mark of 62 at Beverley last time out; up just 4lb's in the weights after that victory; yard and jockey going well; the pick on balance of form
298521,183334,4,5.0,129124,IRE,A Girl Named Ivy,4,9-13,63.0,,63.0,4553,Sean Kirrane,320,M Dods,,,,Finished down the field in a handicap over 6f at Thirsk on most recent run; down 2lb's in the weights after that effort; finished second twice in June and July; may contend here if bouncing back to that sort of form
298522,183334,5,6.0,119147,GB,Stormy Pearl,5,9-8,60.75,p,58.0,6234,Rhys Elliott,922,D Thompson,,,,Scored by 3/4l off the mark of 55 here three starts back; since came seventh and beaten by 7l off the mark of 59 last time; enjoys making it during races; down 1lb from last run; needs to bounce back in this
298523,183334,6,8.0,133541,IRE,Chief Of State,4,9-2,58.05,pt,52.0,2916,Rowan Scott,4206,B Haslam,,,,Beaten by 2 1/2l off the mark of 54 at Newcastle last time out; wide draw to contend with in this contest; yet to win in six career runs; down 2lb's from last run; not out of it but does need a career best to win this
298524,183334,7,7.0,137819,GB,Thunderstorm Katie,4,9-2,58.05,,52.0,931,P Mulrennan,502,J S Goldie,,,,Ran to form when showing a willing attitude to score by a short-head off the mark of 48 over 6f at Ayr on penultimate start; since came fourth and beaten by 4l last time; top course jockey/trainer combination; could go well
298525,183334,8,4.0,117218,IRE,Global Effort,5,9-1,57.6,v,51.0,6780,Warren Fentiman,118,P S McEntee,,,,Landed a handicap by a short-head off the mark of 54 at Chelmsford last time; up just 2lb's in the weights after that effort; was a winner off the mark of 50 before that; a real threat here
298526,183335,1,1.0,128815,IRE,Profit Refused,4,10-1,63.95,,86.0,208,J P Spencer,3867,Ollie Sangster,,,,Scored by a neck off 82 over 7f at Chester three starts back; possibly made too much use of but disappointing beaten 13l off 87 last time; effective 6-8f on a sound surface; mark only fair
298527,183335,2,4.0,130744,IRE,Photosynthesis,4,10-1,63.95,,86.0,5587,Harry Davies,355,P W Chapple-Hyam,2nd,5/1,6.0,"Didn't quite stay off strong pace beaten 6l in a handicap over 7f at Haydock last time; suited by 6f, barely gets 7f, acts on a sound surface; consistent sort"
298528,183335,3,9.0,130129,GB,Dorney Lake,4,10-0,63.5,t,85.0,5838,Billy Loughnane,318,M L W Bell,,,,Didn't act on the soft ground beaten 6l in a handicap at Yarmouth last time; trainer in form; usually held up; effective 6/7f on good to soft and good to firm; touch out of form
298529,183335,4,7.0,121381,GB,Cinque Verde,5,9-12,62.55,,83.0,26,William Carson,135,A W Carroll,,,,"Below par for no obvious reason down the field in a handicap at Goodwood most recent run; in good form prior; suited by 5/6f, doesn't stay 7f, and a sound surface; could bounce back"
298530,183335,5,3.0,127943,GB,Thunder Blue,4,9-12,62.55,bt,83.0,4510,William Carver,262,J A Osborne,,,,"Well backed, returned to form beaten a short-head off 83 at Windsor last time; effective 6/7f, acts on any; extreme hold-up horse on competitive mark"
298531,183335,6,8.0,119035,GB,Expert Agent,5,9-8,60.75,p,79.0,4705,Marco Ghiani,282,S C Williams,,,,Back to best scored by 1 1/4l off 74 at Haydock three starts back; disappointing for no obvious reason beaten 6l off 80 last time; suited by 6f and sound surface; hit and miss
298532,183335,7,5.0,144336,GB,Rajaking,3,9-7,60.3,,81.0,5258,Aidan Keeley,282,S C Williams,1st,7/2,4.5,"Suited by drop back in trip beaten 1/2l off 80 here last time; effective 6f, acts on GF and AW; has probably found form"
298533,183335,8,6.0,137829,IRE,Dapper Guest,3,9-0,57.15,p,74.0,3287,K Shoemark,131,G G Margarson,,,,"Scored by 1/2l off 68 over 7f here three starts back; fraction below par on easy ground beaten 4 1/2l off 75 last time; suited by 7f, acts on good, likes fast ground; in solid form"
298534,183335,9,2.0,68056,GB,Equiano Springs,11,8-13,56.65,,70.0,24,N Callan,356,T P Tate,,,,"Best run this term off falling mark beaten 1/2l off 69 here last time; suited by 6f, better on sound surface; Newmarket specialist, on workable mark"
298535,183336,1,3.0,155293,FR,Toyotomi,4,9-6,59.85,,102.0,794,D Tudhope,1642,D O'Meara,,20/1,21.0,"Got behind on tight track beaten 4 1/4l in Queensferry Stakes (Listed) at Chester last time; effective 5/6f, may prefer some give; bit to prove in Britain"
298536,183336,2,4.0,101847,GB,Apollo One,7,9-3,58.5,,104.0,928,S M Levey,3815,P Charalambous & J Clutterbuck,,,,"Would have been 2l closer with a clear run beaten 5 1/2l in a handicap at Goodwood last time; suited by 6f, acts on any; has run into form"
298537,183336,3,2.0,130755,IRE,Elmonjed,4,9-3,58.5,pt,99.0,101,Jim Crowley,147,W J Haggas,2nd,11/2,6.5,"Got no run but off a stiff mark and found little when gaps came beaten 10l in a handicap at Goodwood last time; trainer in form; suited by 6f, acts on good to soft and good to firm; consistent"
298538,183336,4,9.0,122939,IRE,Ferrous,5,9-3,58.5,,106.0,3661,Callum Rodriguez,4209,J Channon,2nd,11/2,6.5,"Below form in Group company down the field in Hackwood Stakes (Group 3) at Newbury most recent start; usually consistent; suited by 6f, acts on any; probably better off in handicaps"
298539,183336,5,6.0,128847,IRE,Iberian,4,9-3,58.5,t,105.0,5838,Billy Loughnane,2210,C Hills,1st,5/1,6.0,Didn't seem to stay well beaten in Lennox Stakes (Group 2) over 7f at Goodwood latest; ideally wants 6f and some give; can bounce back down in trip
298540,183336,6,7.0,110205,GB,Lethal Levi,6,9-3,58.5,b,109.0,1003,S H James,2632,K R Burke,,,,"Every chance and ran to form fourth beaten 2l in Criterion Stakes (Group 3) over 7f at York latest; enjoys making it; off a short-break; suited by 6/7f, best on sound surface, likes fast ground; reliable"
298541,183336,7,5.0,127941,IRE,Shagraan,4,9-3,58.5,,100.0,5587,Harry Davies,1668,M Appleby,,15/2,8.5,Moderate effort on softening ground beaten 5l in a handicap over 5f at Goodwood last time; suited by 5/6f and a sound surface; should return to form
298542,183336,10,10.0,137123,GB,Pellitory,3,9-0,57.15,v,101.0,5547,S D Bowen,3834,James Owen,,22/1,23.0,Ran to form off stiff enough mark in competitive handicap beaten 4l in a handicap over 7f at Goodwood last time; visor first time; suited by 7/8f and good or soft ground; largely consistent
298543,183336,11,11.0,129615,IRE,Dubai Treasure,4,8-12,56.2,,100.0,2603,Daniel Muscutt,1397,S bin Suroor,,,,Well backed continued progress when winning a handicap at Goodwood by a neck last time; effective 6/7f on a sound surface; open to further improvement
298544,183337,1,6.0,155436,FR,Inis Mor,2,9-9,61.2,,,928,S M Levey,2739,D Menuisier,,,,"Green in front but came clear with second when 1 1/4l winner in a novice here on debut; middle-distance bred, hits ground quite hard; big, workmanlike sort, should improve"
298545,183337,2,9.0,155921,IRE,Blue Samuna,2,9-2,58.05,,,6705,Alexandra Egan,274,Jane Chapple-Hyam,,,,"29 Mar; 18,000gns Space Blues filly; half-sister to Brave Byreflection, useful at 7f; dam smart at 8f at 2yo; one of two for yard and market may prove best guide to chances"
298546,183337,3,3.0,155922,IRE,City Queen,2,9-2,58.05,,,254,D C Costello,2626,C Appleby,,,,Yard won this last year; 25 Apr; Dubawi filly; dam high-class at 10f; one of two for top yard; market may guide
298547,183337,4,1.0,155923,GB,Enchanted Queen,2,9-2,58.05,,,5838,Billy Loughnane,2626,C Appleby,,,,Yard won this last year; 27 Feb; Ghaiyyath filly; dam high-class at middle-distancew/stayer; on of two for top trainer
298548,183337,5,7.0,155925,IRE,Harlequin Breeze,2,9-2,58.05,,,4705,Marco Ghiani,274,Jane Chapple-Hyam,,,,"16 Mar; 70,000gns breeze-up purchase by New Bay; dam smart from 12f to 13f; market will be best guide to chances"
298549,183337,6,5.0,155936,GB,On Message,2,9-2,58.05,,,7004,H Crouch,152,R M Beckett,,,,"Yard has won 2 of last 5 runnings of race; 29 Jan; Camelot filly; half-sister to Declared Interest, smart at 8f; dam smart at 8f; from a good yard"
298550,183337,7,4.0,155940,GB,Remi Mae,2,9-2,58.05,,,4510,William Carver,256,A M Balding,,,,"6 Mar; 75,000gns Invincible Spirit filly; half-sister to Tribal Nation, smart at 7f; dam high-class at 7f; top trainer and could be one of sharper debutants"
298551,183337,8,8.0,155944,IRE,Tashi Delek,2,9-2,58.05,,,2603,Daniel Muscutt,361,J R Fanshawe,,,,"18 Jan; 250,000gns Night Of Thunder filly; dam useful at 7f at 2yo; trainer in form; most expensive purchase in the field"
298552,183337,9,10.0,155945,IRE,Ventana,2,9-2,58.05,,,3287,K Shoemark,2210,C Hills,1st,25/1,26.0,"21 Feb; 60,000 euros Supremacy filly; half-sister to Secret Angel, very smart at 6f; dam high-class at 7f; probably need the run"
298553,183337,10,2.0,155946,GB,Wild Dahlia,2,9-2,58.05,,,4777,Cieren Fallon,147,W J Haggas,,,,"13 Apr; £65,000 breeze-up purchase by Ardad; half-sister to Arts Of War, useful from 7f (at 2yo) to 9f; dam smart at 10f; represents top yard"
298554,183338,1,3.0,154934,IRE,Akrivos,2,9-2,58.05,,,254,D C Costello,45,Ian Williams,2nd,66/1,67.0,
298555,183338,2,4.0,155551,GB,Blue Aria,2,9-2,58.05,,,3287,K Shoemark,2414,J & T Gosden,,,,
298556,183338,3,6.0,155926,GB,I Can Dance,2,9-2,58.05,,,2603,Daniel Muscutt,4122,C Johnston,,,,
298557,183338,4,2.0,155932,GB,Monoceros,2,9-2,58.05,,,5838,Billy Loughnane,2626,C Appleby,1st,6/5,2.2,
298558,183338,5,5.0,155788,IRE,Night Patrol,2,9-2,58.05,,,1204,J P Fahy,223,R Hannon,,,,
298559,183338,6,1.0,155943,IRE,St Anton,2,9-2,58.05,,,928,S M Levey,223,R Hannon,,,,
298560,183339,1,3.0,127953,GB,Angel Shared,4,9-12,62.55,,84.0,254,D C Costello,2660,Steph Hollinshead,,,,"All out in finish involving four others landing a handicap by 1/2l off 81 here last time; enjoys making it; suited by 5/6f, acts on any; may have reached ceiling but very game"
298561,183339,2,5.0,141461,IRE,Raneenn,3,9-9,61.2,h,84.0,4777,Cieren Fallon,147,W J Haggas,1st,11/2,6.5,"Probably wanted further beaten 4l off 86 over 5f at Ascot last time; hood first time; trainer in form; effective 6/7f, acts on good to soft and good to firm; form has tailed off"
298562,183339,3,6.0,127344,GB,Miss Show Off,4,9-9,61.2,,81.0,7004,H Crouch,230,C G Cox,,,,Raced too freely beaten 6l in a handicap over 5f at Ascot last time; effective 5/6f on a sound surface; in and out of form
298563,183339,4,1.0,141287,GB,Arabian Leopard,3,9-6,59.85,,81.0,208,J P Spencer,244,D M Simcock,,,,Ran to form beaten 3l off 81 at Goodwood last time; suited by 6/7f and a sound surface; in form
298564,183339,5,7.0,141175,IRE,Greydreambeliever,3,9-6,59.85,p,81.0,6871,Jack Nicholls,2632,K R Burke,2nd,20/1,21.0,Made plenty of use of but cheekpieces looked less effective second time down the field in a handicap at Goodwood most recent start; suited by 6f and a sound surface; temperament to prove
298565,183339,6,2.0,145001,GB,Swiss Lightning,3,9-3,58.5,p,78.0,5838,Billy Loughnane,2414,J & T Gosden,,,,"Ran to best maiden form on handicap debut down in trip beaten 3/4l off 78 at Leicester last time; cheekpieces first time; significant jockey booking; suited by 6f, acts on a sound surface; workable mark"
298566,183339,7,4.0,145220,GB,Cuban Lady,3,9-1,57.6,,76.0,3287,K Shoemark,3139,Tom Clover,,,,"Didn't quite get home after racing too freely beaten 2l off 77 here last time; suited by 6f, acts on a sound surface; open to improvement if will settle better"
298567,183340,1,4.0,120623,IRE,Classic Speed,5,9-12,62.55,,64.0,928,S M Levey,4096,Brian Toomey,,,,"Ran poorly, perhaps not handling fast ground comfortably held in a handicap over 9f at Epsom last time; suited by 1m on AW; yet to show much on turf and has lost form"
298568,183340,2,1.0,138432,GB,Calibos,3,9-9,61.2,bt,68.0,101,Jim Crowley,2301,D & C Kubler,,11/1,12.0,"Scored by 4l off 61 at Windsor penultimate start; race probably came too soon when well beaten off 67 last time; suited by 10f, acts on any; likely to return to form"
298569,183340,3,6.0,145774,IRE,Arundel,3,9-7,60.3,v,66.0,7004,H Crouch,295,E A L Dunlop,1st,15/8,2.88,"Scored by 2l off 58 at Pontefract in May; visored and suited by step-up in trip when second beaten 1/2l off 65 last time; effective 10f, 12f suits, acts on good to soft and good to firm; staying type, open to improvement"
298570,183340,4,3.0,147996,GB,Huggable,3,9-7,60.3,,66.0,4769,Morgan Cole,3782,Dylan Cunha,2nd,2/1,3.0,"Well handicapped on novice form, step-up in trip suited landing a handicap by 6l off 60 at Epsom last time; suited by 10f and a sound surface; quirky but remains well treated at weights"
298571,183340,5,5.0,145057,IRE,Betty Bassett,3,9-4,58.95,p,63.0,5838,Billy Loughnane,45,Ian Williams,,,,Yard won this last year; scored by a head off 62 at Wetherby in June; ridden to stay and debatable whether really saw it out fifth beaten 3 1/4l off 64 last time; suited by 10f and a sound surface; fraction below best of late
298572,183340,6,2.0,138994,IRE,Gretna Dreams,3,9-2,58.05,,61.0,618,P Cosgrave,282,S C Williams,,,,Back to best ridden near pace on a sharp track landing a handicap by 2 1/2l off 56 at Brighton last time; suited by easy 10f and sound surface; needs the right conditions
298573,183341,1,1.0,144380,IRE,Venezuelan,3,9-9,61.2,b,81.0,7004,H Crouch,152,R M Beckett,1st,4/9,1.44,"Well backed, making running suited though race fell apart when winning a maiden at Lingfield by 13l last time; suited by 12f and a sound surface; looks irresolute and untrustworthy"
298574,183341,2,3.0,145404,IRE,Atlantic Sunset,3,9-5,59.4,v,77.0,24,N Callan,4122,C Johnston,,,,Scored by a length off 74 here penultimate start; raced lazily beaten 12l off 78 last time; suited by 12f and a sound surface; yard's out of form runners usually bounce back
298575,183341,3,2.0,141475,IRE,Bondi,3,9-1,57.6,,73.0,928,S M Levey,223,R Hannon,2nd,5/1,6.0,Scored by 3/4l off 68 over 11f at Windsor penultimate start; disappointing up 5lb beaten 13l off 73 last time; suited by 12f and fast ground; had been progressive
298576,183342,1,2.0,135665,GB,Mount Atlas,4,10-0,63.5,,107.0,3005,Oisin Murphy,256,A M Balding,,,,Smart sort who was back to winning ways at Ascot last time; acts on any but particularly effective on fast; 5lb rise for last time means more is needed to follow up here.
298577,183342,2,4.0,127045,IRE,Naqeeb,5,9-12,62.55,,105.0,5205,Ryan Sexton,744,Miss J A Camacho,1st,7/1,8.0,"On a losing run of 12 but some good efforts in top 10-12f handicaps lately, including latest second over 10f at Goodwood last time; leading player."
298578,183342,3,6.0,120874,USA,This Songisforyou,7,9-6,59.85,,99.0,3574,Tom Marquand,4245,E Mullins,,,,Ran okay on the figures when fifth of six in a 12f Gr 3 last time; interesting on last September's 10f win at the Curragh and is shrewd trainer's only runner here over the four days.
298579,183342,4,8.0,128732,GB,Insanity,5,9-4,58.95,,97.0,4174,Rossa Ryan,57,A King,2nd,8/1,9.0,"Down the field in this last year but may well fare better this time, with such as his win at Ayr three starts back and latest sound third at Ascot entitling him to be thereabouts."
298580,183342,5,9.0,132329,IRE,French Duke,4,9-4,58.95,h,97.0,1245,James Doyle,2048,R Varian,,,,Yard won this last year; slowly away when bit disappointing over 1m6f at Goodwood most recent run; return to 12f may help but needs to rediscover his good 2024 form.
298581,183342,6,10.0,133225,GB,Champagne Prince,4,9-2,58.05,,95.0,4468,D Egan,274,Jane Chapple-Hyam,,,,"Well below-par at Newmarket most recently, since when he has been gelded; better on the AW and looks on a high enough mark on balance of his turf form; others preferred."
298582,183342,7,1.0,119903,IRE,Chillingham,6,9-1,57.6,v,94.0,3300,Hollie Doyle,4275,E Bethell,,12/1,13.0,"Interesting off this mark on the pick of his form and though below-par here latest, that was a muddling event; awarded the race in the stewards' room here in June; worth considering."
298583,183342,8,7.0,124651,IRE,Zanndabad,6,8-13,56.65,,92.0,1055,W Buick,366,A J Martin,,9/1,10.0,"Hinted that all of his Flat ability remains when set a lot to do in the Northumberland Plate (2m, AW) last time in June; ran well hurdling latest; longer trip would suit better; each-way chance."
298584,183342,9,3.0,118507,IRE,Asgards Captain,5,8-9,54.85,,88.0,1130,J F Egan,3782,Dylan Cunha,,,,"Bit up and down lately but did run to form at Ascot last time and, with trip/ground fine, has each-way chance."
298585,183342,10,11.0,113265,GB,Marhaba The Champ,6,8-9,54.85,,88.0,1922,Jason Hart,467,Mrs S Leech,,,,"Won this in 2023 and though not so good nowadays, latest second at Doncaster (10f) was best run for a long while; sold out of Kevin Ryan's yard for 8,000gns since; considered."
298586,183342,11,5.0,110878,IRE,Austrian Theory,6,8-4,52.6,,83.0,896,D Fentiman,470,T D Easterby,,,,Interesting on his sound fifth in top 10.3f handicap here last month but less good twice since and bit to prove overall; stamina beyond 10.3f is unproven.
298587,183343,1,4.0,105203,IRE,Trawlerman,7,9-8,60.75,h,121.0,1055,W Buick,2414,J & T Gosden,1st,8/11,1.73,Top-class stayer who ran them ragged in the Gold Cup (2m4f) at Ascot last time; fully effective at 2m while he won only previous start here (2022 Ebor); should be very hard to pass.
298588,183343,2,6.0,105752,GB,Al Nayyir,7,9-5,59.4,p,111.0,1245,James Doyle,3139,Tom Clover,,,,"Only just edged out in this last year but not quite so good this season, including well-held third to Trawlerman at Sandown in May; others preferred."
298589,183343,3,5.0,115054,IRE,Al Qareem,6,9-5,59.4,,114.0,3348,C Lee,2632,K R Burke,,,,Admirably reliable front-running 6yo who comes here in fine form after two recent 14f wins here; stays 15f on soft and 2m shouldn't be an issue; more needed against the top two here.
298590,183343,4,3.0,93101,GB,Dubai Future,9,9-5,59.4,hp,114.0,5007,K Stott,1397,S bin Suroor,,,,"Similar level to Gold Cup form when running very respectably in Goodwood Cup last time; stays 2m, acts on a sound surface; work to do to trouble the top two here."
298591,183343,5,1.0,121896,IRE,Sweet William,6,9-5,59.4,v,115.0,193,R Havlin,2414,J & T Gosden,,,,Very consistent and high-class 6yo who found 2m4f too far in Ascot Gold Cup but was back to form when third in Goodwood Cup last time; the clear main danger to Trawlerman.
298592,183343,6,2.0,77631,IRE,Shackleton,3,8-8,54.4,p,107.0,817,W M Lordan,1283,A P O'Brien,2nd,15/2,8.5,"Smart 3yo though form doesn't compare to the two top-rated here; step up to 2m may well suit; ran to best when second in 14f Gr 2 latest; cheekpieces first time; vulnerable, all told."
298593,183344,1,4.0,153054,IRE,Comical Point,2,9-2,58.05,,95.0,3005,Oisin Murphy,256,A M Balding,,,,"Yard won this last year; raced far too freely in Gr 2 at Newmarket last time; in good form prior and still isn't fully exposed, so well worth considering for top trainer-jockey combo."
298594,183344,2,1.0,153103,IRE,Do Or Do Not,2,9-2,58.05,p,105.0,3574,Tom Marquand,891,E Walker,,,,"Still a maiden but sets the standard on placed runs in three Gr 2s, last time upped to 7f at Goodwood; cheekpieces first time; not sure this flat 6f will be ideal but strong form claims."
298595,183344,3,5.0,153525,GB,Egoli,2,9-2,58.05,,93.0,4174,Rossa Ryan,152,R M Beckett,1st,4/1,5.0,"Raced on 'wrong' part of course in Gr 2 at Goodwood last time and readily excused that; in good form prior to that; suited by 6f, acts on good and fast; needs more but isn't fully exposed."
298596,183344,4,8.0,152606,IRE,Irish Fighter,2,9-2,58.05,,87.0,2068,M Barzalona,2377,I Mohammed,,,,Creditable fifth in the Super Sprint at Newbury last time; has raced only at 5f; something to find up in grade.
298597,183344,5,6.0,155243,IRE,Lifeplan,2,9-2,58.05,,,4356,Zak Wheatley,148,D Carroll,,5/1,6.0,"A length winner in a 6f novice at Thirsk on debut, when backed beforehand; this is quite a bit harder but that debut win was very promising."
298598,183344,6,3.0,153844,GB,Reciprocated,2,9-2,58.05,,99.0,3348,C Lee,2632,K R Burke,2nd,9/2,5.5,"450,000gns yearling; too free and highly likely didn't stay in Listed race over 7f at Ascot last time; highly promising in two 6f wins before that; very much a contender back at 6f again now."
298599,183344,7,7.0,153560,IRE,Rock On Thunder,2,9-2,58.05,,95.0,5007,K Stott,28,K A Ryan,,,,"380,000gns yearling; ran to form when 4l second to a smart winner in 6f Listed race at Newbury latest; bit more probably needed."
298600,183344,8,2.0,154567,IRE,Yorkshire Puds,2,9-2,58.05,,,1922,Jason Hart,1668,M Appleby,,,,Twice-raced maiden; down the field in a maiden at Goodwood most recently; difficult to fancy at this level.
298601,183345,1,13.0,118113,IRE,Jm Jungle,5,10-1,63.95,,112.0,1922,Jason Hart,4110,J & S Quinn,,,,"In form but improved markedly to win Gr 2 at Goodwood last time; suited by 5f, acts on any; thoroughly admirable sort who has place claims if he can confirm that latest improvement."
298602,183345,2,12.0,122242,IRE,Kerdos,5,10-1,63.95,,106.0,4174,Rossa Ryan,230,C G Cox,,33/1,34.0,Smart sort who probably raced on the 'wrong' side at Goodwood last time; acts on any ground; up and down in recent times and bit to prove overall; cheekpieces worn latest are left off.
298603,183345,3,1.0,110495,GB,Manaccan,6,10-1,63.95,t,99.0,3348,C Lee,324,J Ryan,,100/1,101.0,"Gradually refinding his form since back from two years off, last time fourth in Ascot handicap; even the best of his old form would need improving upon; others preferred."
298604,183345,4,8.0,133673,IRE,Night Raider,4,10-1,63.95,,105.0,1245,James Doyle,2632,K R Burke,,,,"Best form so far on AW but has never had the chance to run on a fast, flat 5f on quick turf, conditions he'll finally have here; has speed to burn and very bold show wouldn't surprise."
298605,183345,5,14.0,118027,GB,Rumstar,5,10-1,63.95,,113.0,3023,Rob Hornby,224,J G Portman,,20/1,21.0,"Bit below best at The Curragh last time; suited by 5f, acts on any, likes it fast; best form, such as when showing late burst in two 2025 Gr 3 wins, makes him a contender."
298606,183345,6,15.0,121913,IRE,Spartan Arrow,5,10-1,63.95,p,106.0,3300,Hollie Doyle,4143,A Watson,,,,Yard won this last year; well held up in class in Gr 2 at Goodwood last time; suited by an easy 5f and a sound surface; smart sort but this demands a career-best.
298607,183345,7,17.0,119596,GB,Washington Heights,5,10-1,63.95,,107.0,9,T Eaves,28,K A Ryan,,,,Very respectable sixth in this last year; form of latest C&D Listed-race win is working out well and each-way claims on that.
298608,183345,8,3.0,137676,IRE,Aint Nobody,3,9-13,63.0,p,99.0,5007,K Stott,28,K A Ryan,,,,"Plenty to find on balance of form, last time down the field in Listed race over 6f at Chester last time; cheekpieces first time; return to 5f may help but too much to find to appeal much."
298609,183345,9,9.0,135087,GB,Arizona Blaze,3,9-13,63.0,,113.0,4468,D Egan,1137,A Murray,,,,"Dependable colt who comes here in great form at 5-6f, last time winning well in 5f Gr 2 at The Curragh; that followed an excellent in 6f Gr 1 at Ascot; leading contender."
298610,183345,10,5.0,137148,AUS,Asfoora,7,9-12,62.55,b,114.0,3005,Oisin Murphy,4361,Henry Dwyer,1st,7/1,8.0,Ran to current form and still below best at Goodwood last time but ground there slower than ideal; sound fourth in this last year but even better form earlier in 2024; needs to refind that.
298611,183345,11,6.0,132183,USA,Frost At Dawn,4,9-12,62.55,v,109.0,2068,M Barzalona,493,W J Knight,,,,Ground was a bit slower than ideal when running well in Gr 2 at Goodwood latest; previous second of 20 in Ascot Gr 1 makes her an each-way player and trip/ground here are ideal.
298612,183345,12,7.0,153425,GB,Mgheera,5,9-12,62.55,,108.0,1055,W Buick,891,E Walker,2nd,11/1,12.0,Ran okay in second at The Curragh latest when tardy start didn't help; fast ground an unknown but form of her Gr 2 win at Haydock in May is good and is well worth considering.
298613,183345,13,11.0,129308,IRE,Shes Quality,4,9-12,62.55,b,108.0,5450,J J G Ryan,4237,J Davison,,,,"Four very good runs in second place this season, last time in Gr 2 at Goodwood; the emphasis on out-and-out speed in this particular race is a plus and well worth considering."
298614,183345,14,16.0,137158,GB,Celandine,3,9-10,61.65,,105.0,3574,Tom Marquand,891,E Walker,,33/1,34.0,Won Gr 2 Lowther (6f) here last year; bit below-par latest but previous reappearance third here (6f) showed she'd trained on; seemed to find 5f too sharp once last season.
298615,183345,15,2.0,142159,IRE,Sayidah Dariyan,3,9-10,61.65,,110.0,930,R L Moore,4207,R Hughes,,,,Travelled very well and then quickened when winning Gr 3 here over 6f last time; steadily progressive and may well be able to bridge the gap to Gr 1 level; probably pacey enough for 5f.
298616,183345,16,4.0,148032,IRE,Lady Iman,2,8-2,51.7,,106.0,18,J Fanning,1081,G M Lyons,,,,Only defeat in five runs came when outstayed over 6f; decisive win in 5f Gr 3 at Goodwood last time; suited by 5f and a sound surface; 2yos can win this race and much respected.
298617,183345,17,10.0,152685,GB,Spicy Marg,2,8-2,51.7,,94.0,239,Harry Bentley,318,M L W Bell,,,,"Back on track with decisive win in useful race at Goodwood last time; trip/ground look ideal but the other 2yo here, Lady Iman, has superior form so this filly needs to improve."
298618,183346,1,8.0,137023,IRE,Akecheta,5,9-12,62.55,,90.0,1802,S A Gray,3311,Kevin Coleman,2nd,13/2,7.5,"Unraced on faster than good; mostly creditable runs recently, last time finishing well from off the pace for fourth at Goodwood; this is arguably less competitive and leading claims."
298619,183346,2,10.0,129948,GB,Ciara Pearl,5,9-11,62.1,p,89.0,2068,M Barzalona,2301,D & C Kubler,,,,Bit below-par over 12f at Ascot last time; stays that trip but 10f is probably her optimum; bit more needed on balance of recent form.
298620,183346,3,9.0,136773,GB,Power Of Destiny,4,9-9,61.2,,87.0,4174,Rossa Ryan,152,R M Beckett,,,,"Trip/ground are fine and definite claims on best form but she will need to step up on recent below-par efforts, last time at Goodwood."
298621,183346,4,3.0,122436,GB,Roarin Success,5,9-7,60.3,,85.0,1055,W Buick,4104,Harry Charlton,,,,Game when winning at Hamilton on penultimate start and ran well again when front-running second at Doncaster last time; bit more needed in this better-contested race.
298622,183346,5,13.0,145005,IRE,Zgharta,3,9-4,58.95,h,89.0,3005,Oisin Murphy,256,A M Balding,1st,5/2,3.5,Didn't get a clear run when catching the eye at Goodwood (1m) last time; 10f winner earlier this season; much respected for leading trainer-jockey combination.
298623,183346,6,5.0,126897,IRE,Fiver Friday,5,9-3,58.5,,81.0,1026,D Allan,3475,Paul Traynor,,,,Well beaten in a handicap hurdle at Sligo latest; in better form on the Flat before that but more needed even on those efforts; fast ground would be a concern.
298624,183346,7,11.0,144764,GB,Wonder Star,3,8-13,56.65,,84.0,3574,Tom Marquand,147,W J Haggas,,,,Lightly-raced filly who was good second in competitive race at Goodwood last time on handicap debut; big chance on that up 2lb and ought to still be open to improvement.
298625,183346,8,12.0,121376,GB,Bint Al Daar,5,8-13,56.65,pt,77.0,6941,Alfie Gee,4239,K Frost,,,,"Hasn't been firing at all in recent runs and risky proposition at present; however, she's 8lb lower than when second in this last year and not ruled out in cheekpieces for the first time."
298626,183346,9,1.0,132221,IRE,Jujubella,4,8-11,55.75,p,75.0,1013,P J McDonald,4486,Lucinda & Scud,,40/1,41.0,Scored at Haydock on penultimate start; that was at a shade further but this trip is fine too; bit to find on balance up in grade.
298627,183346,10,4.0,153348,GB,Brielle,3,8-11,55.75,,82.0,29,David Probert,1642,D O'Meara,,12/1,13.0,"Fulfilled previous 8-12f promise when improving to win 1m novice at Hamilton latest; by stamina influence sire, so that augurs well for 10.3f; more needed but she's a potential improver."
298628,183346,11,2.0,145409,GB,Cape Flora,3,8-8,54.4,,79.0,1067,K T O'Neill,2414,J & T Gosden,,,,"Much-improved when winning at Leicester (10f) last time; up 11lb in better grade race but she's very well-bred and hails from a top yard, so could easily be up to it."
298629,183346,12,7.0,142368,IRE,Callisto Dream,3,8-8,54.4,,79.0,2892,Connor Beasley,4275,E Bethell,,,,"Lightly raced so it's possible she can find the bit more needed; however, pedigree raises stamina question upped in trip and others are preferred."
298630,183346,13,6.0,141119,IRE,Blessed Star,3,8-6,53.5,,77.0,239,Harry Bentley,4122,C Johnston,,,,"Consistent maiden at up to 1m, last time creditable third in Goodwood handicap; elements of pedigree are encouraging as regards 10.3f; worth considering."
298631,183347,1,10.0,155267,GB,Beny Nahar,2,9-7,60.3,,,1055,W Buick,4122,C Johnston,,,,"Similar level of form in two second places, last time in a novice at Haydock (7f; led, bit keen there); one of the likelier form contenders and has to be respected."
298632,183347,2,12.0,154936,GB,Bond,2,9-7,60.3,,,1013,P J McDonald,2338,P Twomey,,12/1,13.0,Well held fifth in a maiden over 8f at Killarney on debut; only 4-1 there so better was evidently expected; others appeal more.
298633,183347,3,9.0,155924,IRE,Ephron,2,9-7,60.3,,,2892,Connor Beasley,4201,G Tutty,,20/1,21.0,"24 March foal; 52,000euros breeze-up purchase by Calyx; dam useful at 10f; likely best watched."
298634,183347,4,4.0,154700,GB,Explosive Finnish,2,9-7,60.3,,,3930,Ben Sanderson,4239,K Frost,,,,Just a modicum of promise in a novice over 5f at Nottingham on debut; highly likely best watched.
298635,183347,5,7.0,151956,IRE,Frescobaldi,2,9-7,60.3,,,930,R L Moore,1283,A P O'Brien,1st,4/1,5.0,"Benefited from debut experience when close second in a maiden at Fairyhouse (7f) latest, going clear but nabbed late on; top yard won this in 2023; leading player."
298636,183347,6,5.0,155927,IRE,Ice Cube,2,9-7,60.3,,,3755,George Wood,4241,R Spencer,,,,"19 February foal; 50,000gns Phoenix Of Spain colt; dam very useful at 8f; likely best watched."
298637,183347,7,11.0,155928,IRE,Inishbeg,2,9-7,60.3,,,5007,K Stott,28,K A Ryan,2nd,7/1,8.0,"8 February foal; 500,000gns Ghaiyyath colt; half-brother to Volterra, very smart at 7f; dam useful at 6f; interesting on paper and warrants a market check for sure."
298638,183347,8,15.0,155278,GB,King Of Thunder,2,9-7,60.3,,,29,David Probert,4161,H Palmer,,,,Some promise when 5l fourth in a maiden over 6f at Ascot on debut but this definitely demands more.
298639,183347,9,2.0,153426,GB,Naval Light,2,9-7,60.3,,87.0,1245,James Doyle,2632,K R Burke,,,,"360,000gns 2yo; plenty of ability in three runs at 5-6f, last time second at Goodwood latest; shapes as though he'll stay 7f; sets the standard on form and leading contender."
298640,183347,10,8.0,154098,IRE,New Monarch,2,9-7,60.3,,,3005,Oisin Murphy,256,A M Balding,,,,"Second in both starts, at Newbury and then Ascot (led), both at 6f; pedigree suggests 7f should suit; bit more needed for his leading trainer-jockey combination."
298641,183347,11,14.0,155935,GB,Night Wolf,2,9-7,60.3,,,1922,Jason Hart,4110,J & S Quinn,,,,"17 February foal; 160,000gns Kodi Bear colt; half-brother to Galen, high-class at 10f; dam smart from 5f to 6f; probably best watched on debut."
298642,183347,12,1.0,155255,IRE,Red Spells Danger,2,9-7,60.3,,,1026,D Allan,470,T D Easterby,,,,"Promising debut third in a C&D novice last month; that form is reasonable and though more is needed here, not ruled out."
298643,183347,13,3.0,155354,FR,Sea The Power,2,9-7,60.3,,,5035,O McSweeney,4129,A Keatley,,,,"Raced freely when quite promising debut third third in a novice at Beverley debut; plenty more needed here, though."
298644,183347,14,6.0,155942,GB,Spyce,2,9-7,60.3,,,4174,Rossa Ryan,57,A King,,18/1,19.0,"8 March foal; 280,000gns breeze-up purchase by Too Darn Hot; half-brother to Accentuate, very useful at 8f; dam very useful at 8f; worth a precautionary market check."
298645,183347,15,13.0,154668,GB,Isle of Fernandez,2,9-2,58.05,,,9,T Eaves,28,K A Ryan,,,,Had benefited from debut experience when second in a 7f fillies' maiden at Goodwood latest; more needed against colts this time.
298646,183348,1,15.0,147215,IRE,Fearnot,3,9-9,61.2,h,104.0,29,David Probert,230,C G Cox,2nd,6/1,7.0,Most progressive and came on again when winning good handicap at Ascot last time; unraced as a 2yo and may continue progressing; 5lb rise is fair; leading player.
298647,183348,2,16.0,136748,GB,Dividend,3,9-4,58.95,,99.0,4174,Rossa Ryan,4202,Dr R Newland & J Insole,,18/1,19.0,Progressive colt who ran very well when fourth of 30 in top handicap at Ascot last time back in June; off a short break now; bit more needed up 4lb but could come on again.
298648,183348,3,10.0,152814,FR,Supido,3,9-4,58.95,p,99.0,1922,Jason Hart,45,Ian Williams,,22/1,23.0,Creditable runs in two very good 1m Ascot handicaps lately (better run in the first of them); cheekpieces first time; looks more exposed than some and may be vulnerable win-wise.
298649,183348,4,9.0,151973,GB,Montpellier,3,9-4,58.95,,99.0,930,R L Moore,4240,J Ferguson,1st,4/1,5.0,Lightly-raced and gradually progressive 3yo who ran well when running-on fourth at Goodwood (7f) last time; very much a contender upped to 1m now.
298650,183348,5,4.0,136793,GB,Yah Mo Be There,3,9-3,58.5,,98.0,4468,D Egan,4241,R Spencer,,,,Shaped as though a return to 1m might well suit when running-on fifth over 7f in decent handicap at Goodwood last time; met some trouble there too; feasible mark; interesting runner.
298651,183348,6,13.0,137936,IRE,Tiger Mask,3,9-2,58.05,p,97.0,3348,C Lee,2632,K R Burke,,,,Useful 2yo but didn't show enough on belated seasonal debut on Newcastle AW in June to make much appeal for now; cheekpieces first time; upped to 1m now.
298652,183348,7,5.0,141448,IRE,Fifth Column,3,9-2,58.05,p,97.0,1055,W Buick,2414,J & T Gosden,,,,Game when scoring at Newmarket (1m) on penultimate start before running well enough at Goodwood (when soft was possibly not ideal); top trainer-jockey combo; shortlisted.
298653,183348,8,6.0,145396,IRE,Teroomm,3,8-13,56.65,,94.0,3005,Oisin Murphy,2048,R Varian,,10/1,11.0,Too free last time and needs to settle better; Oisin Murphy taking over may well help and this colt has definite claims on the form of his good win at Haydock three starts back in May.
298654,183348,9,8.0,153480,IRE,Big Leader,3,8-13,56.65,,94.0,1013,P J McDonald,317,G R Oldroyd,,,,Made it three from three with narrow success on handicap debut at Thirsk last time; up 3lb in a better-contested race but he ought to be open to further progress.
298655,183348,10,11.0,142717,IRE,Sea Force,3,8-8,54.4,,89.0,3574,Tom Marquand,147,W J Haggas,,,,Yard won this last year; creditable series of runs continued at Goodwood last time; first-time cheekpieces worn there are left off; worth considering.
298656,183348,11,2.0,141138,IRE,King Casper,3,8-7,53.95,,88.0,3030,Joanna Mason,4161,H Palmer,,,,"Down the field in a handicap at Goodwood most recent, though ground there was possibly unsuitable; others are more progressive and appeal more."
298657,183348,12,17.0,140822,IRE,We Dare To Dream,3,8-7,53.95,,88.0,239,Harry Bentley,1642,D O'Meara,,,,Mostly creditable runs this season before below-par run at Goodwood latest (ground not as testing as 'heavy' description suggests and should have done better); opposable now.
298658,183348,13,12.0,139156,GB,Impartiality,3,8-6,53.5,p,87.0,2892,Connor Beasley,3406,Phillip Makin,,18/1,19.0,"Remains gradually progressive, last time showing career-best form when second at Goodwood; ground any faster than good an unknown but much respected otherwise."
298659,183348,14,1.0,138284,GB,Sir Paul Ramsey,3,8-6,53.5,,87.0,18,J Fanning,4122,C Johnston,,,,Career-best form with narrow success at Haydock last time; may be open to further progress at 1m so not ruled out despite being 5lb higher in better grade than last time.
298660,183348,15,3.0,140945,IRE,Point Of Contact,3,8-6,53.5,,87.0,1067,K T O'Neill,256,A M Balding,,,,Didn't get a clear run when running creditably at Goodwood last time; this lightly-raced colt hails from a leading yard and is very much an each-way contender.
298661,183348,16,14.0,146753,IRE,Miami Matrix,3,8-5,53.05,p,86.0,5307,Aiden Brookes,4161,H Palmer,,,,Progressive vein of form came to an end with down-the-field effort at Goodwood last time; cheekpieces first time; bit to find overall and others are preferred.
298662,183348,17,7.0,139084,IRE,Knights Gold,3,8-2,51.7,h,83.0,3300,Hollie Doyle,4202,Dr R Newland & J Insole,,,,"Having a fine season and though thwarted in his bid for a fifth win of 2025 last time, that close third (hampered) at Goodwood means he's very much an each-way contender at least here."
298663,183349,1,,112012,IRE,Dynamic Force,6,11-12,75.25,,,4274,D J O'Keeffe,352,T G McCourt,,,,"Forced wide from a poor draw and beaten 3 1/4l in a 7f handicap at Naas last time. Generally out of form; effective on fast ground up to 1m on the flat, but stamina remains to be proven over hurdles."
298664,183349,2,,121392,IRE,Matt Connor,5,11-12,75.25,h,,2946,D Meyler,953,J P Dempsey,,,,Made too much use of and finished down the field in a 12f handicap at The Curragh last time. Hood first time and back from a short break. A 10f flat winner but out of form and with a bit to prove starting over hurdles.
298665,183349,3,,144793,FR,Kabylia,5,11-5,72.1,ht,112.0,327,K M Donoghue,1431,G P Cromwell,1st,11/5,3.2,"Ran to form when second, beaten 1/2l in a 2m1f maiden hurdle at Cork last time. A bumper winner, she has been consistent over hurdles, is suited by good ground, and looks capable of winning soon."
298666,183349,4,,154728,IRE,Butch Coolidge,5,11-4,71.65,,,1485,B Hayes,4175,D H Kelly,,,,Ran well for a long way on bumper debut but was well beaten in a 2m2f bumper at Cork last time. Needs to show more now back over hurdles.
298667,183349,5,,155929,IRE,Itsaworkinmaniam,6,11-4,71.65,,,74,P T Enright,4290,B McMahon,2nd,10/1,11.0,Improved to win a maiden at Ballingarry over 3m by a length last time and returns from a short break. A 3m point winner who may be better suited to staying trips over hurdles.
298668,183349,6,,7356,IRE,Beir Bua,4,11-2,70.75,t,,5014,C M Quirke,81,A Slattery,,,,Still a touch green but ran to form when winning a mares' bumper at Wexford by 2 1/4l last time. Consistent in bumpers on good and yielding to soft ground.
298669,183349,7,,154624,IRE,King Bob,4,11-1,70.3,,,3226,S D Torrens,70,P J Rothwell,,,,Made a poor hurdles debut when down the field in a 2m2f maiden hurdle at Cork most recently. Looks one for the future rather than immediate success.
298670,183349,8,,153694,IRE,Eye Of A Tiger,5,10-11,68.45,,110.0,2645,J J Slevin,432,J P Ryan,,,,Below form despite strong support when 9l third in a 2m2f maiden hurdle at Sligo last time. Proven effective between 2m and 2m1f on good ground.
298671,183349,9,,123114,IRE,Randall Poets Lass,5,10-11,68.45,,,4905,B P Kennedy,87,S Fahey,,,,Ran poorly when beaten 7 1/4l in a Tramore handicap last time. A longstanding and frustrating maiden under both codes.
298672,183349,10,,155547,IRE,Ailbhe Ava,4,10-8,67.1,,,69,S W Flanagan,1431,G P Cromwell,,,,"Green and made mistakes on debut when well beaten in a 2m1f maiden hurdle at Wexford. Backed in the betting that day, so should be capable of better."
298673,183349,11,,142761,IRE,Awakening,4,10-8,67.1,,,4920,E Walsh,1314,J M Burke,,33/1,34.0,"Novicey jumping on debut when comfortably held in a 2m2f maiden hurdle at Sligo last time. Generally out of form, but capable of better judged on flat form."
298674,183349,12,,155534,IRE,Miss Bella Vista,4,10-8,67.1,,,3783,P J O'Hanlon,4169,D A McLoughlin,,,,Green and made mistakes on debut when well beaten in a maiden hurdle at Roscommon. Should improve with the experience.
298675,183349,13,,137937,GB,Top Spin Lob,4,10-8,67.1,h,,6982,E Finegan,4221,A McCann,,,,"Outpaced and failed to handle the surface when down the field in an 11f novice at Southwell last time. Returns from a long layoff, but showed minor ability over middle distances in the UK last summer."
298676,183350,1,,124420,IRE,Avondale,5,11-12,75.25,,,69,S W Flanagan,4190,B Connell,2nd,10/3,4.33,"Outpaced but finished strongly when fourth, beaten 3l, in the COLM QUINN BMW Novice Hurdle (Listed) over 2m1f at Galway last time. Steadily progressive and may prefer slightly further than 2m."
298677,183350,2,,104250,IRE,Catena Zapata,7,11-12,75.25,pt,120.0,327,K M Donoghue,4284,Ian Patrick Donoghue,,,,Quickened and improved for better ground under a positive ride when winning the Conditions Hurdle at Downpatrick over 2m2f by 5 1/2l last time. Could figure here.
298678,183350,3,,146501,IRE,Costacurta,5,11-12,75.25,,122.0,4274,D J O'Keeffe,66,H De Bromhead,1st,11/4,3.75,"Improved from debut, with winning margin exaggerated by a faller when landing a maiden hurdle here by 17l last time. Off a short break and effective between 16f and 19f; still progressing."
298679,183350,4,,124696,IRE,Dysart Dasher,8,11-12,75.25,t,117.0,83,P Townend,75,W P Mullins,,,,From the yard that won this last year. Quickened clear early and won a maiden hurdle here by 3l last time. Steadily progressive and can improve again if settling.
298680,183350,5,,145222,IRE,Full Confession,5,11-12,75.25,,122.0,1485,B Hayes,75,W P Mullins,,,,"From the yard successful in this last year. Improved as a cosy winner when suited by a positive ride down in trip, winning a maiden hurdle at Downpatrick over 2m2f by 2l last time. Progressing and will get further in time."
298681,183350,6,,154610,IRE,Ebony King,4,11-9,73.9,,,5014,C M Quirke,81,A Slattery,,,,"Made a very promising debut, showing a willing attitude when winning a maiden hurdle at Galway over 2m1f by 2 1/2l last time. Form franked and more to come; may stay a bit further than 2m."
298682,183351,1,,153954,FR,Liceo,5,11-12,75.25,,106.0,3783,P J O'Hanlon,4169,D A McLoughlin,,12/1,13.0,"Improved but not knocked about after a late error when well beaten in a maiden hurdle over 2m1f at Wexford last time; generally out of form, though progressing and capable of better judged on French flat form."
298683,183351,2,,89910,GB,Malbas,9,11-12,75.25,,106.0,4688,K E Buckley,4114,E Buckley,2nd,17/2,9.5,"Ran to form when scoring by a length off 100 over 2m here two starts back, benefitting from a clear passage; hampered at a key stage and flattened out when 13th beaten 22l off 106 last time; needs to improve."
298684,183351,3,,116759,IRE,Must Meet Cecil,7,11-10,74.35,b,104.0,5388,E Staples,4249,C Collins,,,,Made too much use of when 7 1/2l third in a claiming hurdle over 2m2f at Sligo on latest start; steadily progressive and wears blinkers for the first time.
298685,183351,4,,126734,IRE,Pampar Lady,6,11-10,74.35,,104.0,327,K M Donoghue,1431,G P Cromwell,,,,"Latest form emphatically franked, improving to land a handicap by 4l off 98 over 2m1f at Cork last time; progressing."
298686,183351,5,,130319,IRE,Smiling Bess,6,11-7,73.0,,101.0,2946,D Meyler,4226,R O'Sullivan,,,,"Returned to form back down in trip, just flattening out late when 7 1/2l third in a handicap hurdle over 2m2f at Cork after a break; should improve for the run."
298687,183351,6,,125063,IRE,Flidais,7,11-6,72.55,,100.0,435,D E Mullins,432,J P Ryan,,12/1,13.0,Never threatened and was comfortably held in a handicap hurdle over 2m1f at Sligo last time; generally out of form but has a top jockey back on board.
298688,183351,7,,146232,FR,Hudson,4,11-6,72.55,,103.0,4274,D J O'Keeffe,4328,Miss Ellmarie Holden,1st,7/1,8.0,"Improved slightly upped in trip when fourth, beaten 8 1/4l, in a maiden hurdle over 2m1f at Wexford last time; showed useful French flat form and may stay a bit further than 2m over hurdles."
298689,183351,8,,137008,IRE,Navy Guitar,6,11-6,72.55,ht,100.0,69,S W Flanagan,1137,A Murray,,,,"Improved when scoring by 3/4l off 92 over 2m2f at Sligo two starts back, quickening and holding on gamely; still green with mistakes when making too much use of last time, finishing 14th beaten 23l off 102; this demands more."
298690,183351,9,,35822,IRE,Brave Soldier,5,11-4,71.65,,98.0,74,P T Enright,517,M M McNiff,,,,Ran to form when 6 1/4l third in a handicap hurdle over 2m5f at Sligo on latest start; consistent.
298691,183351,10,,135974,IRE,Minority Interest,5,10-6,66.2,p,86.0,5901,C M Hogan,70,P J Rothwell,,,,"Below form on easier ground when needing the run, finishing down the field in a handicap hurdle over 2m4f at Killarney last time; cheekpieces applied for the first time."
298692,183352,1,,141771,IRE,Reiki Revolution,5,11-12,75.25,,110.0,74,P T Enright,70,P J Rothwell,,,,"Ran to form when finishing 5 1/2l third in a 3m maiden hurdle here on his most recent run. Usually held up and consistent at up to 3m on decent ground, though his jumping still leaves room for improvement."
298693,183352,2,,155000,FR,Krishna Bellevue,5,11-4,71.65,b,,2946,D Meyler,4226,R O'Sullivan,,,,"Made a bad error and did not find much, running to debut form when well beaten in a 2m4f maiden hurdle at Roscommon last time. Looks more one for handicaps."
298694,183352,3,,155931,IRE,Messi Magic,6,11-4,71.65,,,4408,R Deegan,4333,Denis Paul Murphy,,,,Yet to show real signs of ability and returns from a long absence. Needs to leave his point-to-point form behind if he is to make an impact under rules.
298695,183352,4,,154674,IRE,Mighty Berkshire,5,11-4,71.65,,,3060,J P O'Sullivan,1246,D Queally,,,,"Ran to debut form when comfortably held in a 2m6f maiden hurdle at Galway last time. Effective from 2 1/2m to 3/4m, shapes like a stayer and worth a try at 3m."
298696,183352,5,,146024,IRE,Quantum Quest,5,11-4,71.65,,114.0,2645,J J Slevin,66,H De Bromhead,,,,"From a yard that won this last year. Rallied gamely and ran to form when second, beaten 10l, in a 2m6f maiden hurdle at Downpatrick latest. Steadily progressive and generally consistent, with point form and recent effort suggesting 3m may suit."
298697,183352,6,,155638,IRE,Cuguilla,5,10-11,68.45,,,5375,Conor Clarke,432,J P Ryan,1st,40/1,41.0,Green and never threatened when well beaten on debut in a 2m maiden hurdle here on her only start. Best watched for now.
298698,183353,1,,147391,IRE,Long Road,6,11-12,75.25,p,91.0,3226,S D Torrens,70,P J Rothwell,,,,"Never threatened but ran roughly to form when finishing down the field on handicap chase debut over 2m6f at Roscommon most recently. Generally out of form, usually held up, and has a bit to find."
298699,183353,2,,128673,IRE,Dawn Escape,6,11-7,73.0,,86.0,69,S W Flanagan,1641,L Casey,,,,"Ran to form when stepping up in trip and grade, finishing fourth and beaten 8l in a handicap chase over 3m1f here last time."
298700,183353,3,,99693,IRE,Movie King,8,11-6,72.55,pt,85.0,5771,Mr B M Coonan,366,A J Martin,,,,"Ran to form and looked in need of the run when fitness gave way late, finishing 5 1/4l third in a handicap chase over 2m4f here most recently. Well treated on old form and should improve for that outing."
298701,183353,4,,101076,IRE,My Friend The Wind,10,11-6,72.55,p,85.0,3199,G B Noonan,418,E McNamara,,,,Returned to form but was comfortably held in a handicap chase over 2m6f at Roscommon last time. Generally out of form but probably needs this 3m now.
298702,183353,5,,124679,IRE,Ballagh Star,7,11-4,71.65,pt,83.0,4274,D J O'Keeffe,956,Mrs Y Dunleavy,,,,Appeared unsuited by the drop in trip when finishing down the field in a handicap chase over 2m6f at Tramore most recently. Not out of it.
298703,183353,6,,110094,IRE,Thehairyfella,10,11-4,71.65,p,83.0,3739,J W Kennedy,383,G Elliott,1st,9/2,5.5,"Rallied gamely and scored by a head off 80 over 3m at Downpatrick three starts back. Outpaced but rallied to finish fourth beaten 8 1/4l off 84 last time, still running to form. Worth stepping back up to 3m."
298704,183353,7,,141413,GB,Hit The Frame,6,11-3,71.2,bt,82.0,6618,A Harvey,3560,J P Flavin,,,,"Improved up in trip with an aggressive ride in first-time blinkers, going clear but beaten 3l off 79 in a handicap chase over 3m1f at Roscommon last time. Threat if building on that."
298705,183353,8,,129657,IRE,Container Madness,6,11-2,70.75,pt,81.0,2645,J J Slevin,451,M Brassil,,,,Never threatened but was ridden to see out the trip when well beaten in a handicap hurdle over 3m1f at Roscommon latest. Usually held up and should come on for that run. Of interest on chase debut.
298706,183353,9,,103428,IRE,Early Arrival,10,11-1,70.3,,80.0,2946,D Meyler,2617,J Barcoe,,,,Pulled up in a handicap chase over 2m6f at Tramore last time. Yet to take to chasing. May now prefer easier ground.
298707,183353,10,,120444,IRE,Tuff Days,8,10-9,67.55,p,74.0,4789,J P Shinnick,626,M Barry,,,,Fell in a handicap hurdle over 3m at Wexford last time and is out of form. Remains a maiden.
298708,183353,11,,145991,IRE,Captain Kate,6,10-7,66.65,p,72.0,6633,P Hanlon,95,E Sheehy,,,,"Ran to form when outpaced but saw out the trip well on chase debut, comfortably held in a handicap chase over 3m1f at Roscommon last time. Generally out of form and inconsistent in a short career."
298709,183353,12,,146418,IRE,Tennesse Boy,6,10-7,66.65,t,72.0,74,P T Enright,174,R Tyner,,,,Pulled up in a handicap hurdle over 2m4f at Tramore last time and has yet to show anything.
298710,183353,13,,57825,IRE,Father Jed,14,10-2,64.4,,67.0,5467,D King,432,J P Ryan,,,,"Continued in poor form when down the field in a handicap hurdle over 3m at Fairyhouse most recently. Generally out of form, returning from a long layoff, and looks regressive."
298711,183354,1,,124683,FR,Ho My Lord,7,11-12,75.25,,128.0,5575,P T Smithers,4194,P Roche,,,,Made mistakes but still ran to form when comfortably held in a 2m4f handicap chase at Wexford last time. Generally out of form and has a bit to find.
298712,183354,2,,123532,FR,Invictus Machin,7,11-9,73.9,h,125.0,327,K M Donoghue,1431,G P Cromwell,,,,"Winner of this race last year; ran to form when beaten 8 1/2l in a 2m7f handicap chase at Galway last time. Usually held up, with a top jockey back on board, but has a bit to find."
298713,183354,3,,125353,FR,Nouvotic,6,11-9,73.9,h,125.0,4274,D J O'Keeffe,66,H De Bromhead,1st,5/2,3.5,From a yard that has won two of the last ten renewals. Showed determination and improved from debut when winning a beginners' chase over 2m3f at Wexford by 2 1/2l last time. Should prove competitive in handicaps.
298714,183354,4,,128695,IRE,Sea Aster,7,11-2,70.75,p,118.0,3739,J W Kennedy,383,G Elliott,,,,"Latest form franked. Improved in a weaker race and won by 2l off 117 over 3m at Perth three runs back. Unsuited by how the race unfolded when a poor fourth, beaten 34l off 120 last time. Holds only a minor chance."
298715,183354,5,,127009,IRE,Dorans Law,7,10-12,68.9,p,114.0,3199,G B Noonan,70,P J Rothwell,,,,"Benefited from a late faller when scoring by 5l off 109 at Wexford two starts ago. Travelled well but flattened out after a bad mistake when fourth, beaten 17l off 111 last time. On a good mark based on chase form and may prefer some ease in the ground."
298716,183354,6,,116130,FR,Hascoeur Clermont,8,10-10,68.0,,112.0,4636,S O'Callaghan,1409,C Coakley,,,,Badly hampered by a loose horse and never competitive when comfortably held in a handicap chase at Wexford last time. Generally out of form but worth another chance.
298717,183354,7,,116572,FR,Bal Kauto,8,10-7,66.65,ht,109.0,6511,Mr M J Kenneally,1246,D Queally,,,,Won easily at Galway last time. Now up 13lb but still well treated on chase form. Improved again when landing a 2m6f handicap by 5l off 104 and may have more to offer over staying trips over hurdles.
298718,183354,8,,94493,IRE,Fairyhill Run,10,10-0,63.5,p,102.0,5467,D King,432,J P Ryan,,,,Fell in a handicap chase at Wexford last time. Enjoys making the running but has a bit to find.
298719,183355,1,,137709,IRE,Barrakilla Vage,6,12-0,76.2,h,,6692,Mr L P Barnett,3837,Edward F Power,,,,Far too keen and below debut form when finishing down the field in a bumper at Tramore last time; usually consistent; has worn a hood but still needs to learn to settle.
298720,183355,2,,136258,IRE,Carrig Padraig,6,12-0,76.2,h,,5346,Mr D M Fitzgerald,1217,M P Fitzgerald,,,,Ran to form but was comfortably held in a bumper at Wexford last time; plenty more required to get off the mark.
298721,183355,3,,153906,IRE,Groucho Max,5,12-0,76.2,,,2508,Mr B J Walsh,3836,Barry Walsh,,,,Poor debut when well beaten in a bumper over 2m1f at Clonmel last time; off a short break; yet to show much in points or under rules.
298722,183355,4,,155937,IRE,Onlyforfrankie,5,12-0,76.2,,,5866,Mr E M Nugent,4290,B McMahon,1st,14/1,15.0,"Ran to form when fourth, beaten 6l, in a maiden over 3m at Ballingarry last time; off a short break; showed minor promise in points."
298723,183355,5,,155387,IRE,Red Oak,5,12-0,76.2,,,5196,Mr Alan O'Sullivan,4223,Ciaran Murphy,,,,Yard won this race last year; promising debut in a good contest when beaten 9 1/4l in a bumper over 2m2f at Galway last time; should improve for the initial experience.
298724,183355,6,,155941,IRE,Sonny Koufax,6,12-0,76.2,,,4666,Mr C O'Keeffe,3499,Conor O'Keeffe,,,,Fell in a maiden over 3m at Lingstown last time; has shown little in points.
298725,183355,7,,131174,IRE,Cailin Deas,7,11-7,73.0,t,,2459,Mr S Connor,4192,James Andrew Fahey,,,,"Ran to form, doing much the best of those coming from off the pace when fourth beaten 5 1/4l in a mares bumper over 2m1f at Galway last time; consistent at 2m on decent ground in bumpers."
298726,183355,8,,142705,IRE,Dunbell Diva,5,11-7,73.0,,,6991,Ms K M Ryan,411,J J Hanlon,,,,"Affinisea mare; half-sister to Pats Gift, who was poor at 19f; probably need this initial experience."
298727,183355,9,,141526,IRE,Keep It Together,7,11-7,73.0,,,6768,Mr R N Hyland,986,D Buckley,,,,Has no worthwhile form; has beaten only one home in four starts under rules.
298728,183355,10,,136174,IRE,Sellerna Bay,5,11-7,73.0,,,5610,Mr D Doyle,4173,M Fahey,,,,"Still green under pressure but ran to form when second, beaten 1/2l, in a mares bumper over 2m1f at Wexford last time; suited by 2m on good ground and can win a bumper."
298729,183356,1,6.0,151955,IRE,Extravagant,2,9-12,62.55,,80.0,5538,J Cleary,1283,A P O'Brien,1st,5/2,3.5,"Outpaced and unsuited by the drop in trip when well beaten in a 6f nursery at The Curragh on handicap debut. Generally out of form and needs at least 7f, with the potential to do better over 1m."
298730,183356,2,8.0,154078,IRE,Bellamano,2,9-11,62.1,,79.0,6716,P McGettigan,4218,J P Murtagh,2nd,7/2,4.5,"Ran to form when second, beaten a neck, in a 7f auction race at Galway last time. Steadily progressive and consistent over 7-8f on easy ground. Trainer in form and looks a solid contender."
298731,183356,3,4.0,153176,IRE,Invincible Will,2,9-8,60.75,,76.0,861,G F Carroll,1431,G P Cromwell,,,,"Conceded first run but ran to form on handicap debut when beaten 1/2l off 73 over 7f at Galway, benefitting from the drop in grade. Effective at 7f and may get 1m; looks on a good mark."
298732,183356,4,5.0,152422,GB,Clarity of Thought,2,9-4,58.95,,72.0,5052,M P Sheehy,4174,J P O'Brien,,,,"Ran to form when well beaten in a 7f maiden at Down Royal last time. Usually consistent, with a trainer who excels at this course. Effective over 6-7f on good or soft ground and may progress in handicaps."
298733,183356,5,10.0,154311,IRE,Farabove The Limit,2,9-0,57.15,,68.0,1058,D P McDonogh,383,G Elliott,,,,Possibly ran too soon when well beaten in a 7f auction race at Galway last time. Inconsistent in maidens and needs to improve to make an impact in handicaps.
298734,183356,6,1.0,153856,IRE,The Holy Apostle,2,9-0,57.15,b,68.0,4343,L T McAteer,168,B W Duke,,,,Outpaced and outclassed when down the field in a 7f maiden at The Curragh most recently. Blinkers applied for the first time following a short break. Yet to build on a promising debut and bred for middle distances.
298735,183356,7,2.0,154125,IRE,Down The Glen,2,8-12,56.2,,66.0,826,S Foley,4226,R O'Sullivan,,,,"A little below form in a good 6f maiden at Naas last time. Generally consistent, with a significant jockey booking. Likely to be better suited to further than 6f in nurseries."
298736,183356,8,3.0,152493,IRE,Quinns Charm,2,8-12,56.2,t,66.0,6582,T Casey,2655,M Mulvany,,,,From a yard that won this race last year. Below form when stepped up in trip on final qualifying run in a Bellewstown maiden. Off a short break and bred for middle distances; improvement needed in handicaps.
298737,183356,9,9.0,153388,IRE,Sara La Belle,2,8-11,55.75,h,65.0,919,C D Hayes,576,A McGuinness,,,,"Returned to form when fourth, beaten 6 1/2l, in a 7f nursery at Galway last time. Wears a hood for the first time. Effective at 6-7f on good or soft ground but needs a bit more to break her maiden."
298738,183356,10,7.0,153358,IRE,Femme Beauty,2,8-10,55.3,,64.0,5084,J A Powell,1201,K J Condon,,,,"Back to form in first-time headgear when fourth, beaten 8 1/4l, in a 7f maiden at Down Royal last time. Inconsistent over 6-7f so far, though may stay 1m."
298739,183357,1,3.0,152153,GB,Collecting Coin,3,10-0,63.5,,88.0,6335,K G Kennedy,77,Mrs J Harrington,,,,Ran to form with an easy win in a maiden at Galway over 7f by 3l last time; consistent over 7-8f on good and soft.
298740,183357,2,2.0,140817,GB,Sujet,3,9-13,63.0,,87.0,1724,C T Keane,193,D K Weld,2nd,11/4,3.75,"Ran to form when fourth, beaten 3l in a 9f handicap at Galway latest; ridden by a top course jockey; acts on good to firm, good and soft; effective from 8-9f; consistent."
298741,183357,3,4.0,142743,IRE,Mathan,3,9-12,62.55,p,86.0,6746,J Pietropaolo,4174,J P O'Brien,,5/1,6.0,"Ran to form when 2 1/4l third in a 9f handicap at Galway on most recent run; trained by a top course trainer; effective from 7-9f, enjoys cut and consistent."
298742,183357,4,5.0,135894,IRE,Refreshment,3,9-8,60.75,b,82.0,4262,G M Ryan,4173,M Fahey,1st,12/5,3.4,"Ran to form when second, beaten 1/4l in a 9f handicap at Galway latest; effective from 8-9f on good and soft; consistent."
298743,183357,5,6.0,135241,IRE,Sunriseontheboyne,3,9-3,58.5,t,77.0,6582,T Casey,2655,M Mulvany,,25/1,26.0,"Outpaced, short of room and rallied when clear, finishing below form and appearing unsuited by the shorter trip when beaten 8 1/4l in a 9f handicap at Galway last time; tongue-tie first time; may prefer 9-10f; needs more in this grade."
298744,183357,6,1.0,136809,IRE,Dahlia Noir,3,9-2,58.05,,76.0,4805,P A Harnett,3503,Donnacha O'Brien,,,,"Poorly placed to challenge in a race dominated from the front when beaten 7 1/4l in a handicap here last time; effective from 8-10f, acts on any going but enjoys cut; generally consistent."
298745,183358,1,2.0,105290,IRE,Howyoulikethat,8,9-9,61.2,,95.0,4903,J M Sheridan,196,Miss McLoughlin,,22/1,23.0,"Had too much to do in a race dominated from the front, beaten 5 1/4l in a 9f handicap at Galway last time. Generally out of form but has been running back into form after a long layoff. Effective at 1m and goes well at Killarney."
298746,183358,2,1.0,136534,IRE,Duckadilly,4,9-4,58.95,,100.0,4499,B M Coen,4320,Daniel McLoughlin,2nd,6/1,7.0,"Below form when stepped up in grade on quicker ground, finishing fourth and beaten 6l in the Brownstown Stakes (Group 3) over 7f at Leopardstown last time. Effective at 7-8f."
298747,183358,3,7.0,131963,IRE,Evening Blossom,4,9-4,58.95,t,99.0,1058,D P McDonogh,4174,J P O'Brien,,,,Ran below form when beaten 8l in a 9f handicap at Galway last time. Usually consistent and from a top course trainer. Acts on good and soft ground; progressive but now facing a tougher mark.
298748,183358,4,6.0,131200,IRE,Soft Winds,4,9-4,58.95,p,91.0,5052,M P Sheehy,4174,J P O'Brien,,,,"Made too much use of and finished 8l behind in the Hurry Harriet Stakes (Listed) over 9f at Gowran Park last time. From a top course trainer, may need some cut, but looks vulnerable at Group/Listed level."
298749,183358,5,9.0,122331,IRE,Thalara,5,9-4,58.95,,95.0,4477,A J Slattery,66,H De Bromhead,,8/1,9.0,"Improved when dropped back in trip, finishing 3 1/4l third in the Kooyonga Stakes (Listed) at Navan last time. Steadily progressive and returning from a short break, effective at 8-10f and capable at Listed level."
298750,183358,6,3.0,154486,IRE,Barbizon,3,9-3,58.5,,,1724,C T Keane,419,J J Murphy,,10/1,11.0,"Keen but improved for his debut experience to win the Conditions Race here by 2 1/4l last time. With a top course jockey booked, effective at 1m and has more to come."
298751,183358,7,8.0,152150,GB,Ben Lawers,3,9-3,58.5,t,,826,S Foley,77,Mrs J Harrington,,,,"Ran to form when 3l third in a 9f maiden at Leopardstown last time. Steadily progressive and consistent over 8-9f on good ground, but needs to settle better."
298752,183358,8,4.0,144134,IRE,Expanded,3,9-3,58.5,,113.0,4262,G M Ryan,1283,A P O'Brien,1st,12/5,3.4,"From a yard that has won 3 of the last 5 runnings of this race. Disappointing when down the field in the Irish 2,000 Guineas (Group 1) at The Curragh last time. Returning from a short break and yet to show the ability displayed as a 2yo."
298753,183358,9,5.0,9748,IRE,Mississippi River,3,9-3,58.5,b,98.0,919,C D Hayes,1283,A P O'Brien,,,,"From a yard that has won 3 of the last 5 renewals. Below form when beaten 4 1/2l in a 9f handicap at Galway last time. Usually consistent, effective over 8-9f and acts on any ground, though can be frustrating."
298754,183358,10,11.0,137000,GB,Fiery Lucy,3,8-12,56.2,,103.0,861,G F Carroll,1431,G P Cromwell,,,,"Forced wide from a poor draw when down the field in the Corrib Fillies Stakes (Listed) over 7f at Galway last time. With a top jockey back on board, she acts on firm, good and soft, generally consistent at around 1m, and can bounce back."
298755,183358,11,10.0,154510,IRE,Queen Of The Bogs,3,8-12,56.2,,,4244,N M Crosse,419,J J Murphy,,,,Quickened clear comfortably and improved for her debut experience when winning a 9f maiden at The Curragh by 5l last time. Effective at 9-10f and worth a step up in grade.
298756,183359,1,16.0,130895,IRE,Shelbourne,4,10-0,63.5,,70.0,919,C D Hayes,4191,M Hassett,,25/1,26.0,Forced wide from a poor draw when beaten 8l in a handicap over 7f at Naas last time; effective at 7-8f.
298757,183359,2,10.0,131233,GB,Star Mind,4,10-0,63.5,,70.0,6771,Nicola Burns,4301,Gerard O'Leary,,,,"Did it cosily, back in form when landing a handicap by 1/2l off 62 over 7f at Naas last time in a strongly run race; effective at 7-8f; remains well treated on old UK form."
298758,183359,3,5.0,103164,GB,Chavajod,7,9-13,63.0,v,69.0,1735,R Coakley,3235,D P Coakley,1st,15/2,8.5,Returned to form under positive handling when beaten 1/2l off 68 over 9f at Galway last time; best at 1m; inconsistent veteran.
298759,183359,4,7.0,105510,IRE,Darkdeserthighway,7,9-11,62.1,b,67.0,927,L F Roche,2370,M O'Callaghan,,14/1,15.0,Below form when beaten 10l in a handicap at The Curragh last time; generally consistent at 1m on good ground; holds no secrets from the handicapper.
298760,183359,5,14.0,113595,IRE,Secret Magician,6,9-11,62.1,pt,67.0,4805,P A Harnett,4191,M Hassett,,,,"Ran to form when beaten 2l off 67 over 7f at Naas last time; effective at 6-7f, unproven over further."
298761,183359,6,15.0,99532,IRE,Speckled Meadow,8,9-11,62.1,,67.0,5811,M W Hassett,3082,Don Browne,,,,"Ran to current form when beaten 3 1/4l off 68 over 9f at Galway last time; effective at 7-8f, best with cut; handicapper finally relenting."
298762,183359,7,3.0,133342,GB,Still She Blooms,4,9-9,61.2,h,65.0,332,R C Colgan,4363,C Timmons,,,,Quickened clear early and scored by 3l off 57 here penultimate start; effective 7-9f; can do better under a slightly more patient ride at 1m.
298763,183359,8,18.0,111323,IRE,Linger For Longer,6,9-7,60.3,,63.0,6543,D S O'Sullivan,194,A Leahy,,,,Outclassed up in grade when beaten 6 1/2l in a Rated Race over 7f at Limerick last time; effective at 7f; out of form in 2025.
298764,183359,9,13.0,133086,IRE,Nedita,4,9-7,60.3,,63.0,4343,L T McAteer,1083,D Marnane,,14/1,15.0,Below form when beaten 4l off 65 over 7f at Naas last time; top jockey back on board; effective at 1m but yet to prove as effective on turf.
298765,183359,10,17.0,137120,IRE,No Such Thing,3,9-7,60.3,v,69.0,6977,C J Worrell,4226,R O'Sullivan,,,,Too keen lit up by first-time visor when 13l third in a maiden here most recently; acts on good and soft; inconsistent.
298766,183359,11,9.0,152403,IRE,Senti Qua,3,9-7,60.3,p,69.0,1724,C T Keane,1201,K J Condon,,,,"Hampered early and had too much to do, improved in first-time cheekpieces when beaten 1/2l off 65 over 7f at Dundalk last time; top course jockey; consistent at 7-8f."
298767,183359,12,8.0,136674,IRE,Zaraahmando,3,9-7,60.3,,69.0,4477,A J Slattery,81,A Slattery,2nd,11/1,12.0,Scored by 2l off 61 over 7f at Fairyhouse penultimate start; below form off a revised mark when beaten 15l off 69 last time; effective at 7f; stiff mark.
298768,183359,13,11.0,137940,GB,Vegas Muse,3,9-5,59.4,p,67.0,826,S Foley,77,Mrs J Harrington,,,,Did plenty early lit up by blinkers when beaten 9l in a handicap at Galway last time; in good form prior; effective at 7-8f; generally consistent but frustrating.
298769,183359,14,6.0,142129,GB,Brandon Creek,3,9-4,58.95,,66.0,5538,J Cleary,4301,Gerard O'Leary,,,,Blew the start and met trouble when down the field in a handicap over 12f at Galway last time; generally out of form but trainer in form; effective 8-12f on good or soft; bit more to come.
298770,183359,15,12.0,142390,IRE,Touted Plan,3,9-2,58.05,,64.0,861,G F Carroll,1092,J G Murphy,,,,Improved with strong pace and stiff track when beaten a nose off 61 over 7f at Naas last time; best on sound surface; effective 7-8f; bit more to come.
298771,183359,16,4.0,125441,GB,Daonethatgotaway,5,10-2,64.4,pt,72.0,2070,Reserve 1,4173,M Fahey,,16/1,17.0,Scored by 3/4l off 65 at Bellewstown three starts back; outpaced and poorly placed when tenth beaten 8l off 72 last time; effective 8-10f; generally consistent.
298772,183359,17,2.0,131973,IRE,Nakasero,4,10-1,63.95,t,71.0,1729,Reserve 2,66,H De Bromhead,,12/1,13.0,"Made too much use of up in grade when down the field in a handicap over 7f at Naas most recently; usually consistent; effective on good to firm, good, or soft ground; generally consistent at around 1m, can bounce back down in grade."
298773,183359,18,1.0,130587,IRE,Alto Sax,4,9-3,58.5,p,59.0,2564,Reserve 3,1756,Peter Fahey,,,,"Below form when well beaten in a handicap over 10f at Ballinrobe latest; cheekpieces first time; effective 7-10f on good ground, may not handle easier going; slow starts an issue."
298774,183360,1,10.0,130799,GB,Comic Book,4,10-0,63.5,p,93.0,6335,K G Kennedy,77,Mrs J Harrington,,,,Had every chance but was outclassed and possibly did not stay when well beaten in the Stanerra Stakes (Group 3) at Fairyhouse last time. Generally out of form and has yet to convince with stamina over 14f.
298775,183360,2,7.0,129790,IRE,Mo Ghille Mar,4,9-13,63.0,p,92.0,826,S Foley,77,Mrs J Harrington,,,,"Won by 3 1/4l off 84 over 1m5f at Down Royal two starts ago. Ran to form when tenth, beaten 7 1/4l off 92 last time. Top jockey back on board; effective 12-14f on a sound surface but the handicapper may have caught up."
298776,183360,3,3.0,118202,IRE,Mon Coeur,9,9-6,59.85,,85.0,861,G F Carroll,1092,J G Murphy,,,,"Met trouble early but ran to his best when second, beaten 5l, in a handicap over 2m1f at Galway last time. Top jockey returns. Effective 12-16f, best with cut in the ground, and goes well at Galway."
298777,183360,4,5.0,131751,IRE,Brosna Town,4,9-5,59.4,t,84.0,919,C D Hayes,193,D K Weld,,,,"Promising hurdle debut but comfortably held in a maiden hurdle over 2m1f at Galway last time. Trainer in form. Effective 12-14f on good ground and all-weather on the flat, but looks on a stiff enough mark."
298778,183360,5,9.0,132046,GB,Granite Bay,4,9-4,58.95,,83.0,4244,N M Crosse,672,J P Fahey,,,,Made too much use of the running and set it up for a closer when comfortably held in a Rated Race at Fairyhouse last time. In good form before that; effective 12-14f and probably best with some give in the ground; could progress again.
298779,183360,6,4.0,133450,IRE,Ragmans Corner,6,9-4,58.95,,83.0,1724,C T Keane,521,G Keane,,,,"Improved up in trip for a cosy win, scoring by 2l off 73 at Navan in June. Hampered mid race but aided by leaders racing early, ran to form when second, beaten 1 1/2l off 115 last time. Top course jockey booked and looks well treated on flat form."
298780,183360,7,8.0,152162,IRE,Kilmeaden,3,9-1,57.6,p,89.0,4262,G M Ryan,3503,Donnacha O'Brien,1st,9/2,5.5,Back to form when showing a willing attitude to land a handicap by a neck off 82 over 12f at Galway last time. Effective at 12f on good and soft ground. Still mileage in his mark on maiden form and may have more to offer over staying trips.
298781,183360,8,11.0,146219,IRE,Autumn Twist,4,9-0,57.15,p,79.0,4903,J M Sheridan,4193,D Hogan,,,,Ran to form but challenged too early off a strong pace when beaten 8l in a handicap hurdle over 2m1f at Galway last time. Had been in good form beforehand and is progressive in both codes.
298782,183360,9,1.0,126226,IRE,Pinot Gris,5,9-0,57.15,vt,79.0,5426,R Whearty,1431,G P Cromwell,,,,"Poorly placed and never threatened on flat return, needing the run when beaten 9 1/4l in a 2m handicap at The Curragh last time. Wears a visor for the first time. Off a short break. Effective 12-16f on good and soft ground, with scope on jumps form."
298783,183360,10,6.0,155298,FR,Bibe Mus,3,8-10,55.3,,84.0,1058,D P McDonogh,4226,R O'Sullivan,,,,"Ran to form when appreciating the step up in trip on stable debut, beaten 4 1/4l in a 12f handicap at Galway last time. Effective 10-12f and likely to show more for the new yard over staying trips."
298784,183360,11,2.0,112684,IRE,Chutzpal,6,8-7,53.95,b,72.0,5811,M W Hassett,66,H De Bromhead,2nd,12/1,13.0,Ran to form when beaten 4l off 70 at Wolverhampton last time. Effective 12-14f on good ground and all-weather.
298785,183361,1,11.0,135596,IRE,Empress Alma,4,10-0,63.5,,70.0,5426,R Whearty,1431,G P Cromwell,,,,"Unsuited by how the race developed on a quick return but not disgraced when beaten 10l in a Galway handicap last time. Usually consistent, held up, and effective from middle to staying distances on good or soft ground."
298786,183361,2,2.0,131438,IRE,Gangster Granny,4,9-13,63.0,b,69.0,6335,K G Kennedy,77,Mrs J Harrington,,,,Below form and finished down the field in a 12f Galway handicap most recently. Generally out of form and wears blinkers for the first time. Effective at 12-14f on good or soft ground but form is regressing and needs an easier task.
298787,183361,3,9.0,130136,IRE,Miss Gitana,4,9-12,62.55,,68.0,5519,J Kearney,383,G Elliott,,,,"Well backed when winning by 1/2l off 65 over 2m at Tramore in July. Stopped quickly and ran to form when eighth, beaten 14l off 97 last time."
298788,183361,4,12.0,140789,IRE,Atheneum,4,9-11,62.1,p,67.0,6724,S Coen,419,J J Murphy,,20/1,21.0,Below form when dropped in trip and finished down the field in a 12f Galway handicap most recently. Cheekpieces on first time. Effective 12-14f on good or soft ground. Still early days and could bounce back.
298789,183361,5,1.0,111425,IRE,Beautiful Chaos,7,9-11,62.1,p,67.0,5739,S R Markey,4226,R O'Sullivan,,,,"Ran to form when stepped up in trip, beaten 4l off 65 at Galway last time. Effective at 12-14f. A veteran on a long losing run but in good heart."
298790,183361,6,10.0,117936,GER,Ehteyat,6,9-10,61.65,b,66.0,4805,P A Harnett,4383,Michael Flannery,,14/1,15.0,Denied a clear run at a key stage and had too much to do when beaten 5l in a Galway handicap last time. Effective 14-16f. Has dropped to a very attractive mark on UK form and should go close if building on latest run.
298791,183361,7,14.0,138139,IRE,Makaiah,4,9-10,61.65,,66.0,6771,Nicola Burns,4301,Gerard O'Leary,2nd,12/1,13.0,Stable won this last year. Too keen and wide when comfortably held in a 1m7f Leopardstown handicap last time but had been in good form before. Consistent at 13-16f on good ground. Can bounce back but little leeway from the handicapper.
298792,183361,8,8.0,127615,IRE,Lady Kai,5,9-8,60.75,p,64.0,5084,J A Powell,4226,R O'Sullivan,,,,Unseated rider in a 1m7f Leopardstown handicap latest. Consistent at 12-14f on a sound surface. Big chance up in trip.
298793,183361,9,5.0,152149,GB,Bear Creek,3,9-7,60.3,p,72.0,5811,M W Hassett,4174,J P O'Brien,,,,"Ideally suited by trip when winning by 2l off 61 over 1m5f at Down Royal penultimate start. Forced wide but ran to form up in grade when third, beaten 4l off 71 last time. From a top course trainer, effective 11-13f on good or yielding, and steadily progressing."
298794,183361,10,3.0,140850,IRE,Eagles Dream,3,9-4,58.95,p,69.0,6726,J S Dalton,419,J J Murphy,,,,Below form on softer ground when finishing down the field in a 12f Galway handicap last time. Had been in good form prior. Effective at 10-12f on good or yielding ground. Consistent but current mark looks about right.
298795,183361,11,6.0,88003,GB,Ellaat,9,9-4,58.95,,60.0,6746,J Pietropaolo,3242,Ian O'Connor,,50/1,51.0,"Had too much to do after meeting trouble at a key stage when beaten 9l in a Galway handicap last time. Effective at 12-14f on the flat, with best efforts when the ground has cut."
298796,183361,12,4.0,147499,IRE,Wertpol,3,9-4,58.95,,69.0,6716,P McGettigan,4218,J P Murtagh,1st,5/1,6.0,"Outpaced and below form on handicap debut, beaten 6l over 8f at Leopardstown last time. Usually consistent, with trainer in form. Returns from a short break and looks in need of a step up from 8-10f. Has been well backed last twice and mark looks fair."
298797,183361,13,7.0,141748,IRE,Decorated Elle,4,9-1,57.6,,57.0,6543,D S O'Sullivan,737,D O'Sullivan,,,,"Outpaced, needed the run, and appeared unsuited by the drop in trip when finishing down the field in an 8f Curragh handicap most recently. Usually consistent but needs a return to longer distances. Should come on for reappearance but has a bit to prove."
298798,183361,14,13.0,76649,IRE,Youllfindandsee,10,8-7,53.95,pt,49.0,5801,R M Mulligan,3242,Ian O'Connor,,50/1,51.0,Pulled up in a maiden hurdle over 2m4f at Cork last time. Needs to prove ability remains after a long layoff.
298799,183362,1,1.0,105025,GB,Gentleman Joe,7,12-0,76.2,t,92.0,5874,Mr J H Williamson,66,H De Bromhead,,,,"Improved again when appreciating the fast ground, winning the Conditions Race (Amateurs) at Leopardstown over 1m7f by 1/2l last time. Acts on any surface but seems to prefer faster ground, and is a progressive stayer on the flat."
298800,183362,2,8.0,103956,IRE,Enniskerry,11,11-7,73.0,t,89.0,3355,Mr F Maguire,4190,B Connell,2nd,11/2,6.5,Ran to form when well beaten in the Galway Hurdle (G3) over 2m at Galway last time. Had been in good form prior but has a bit to find here.
298801,183362,3,9.0,97567,IRE,Run For Oscar,10,11-7,73.0,,105.0,5204,Mr D McGill,188,C Byrnes,,,,"Ran to form in the contest he won in 2022, finishing fourth and beaten 1 1/4l in a 2m2f handicap at Newmarket last time. Returning from a long layoff; a veteran thorough stayer who was in good form when last seen. This is a probable prep for the Cesarewitch."
298802,183362,4,2.0,90383,FR,Appian Way,9,11-4,71.65,,47.0,5499,Ms A Power,623,Ms M Flynn,,,,Disappointing on flat return when finishing down the field in a 2m maiden at Tramore most recently. Out of form in both codes.
298803,183362,5,5.0,147433,IRE,He Who Dares,4,11-4,71.65,,,7021,Miss N Lockhead Anderson,2015,S Curling,,,,"Made a modest debut when well beaten in a 2m maiden at Tramore last time. Trainer is in form, but poor over hurdles and will need more time on the flat."
298804,183362,6,7.0,131835,IRE,Mont St Michel,4,11-4,71.65,,95.0,6859,Mr P J Smullen,1283,A P O'Brien,,,,"Probably made his move too soon when a 5l third in a 12f maiden at Galway on his most recent run. Effective from 12f to 14f, he has shown a good level of form and should be winning soon."
298805,183362,7,4.0,109767,IRE,Simpletwistoffaith,8,11-4,71.65,,,5184,Mr K O'Neill,420,J F O'Neill,,100/1,101.0,Poor flat debut when down the field in a 12f maiden at Galway most recently. Generally out of form and regressive over jumps prior to that start; can only be watched at present.
298806,183362,8,3.0,127055,IRE,Sorrentino,7,11-4,71.65,h,,158,Mr P W Mullins,75,W P Mullins,1st,12/5,3.4,"Yard has won 3 of the last 8 runnings of this race. Very promising debut when second, beaten 1/2l, in the Conditions Race (Amateurs) over 1m5f at Listowel most recently. Off a short break, he is a bumper winner with more to come and should do better over 2m."
298807,183362,9,6.0,101306,IRE,Tullyhogue Fort,9,11-4,71.65,t,42.0,857,Mr P J O'Neill,420,J F O'Neill,,,,Unseated in a 2m6f handicap chase at Roscommon last time. Consistent but has a poor strike rate.
