id,uptodate,state,race_id_last_race,date_last_race,name,country,age,color,owner,sire,dam,dam_sire,sex,Total_races,Wins,Percentage_wins,placed,Percentage_placed,Flat_AW_races,Flat_AW_wins,Flat_AW_rate,Flat_AW_placed,Flat_AW_placed_rate,Flat_Turf_races,Flat_Turf_wins,Flat_Turf_rate,Flat_Turf_placed,Flat_Turf_placed_rate,Chase_races,Chase_wins,Chase_rate,Chase_placed,Chase_placed_rate,Hurdle_races,Hurdle_wins,Hurdle_rate,Hurdle_placed,Hurdle_placed_rate
57825,2025-08-21,Active,183353,2025-08-22,Father Jed,IRE,14,bay,John Patrick Ryan & Miss Gillian Ryan,Kutub (IRE),Astrid (IRE),Rhoman Rule (USA),gelding,93.0,9.0,9.68,21.0,22.58,0.0,0.0,0.0,0.0,0.0,0.0,0.0,0.0,0.0,0.0,47.0,2.0,4.26,14.0,29.79,46.0,7.0,15.22,7.0,15.22
68056,2025-08-21,Active,183335,2025-08-22,Equiano Springs,GB,11,bay,T T Racing,Equiano (FR),Spring Clean (FR),Danehill (USA),gelding,71.0,13.0,18.31,21.0,29.58,14.0,5.0,35.71,3.0,21.43,57.0,8.0,14.04,18.0,31.58,0.0,0.0,0.0,0.0,0.0,0.0,0.0,0.0,0.0,0.0
74801,2025-08-21,Active,183327,2025-08-22,Spanish Star,IRE,10,bay,Shirley Symonds & Fred Camis,Requinto (IRE),Rancho Star (IRE),Soviet Star (USA),gelding,78.0,9.0,11.54,40.0,51.28,9.0,0.0,0.0,3.0,33.33,69.0,9.0,13.04,37.0,53.62,0.0,0.0,0.0,0.0,0.0,0.0,0.0,0.0,0.0,0.0
76056,2025-08-21,Active,183318,2025-08-22,Harbour Vision,GB,10,grey,Amphitheatre Racing Limited,Harbour Watch (IRE),Holy Nola (USA),Silver Deputy (CAN),gelding,127.0,14.0,11.02,54.0,42.52,100.0,13.0,13.0,43.0,43.0,27.0,1.0,3.7,11.0,40.74,0.0,0.0,0.0,0.0,0.0,0.0,0.0,0.0,0.0,0.0
76649,2025-08-21,Active,183361,2025-08-22,Youllfindandsee,IRE,10,bay,F Harty,Famous Name (UK),Ginger Genie (IRE),Wizard King (UK),filly,15.0,1.0,6.67,1.0,6.67,0.0,0.0,0.0,0.0,0.0,11.0,1.0,9.09,1.0,9.09,0.0,0.0,0.0,0.0,0.0,4.0,0.0,0.0,0.0,0.0
86481,2025-08-21,Active,183331,2025-08-22,Faylaq,GB,9,bay,"Bjordan,Brianjordan,Sjordan&Nmcconnell",Dubawi (IRE),Danedream (GER),Lomitas (UK),gelding,53.0,7.0,13.21,19.0,35.85,9.0,1.0,11.11,3.0,33.33,44.0,6.0,13.64,16.0,36.36,0.0,0.0,0.0,0.0,0.0,0.0,0.0,0.0,0.0,0.0
88003,2025-08-21,Active,183361,2025-08-22,Ellaat,GB,9,bay,Woodlands Racing Syndicate,Heeraat (IRE),Ellway Queen (USA),Bahri (USA),gelding,48.0,7.0,14.58,14.0,29.17,5.0,0.0,0.0,1.0,20.0,22.0,3.0,13.64,7.0,31.82,0.0,0.0,0.0,0.0,0.0,21.0,4.0,19.05,6.0,28.57
89910,2025-08-21,Active,183351,2025-08-22,Malbas,GB,9,bay,The Finish Line Partnership,Mukhadram (UK),Violet (IRE),Mukaddamah (USA),gelding,51.0,5.0,9.8,13.0,25.49,9.0,0.0,0.0,3.0,33.33,16.0,3.0,18.75,2.0,12.5,0.0,0.0,0.0,0.0,0.0,26.0,2.0,7.69,8.0,30.77
90383,2025-08-21,Active,183362,2025-08-22,Appian Way,FR,9,bay,Ms M Flynn,Sea The Stars (IRE),Sudarynya (IRE),Sadler's Wells (USA),gelding,50.0,2.0,4.0,7.0,14.0,3.0,0.0,0.0,0.0,0.0,12.0,0.0,0.0,1.0,8.33,1.0,0.0,0.0,0.0,0.0,34.0,2.0,5.88,6.0,17.65
93101,2025-08-21,Active,183343,2025-08-22,Dubai Future,GB,9,bay,Godolphin,Dubawi (IRE),Anjaz (USA),,gelding,14.0,3.0,21.43,7.0,50.0,2.0,1.0,50.0,1.0,50.0,12.0,2.0,16.67,6.0,50.0,0.0,0.0,0.0,0.0,0.0,0.0,0.0,0.0,0.0,0.0
93247,2025-08-21,Active,183332,2025-08-22,Elegant Erin,IRE,8,bay,R J Bloodstock,Dandy Man (IRE),Eriniya (IRE),Acclamation (UK),mare,52.0,8.0,15.38,16.0,30.77,15.0,2.0,13.33,2.0,13.33,37.0,6.0,16.22,14.0,37.84,0.0,0.0,0.0,0.0,0.0,0.0,0.0,0.0,0.0,0.0
94493,2025-08-21,Active,183354,2025-08-22,Fairyhill Run,IRE,10,bay,Thomas F Meagher,Mahler (UK),Flite (IRE),Flemensfirth (USA),mare,54.0,5.0,9.26,21.0,38.89,0.0,0.0,0.0,0.0,0.0,7.0,0.0,0.0,4.0,57.14,30.0,3.0,10.0,8.0,26.67,17.0,2.0,11.76,9.0,52.94
96085,2025-08-21,Active,183322,2025-08-22,Platinum Prince,GB,8,grey,Mrs Andrea Wilkinson,Harbour Watch (IRE),Sakhee's Pearl (UK),Sakhee (USA),gelding,41.0,6.0,14.63,16.0,39.02,15.0,2.0,13.33,6.0,40.0,26.0,4.0,15.38,10.0,38.46,0.0,0.0,0.0,0.0,0.0,0.0,0.0,0.0,0.0,0.0
97567,2025-08-21,Active,183362,2025-08-22,Run For Oscar,IRE,10,bay,Top Of The Hill Syndicate,Oscar (IRE),Run For Sol (FR),Solon (GER),gelding,34.0,8.0,23.53,15.0,44.12,0.0,0.0,0.0,0.0,0.0,18.0,4.0,22.22,8.0,44.44,0.0,0.0,0.0,0.0,0.0,16.0,4.0,25.0,7.0,43.75
97667,2025-08-21,Active,183318,2025-08-22,The Cola Kid,GB,8,grey,Mrs S M Maine,Lethal Force (IRE),George's Gift (UK),Haafhd (UK),gelding,74.0,7.0,9.46,17.0,22.97,29.0,2.0,6.9,7.0,24.14,45.0,5.0,11.11,10.0,22.22,0.0,0.0,0.0,0.0,0.0,0.0,0.0,0.0,0.0,0.0
99532,2025-08-21,Active,183359,2025-08-22,Speckled Meadow,IRE,8,brown,Don Browne,Footstepsinthesand (UK),Speedi Mouse (UK),Alhaarth (IRE),mare,33.0,3.0,9.09,8.0,24.24,7.0,0.0,0.0,0.0,0.0,26.0,3.0,11.54,8.0,30.77,0.0,0.0,0.0,0.0,0.0,0.0,0.0,0.0,0.0,0.0
99693,2025-08-21,Active,183353,2025-08-22,Movie King,IRE,8,chestnut,Yellow Sticker Syndicate,Animal Kingdom (USA),Entertaining (USA),Songandaprayer (USA),gelding,37.0,2.0,5.41,11.0,29.73,10.0,1.0,10.0,3.0,30.0,10.0,0.0,0.0,3.0,30.0,4.0,0.0,0.0,1.0,25.0,13.0,1.0,7.69,4.0,30.77
99817,2025-08-21,Active,183331,2025-08-22,Spanish Hustle,GB,7,bay,Let's Be Lucky Racing 31,Pearl Secret (UK),Dos Lunas (IRE),Galileo (IRE),gelding,49.0,8.0,16.33,12.0,24.49,5.0,0.0,0.0,1.0,20.0,36.0,8.0,22.22,10.0,27.78,0.0,0.0,0.0,0.0,0.0,8.0,0.0,0.0,1.0,12.5
100123,2025-08-21,Active,183318,2025-08-22,Windsor Pass,IRE,7,bay,Mr J Butler,Lope De Vega (IRE),Carte De Visite (USA),Street Cry (IRE),mare,40.0,1.0,2.5,19.0,47.5,19.0,1.0,5.26,10.0,52.63,21.0,0.0,0.0,9.0,42.86,0.0,0.0,0.0,0.0,0.0,0.0,0.0,0.0,0.0,0.0
100755,2025-08-21,Active,183322,2025-08-22,Uncle Dick,GB,7,bay,Eden Racing Club,Toronado (IRE),Golden Waters (UK),Dubai Destination (USA),gelding,50.0,9.0,18.0,17.0,34.0,13.0,1.0,7.69,3.0,23.08,37.0,8.0,21.62,14.0,37.84,0.0,0.0,0.0,0.0,0.0,0.0,0.0,0.0,0.0,0.0
100972,2025-08-21,Active,183332,2025-08-22,Water Of Leith,IRE,7,bay,Adam Mills And Jonnie Delta Racing,Kodiac (UK),Zakhrafa (IRE),Shamardal (USA),gelding,82.0,11.0,13.41,20.0,24.39,40.0,5.0,12.5,11.0,27.5,42.0,6.0,14.29,9.0,21.43,0.0,0.0,0.0,0.0,0.0,0.0,0.0,0.0,0.0,0.0
101076,2025-08-21,Active,183353,2025-08-22,My Friend The Wind,IRE,10,bay,Exors Of The Late Sean Curran,Sholokhov (IRE),A Stroke Of Luck (IRE),Saddlers' Hall (IRE),gelding,38.0,2.0,5.26,13.0,34.21,0.0,0.0,0.0,0.0,0.0,0.0,0.0,0.0,0.0,0.0,13.0,0.0,0.0,2.0,15.38,25.0,2.0,8.0,11.0,44.0
101177,2025-08-21,Active,183333,2025-08-22,Iris Dancer,GB,7,bay,Auld Pals,Kodiac (UK),Rainbow's Arch (IRE),Dubawi (IRE),mare,71.0,10.0,14.08,29.0,40.85,0.0,0.0,0.0,0.0,0.0,71.0,10.0,14.08,29.0,40.85,0.0,0.0,0.0,0.0,0.0,0.0,0.0,0.0,0.0,0.0
101306,2025-08-21,Active,183362,2025-08-22,Tullyhogue Fort,IRE,9,chestnut,Aisling O'Neill & Mrs Janeanne O'Neill,Sholokhov (IRE),Railway House (IRE),Ashkalani (IRE),gelding,59.0,3.0,5.08,11.0,18.64,0.0,0.0,0.0,0.0,0.0,7.0,0.0,0.0,0.0,0.0,20.0,1.0,5.0,4.0,20.0,32.0,2.0,6.25,7.0,21.88
101576,2025-08-21,Active,183316,2025-08-22,Masterdream,FR,8,bay,Mr Dave Harris,Sea The Stars (IRE),Santa Christiana (FR),Danehill Dancer (IRE),gelding,40.0,5.0,12.5,12.0,30.0,2.0,0.0,0.0,1.0,50.0,15.0,1.0,6.67,5.0,33.33,5.0,1.0,20.0,1.0,20.0,18.0,3.0,16.67,7.0,38.89
101847,2025-08-21,Active,183336,2025-08-22,Apollo One,GB,7,chestnut,Pcracing Co Uk,Equiano (FR),Boonga Roogeta (UK),Tobougg (IRE),gelding,35.0,5.0,14.29,16.0,45.71,8.0,2.0,25.0,5.0,62.5,27.0,3.0,11.11,11.0,40.74,0.0,0.0,0.0,0.0,0.0,0.0,0.0,0.0,0.0,0.0
102345,2025-08-21,Active,183321,2025-08-22,Sea Of Charm,FR,7,bay,Mrs Harry Dunlop,Charm Spirit (IRE),Sea Meets Sky (FR),Dansili (UK),mare,57.0,5.0,8.77,22.0,38.6,36.0,3.0,8.33,16.0,44.44,20.0,2.0,10.0,6.0,30.0,0.0,0.0,0.0,0.0,0.0,1.0,0.0,0.0,0.0,0.0
102348,2025-08-21,Active,183322,2025-08-22,Amal,IRE,7,bay,Mr Humphry Solomons,No Nay Never (USA),Lundy Island (UK),Dansili (UK),filly,31.0,1.0,3.23,7.0,22.58,12.0,0.0,0.0,2.0,16.67,19.0,1.0,5.26,5.0,26.32,0.0,0.0,0.0,0.0,0.0,0.0,0.0,0.0,0.0,0.0
102649,2025-08-21,Active,183322,2025-08-22,Pride Of Nepal,GB,7,bay,Mrs S Bowen,The Gurkha (IRE),Best Regards (IRE),Tamayuz (UK),gelding,44.0,5.0,11.36,13.0,29.55,13.0,0.0,0.0,4.0,30.77,26.0,5.0,19.23,6.0,23.08,0.0,0.0,0.0,0.0,0.0,5.0,0.0,0.0,3.0,60.0
103164,2025-08-21,Active,183359,2025-08-22,Chavajod,GB,7,g,D P Coakley & Joseph F Costello & Arthur Connick & Patrick Coakley,Toronado (IRE),Deire Na Sli (IRE),Aussie Rules (USA),gelding,51.0,5.0,9.8,12.0,23.53,23.0,2.0,8.7,7.0,30.43,27.0,3.0,11.11,5.0,18.52,0.0,0.0,0.0,0.0,0.0,1.0,0.0,0.0,0.0,0.0
103271,2025-08-21,Active,183326,2025-08-22,On Edge,GB,7,bay,Chris Mason Racing,Mayson (UK),Edge Of Light (UK),Xaar (UK),gelding,26.0,6.0,23.08,11.0,42.31,3.0,0.0,0.0,0.0,0.0,23.0,6.0,26.09,11.0,47.83,0.0,0.0,0.0,0.0,0.0,0.0,0.0,0.0,0.0,0.0
103428,2025-08-21,Active,183353,2025-08-22,Early Arrival,IRE,10,bay,The Bigger Picture Partnership,Rule of Law (USA),Early June (IRE),Beneficial (UK),gelding,42.0,3.0,7.14,13.0,30.95,0.0,0.0,0.0,0.0,0.0,0.0,0.0,0.0,0.0,0.0,12.0,0.0,0.0,4.0,33.33,30.0,3.0,10.0,9.0,30.0
103956,2025-08-21,Active,183362,2025-08-22,Enniskerry,IRE,11,bay,Barry Connell,Jeremy (USA),Princess Gaia (IRE),King's Theatre (IRE),gelding,24.0,7.0,29.17,8.0,33.33,0.0,0.0,0.0,0.0,0.0,8.0,2.0,25.0,4.0,50.0,5.0,2.0,40.0,1.0,20.0,11.0,3.0,27.27,3.0,27.27
104250,2025-08-21,Active,183350,2025-08-22,Catena Zapata,IRE,7,bay,Mrs Majella Crabbe,Vadamos (FR),Pretty Priceless (IRE),Pearl of Love (IRE),gelding,28.0,4.0,14.29,9.0,32.14,5.0,2.0,40.0,1.0,20.0,16.0,1.0,6.25,5.0,31.25,0.0,0.0,0.0,0.0,0.0,7.0,1.0,14.29,3.0,42.86
105025,2025-08-21,Active,183362,2025-08-22,Gentleman Joe,GB,7,bay,C Acheson,Authorized (IRE),Bella Lulu (UK),Iffraaj (UK),gelding,17.0,4.0,23.53,4.0,23.53,3.0,1.0,33.33,1.0,33.33,6.0,2.0,33.33,1.0,16.67,2.0,0.0,0.0,1.0,50.0,6.0,1.0,16.67,1.0,16.67
105203,2025-08-21,Active,183343,2025-08-22,Trawlerman,IRE,7,bay,Godolphin,Golden Horn (UK),Tidespring (IRE),,gelding,17.0,9.0,52.94,5.0,29.41,3.0,1.0,33.33,2.0,66.67,14.0,8.0,57.14,3.0,21.43,0.0,0.0,0.0,0.0,0.0,0.0,0.0,0.0,0.0,0.0
105290,2025-08-21,Active,183358,2025-08-22,Howyoulikethat,IRE,8,bay,Top Five Syndicate,Requinto (IRE),Alexander Express (IRE),Sri Pekan (USA),gelding,28.0,5.0,17.86,6.0,21.43,12.0,3.0,25.0,4.0,33.33,16.0,2.0,12.5,2.0,12.5,0.0,0.0,0.0,0.0,0.0,0.0,0.0,0.0,0.0,0.0
105510,2025-08-21,Active,183359,2025-08-22,Darkdeserthighway,IRE,7,bay,Mrs M D O'Callaghan,Hallowed Crown (AUS),Redstaroverchina (IRE),Starspangledbanner (AUS),filly,35.0,4.0,11.43,4.0,11.43,13.0,3.0,23.08,3.0,23.08,22.0,1.0,4.55,1.0,4.55,0.0,0.0,0.0,0.0,0.0,0.0,0.0,0.0,0.0,0.0
105752,2025-08-21,Active,183343,2025-08-22,Al Nayyir,GB,7,bay,Mr Elbashir Elhrari,Dubawi (IRE),Bright Beacon (UK),Manduro (GER),gelding,6.0,1.0,16.67,1.0,16.67,1.0,0.0,0.0,0.0,0.0,5.0,1.0,20.0,1.0,20.0,0.0,0.0,0.0,0.0,0.0,0.0,0.0,0.0,0.0,0.0
108571,2025-08-21,Active,183326,2025-08-22,So Smart,IRE,6,bay,The Not So Smart Partnership,Dandy Man (IRE),Model Looks (IRE),Majestic Missile (IRE),gelding,57.0,5.0,8.77,20.0,35.09,8.0,0.0,0.0,1.0,12.5,48.0,5.0,10.42,18.0,37.5,1.0,0.0,0.0,1.0,100.0,0.0,0.0,0.0,0.0,0.0
109700,2025-08-21,Active,183322,2025-08-22,Marsh Benham,IRE,6,chestnut,The Red House Racing Club,Galileo Gold (UK),Zelie Martin (IRE),Invincible Spirit (IRE),gelding,46.0,7.0,15.22,9.0,19.57,7.0,0.0,0.0,4.0,57.14,38.0,7.0,18.42,5.0,13.16,1.0,0.0,0.0,1.0,100.0,0.0,0.0,0.0,0.0,0.0
109767,2025-08-21,Active,183362,2025-08-22,Simpletwistoffaith,IRE,8,bay,Aisling O'Neill,Laverock (IRE),Verney Roe (IRE),Vinnie Roe (IRE),gelding,16.0,0.0,0.0,4.0,25.0,0.0,0.0,0.0,0.0,0.0,1.0,0.0,0.0,0.0,0.0,0.0,0.0,0.0,0.0,0.0,15.0,0.0,0.0,4.0,26.67
110094,2025-08-21,Active,183353,2025-08-22,Thehairyfella,IRE,10,bay,D J Barry,Presenting (UK),Cherry Black (IRE),Roselier (FR),gelding,19.0,1.0,5.26,4.0,21.05,0.0,0.0,0.0,0.0,0.0,1.0,0.0,0.0,0.0,0.0,16.0,1.0,6.25,3.0,18.75,1.0,0.0,0.0,0.0,0.0
110205,2025-08-21,Active,183336,2025-08-22,Lethal Levi,GB,6,bay,Made In Thailand,Lethal Force (IRE),Dartrix (UK),Dutch Art (UK),gelding,40.0,9.0,22.5,15.0,37.5,1.0,0.0,0.0,1.0,100.0,39.0,9.0,23.08,14.0,35.9,0.0,0.0,0.0,0.0,0.0,0.0,0.0,0.0,0.0,0.0
110495,2025-08-21,Active,183345,2025-08-22,Manaccan,GB,6,chestnut,Newsells Park Stud-Ardiles/Brazil/Hodd,Exceed and Excel (AUS),Shyrl (UK),Acclamation (UK),colt,18.0,5.0,27.78,7.0,38.89,1.0,1.0,100.0,0.0,0.0,17.0,4.0,23.53,7.0,41.18,0.0,0.0,0.0,0.0,0.0,0.0,0.0,0.0,0.0,0.0
110813,2025-08-21,Active,183331,2025-08-22,La Pulga,IRE,6,bay,Raceshare - La Pulga,Kodiac (UK),Nijah (IRE),Pivotal (UK),gelding,45.0,8.0,17.78,13.0,28.89,13.0,2.0,15.38,7.0,53.85,31.0,5.0,16.13,6.0,19.35,1.0,1.0,100.0,0.0,0.0,0.0,0.0,0.0,0.0,0.0
110878,2025-08-21,Active,183342,2025-08-22,Austrian Theory,IRE,6,bay,The Wolf Pack 2 And Partner,Awtaad (IRE),Cedar Sea (IRE),Persian Bold (UK),gelding,40.0,3.0,7.5,10.0,25.0,3.0,0.0,0.0,1.0,33.33,37.0,3.0,8.11,9.0,24.32,0.0,0.0,0.0,0.0,0.0,0.0,0.0,0.0,0.0,0.0
111073,2025-08-21,Active,183318,2025-08-22,Flatley,GB,8,chestnut,Mr D A Smerdon,Kendargent (FR),Premiere Danseuse (UK),Gold Away (IRE),gelding,41.0,5.0,12.2,10.0,24.39,22.0,4.0,18.18,6.0,27.27,19.0,1.0,5.26,4.0,21.05,0.0,0.0,0.0,0.0,0.0,0.0,0.0,0.0,0.0,0.0
111323,2025-08-21,Active,183359,2025-08-22,Linger For Longer,IRE,6,bay,Irish Equine Syndicate,Fulbright (UK),Borussia (IRE),Big Bad Bob (IRE),mare,33.0,3.0,9.09,8.0,24.24,0.0,0.0,0.0,0.0,0.0,33.0,3.0,9.09,8.0,24.24,0.0,0.0,0.0,0.0,0.0,0.0,0.0,0.0,0.0,0.0
111425,2025-08-21,Active,183361,2025-08-22,Beautiful Chaos,IRE,7,bay,Ms Juliana Cassidy,Tamayuz (UK),Asiya (IRE),Dilshaan (UK),mare,32.0,1.0,3.13,11.0,34.38,1.0,0.0,0.0,0.0,0.0,26.0,1.0,3.85,11.0,42.31,0.0,0.0,0.0,0.0,0.0,5.0,0.0,0.0,3.0,60.0
111461,2025-08-21,Active,183318,2025-08-22,Chifa,IRE,8,grey,Mrs J Carrington,Gutaifan (IRE),Inca Trail (USA),Royal Academy (USA),gelding,41.0,7.0,17.07,14.0,34.15,23.0,6.0,26.09,5.0,21.74,18.0,1.0,5.56,9.0,50.0,0.0,0.0,0.0,0.0,0.0,0.0,0.0,0.0,0.0,0.0
112012,2025-08-21,Active,183349,2025-08-22,Dynamic Force,IRE,6,bay,P Jordan,Kodiac (UK),Dream Dana (IRE),Dream Ahead (USA),gelding,32.0,4.0,12.5,6.0,18.75,12.0,0.0,0.0,2.0,16.67,20.0,4.0,20.0,4.0,20.0,0.0,0.0,0.0,0.0,0.0,0.0,0.0,0.0,0.0,0.0
112428,2025-08-21,Active,183320,2025-08-22,Bobby Dassler,IRE,6,bay,Mrs Catherine Evans,Awtaad (IRE),Butoolat (UK),Oasis Dream (UK),gelding,29.0,1.0,3.45,9.0,31.03,12.0,0.0,0.0,2.0,16.67,17.0,1.0,5.88,7.0,41.18,0.0,0.0,0.0,0.0,0.0,0.0,0.0,0.0,0.0,0.0
112684,2025-08-21,Active,183360,2025-08-22,Chutzpal,IRE,6,bay,Pimlico Racing Ireland & R Dooly,Markaz (IRE),Bridgets Fable (IRE),Champs Elysees (UK),gelding,32.0,4.0,12.5,6.0,18.75,8.0,1.0,12.5,3.0,37.5,16.0,1.0,6.25,3.0,18.75,0.0,0.0,0.0,0.0,0.0,8.0,2.0,25.0,2.0,25.0
113265,2025-08-21,Active,183342,2025-08-22,Marhaba The Champ,GB,6,chestnut,"Ursa Major, Griffin & Leech",Galileo (IRE),Lady Of The Desert (USA),Rahy (USA),colt,17.0,3.0,17.65,4.0,23.53,1.0,0.0,0.0,0.0,0.0,16.0,3.0,18.75,4.0,25.0,0.0,0.0,0.0,0.0,0.0,0.0,0.0,0.0,0.0,0.0
113595,2025-08-21,Active,183359,2025-08-22,Secret Magician,IRE,6,bay,Deirdre Hassett,Magician (IRE),Secret Shine (IRE),Raven's Pass (USA),gelding,40.0,3.0,7.5,10.0,25.0,2.0,0.0,0.0,1.0,50.0,38.0,3.0,7.89,9.0,23.68,0.0,0.0,0.0,0.0,0.0,0.0,0.0,0.0,0.0,0.0
113742,2025-08-21,Active,183322,2025-08-22,Alazwar,IRE,7,bay,Mrs B Watson,Awtaad (IRE),Venetian Beauty (USA),Lear Fan (USA),gelding,37.0,6.0,16.22,6.0,16.22,11.0,2.0,18.18,2.0,18.18,25.0,4.0,16.0,3.0,12.0,0.0,0.0,0.0,0.0,0.0,1.0,0.0,0.0,1.0,100.0
114279,2025-08-21,Active,183324,2025-08-22,Atlantis Blue,GB,6,chestnut,"Baker, Warnock, Williams And Wright",Cityscape (UK),Deep Blue Sea (UK),Rip Van Winkle (IRE),filly,23.0,3.0,13.04,9.0,39.13,8.0,0.0,0.0,4.0,50.0,15.0,3.0,20.0,5.0,33.33,0.0,0.0,0.0,0.0,0.0,0.0,0.0,0.0,0.0,0.0
115054,2025-08-21,Active,183343,2025-08-22,Al Qareem,IRE,6,bay,"Nick Bradley Racing 33, Burke & Partne",Awtaad (IRE),Moqla (UK),Teofilo (IRE),gelding,24.0,10.0,41.67,10.0,41.67,4.0,1.0,25.0,2.0,50.0,20.0,9.0,45.0,8.0,40.0,0.0,0.0,0.0,0.0,0.0,0.0,0.0,0.0,0.0,0.0
116130,2025-08-21,Active,183354,2025-08-22,Hascoeur Clermont,FR,8,g,Team Hascoeur Syndicate,Montmartre (FR),Kalidria Beauchene (FR),Califet (FR),gelding,33.0,4.0,12.12,4.0,12.12,0.0,0.0,0.0,0.0,0.0,0.0,0.0,0.0,0.0,0.0,22.0,2.0,9.09,3.0,13.64,11.0,2.0,18.18,1.0,9.09
116572,2025-08-21,Active,183354,2025-08-22,Bal Kauto,FR,8,bay,Man About Dog Syndicate,Balko (FR),Kauto Tireless (FR),Byzantium (FR),gelding,21.0,5.0,23.81,2.0,9.52,0.0,0.0,0.0,0.0,0.0,0.0,0.0,0.0,0.0,0.0,2.0,2.0,100.0,0.0,0.0,19.0,3.0,15.79,2.0,10.53
116759,2025-08-21,Active,183351,2025-08-22,Must Meet Cecil,IRE,7,bay,T B Sheridan,Mustameet (USA),Jaya Bella (IRE),Tikkanen (USA),gelding,24.0,5.0,20.83,2.0,8.33,0.0,0.0,0.0,0.0,0.0,2.0,0.0,0.0,0.0,0.0,2.0,0.0,0.0,0.0,0.0,20.0,5.0,25.0,2.0,10.0
117090,2025-08-21,Active,183320,2025-08-22,Fifty Sent,GB,6,brown,Mr T Faulkner,Dabirsim (FR),Sentaril (UK),Danehill Dancer (IRE),gelding,35.0,2.0,5.71,12.0,34.29,19.0,2.0,10.53,6.0,31.58,16.0,0.0,0.0,6.0,37.5,0.0,0.0,0.0,0.0,0.0,0.0,0.0,0.0,0.0,0.0
117218,2025-08-21,Active,183334,2025-08-22,Global Effort,IRE,5,chestnut,Mrs Rita Baker,Gleneagles (IRE),Irish Madam (UK),Equiano (FR),gelding,46.0,5.0,10.87,12.0,26.09,35.0,4.0,11.43,10.0,28.57,11.0,1.0,9.09,2.0,18.18,0.0,0.0,0.0,0.0,0.0,0.0,0.0,0.0,0.0,0.0
117414,2025-08-21,Active,183327,2025-08-22,Honour Your Dreams,FR,5,bay,Dare To Dream Racing,Dream Ahead (USA),Golconde (IRE),Modigliani (USA),gelding,54.0,6.0,11.11,19.0,35.19,15.0,0.0,0.0,10.0,66.67,39.0,6.0,15.38,9.0,23.08,0.0,0.0,0.0,0.0,0.0,0.0,0.0,0.0,0.0,0.0
117585,2025-08-21,Active,183327,2025-08-22,Lahina Bay,IRE,5,bay,Mrs Daphne Finch,Cracksman (UK),Serendipitously (IRE),Kodiac (UK),filly,38.0,5.0,13.16,11.0,28.95,13.0,0.0,0.0,3.0,23.08,25.0,5.0,20.0,8.0,32.0,0.0,0.0,0.0,0.0,0.0,0.0,0.0,0.0,0.0,0.0
117936,2025-08-21,Active,183361,2025-08-22,Ehteyat,GER,6,bay,Michael Flannery,Toronado (IRE),Ella Ransom (GER),Ransom o'war (GER),gelding,15.0,2.0,13.33,2.0,13.33,6.0,2.0,33.33,2.0,33.33,9.0,0.0,0.0,0.0,0.0,0.0,0.0,0.0,0.0,0.0,0.0,0.0,0.0,0.0,0.0
118027,2025-08-21,Active,183345,2025-08-22,Rumstar,GB,5,bay,Vincent And Russell Ward,Havana Grey (UK),Stellarta (UK),Sakhee's Secret (UK),colt,25.0,6.0,24.0,5.0,20.0,1.0,0.0,0.0,1.0,100.0,24.0,6.0,25.0,4.0,16.67,0.0,0.0,0.0,0.0,0.0,0.0,0.0,0.0,0.0,0.0
118113,2025-08-21,Active,183345,2025-08-22,Jm Jungle,IRE,5,bay,Mps Racing Ltd & The Ayrshire Tradesme,Bungle Inthejungle (UK),The Shrew (UK),Dansili (UK),colt,31.0,5.0,16.13,17.0,54.84,0.0,0.0,0.0,0.0,0.0,31.0,5.0,16.13,17.0,54.84,0.0,0.0,0.0,0.0,0.0,0.0,0.0,0.0,0.0,0.0
118202,2025-08-21,Active,183360,2025-08-22,Mon Coeur,IRE,9,bay,Karl Davis & T Egan & Mrs Bridget Dillon & Seamus Domegan,Fame And Glory (UK),Sweetheart (UK),Sinndar (IRE),gelding,18.0,2.0,11.11,10.0,55.56,0.0,0.0,0.0,0.0,0.0,14.0,2.0,14.29,8.0,57.14,0.0,0.0,0.0,0.0,0.0,4.0,0.0,0.0,2.0,50.0
118507,2025-08-21,Active,183342,2025-08-22,Asgards Captain,IRE,5,bay,Quest Thoroughbreds - Asgard's Captain,Make Believe (UK),Twiggy's Girl (IRE),Manduro (GER),gelding,32.0,7.0,21.88,6.0,18.75,17.0,5.0,29.41,5.0,29.41,15.0,2.0,13.33,1.0,6.67,0.0,0.0,0.0,0.0,0.0,0.0,0.0,0.0,0.0,0.0
119035,2025-08-21,Active,183335,2025-08-22,Expert Agent,GB,5,bay,Mr N Boyden And Mr C Harrold,Expert Eye (UK),Oeuvre d'Art (IRE),Marju (IRE),gelding,31.0,6.0,19.35,6.0,19.35,15.0,3.0,20.0,4.0,26.67,16.0,3.0,18.75,2.0,12.5,0.0,0.0,0.0,0.0,0.0,0.0,0.0,0.0,0.0,0.0
119147,2025-08-21,Active,183334,2025-08-22,Stormy Pearl,GB,5,bay,Kenneth Mann And Kevin Kirkup,Night Of Thunder (IRE),David's Duchess (IRE),Zebedee (UK),filly,39.0,5.0,12.82,12.0,30.77,5.0,0.0,0.0,0.0,0.0,34.0,5.0,14.71,12.0,35.29,0.0,0.0,0.0,0.0,0.0,0.0,0.0,0.0,0.0,0.0
119152,2025-08-21,Active,183327,2025-08-22,Danger Alert,GB,5,bay,Mrs Diggy Rodber,Ardad (IRE),Sandy Times (IRE),Footstepsinthesand (UK),gelding,25.0,3.0,12.0,8.0,32.0,9.0,2.0,22.22,3.0,33.33,16.0,1.0,6.25,5.0,31.25,0.0,0.0,0.0,0.0,0.0,0.0,0.0,0.0,0.0,0.0
119596,2025-08-21,Active,183345,2025-08-22,Washington Heights,GB,5,bay,Hambleton Racing Ltd Xxvii,Washington Dc (IRE),Epping Rose (IRE),Kodiac (UK),gelding,19.0,3.0,15.79,9.0,47.37,0.0,0.0,0.0,0.0,0.0,19.0,3.0,15.79,9.0,47.37,0.0,0.0,0.0,0.0,0.0,0.0,0.0,0.0,0.0,0.0
119903,2025-08-21,Active,183342,2025-08-22,Chillingham,IRE,6,bay,Mr J Carrick & Mr J Fyffe,Ulysses (IRE),Last Jewel (IRE),Invincible Spirit (IRE),gelding,20.0,3.0,15.0,9.0,45.0,4.0,0.0,0.0,2.0,50.0,16.0,3.0,18.75,7.0,43.75,0.0,0.0,0.0,0.0,0.0,0.0,0.0,0.0,0.0,0.0
120195,2025-08-21,Active,183331,2025-08-22,Tafsir,USA,6,bay,Summerstorm Bloodstock Ltd,Tamarkuz (USA),Jannattan (USA),Street Cry (IRE),mare,48.0,8.0,16.67,13.0,27.08,10.0,0.0,0.0,4.0,40.0,38.0,8.0,21.05,9.0,23.68,0.0,0.0,0.0,0.0,0.0,0.0,0.0,0.0,0.0,0.0
120196,2025-08-21,Active,183334,2025-08-22,Rock Of England,IRE,5,chestnut,Mr D Padgett,Unfortunately (IRE),Miss Fay (IRE),Sayif (IRE),colt,30.0,4.0,13.33,5.0,16.67,3.0,0.0,0.0,0.0,0.0,27.0,4.0,14.81,5.0,18.52,0.0,0.0,0.0,0.0,0.0,0.0,0.0,0.0,0.0,0.0
120444,2025-08-21,Active,183353,2025-08-22,Tuff Days,IRE,8,chestnut,Michael Barry,Ask (UK),Ballybricken Fern (IRE),Bach (IRE),gelding,28.0,0.0,0.0,4.0,14.29,0.0,0.0,0.0,0.0,0.0,0.0,0.0,0.0,0.0,0.0,11.0,0.0,0.0,1.0,9.09,17.0,0.0,0.0,4.0,23.53
120623,2025-08-21,Active,183340,2025-08-22,Classic Speed,IRE,5,bay,Vinny & Ted Racing Syndicate,Kodiac (UK),Alluring Park (IRE),Green Desert (USA),gelding,17.0,2.0,11.76,3.0,17.65,8.0,2.0,25.0,1.0,12.5,8.0,0.0,0.0,2.0,25.0,0.0,0.0,0.0,0.0,0.0,1.0,0.0,0.0,0.0,0.0
120874,2025-08-21,Active,183342,2025-08-22,This Songisforyou,USA,7,g,Mrs A F Mee,Temple City (USA),Song Of Hours (USA),Unbridled's Song (USA),gelding,14.0,2.0,14.29,4.0,28.57,0.0,0.0,0.0,0.0,0.0,12.0,2.0,16.67,4.0,33.33,0.0,0.0,0.0,0.0,0.0,2.0,0.0,0.0,2.0,100.0
121376,2025-08-21,Active,183346,2025-08-22,Bint Al Daar,GB,5,brown,Mr G R Smith,Muhaarar (UK),Sharqeyih (UK),Shamardal (USA),filly,29.0,4.0,13.79,11.0,37.93,10.0,2.0,20.0,3.0,30.0,19.0,2.0,10.53,8.0,42.11,0.0,0.0,0.0,0.0,0.0,0.0,0.0,0.0,0.0,0.0
121381,2025-08-21,Active,183335,2025-08-22,Cinque Verde,GB,5,bay,"Wellbelove, Williams & Partners",Sioux Nation (USA),Gregoria (IRE),Holy Roman Emperor (IRE),filly,34.0,8.0,23.53,9.0,26.47,19.0,8.0,42.11,3.0,15.79,15.0,0.0,0.0,6.0,40.0,0.0,0.0,0.0,0.0,0.0,0.0,0.0,0.0,0.0,0.0
121392,2025-08-21,Active,183349,2025-08-22,Matt Connor,IRE,5,bay,Adrian Sheils,Teofilo (IRE),Emirates Hills (UK),Dubawi (IRE),gelding,13.0,1.0,7.69,1.0,7.69,5.0,0.0,0.0,1.0,20.0,8.0,1.0,12.5,0.0,0.0,0.0,0.0,0.0,0.0,0.0,0.0,0.0,0.0,0.0,0.0
121896,2025-08-21,Active,183343,2025-08-22,Sweet William,IRE,6,bay,Normandie Stud Ltd,Sea The Stars (IRE),Gale Force (UK),Shirocco (GER),gelding,18.0,5.0,27.78,10.0,55.56,2.0,0.0,0.0,2.0,100.0,15.0,4.0,26.67,8.0,53.33,1.0,1.0,100.0,0.0,0.0,0.0,0.0,0.0,0.0,0.0
121913,2025-08-21,Active,183345,2025-08-22,Spartan Arrow,IRE,5,bay,Hambleton Racing Ltd Xxxi And Partner,Sioux Nation (USA),Thames Pageant (UK),Dansili (UK),gelding,12.0,3.0,25.0,3.0,25.0,3.0,1.0,33.33,1.0,33.33,9.0,2.0,22.22,2.0,22.22,0.0,0.0,0.0,0.0,0.0,0.0,0.0,0.0,0.0,0.0
122101,2025-08-21,Active,183320,2025-08-22,The Pug,IRE,5,bay,Mr Jamie O'Hara,Churchill (IRE),Alumni Award (UK),Oasis Dream (UK),gelding,36.0,3.0,8.33,10.0,27.78,24.0,3.0,12.5,8.0,33.33,12.0,0.0,0.0,2.0,16.67,0.0,0.0,0.0,0.0,0.0,0.0,0.0,0.0,0.0,0.0
122242,2025-08-21,Active,183345,2025-08-22,Kerdos,IRE,5,bay,John Connolly & A D Spence,Profitable (IRE),The Mums (UK),Holy Roman Emperor (IRE),colt,18.0,4.0,22.22,3.0,16.67,1.0,0.0,0.0,1.0,100.0,17.0,4.0,23.53,2.0,11.76,0.0,0.0,0.0,0.0,0.0,0.0,0.0,0.0,0.0,0.0
122331,2025-08-21,Active,183358,2025-08-22,Thalara,IRE,5,bay,Marianne Klay,Awtaad (IRE),Third Dimension (FR),Suave Dancer (USA),filly,6.0,1.0,16.67,3.0,50.0,1.0,0.0,0.0,0.0,0.0,5.0,1.0,20.0,3.0,60.0,0.0,0.0,0.0,0.0,0.0,0.0,0.0,0.0,0.0,0.0
122436,2025-08-21,Active,183346,2025-08-22,Roarin Success,GB,5,chestnut,Paul Inglett,Roaring Lion (USA),Random Success (IRE),Shamardal (USA),filly,17.0,3.0,17.65,8.0,47.06,4.0,1.0,25.0,2.0,50.0,13.0,2.0,15.38,6.0,46.15,0.0,0.0,0.0,0.0,0.0,0.0,0.0,0.0,0.0,0.0
122939,2025-08-21,Active,183336,2025-08-22,Ferrous,IRE,5,grey,Recycled Products Limited,Dark Angel (IRE),Grizzel (IRE),Kodiac (UK),colt,20.0,7.0,35.0,6.0,30.0,7.0,5.0,71.43,1.0,14.29,12.0,2.0,16.67,4.0,33.33,1.0,0.0,0.0,1.0,100.0,0.0,0.0,0.0,0.0,0.0
123114,2025-08-21,Active,183349,2025-08-22,Randall Poets Lass,IRE,5,bay,Finbarr Kelly,Urban Poet (USA),Randall's Alannah (IRE),High Chaparral (IRE),mare,19.0,0.0,0.0,3.0,15.79,1.0,0.0,0.0,0.0,0.0,16.0,0.0,0.0,3.0,18.75,0.0,0.0,0.0,0.0,0.0,2.0,0.0,0.0,0.0,0.0
123532,2025-08-21,Active,183354,2025-08-22,Invictus Machin,FR,7,bay,John P Mcmanus,Coastal Path (UK),L'aumance Girl (FR),Astarabad (USA),gelding,18.0,2.0,11.11,2.0,11.11,0.0,0.0,0.0,0.0,0.0,0.0,0.0,0.0,0.0,0.0,14.0,1.0,7.14,2.0,14.29,4.0,1.0,25.0,0.0,0.0
123897,2025-08-21,Active,183320,2025-08-22,Olympic Quest,GB,5,chestnut,Mr P Ponting,Australia (UK),Olympic Runner (UK),Exceed and Excel (AUS),filly,27.0,1.0,3.7,6.0,22.22,19.0,1.0,5.26,6.0,31.58,8.0,0.0,0.0,0.0,0.0,0.0,0.0,0.0,0.0,0.0,0.0,0.0,0.0,0.0,0.0
124316,2025-08-21,Active,183334,2025-08-22,Too Much,GB,5,brown,Mr Stuart Murray,Showcasing (UK),Girls Talk (IRE),Shamardal (USA),filly,25.0,3.0,12.0,6.0,24.0,21.0,3.0,14.29,5.0,23.81,4.0,0.0,0.0,1.0,25.0,0.0,0.0,0.0,0.0,0.0,0.0,0.0,0.0,0.0,0.0
124420,2025-08-21,Active,183350,2025-08-22,Avondale,IRE,5,bay,Barry Connell,Gleneagles (IRE),Tayara (UK),Lawman (FR),gelding,10.0,3.0,30.0,2.0,20.0,3.0,0.0,0.0,2.0,66.67,4.0,2.0,50.0,0.0,0.0,0.0,0.0,0.0,0.0,0.0,3.0,1.0,33.33,1.0,33.33
124651,2025-08-21,Active,183342,2025-08-22,Zanndabad,IRE,6,bay,Mr P Davies,Iffraaj (UK),Zanoubiya (IRE),Dalakhani (IRE),gelding,16.0,0.0,0.0,7.0,43.75,1.0,0.0,0.0,0.0,0.0,6.0,0.0,0.0,1.0,16.67,0.0,0.0,0.0,0.0,0.0,9.0,0.0,0.0,6.0,66.67
124679,2025-08-21,Active,183353,2025-08-22,Ballagh Star,IRE,7,bay,Peter Curran,Ask (UK),Lol Jk (IRE),Presenting (UK),gelding,19.0,1.0,5.26,2.0,10.53,0.0,0.0,0.0,0.0,0.0,1.0,0.0,0.0,0.0,0.0,4.0,1.0,25.0,0.0,0.0,14.0,0.0,0.0,2.0,14.29
124683,2025-08-21,Active,183354,2025-08-22,Ho My Lord,FR,7,grey,John P Mcmanus,Doctor Dino (FR),Ho Good Lord Has (FR),Lord Du Sud (FR),gelding,12.0,1.0,8.33,2.0,16.67,0.0,0.0,0.0,0.0,0.0,0.0,0.0,0.0,0.0,0.0,8.0,0.0,0.0,2.0,25.0,4.0,1.0,25.0,0.0,0.0
124696,2025-08-21,Active,183350,2025-08-22,Dysart Dasher,IRE,8,bay,Ms Eleanor Manning,Flemensfirth (USA),Dysart Dancer (IRE),Accordion (IRE),gelding,4.0,1.0,25.0,2.0,50.0,0.0,0.0,0.0,0.0,0.0,1.0,0.0,0.0,1.0,100.0,0.0,0.0,0.0,0.0,0.0,3.0,1.0,33.33,1.0,33.33
125026,2025-08-21,Active,183331,2025-08-22,Paddy The Squire,GB,5,bay,Mr Ian Jones,Golden Horn (UK),Provenance (UK),Galileo (IRE),colt,15.0,3.0,20.0,8.0,53.33,1.0,0.0,0.0,1.0,100.0,14.0,3.0,21.43,7.0,50.0,0.0,0.0,0.0,0.0,0.0,0.0,0.0,0.0,0.0,0.0
125063,2025-08-21,Active,183351,2025-08-22,Flidais,IRE,7,brown,John Patrick Ryan,Mount Nelson (UK),Toile D'auteuil (FR),Discover D'auteuil (FR),mare,29.0,3.0,10.34,6.0,20.69,0.0,0.0,0.0,0.0,0.0,2.0,0.0,0.0,1.0,50.0,3.0,1.0,33.33,0.0,0.0,24.0,2.0,8.33,5.0,20.83
125353,2025-08-21,Active,183354,2025-08-22,Nouvotic,FR,6,bay,R S Brookhouse,Morandi (FR),Licky Star (FR),Key Of Luck (USA),gelding,9.0,2.0,22.22,4.0,44.44,0.0,0.0,0.0,0.0,0.0,2.0,0.0,0.0,1.0,50.0,2.0,1.0,50.0,1.0,50.0,5.0,1.0,20.0,2.0,40.0
125441,2025-08-21,Active,183359,2025-08-22,Daonethatgotaway,GB,5,chestnut,Up The Blues Syndicate,Tamayuz (UK),Dheyaa (IRE),Dream Ahead (USA),gelding,24.0,4.0,16.67,6.0,25.0,11.0,2.0,18.18,5.0,45.45,13.0,2.0,15.38,1.0,7.69,0.0,0.0,0.0,0.0,0.0,0.0,0.0,0.0,0.0,0.0
126226,2025-08-21,Active,183360,2025-08-22,Pinot Gris,IRE,5,g,Basil Holian,Mastercraftsman (IRE),Zamira (IRE),New Approach (IRE),gelding,18.0,4.0,22.22,6.0,33.33,0.0,0.0,0.0,0.0,0.0,9.0,2.0,22.22,2.0,22.22,1.0,0.0,0.0,0.0,0.0,8.0,2.0,25.0,4.0,50.0
126372,2025-08-21,Active,183327,2025-08-22,Dapperling,IRE,4,bay,Richard Hannon Racing Syndicate,Dandy Man (IRE),Floating Along (IRE),Oasis Dream (UK),filly,23.0,2.0,8.7,5.0,21.74,7.0,1.0,14.29,2.0,28.57,16.0,1.0,6.25,3.0,18.75,0.0,0.0,0.0,0.0,0.0,0.0,0.0,0.0,0.0,0.0
126681,2025-08-21,Active,183316,2025-08-22,Hedonista,IRE,5,bay,Mr Simon James & Partner,Ulysses (IRE),Luminous (UK),Champs Elysees (UK),filly,15.0,2.0,13.33,4.0,26.67,9.0,2.0,22.22,3.0,33.33,6.0,0.0,0.0,1.0,16.67,0.0,0.0,0.0,0.0,0.0,0.0,0.0,0.0,0.0,0.0
126734,2025-08-21,Active,183351,2025-08-22,Pampar Lady,IRE,6,bay,Wash Yer Hands Syndicate,Malinas (GER),Mouskersize (IRE),Lawman (FR),mare,18.0,1.0,5.56,5.0,27.78,0.0,0.0,0.0,0.0,0.0,4.0,0.0,0.0,1.0,25.0,0.0,0.0,0.0,0.0,0.0,14.0,1.0,7.14,5.0,35.71
126897,2025-08-21,Active,183346,2025-08-22,Fiver Friday,IRE,5,bay,Mr Philip D Gilmore,The Gurkha (IRE),Wild Storm (UK),Dubawi (IRE),filly,27.0,5.0,18.52,5.0,18.52,1.0,0.0,0.0,0.0,0.0,22.0,4.0,18.18,4.0,18.18,0.0,0.0,0.0,0.0,0.0,4.0,1.0,25.0,1.0,25.0
127009,2025-08-21,Active,183354,2025-08-22,Dorans Law,IRE,7,bay,T J Doran,Champs Elysees (UK),Inch Sunset (IRE),Zaffaran (USA),gelding,22.0,2.0,9.09,7.0,31.82,0.0,0.0,0.0,0.0,0.0,2.0,0.0,0.0,1.0,50.0,7.0,1.0,14.29,2.0,28.57,13.0,1.0,7.69,5.0,38.46
127045,2025-08-21,Active,183342,2025-08-22,Naqeeb,IRE,5,bay,Mr N O'Keeffe,Nathaniel (IRE),Aghareed (USA),Kingmambo (USA),colt,17.0,2.0,11.76,6.0,35.29,1.0,1.0,100.0,0.0,0.0,16.0,1.0,6.25,6.0,37.5,0.0,0.0,0.0,0.0,0.0,0.0,0.0,0.0,0.0,0.0
127055,2025-08-21,Active,183362,2025-08-22,Sorrentino,IRE,7,bay,Ballylinch Stud,New Bay (UK),Janicellaine (IRE),Beat Hollow (UK),gelding,3.0,1.0,33.33,1.0,33.33,0.0,0.0,0.0,0.0,0.0,3.0,1.0,33.33,1.0,33.33,0.0,0.0,0.0,0.0,0.0,0.0,0.0,0.0,0.0,0.0
127344,2025-08-21,Active,183339,2025-08-22,Miss Show Off,GB,4,grey,Norman Court Stud & Susan Bunney,Showcasing (UK),Greach (IRE),Gregorian (IRE),filly,11.0,2.0,18.18,1.0,9.09,0.0,0.0,0.0,0.0,0.0,10.0,2.0,20.0,2.0,20.0,1.0,0.0,0.0,1.0,100.0,0.0,0.0,0.0,0.0,0.0
127360,2025-08-21,Active,183326,2025-08-22,Smooth Silesie,IRE,4,chestnut,Everybody Racing Limited,Smooth Daddy (USA),Silesie (USA),Magician (IRE),filly,41.0,7.0,17.07,11.0,26.83,18.0,2.0,11.11,6.0,33.33,23.0,5.0,21.74,5.0,21.74,0.0,0.0,0.0,0.0,0.0,0.0,0.0,0.0,0.0,0.0
127615,2025-08-21,Active,183361,2025-08-22,Lady Kai,IRE,5,bay,Mrs Catherine Kinane,Sea The Stars (IRE),Lady Karr (UK),Mark of Esteem (IRE),filly,13.0,2.0,15.38,3.0,23.08,2.0,1.0,50.0,0.0,0.0,11.0,1.0,9.09,3.0,27.27,0.0,0.0,0.0,0.0,0.0,0.0,0.0,0.0,0.0,0.0
127631,2025-08-21,Active,183327,2025-08-22,Kiss And Run,GB,4,bay,Mr J E Burrows,Twilight Son (UK),Desert Kiss (UK),Cape Cross (IRE),filly,24.0,3.0,12.5,6.0,25.0,2.0,0.0,0.0,0.0,0.0,22.0,3.0,13.64,6.0,27.27,0.0,0.0,0.0,0.0,0.0,0.0,0.0,0.0,0.0,0.0
127941,2025-08-21,Active,183336,2025-08-22,Shagraan,IRE,4,chestnut,J & A Young (Racing) Limited,Sioux Nation (USA),Annie Fior (IRE),Finsceal Fior (IRE),gelding,18.0,3.0,16.67,6.0,33.33,0.0,0.0,0.0,0.0,0.0,18.0,3.0,16.67,6.0,33.33,0.0,0.0,0.0,0.0,0.0,0.0,0.0,0.0,0.0,0.0
127953,2025-08-21,,183339,2025-08-22,Angel Shared,GB,4,bay,Beaudesert Racing 1,Harry Angel (IRE),Quelle Affaire (UK),Bahamian Bounty (UK),filly,17.0,5.0,29.41,3.0,17.65,0.0,0.0,0.0,0.0,0.0,17.0,5.0,29.41,3.0,17.65,0.0,0.0,0.0,0.0,0.0,0.0,0.0,0.0,0.0,0.0
128086,2025-08-21,,183318,2025-08-22,Mbappe,GB,4,bay,Laurence Bellman,Blue Point. (IRE),Rive Gauche (UK),Fastnet Rock (AUS),gelding,18.0,3.0,16.67,3.0,16.67,14.0,2.0,14.29,3.0,21.43,4.0,1.0,25.0,1.0,25.0,0.0,0.0,0.0,0.0,0.0,0.0,0.0,0.0,0.0,0.0
128242,2025-08-21,,183318,2025-08-22,Hows The Guvnor,IRE,4,bay,Set Barabbas Free,Calyx (UK),Blessing (USA),Pulpit (USA),colt,15.0,1.0,6.67,2.0,13.33,4.0,0.0,0.0,1.0,25.0,11.0,1.0,9.09,2.0,18.18,0.0,0.0,0.0,0.0,0.0,0.0,0.0,0.0,0.0,0.0
128359,2025-08-21,,183333,2025-08-22,Emperors Son,IRE,4,bay,Richard Fahey Ebor Racing Club Ltd,Kodiac (UK),Flat White (IRE),Elusive Quality (USA),colt,9.0,1.0,11.11,1.0,11.11,2.0,0.0,0.0,1.0,50.0,7.0,1.0,14.29,0.0,0.0,0.0,0.0,0.0,0.0,0.0,0.0,0.0,0.0,0.0,0.0
128673,2025-08-21,,183353,2025-08-22,Dawn Escape,IRE,6,bay,Liam Casey,Imperial Monarch (IRE),Comebackgirl (IRE),Presenting (UK),filly,11.0,0.0,0.0,1.0,9.09,0.0,0.0,0.0,0.0,0.0,0.0,0.0,0.0,0.0,0.0,8.0,0.0,0.0,3.0,37.5,3.0,0.0,0.0,1.0,33.33
128695,2025-08-21,,183354,2025-08-22,Sea Aster,IRE,7,bay,Around The Fire Syndicate,Yeats (IRE),Fruits De Mer (IRE),Presenting (UK),mare,24.0,4.0,16.67,3.0,12.5,0.0,0.0,0.0,0.0,0.0,0.0,0.0,0.0,0.0,0.0,16.0,3.0,18.75,2.0,12.5,8.0,1.0,12.5,1.0,12.5
128732,2025-08-21,,183342,2025-08-22,Insanity,GB,5,bay,Mcneill Family & The Spero Partnership,Nathaniel (IRE),Queen's Dream (IRE),Oasis Dream (UK),colt,15.0,4.0,26.67,3.0,20.0,1.0,0.0,0.0,0.0,0.0,12.0,4.0,33.33,3.0,25.0,0.0,0.0,0.0,0.0,0.0,2.0,0.0,0.0,1.0,50.0
128757,2025-08-21,,183318,2025-08-22,Cypriot Diaspora,GB,4,bay,Mr Harry Demetriou,Adaay (IRE),Achianna (USA),Gemologist (USA),filly,23.0,3.0,13.04,3.0,13.04,4.0,0.0,0.0,0.0,0.0,19.0,3.0,15.79,3.0,15.79,0.0,0.0,0.0,0.0,0.0,0.0,0.0,0.0,0.0,0.0
128773,2025-08-21,,183322,2025-08-22,Never Dream,IRE,4,bay,Mrs M E Wates,Showcasing (UK),Overtones (UK),New Approach (IRE),gelding,11.0,1.0,9.09,1.0,9.09,2.0,0.0,0.0,0.0,0.0,9.0,1.0,11.11,1.0,11.11,0.0,0.0,0.0,0.0,0.0,0.0,0.0,0.0,0.0,0.0
128815,2025-08-21,,183335,2025-08-22,Profit Refused,IRE,4,bay,Pompey Ventures 15 & Partners,Profitable (IRE),Silver Moon (UK),Exceed and Excel (AUS),filly,15.0,3.0,20.0,2.0,13.33,1.0,0.0,0.0,1.0,100.0,14.0,3.0,21.43,2.0,14.29,0.0,0.0,0.0,0.0,0.0,0.0,0.0,0.0,0.0,0.0
128821,2025-08-21,,183327,2025-08-22,Serenity Dream,IRE,4,chestnut,Eggselltrading Ltd,Night Of Thunder (IRE),Playfull Spirit (UK),Invincible Spirit (IRE),gelding,17.0,1.0,5.88,5.0,29.41,12.0,1.0,8.33,4.0,33.33,5.0,0.0,0.0,1.0,20.0,0.0,0.0,0.0,0.0,0.0,0.0,0.0,0.0,0.0,0.0
128847,2025-08-21,,183336,2025-08-22,Iberian,IRE,4,bay,Teme Valley & Ballylinch Stud,Lope De Vega (IRE),Bella Estrella (IRE),High Chaparral (IRE),colt,10.0,3.0,30.0,2.0,20.0,1.0,1.0,100.0,0.0,0.0,9.0,2.0,22.22,2.0,22.22,0.0,0.0,0.0,0.0,0.0,0.0,0.0,0.0,0.0,0.0
128858,2025-08-21,,183326,2025-08-22,Merrimack,GB,4,bay,Mr W Enticknap & Mr B Ralph,Showcasing (UK),Megan Lily (IRE),Dragon Pulse (IRE),gelding,23.0,3.0,13.04,5.0,21.74,9.0,0.0,0.0,4.0,44.44,14.0,3.0,21.43,1.0,7.14,0.0,0.0,0.0,0.0,0.0,0.0,0.0,0.0,0.0,0.0
129000,2025-08-21,,183333,2025-08-22,The Good Biscuit,GB,4,bay,Miss Vanessa Church & Mr Toby Brereton,Sixties Icon (UK),Rebecca Romero (UK),Exceed and Excel (AUS),gelding,18.0,3.0,16.67,2.0,11.11,1.0,1.0,100.0,0.0,0.0,17.0,2.0,11.76,2.0,11.76,0.0,0.0,0.0,0.0,0.0,0.0,0.0,0.0,0.0,0.0
129124,2025-08-21,,183334,2025-08-22,A Girl Named Ivy,IRE,4,grey,Mr Frank Lowe,Dark Angel (IRE),May Girl (UK),Mayson (UK),filly,14.0,2.0,14.29,2.0,14.29,1.0,0.0,0.0,0.0,0.0,13.0,2.0,15.38,2.0,15.38,0.0,0.0,0.0,0.0,0.0,0.0,0.0,0.0,0.0,0.0
129308,2025-08-21,,183345,2025-08-22,Shes Quality,IRE,4,bay,Aristia Park Bloodstock & Partners,Acclamation (UK),Quality Time (IRE),Exceed and Excel (AUS),filly,18.0,4.0,22.22,7.0,38.89,1.0,0.0,0.0,0.0,0.0,17.0,4.0,23.53,7.0,41.18,0.0,0.0,0.0,0.0,0.0,0.0,0.0,0.0,0.0,0.0
129398,2025-08-21,,183320,2025-08-22,Aljezur,IRE,4,bay,A C O'Keeffe,Galileo Gold (UK),Lady Mega (IRE),Kodiac (UK),gelding,20.0,0.0,0.0,4.0,20.0,13.0,0.0,0.0,3.0,23.08,7.0,0.0,0.0,1.0,14.29,0.0,0.0,0.0,0.0,0.0,0.0,0.0,0.0,0.0,0.0
129615,2025-08-21,,183336,2025-08-22,Dubai Treasure,IRE,4,bay,Godolphin,Exceed and Excel (AUS),Juneau (IRE),Dubawi (IRE),filly,6.0,3.0,50.0,2.0,33.33,2.0,2.0,100.0,0.0,0.0,4.0,1.0,25.0,2.0,50.0,0.0,0.0,0.0,0.0,0.0,0.0,0.0,0.0,0.0,0.0
129657,2025-08-21,,183353,2025-08-22,Container Madness,IRE,6,bay,All The Mac's Syndicate,Getaway (GER),She Took A Tree (FR),Sri Pekan (USA),gelding,11.0,0.0,0.0,1.0,9.09,0.0,0.0,0.0,0.0,0.0,0.0,0.0,0.0,0.0,0.0,0.0,0.0,0.0,0.0,0.0,11.0,0.0,0.0,1.0,9.09
129790,2025-08-21,,183360,2025-08-22,Mo Ghille Mar,IRE,4,bay,Bronsan Racing,Zoffany (IRE),First Love (IRE),Galileo (IRE),filly,23.0,3.0,13.04,4.0,17.39,1.0,0.0,0.0,0.0,0.0,19.0,3.0,15.79,4.0,21.05,0.0,0.0,0.0,0.0,0.0,3.0,0.0,0.0,1.0,33.33
129948,2025-08-21,,183346,2025-08-22,Ciara Pearl,GB,5,bay,Mr Andrew Stonehill,Twilight Son (UK),Upskittled (UK),Diktat (UK),filly,22.0,7.0,31.82,5.0,22.73,5.0,3.0,60.0,1.0,20.0,17.0,4.0,23.53,4.0,23.53,0.0,0.0,0.0,0.0,0.0,0.0,0.0,0.0,0.0,0.0
130129,2025-08-21,,183335,2025-08-22,Dorney Lake,GB,4,bay,"Mr S Mizon, Mr L Baker & Partners",Ardad (IRE),Dora's Sister (IRE),Dark Angel (IRE),colt,15.0,4.0,26.67,1.0,6.67,1.0,0.0,0.0,0.0,0.0,14.0,4.0,28.57,1.0,7.14,0.0,0.0,0.0,0.0,0.0,0.0,0.0,0.0,0.0,0.0
130136,2025-08-21,,183361,2025-08-22,Miss Gitana,IRE,4,bay,J Lynch & E Blaney,Nathaniel (IRE),Miss Celestial (IRE),Exceed and Excel (AUS),filly,24.0,3.0,12.5,5.0,20.83,2.0,0.0,0.0,1.0,50.0,14.0,3.0,21.43,2.0,14.29,0.0,0.0,0.0,0.0,0.0,8.0,0.0,0.0,3.0,37.5
130151,2025-08-21,,183318,2025-08-22,Charencey,IRE,5,chestnut,Dove Valley Holdings Ltd,Lope De Vega (IRE),Normandel (FR),Le Havre (IRE),gelding,27.0,3.0,11.11,5.0,18.52,14.0,1.0,7.14,1.0,7.14,13.0,2.0,15.38,4.0,30.77,0.0,0.0,0.0,0.0,0.0,0.0,0.0,0.0,0.0,0.0
130232,2025-08-21,,183331,2025-08-22,Sportingsilvermine,IRE,4,brown,Mr Gordon Mcdowall,Holy Roman Emperor (IRE),Praskovia (IRE),Manduro (GER),gelding,25.0,2.0,8.0,5.0,20.0,7.0,1.0,14.29,1.0,14.29,18.0,1.0,5.56,4.0,22.22,0.0,0.0,0.0,0.0,0.0,0.0,0.0,0.0,0.0,0.0
130319,2025-08-21,,183351,2025-08-22,Smiling Bess,IRE,6,chestnut,Barrywhite Partnership,Mount Nelson (UK),Katie T (IRE),Beneficial (UK),mare,12.0,1.0,8.33,4.0,33.33,0.0,0.0,0.0,0.0,0.0,4.0,0.0,0.0,1.0,25.0,0.0,0.0,0.0,0.0,0.0,8.0,1.0,12.5,3.0,37.5
130358,2025-08-21,,183331,2025-08-22,Defiance,IRE,4,bay,Highclere Thoroughbred Racing - Monet,Camelot (UK),Alouja (IRE),Raven's Pass (USA),colt,5.0,1.0,20.0,1.0,20.0,0.0,0.0,0.0,0.0,0.0,5.0,1.0,20.0,1.0,20.0,0.0,0.0,0.0,0.0,0.0,0.0,0.0,0.0,0.0,0.0
130385,2025-08-21,,183326,2025-08-22,The Coffee Pod,IRE,4,bay,Middleham Park Racing Lxxvii,Acclamation (UK),Ethel (UK),Exceed and Excel (AUS),colt,22.0,2.0,9.09,4.0,18.18,4.0,0.0,0.0,1.0,25.0,18.0,2.0,11.11,3.0,16.67,0.0,0.0,0.0,0.0,0.0,0.0,0.0,0.0,0.0,0.0
130587,2025-08-21,,183359,2025-08-22,Alto Sax,IRE,4,bay,Normal People Partnership,Saxon Warrior (JPN),Full Credit (UK),Cacique (IRE),gelding,18.0,2.0,11.11,3.0,16.67,6.0,0.0,0.0,1.0,16.67,12.0,2.0,16.67,2.0,16.67,0.0,0.0,0.0,0.0,0.0,0.0,0.0,0.0,0.0,0.0
130645,2025-08-21,,183332,2025-08-22,Brummell,IRE,4,bay,Owners Group 122,Dandy Man (IRE),Strait Power (IRE),Rock Of Gibraltar (IRE),colt,17.0,5.0,29.41,3.0,17.65,7.0,2.0,28.57,2.0,28.57,10.0,3.0,30.0,1.0,10.0,0.0,0.0,0.0,0.0,0.0,0.0,0.0,0.0,0.0,0.0
130669,2025-08-21,,183320,2025-08-22,Scarfo,IRE,4,chestnut,Ian Muir,Soldier's Call (UK),Midsummer Breeze (UK),Havana Gold (IRE),gelding,24.0,1.0,4.17,2.0,8.33,11.0,1.0,9.09,1.0,9.09,13.0,0.0,0.0,1.0,7.69,0.0,0.0,0.0,0.0,0.0,0.0,0.0,0.0,0.0,0.0
130744,2025-08-21,,183335,2025-08-22,Photosynthesis,IRE,4,bay,The Rogues Gallery,Aclaim (IRE),Inflorescence (IRE),Camacho (UK),colt,11.0,3.0,27.27,3.0,27.27,4.0,2.0,50.0,1.0,25.0,7.0,1.0,14.29,2.0,28.57,0.0,0.0,0.0,0.0,0.0,0.0,0.0,0.0,0.0,0.0
130799,2025-08-21,,183360,2025-08-22,Comic Book,GB,4,bay,Zhang Yuesheng,Frankel (UK),Vagabonde (IRE),Acclamation (UK),filly,7.0,1.0,14.29,1.0,14.29,0.0,0.0,0.0,0.0,0.0,7.0,1.0,14.29,1.0,14.29,0.0,0.0,0.0,0.0,0.0,0.0,0.0,0.0,0.0,0.0
130895,2025-08-21,,183359,2025-08-22,Shelbourne,IRE,4,grey,Keith Breen & Michael M Walsh,Cotai Glory (UK),Rosamaria (IRE),Rip Van Winkle (IRE),gelding,15.0,1.0,6.67,3.0,20.0,7.0,0.0,0.0,2.0,28.57,8.0,1.0,12.5,1.0,12.5,0.0,0.0,0.0,0.0,0.0,0.0,0.0,0.0,0.0,0.0
130921,2025-08-21,,183334,2025-08-22,South Shore,GB,4,bay,Legendary Moore Syndicate & R Carr,Blue Point. (IRE),Angel's Glory (UK),Invincible Spirit (IRE),gelding,20.0,2.0,10.0,4.0,20.0,5.0,0.0,0.0,1.0,20.0,15.0,2.0,13.33,3.0,20.0,0.0,0.0,0.0,0.0,0.0,0.0,0.0,0.0,0.0,0.0
131174,2025-08-21,,183355,2025-08-22,Cailin Deas,IRE,7,bay,Frank Reynolds,Pour Moi (IRE),Mount Abora (IRE),Rock Of Gibraltar (IRE),mare,9.0,0.0,0.0,2.0,22.22,0.0,0.0,0.0,0.0,0.0,9.0,0.0,0.0,2.0,22.22,0.0,0.0,0.0,0.0,0.0,0.0,0.0,0.0,0.0,0.0
131200,2025-08-21,,183358,2025-08-22,Soft Winds,IRE,4,chestnut,Sights On Gold Two Partnership,Night Of Thunder (IRE),Placidia (IRE),Sea The Stars (IRE),filly,8.0,0.0,0.0,0.0,0.0,0.0,0.0,0.0,0.0,0.0,8.0,0.0,0.0,0.0,0.0,0.0,0.0,0.0,0.0,0.0,0.0,0.0,0.0,0.0,0.0
131233,2025-08-21,,183359,2025-08-22,Star Mind,GB,4,bay,Lance Bloodstock Limited,Advertise. (UK),Rowan Brae (UK),Haafhd (UK),filly,22.0,3.0,13.64,5.0,22.73,10.0,2.0,20.0,1.0,10.0,12.0,1.0,8.33,4.0,33.33,0.0,0.0,0.0,0.0,0.0,0.0,0.0,0.0,0.0,0.0
131266,2025-08-21,,183331,2025-08-22,Beylerbeyi,GB,5,bay,Midtech 2,Invincible Spirit (IRE),Gherdaiya (UK),Shamardal (USA),gelding,31.0,7.0,22.58,7.0,22.58,11.0,2.0,18.18,3.0,27.27,18.0,5.0,27.78,4.0,22.22,0.0,0.0,0.0,0.0,0.0,2.0,0.0,0.0,2.0,100.0
131384,2025-08-21,,183322,2025-08-22,Joycean Way,GB,4,bay,"J Harley, T Jacobs, G Moore",Ulysses (IRE),Sacre Caroline (USA),Blame (USA),colt,11.0,0.0,0.0,4.0,36.36,4.0,0.0,0.0,1.0,25.0,7.0,0.0,0.0,3.0,42.86,0.0,0.0,0.0,0.0,0.0,0.0,0.0,0.0,0.0,0.0
131438,2025-08-21,,183361,2025-08-22,Gangster Granny,IRE,4,bay,Richard Galway,Holy Roman Emperor (IRE),Jeanne Girl (IRE),Rip Van Winkle (IRE),filly,17.0,1.0,5.88,4.0,23.53,2.0,0.0,0.0,0.0,0.0,15.0,1.0,6.67,4.0,26.67,0.0,0.0,0.0,0.0,0.0,0.0,0.0,0.0,0.0,0.0
131751,2025-08-21,,183360,2025-08-22,Brosna Town,IRE,4,bay,Timothy P Murphy,Awtaad (IRE),Jamm (IRE),Duke Of Marmalade (IRE),gelding,10.0,2.0,20.0,2.0,20.0,2.0,1.0,50.0,1.0,50.0,7.0,1.0,14.29,1.0,14.29,0.0,0.0,0.0,0.0,0.0,1.0,0.0,0.0,0.0,0.0
131835,2025-08-21,,183362,2025-08-22,Mont St Michel,IRE,4,bay,Moyglare Stud Farm & Mrs John Magnier & Michael Tabor & Derrick Smith,Galileo (IRE),Switch (USA),Quiet American (USA),colt,5.0,0.0,0.0,3.0,60.0,0.0,0.0,0.0,0.0,0.0,5.0,0.0,0.0,3.0,60.0,0.0,0.0,0.0,0.0,0.0,0.0,0.0,0.0,0.0,0.0
131963,2025-08-21,,183358,2025-08-22,Evening Blossom,IRE,4,bay,Brian Dolan,Australia (UK),Sacre Fleur (IRE),Acclamation (UK),filly,14.0,4.0,28.57,4.0,28.57,1.0,0.0,0.0,1.0,100.0,13.0,4.0,30.77,3.0,23.08,0.0,0.0,0.0,0.0,0.0,0.0,0.0,0.0,0.0,0.0
131973,2025-08-21,,183359,2025-08-22,Nakasero,IRE,4,bay,Mark E Phelan,Holy Roman Emperor (IRE),Marie Josephe (UK),Cape Cross (IRE),colt,15.0,2.0,13.33,3.0,20.0,3.0,1.0,33.33,2.0,66.67,12.0,1.0,8.33,1.0,8.33,0.0,0.0,0.0,0.0,0.0,0.0,0.0,0.0,0.0,0.0
132046,2025-08-21,,183360,2025-08-22,Granite Bay,GB,4,bay,Mrs Sarah Collins,Time Test (UK),Indira (UK),Sleeping Indian (UK),gelding,9.0,3.0,33.33,1.0,11.11,0.0,0.0,0.0,0.0,0.0,9.0,3.0,33.33,1.0,11.11,0.0,0.0,0.0,0.0,0.0,0.0,0.0,0.0,0.0,0.0
132183,2025-08-21,,183345,2025-08-22,Frost At Dawn,USA,4,grey,Mr Abdulla Al Mansoori,Frosted (USA),Hawana (USA),War Front (USA),filly,10.0,2.0,20.0,5.0,50.0,2.0,1.0,50.0,1.0,50.0,8.0,1.0,12.5,4.0,50.0,0.0,0.0,0.0,0.0,0.0,0.0,0.0,0.0,0.0,0.0
132221,2025-08-21,,183346,2025-08-22,Jujubella,IRE,4,bay,Oakleaf Racing,Too Darn Hot (UK),Nourah (IRE),Shamardal (USA),filly,16.0,4.0,25.0,3.0,18.75,8.0,3.0,37.5,1.0,12.5,8.0,1.0,12.5,2.0,25.0,0.0,0.0,0.0,0.0,0.0,0.0,0.0,0.0,0.0,0.0
132329,2025-08-21,,183342,2025-08-22,French Duke,IRE,4,bay,Wathnan Racing,Sea The Stars (IRE),Duchess Of France (IRE),Dylan Thomas (IRE),colt,8.0,1.0,12.5,2.0,25.0,1.0,0.0,0.0,1.0,100.0,7.0,1.0,14.29,2.0,28.57,0.0,0.0,0.0,0.0,0.0,0.0,0.0,0.0,0.0,0.0
132947,2025-08-21,,183332,2025-08-22,Lions House,GB,4,bay,Mr Paul Corrigan,Oasis Dream (UK),Muqantara (USA),First Samurai (USA),gelding,9.0,3.0,33.33,1.0,11.11,6.0,3.0,50.0,0.0,0.0,3.0,0.0,0.0,1.0,33.33,0.0,0.0,0.0,0.0,0.0,0.0,0.0,0.0,0.0,0.0
133086,2025-08-21,,183359,2025-08-22,Nedita,IRE,4,bay,N Molloy,Elzaam (AUS),Adaptation (UK),Spectrum (IRE),gelding,14.0,2.0,14.29,1.0,7.14,9.0,2.0,22.22,1.0,11.11,5.0,0.0,0.0,0.0,0.0,0.0,0.0,0.0,0.0,0.0,0.0,0.0,0.0,0.0,0.0
133225,2025-08-21,,183342,2025-08-22,Champagne Prince,GB,4,grey,Mr P W Harris,Lope De Vega (IRE),Maid Up (UK),Mastercraftsman (IRE),colt,14.0,5.0,35.71,2.0,14.29,7.0,5.0,71.43,1.0,14.29,7.0,0.0,0.0,1.0,14.29,0.0,0.0,0.0,0.0,0.0,0.0,0.0,0.0,0.0,0.0
133342,2025-08-21,,183359,2025-08-22,Still She Blooms,GB,4,bay,Darcy Minihane,Twilight Son (UK),Sea The Bloom (UK),Sea The Stars (IRE),filly,13.0,1.0,7.69,4.0,30.77,7.0,0.0,0.0,2.0,28.57,6.0,1.0,16.67,2.0,33.33,0.0,0.0,0.0,0.0,0.0,0.0,0.0,0.0,0.0,0.0
133450,2025-08-21,,183360,2025-08-22,Ragmans Corner,IRE,6,brown,Wet Room Syndicate,Kalanisi (IRE),Syska (IRE),Presenting (UK),gelding,21.0,3.0,14.29,5.0,23.81,0.0,0.0,0.0,0.0,0.0,7.0,1.0,14.29,2.0,28.57,0.0,0.0,0.0,0.0,0.0,14.0,2.0,14.29,3.0,21.43
133541,2025-08-21,,183334,2025-08-22,Chief Of State,IRE,4,bay,Mrs Toni Marley,Kuroshio (AUS),Nuala Tagula (IRE),Tagula (IRE),colt,6.0,0.0,0.0,0.0,0.0,2.0,0.0,0.0,0.0,0.0,4.0,0.0,0.0,0.0,0.0,0.0,0.0,0.0,0.0,0.0,0.0,0.0,0.0,0.0,0.0
133600,2025-08-21,,183321,2025-08-22,Moab,IRE,5,bay,The Moab Syndicate,Camelot (UK),Martini Glass (USA),KITALPHA (USA),colt,11.0,0.0,0.0,2.0,18.18,4.0,0.0,0.0,1.0,25.0,3.0,0.0,0.0,1.0,33.33,0.0,0.0,0.0,0.0,0.0,4.0,0.0,0.0,1.0,25.0
133673,2025-08-21,,183345,2025-08-22,Night Raider,IRE,4,brown,Wathnan Racing,Dark Angel (IRE),Dorraar (IRE),Shamardal (USA),colt,11.0,4.0,36.36,1.0,9.09,4.0,4.0,100.0,0.0,0.0,7.0,0.0,0.0,1.0,14.29,0.0,0.0,0.0,0.0,0.0,0.0,0.0,0.0,0.0,0.0
133838,2025-08-21,,183316,2025-08-22,Simiyann,IRE,5,bay,Mr Martin John Hall,Australia (UK),Simiyna (IRE),Holy Roman Emperor (IRE),gelding,27.0,3.0,11.11,3.0,11.11,17.0,2.0,11.76,3.0,17.65,8.0,1.0,12.5,0.0,0.0,0.0,0.0,0.0,0.0,0.0,2.0,0.0,0.0,0.0,0.0
134735,2025-08-21,,183322,2025-08-22,Risen Again,FR,4,chestnut,John Hall And A Haynes,No Nay Never (USA),Easter Lily (IRE),Galileo (IRE),gelding,17.0,1.0,5.88,5.0,29.41,9.0,0.0,0.0,3.0,33.33,8.0,1.0,12.5,2.0,25.0,0.0,0.0,0.0,0.0,0.0,0.0,0.0,0.0,0.0,0.0
135087,2025-08-21,,183345,2025-08-22,Arizona Blaze,GB,3,bay,Amo Racing Limited/Giselle De Aguiar,Sergei Prokofiev (CAN),Liberisque (UK),Equiano (FR),colt,12.0,4.0,33.33,4.0,33.33,2.0,1.0,50.0,1.0,50.0,10.0,3.0,30.0,4.0,40.0,0.0,0.0,0.0,0.0,0.0,0.0,0.0,0.0,0.0,0.0
135241,2025-08-21,,183357,2025-08-22,Sunriseontheboyne,IRE,3,bay,Michael Mulvany,Cotai Glory (UK),Seafaring (IRE),Born To Sea (IRE),gelding,24.0,5.0,20.83,2.0,8.33,6.0,3.0,50.0,0.0,0.0,18.0,2.0,11.11,2.0,11.11,0.0,0.0,0.0,0.0,0.0,0.0,0.0,0.0,0.0,0.0
135596,2025-08-21,,183361,2025-08-22,Empress Alma,IRE,4,bay,Cians Choice Syndicate,Holy Roman Emperor (IRE),Almeria (GER),Manduro (GER),filly,15.0,3.0,20.0,1.0,6.67,1.0,0.0,0.0,0.0,0.0,14.0,3.0,21.43,1.0,7.14,0.0,0.0,0.0,0.0,0.0,0.0,0.0,0.0,0.0,0.0
135665,2025-08-21,,183342,2025-08-22,Mount Atlas,GB,4,bay,Kingsclere Racing Club,Masar (IRE),Highland Pass (UK),Passing Glance (UK),gelding,10.0,3.0,30.0,2.0,20.0,2.0,0.0,0.0,1.0,50.0,8.0,3.0,37.5,1.0,12.5,0.0,0.0,0.0,0.0,0.0,0.0,0.0,0.0,0.0,0.0
135703,2025-08-21,,183333,2025-08-22,The Actor,IRE,3,bay,G B Turnbull Ltd & Julie Camacho,Harry Angel (IRE),Lilian Baylis (IRE),Shamardal (USA),colt,10.0,1.0,10.0,2.0,20.0,3.0,0.0,0.0,1.0,33.33,7.0,1.0,14.29,1.0,14.29,0.0,0.0,0.0,0.0,0.0,0.0,0.0,0.0,0.0,0.0
135894,2025-08-21,,183357,2025-08-22,Refreshment,IRE,3,bay,Refreshment Partnership,Kodi Bear (IRE),Refreshed (IRE),Rip Van Winkle (IRE),colt,12.0,2.0,16.67,2.0,16.67,0.0,0.0,0.0,0.0,0.0,12.0,2.0,16.67,2.0,16.67,0.0,0.0,0.0,0.0,0.0,0.0,0.0,0.0,0.0,0.0
135923,2025-08-21,,183324,2025-08-22,Patsy Snugfit,GB,3,grey,Mr A G Greenwood,Havana Grey (UK),Shiba (FR),Rail Link (UK),filly,13.0,2.0,15.38,3.0,23.08,2.0,0.0,0.0,1.0,50.0,11.0,2.0,18.18,2.0,18.18,0.0,0.0,0.0,0.0,0.0,0.0,0.0,0.0,0.0,0.0
135974,2025-08-21,,183351,2025-08-22,Minority Interest,IRE,5,bay,Cluain Abhann Racing Syndicate,Lauro (GER),Carleys Quest (IRE),Pierre (UK),gelding,5.0,0.0,0.0,1.0,20.0,0.0,0.0,0.0,0.0,0.0,0.0,0.0,0.0,0.0,0.0,0.0,0.0,0.0,0.0,0.0,5.0,0.0,0.0,1.0,20.0
136121,2025-08-21,,183326,2025-08-22,Rajeteriat,GB,3,chestnut,"Venn, Snellgrove And Gordon",Mehmas (IRE),Electric Ladyland (IRE),Cable Bay (IRE),colt,7.0,0.0,0.0,2.0,28.57,1.0,0.0,0.0,1.0,100.0,6.0,0.0,0.0,2.0,33.33,0.0,0.0,0.0,0.0,0.0,0.0,0.0,0.0,0.0,0.0
136174,2025-08-21,,183355,2025-08-22,Sellerna Bay,IRE,5,bay,Sellerna Bay Partnership,Mount Nelson (UK),Black Mariah (IRE),Bob's Return (IRE),filly,3.0,0.0,0.0,2.0,66.67,0.0,0.0,0.0,0.0,0.0,3.0,0.0,0.0,2.0,66.67,0.0,0.0,0.0,0.0,0.0,0.0,0.0,0.0,0.0,0.0
136258,2025-08-21,,183355,2025-08-22,Carrig Padraig,IRE,6,bay,J A Fitzgerald,Champs Elysees (UK),Millerina (IRE),Milan (UK),gelding,4.0,0.0,0.0,0.0,0.0,0.0,0.0,0.0,0.0,0.0,4.0,0.0,0.0,0.0,0.0,0.0,0.0,0.0,0.0,0.0,0.0,0.0,0.0,0.0,0.0
136274,2025-08-21,,183332,2025-08-22,Jm Jhingree,IRE,3,bay,Aim Equestrian Ltd,Dandy Man (IRE),La Pergola (FR),Penny's Picnic (IRE),gelding,15.0,2.0,13.33,1.0,6.67,0.0,0.0,0.0,0.0,0.0,15.0,2.0,13.33,1.0,6.67,0.0,0.0,0.0,0.0,0.0,0.0,0.0,0.0,0.0,0.0
136534,2025-08-21,,183358,2025-08-22,Duckadilly,IRE,4,bay,Duckadilly Partnership,Churchill (IRE),Alutiq (IRE),Kodiac (UK),filly,3.0,2.0,66.67,0.0,0.0,0.0,0.0,0.0,0.0,0.0,3.0,2.0,66.67,0.0,0.0,0.0,0.0,0.0,0.0,0.0,0.0,0.0,0.0,0.0,0.0
136607,2025-08-21,,183351,2025-08-22,Brave Soldier,IRE,5,bay,Queen Maeve Racing Club,Soldier of Fortune (IRE),Belle Of The Moor (IRE),King's Theatre (IRE),gelding,3.0,0.0,0.0,1.0,33.33,0.0,0.0,0.0,0.0,0.0,1.0,0.0,0.0,0.0,0.0,0.0,0.0,0.0,0.0,0.0,2.0,0.0,0.0,1.0,50.0
136674,2025-08-21,,183359,2025-08-22,Zaraahmando,IRE,3,bay,Eight Star Syndicate,Time Test (UK),Shuthoor (IRE),Kodiac (UK),colt,11.0,2.0,18.18,1.0,9.09,2.0,0.0,0.0,0.0,0.0,9.0,2.0,22.22,1.0,11.11,0.0,0.0,0.0,0.0,0.0,0.0,0.0,0.0,0.0,0.0
136748,2025-08-21,,183348,2025-08-22,Dividend,GB,3,bay,Commercium,Kodiac (UK),Dabble (IRE),Mastercraftsman (IRE),colt,9.0,4.0,44.44,1.0,11.11,4.0,3.0,75.0,1.0,25.0,5.0,1.0,20.0,0.0,0.0,0.0,0.0,0.0,0.0,0.0,0.0,0.0,0.0,0.0,0.0
136773,2025-08-21,,183346,2025-08-22,Power Of Destiny,GB,4,bay,King Power Racing Co Ltd,Sea The Stars (IRE),Rux Power (UK),Kingman (UK),filly,13.0,2.0,15.38,3.0,23.08,4.0,1.0,25.0,1.0,25.0,9.0,1.0,11.11,2.0,22.22,0.0,0.0,0.0,0.0,0.0,0.0,0.0,0.0,0.0,0.0
136793,2025-08-21,,183348,2025-08-22,Yah Mo Be There,GB,3,bay,Phil Cunningham,Mohaather (UK),Shurakaa (IRE),Night Of Thunder (IRE),colt,7.0,1.0,14.29,1.0,14.29,0.0,0.0,0.0,0.0,0.0,7.0,1.0,14.29,1.0,14.29,0.0,0.0,0.0,0.0,0.0,0.0,0.0,0.0,0.0,0.0
136809,2025-08-21,,183357,2025-08-22,Dahlia Noir,IRE,3,brown,Mrs A M O'Brien,Ten Sovereigns (IRE),Jumellea (IRE),Zoffany (IRE),filly,9.0,1.0,11.11,2.0,22.22,0.0,0.0,0.0,0.0,0.0,9.0,1.0,11.11,2.0,22.22,0.0,0.0,0.0,0.0,0.0,0.0,0.0,0.0,0.0,0.0
137000,2025-08-21,,183358,2025-08-22,Fiery Lucy,GB,3,bay,Lindsay Laroche/Dunphy Family Syndicate,Without Parole (UK),Craighall (UK),Dubawi (IRE),filly,10.0,1.0,10.0,7.0,70.0,0.0,0.0,0.0,0.0,0.0,10.0,1.0,10.0,7.0,70.0,0.0,0.0,0.0,0.0,0.0,0.0,0.0,0.0,0.0,0.0
137008,2025-08-21,,183351,2025-08-22,Navy Guitar,IRE,6,bay,James C Wallace,French Navy (UK),D'addario (IRE),Galileo (IRE),gelding,10.0,1.0,10.0,3.0,30.0,0.0,0.0,0.0,0.0,0.0,3.0,0.0,0.0,2.0,66.67,0.0,0.0,0.0,0.0,0.0,7.0,1.0,14.29,1.0,14.29
137023,2025-08-21,,183346,2025-08-22,Akecheta,IRE,5,g,L I Walshe,Sioux Nation (USA),Veneration (UK),Dalakhani (IRE),mare,10.0,1.0,10.0,5.0,50.0,0.0,0.0,0.0,0.0,0.0,10.0,1.0,10.0,5.0,50.0,0.0,0.0,0.0,0.0,0.0,0.0,0.0,0.0,0.0,0.0
137120,2025-08-21,,183359,2025-08-22,No Such Thing,IRE,3,bay,Katie O'Sullivan,Inns Of Court (IRE),Coincidently (UK),Acclamation (UK),colt,7.0,0.0,0.0,3.0,42.86,1.0,0.0,0.0,1.0,100.0,6.0,0.0,0.0,2.0,33.33,0.0,0.0,0.0,0.0,0.0,0.0,0.0,0.0,0.0,0.0
137123,2025-08-21,,183336,2025-08-22,Pellitory,GB,3,bay,The Gredley Family,Sergei Prokofiev (CAN),Daphinia (UK),Kuroshio (AUS),colt,11.0,3.0,27.27,2.0,18.18,0.0,0.0,0.0,0.0,0.0,11.0,3.0,27.27,2.0,18.18,0.0,0.0,0.0,0.0,0.0,0.0,0.0,0.0,0.0,0.0
137148,2025-08-21,,183345,2025-08-22,Asfoora,AUS,7,bay,Noor Elaine Farm Pty Ltd,Flying Artie (AUS),Golden Child (AUS),I Am Invincible (AUS),mare,6.0,1.0,16.67,1.0,16.67,0.0,0.0,0.0,0.0,0.0,6.0,1.0,16.67,1.0,16.67,0.0,0.0,0.0,0.0,0.0,0.0,0.0,0.0,0.0,0.0
137158,2025-08-21,,183345,2025-08-22,Celandine,GB,3,bay,Rockcliffe Stud,Kingman (UK),Pepita (IRE),Sir Prancealot (IRE),filly,8.0,3.0,37.5,2.0,25.0,0.0,0.0,0.0,0.0,0.0,8.0,3.0,37.5,2.0,25.0,0.0,0.0,0.0,0.0,0.0,0.0,0.0,0.0,0.0,0.0
137676,2025-08-21,,183345,2025-08-22,Aint Nobody,IRE,3,bay,J Blackburn & J Matthews,Sands Of Mali (FR),Burmese Waltz (UK),Showcasing (UK),colt,9.0,2.0,22.22,1.0,11.11,0.0,0.0,0.0,0.0,0.0,9.0,2.0,22.22,1.0,11.11,0.0,0.0,0.0,0.0,0.0,0.0,0.0,0.0,0.0,0.0
137709,2025-08-21,,183355,2025-08-22,Barrakilla Vage,IRE,6,bay,Jack O'Dwyer,Vendangeur (IRE),Ballinvassa (IRE),Winged Love (IRE),gelding,2.0,0.0,0.0,0.0,0.0,0.0,0.0,0.0,0.0,0.0,1.0,0.0,0.0,0.0,0.0,0.0,0.0,0.0,0.0,0.0,1.0,0.0,0.0,0.0,0.0
137719,2025-08-21,,183329,2025-08-22,Hackney Diamonds,GB,3,bay,Gl Racing,Camelot (UK),Arwa (IRE),Holy Roman Emperor (IRE),filly,13.0,1.0,7.69,2.0,15.38,0.0,0.0,0.0,0.0,0.0,13.0,1.0,7.69,2.0,15.38,0.0,0.0,0.0,0.0,0.0,0.0,0.0,0.0,0.0,0.0
137819,2025-08-21,,183334,2025-08-22,Thunderstorm Katie,GB,4,bay,Summerstorm Bloodstock Ltd,Muhaarar (UK),Firenze (UK),Efisio (UK),filly,16.0,2.0,12.5,3.0,18.75,4.0,0.0,0.0,1.0,25.0,12.0,2.0,16.67,2.0,16.67,0.0,0.0,0.0,0.0,0.0,0.0,0.0,0.0,0.0,0.0
137829,2025-08-21,,183335,2025-08-22,Dapper Guest,IRE,3,bay,John Guest Racing,Dandy Man (IRE),Sea Of Dreams (IRE),Oasis Dream (UK),gelding,9.0,1.0,11.11,2.0,22.22,0.0,0.0,0.0,0.0,0.0,9.0,1.0,11.11,2.0,22.22,0.0,0.0,0.0,0.0,0.0,0.0,0.0,0.0,0.0,0.0
137936,2025-08-21,,183348,2025-08-22,Tiger Mask,IRE,3,grey,Mr Ryan Kent,Havana Grey (UK),House Point (UK),Pivotal (UK),colt,6.0,1.0,16.67,1.0,16.67,1.0,0.0,0.0,0.0,0.0,5.0,1.0,20.0,1.0,20.0,0.0,0.0,0.0,0.0,0.0,0.0,0.0,0.0,0.0,0.0
137937,2025-08-21,,183349,2025-08-22,Top Spin Lob,GB,4,bay,Miss Rita Shah,Iffraaj (UK),Final Set (IRE),Dark Angel (IRE),filly,3.0,0.0,0.0,2.0,66.67,2.0,0.0,0.0,1.0,50.0,1.0,0.0,0.0,1.0,100.0,0.0,0.0,0.0,0.0,0.0,0.0,0.0,0.0,0.0,0.0
137940,2025-08-21,,183359,2025-08-22,Vegas Muse,GB,3,chestnut,M J Drapac,Lope De Vega (IRE),Boomer (UK),Kingman (UK),filly,9.0,0.0,0.0,3.0,33.33,0.0,0.0,0.0,0.0,0.0,9.0,0.0,0.0,3.0,33.33,0.0,0.0,0.0,0.0,0.0,0.0,0.0,0.0,0.0,0.0
138139,2025-08-21,,183361,2025-08-22,Makaiah,IRE,4,bay,Lance Bloodstock Limited,Bated Breath (UK),Make Me Sway (IRE),Teofilo (IRE),filly,18.0,1.0,5.56,6.0,33.33,3.0,0.0,0.0,1.0,33.33,11.0,1.0,9.09,4.0,36.36,0.0,0.0,0.0,0.0,0.0,4.0,0.0,0.0,1.0,25.0
138172,2025-08-21,,183319,2025-08-22,Dandy Khan,IRE,3,bay,Mrs Olivia Hoare,Dandy Man (IRE),Inchikhan (UK),Dalakhani (IRE),filly,13.0,0.0,0.0,3.0,23.08,2.0,0.0,0.0,0.0,0.0,11.0,0.0,0.0,3.0,27.27,0.0,0.0,0.0,0.0,0.0,0.0,0.0,0.0,0.0,0.0
138284,2025-08-21,,183348,2025-08-22,Sir Paul Ramsey,GB,3,bay,Mr Paul Dean,Sea The Moon (GER),Seychelloise (UK),Pivotal (UK),colt,8.0,2.0,25.0,1.0,12.5,0.0,0.0,0.0,0.0,0.0,8.0,2.0,25.0,1.0,12.5,0.0,0.0,0.0,0.0,0.0,0.0,0.0,0.0,0.0,0.0
138432,2025-08-21,,183340,2025-08-22,Calibos,GB,3,bay,Fellowship Racing & Diskovery,Twilight Son (UK),Falling Angel (UK),Kylian (USA),colt,12.0,1.0,8.33,4.0,33.33,3.0,0.0,0.0,2.0,66.67,9.0,1.0,11.11,2.0,22.22,0.0,0.0,0.0,0.0,0.0,0.0,0.0,0.0,0.0,0.0
138518,2025-08-21,,183333,2025-08-22,Dandy Magic,IRE,3,chestnut,Summerstorm Bloodstock Ltd,Dandy Man (IRE),Magic Mirror (UK),Dutch Art (UK),filly,9.0,1.0,11.11,1.0,11.11,5.0,1.0,20.0,2.0,40.0,4.0,0.0,0.0,1.0,25.0,0.0,0.0,0.0,0.0,0.0,0.0,0.0,0.0,0.0,0.0
138533,2025-08-21,,183319,2025-08-22,Oldbury Lad,IRE,3,bay,Foxhills Racing Limited,Kodiac (UK),Bungee Jump (IRE),Canford Cliffs (IRE),colt,12.0,0.0,0.0,2.0,16.67,3.0,0.0,0.0,1.0,33.33,9.0,0.0,0.0,1.0,11.11,0.0,0.0,0.0,0.0,0.0,0.0,0.0,0.0,0.0,0.0
138593,2025-08-21,,183327,2025-08-22,Heaven Knows,GB,3,bay,Mr Derek J Willis,Showcasing (UK),Map Of Heaven (UK),Pivotal (UK),filly,10.0,1.0,10.0,5.0,50.0,4.0,1.0,25.0,3.0,75.0,6.0,0.0,0.0,2.0,33.33,0.0,0.0,0.0,0.0,0.0,0.0,0.0,0.0,0.0,0.0
138994,2025-08-21,,183340,2025-08-22,Gretna Dreams,IRE,3,chestnut,"J Sarkar, D Sarkar, O Sarkar & D Sarka",Ghaiyyath (IRE),Elope (GER),Tiger Hill (IRE),filly,9.0,2.0,22.22,2.0,22.22,4.0,1.0,25.0,2.0,50.0,5.0,1.0,20.0,0.0,0.0,0.0,0.0,0.0,0.0,0.0,0.0,0.0,0.0,0.0,0.0
139084,2025-08-21,,183348,2025-08-22,Knights Gold,IRE,3,bay,Mr Adam James Spratt,Dark Angel (IRE),Samira Gold (FR),Gold Away (IRE),colt,13.0,4.0,30.77,3.0,23.08,4.0,1.0,25.0,1.0,25.0,9.0,3.0,33.33,2.0,22.22,0.0,0.0,0.0,0.0,0.0,0.0,0.0,0.0,0.0,0.0
139156,2025-08-21,,183348,2025-08-22,Impartiality,GB,3,bay,Mr J Toes & Mr J O'Loan,Sergei Prokofiev (CAN),Fair's Fair (IRE),Lawman (FR),colt,11.0,3.0,27.27,3.0,27.27,3.0,0.0,0.0,1.0,33.33,8.0,3.0,37.5,2.0,25.0,0.0,0.0,0.0,0.0,0.0,0.0,0.0,0.0,0.0,0.0
140532,2025-08-21,,183316,2025-08-22,Navid,GB,3,chestnut,Dr Jamal Ahmadzadeh,Sir Percy (UK),Belladonna (UK),Medicean (UK),colt,8.0,1.0,12.5,1.0,12.5,3.0,0.0,0.0,0.0,0.0,5.0,1.0,20.0,1.0,20.0,0.0,0.0,0.0,0.0,0.0,0.0,0.0,0.0,0.0,0.0
140789,2025-08-21,,183361,2025-08-22,Atheneum,IRE,4,bay,Mrs John J Murphy,Vadamos (FR),Valbonne (IRE),Refuse To Bend (IRE),gelding,5.0,0.0,0.0,1.0,20.0,0.0,0.0,0.0,0.0,0.0,5.0,0.0,0.0,1.0,20.0,0.0,0.0,0.0,0.0,0.0,0.0,0.0,0.0,0.0,0.0
140817,2025-08-21,,183357,2025-08-22,Sujet,GB,3,bay,Juddmonte,Frankel (UK),Tendu (UK),Oasis Dream (UK),colt,4.0,0.0,0.0,1.0,25.0,0.0,0.0,0.0,0.0,0.0,4.0,0.0,0.0,1.0,25.0,0.0,0.0,0.0,0.0,0.0,0.0,0.0,0.0,0.0,0.0
140822,2025-08-21,,183348,2025-08-22,We Dare To Dream,IRE,3,bay,Baker Longden Lambert,Dark Angel (IRE),Vestavia (IRE),Alhaarth (IRE),colt,10.0,2.0,20.0,5.0,50.0,0.0,0.0,0.0,0.0,0.0,10.0,2.0,20.0,5.0,50.0,0.0,0.0,0.0,0.0,0.0,0.0,0.0,0.0,0.0,0.0
140850,2025-08-21,,183361,2025-08-22,Eagles Dream,IRE,3,bay,Maria Marron,Free Eagle (IRE),Dream Day (UK),Oasis Dream (UK),filly,9.0,0.0,0.0,2.0,22.22,0.0,0.0,0.0,0.0,0.0,9.0,0.0,0.0,2.0,22.22,0.0,0.0,0.0,0.0,0.0,0.0,0.0,0.0,0.0,0.0
140939,2025-08-21,,183319,2025-08-22,On A Vespa,GB,3,bay,Bloomsbury Stud,Harry Angel (IRE),Roman Holiday (IRE),Holy Roman Emperor (IRE),filly,8.0,0.0,0.0,3.0,37.5,0.0,0.0,0.0,0.0,0.0,8.0,0.0,0.0,3.0,37.5,0.0,0.0,0.0,0.0,0.0,0.0,0.0,0.0,0.0,0.0
141061,2025-08-21,,183326,2025-08-22,Virtue Temperance,IRE,3,bay,Virtue Aerospace,Ten Sovereigns (IRE),Allegramente (UK),Dansili (UK),filly,9.0,1.0,11.11,2.0,22.22,2.0,0.0,0.0,2.0,100.0,7.0,1.0,14.29,1.0,14.29,0.0,0.0,0.0,0.0,0.0,0.0,0.0,0.0,0.0,0.0
141119,2025-08-21,,183346,2025-08-22,Blessed Star,IRE,3,bay,Mr Jaber Abdullah,Sottsass (FR),Roystonea (UK),Polish Precedent (USA),filly,6.0,0.0,0.0,5.0,83.33,0.0,0.0,0.0,0.0,0.0,6.0,0.0,0.0,5.0,83.33,0.0,0.0,0.0,0.0,0.0,0.0,0.0,0.0,0.0,0.0
141138,2025-08-21,,183348,2025-08-22,King Casper,IRE,3,bay,The Roof Partnership,Shaman (IRE),Selfara (UK),Oasis Dream (UK),colt,7.0,2.0,28.57,2.0,28.57,0.0,0.0,0.0,0.0,0.0,7.0,2.0,28.57,2.0,28.57,0.0,0.0,0.0,0.0,0.0,0.0,0.0,0.0,0.0,0.0
141175,2025-08-21,,183339,2025-08-22,Greydreambeliever,IRE,3,grey,Hambleton Racing Ltd Xxxv & E Burke,Dark Angel (IRE),Dione (FR),Authorized (IRE),filly,8.0,1.0,12.5,1.0,12.5,1.0,0.0,0.0,1.0,100.0,7.0,1.0,14.29,1.0,14.29,0.0,0.0,0.0,0.0,0.0,0.0,0.0,0.0,0.0,0.0
141277,2025-08-21,,183319,2025-08-22,Scenario,GB,3,bay,Mr Bill Hawkins,Territories (IRE),Rahaaba (IRE),Dubawi (IRE),filly,9.0,1.0,11.11,1.0,11.11,2.0,0.0,0.0,1.0,50.0,7.0,1.0,14.29,0.0,0.0,0.0,0.0,0.0,0.0,0.0,0.0,0.0,0.0,0.0,0.0
141287,2025-08-21,,183339,2025-08-22,Arabian Leopard,GB,3,bay,Mrs Fitri Hay,Ghaiyyath (IRE),Mur Hiba (IRE),Helmet (AUS),filly,9.0,1.0,11.11,4.0,44.44,2.0,0.0,0.0,1.0,50.0,7.0,1.0,14.29,3.0,42.86,0.0,0.0,0.0,0.0,0.0,0.0,0.0,0.0,0.0,0.0
141413,2025-08-21,,183353,2025-08-22,Hit The Frame,GB,6,bay,Hit The Road Syndicate,Passing Glance (UK),Farewellatmidnight (UK),Midnight Legend (UK),gelding,9.0,0.0,0.0,1.0,11.11,0.0,0.0,0.0,0.0,0.0,0.0,0.0,0.0,0.0,0.0,3.0,0.0,0.0,1.0,33.33,6.0,0.0,0.0,0.0,0.0
141448,2025-08-21,,183348,2025-08-22,Fifth Column,IRE,3,bay,Godolphin,Kingman (UK),Inner Secret (USA),Singspiel (IRE),colt,9.0,3.0,33.33,2.0,22.22,4.0,1.0,25.0,2.0,50.0,5.0,2.0,40.0,0.0,0.0,0.0,0.0,0.0,0.0,0.0,0.0,0.0,0.0,0.0,0.0
141461,2025-08-21,,183339,2025-08-22,Raneenn,IRE,3,bay,Sheikh Ahmed Al Maktoum,Kodiac (UK),Princess Rose (UK),Royal Applause (UK),filly,9.0,3.0,33.33,1.0,11.11,1.0,0.0,0.0,0.0,0.0,8.0,3.0,37.5,1.0,12.5,0.0,0.0,0.0,0.0,0.0,0.0,0.0,0.0,0.0,0.0
141475,2025-08-21,,183341,2025-08-22,Bondi,IRE,3,chestnut,Mr David Bannon And Partner,Saxon Warrior (JPN),Zagharit (IRE),Sir Percy (UK),colt,5.0,1.0,20.0,0.0,0.0,0.0,0.0,0.0,0.0,0.0,5.0,1.0,20.0,0.0,0.0,0.0,0.0,0.0,0.0,0.0,0.0,0.0,0.0,0.0,0.0
141498,2025-08-21,,183343,2025-08-22,Shackleton,IRE,3,bay,Peter M Brant & Mrs John Magnier & Michael Tabor & Derrick Smith,Camelot (UK),Damaniyat Girl (USA),Elusive Quality (USA),colt,4.0,1.0,25.0,2.0,50.0,0.0,0.0,0.0,0.0,0.0,4.0,1.0,25.0,2.0,50.0,0.0,0.0,0.0,0.0,0.0,0.0,0.0,0.0,0.0,0.0
141522,2025-08-21,,183327,2025-08-22,Hunky Dory,GB,3,chestnut,Tbt Racing,Pinatubo (IRE),Fresh Strike (IRE),Smart Strike (CAN),gelding,7.0,0.0,0.0,2.0,28.57,1.0,0.0,0.0,1.0,100.0,6.0,0.0,0.0,1.0,16.67,0.0,0.0,0.0,0.0,0.0,0.0,0.0,0.0,0.0,0.0
141526,2025-08-21,,183355,2025-08-22,Keep It Together,IRE,7,bay,D Buckley,Policy Maker (IRE),Supreme Harmony (IRE),Supreme Leader (IRE),mare,4.0,0.0,0.0,0.0,0.0,0.0,0.0,0.0,0.0,0.0,3.0,0.0,0.0,0.0,0.0,0.0,0.0,0.0,0.0,0.0,1.0,0.0,0.0,0.0,0.0
141539,2025-08-21,,183320,2025-08-22,Pacific Man,FR,3,chestnut,Fdc Holdings Ltd & Nwir Ltd,Taj Mahal (IRE),Pacific Chalnetta (FR),Planteur (IRE),colt,5.0,0.0,0.0,0.0,0.0,2.0,0.0,0.0,0.0,0.0,3.0,0.0,0.0,0.0,0.0,0.0,0.0,0.0,0.0,0.0,0.0,0.0,0.0,0.0,0.0
141696,2025-08-21,,183332,2025-08-22,Naanas Sparkle,GB,3,bay,John Hall And A Haynes,Twilight Son (UK),Sweet And Dandy (IRE),Dandy Man (IRE),colt,9.0,3.0,33.33,3.0,33.33,2.0,1.0,50.0,1.0,50.0,7.0,2.0,28.57,3.0,42.86,0.0,0.0,0.0,0.0,0.0,0.0,0.0,0.0,0.0,0.0
141734,2025-08-21,,183319,2025-08-22,Spinning Dancer,IRE,3,chestnut,Jolly Boys & J S Moore,River Boyne (IRE),Lovely Dancer (IRE),Yeats (IRE),filly,10.0,0.0,0.0,2.0,20.0,5.0,0.0,0.0,2.0,40.0,5.0,0.0,0.0,0.0,0.0,0.0,0.0,0.0,0.0,0.0,0.0,0.0,0.0,0.0,0.0
141748,2025-08-21,,183361,2025-08-22,Decorated Elle,IRE,4,chestnut,Daniel O'Sullivan,Decorated Knight (UK),Elle Meme (GER),Henrythenavigator (USA),filly,3.0,0.0,0.0,0.0,0.0,0.0,0.0,0.0,0.0,0.0,3.0,0.0,0.0,0.0,0.0,0.0,0.0,0.0,0.0,0.0,0.0,0.0,0.0,0.0,0.0
141771,2025-08-21,,183352,2025-08-22,Reiki Revolution,IRE,5,bay,James F Dunne,Wings Of Eagles (FR),Presenting Gems (IRE),Presenting (UK),gelding,7.0,1.0,14.29,3.0,42.86,0.0,0.0,0.0,0.0,0.0,3.0,1.0,33.33,1.0,33.33,0.0,0.0,0.0,0.0,0.0,4.0,0.0,0.0,3.0,75.0
141903,2025-08-21,,183333,2025-08-22,Brazilian Rose,IRE,4,bay,Jpr Investments,Calyx (UK),Miss Brazil (IRE),Exceed and Excel (AUS),filly,16.0,4.0,25.0,2.0,12.5,11.0,4.0,36.36,2.0,18.18,5.0,0.0,0.0,1.0,20.0,0.0,0.0,0.0,0.0,0.0,0.0,0.0,0.0,0.0,0.0
142129,2025-08-21,,183359,2025-08-22,Brandon Creek,GB,3,chestnut,Purosangue Racing Syndicate,Earthlight (IRE),Adore (UK),Oasis Dream (UK),colt,6.0,0.0,0.0,0.0,0.0,0.0,0.0,0.0,0.0,0.0,6.0,0.0,0.0,0.0,0.0,0.0,0.0,0.0,0.0,0.0,0.0,0.0,0.0,0.0,0.0
142146,2025-08-21,,183327,2025-08-22,Rory Rocket,GB,3,bay,T Jacobs & Mr G L Moore,Aclaim (IRE),Sunflower Seed (UK),Showcasing (UK),colt,4.0,0.0,0.0,2.0,50.0,1.0,0.0,0.0,1.0,100.0,3.0,0.0,0.0,1.0,33.33,0.0,0.0,0.0,0.0,0.0,0.0,0.0,0.0,0.0,0.0
142159,2025-08-21,,183345,2025-08-22,Sayidah Dariyan,IRE,3,bay,Mr Jaber Abdullah,Dariyan (FR),Tencaratrubieslace (FR),Siyouni (FR),filly,7.0,3.0,42.86,2.0,28.57,3.0,2.0,66.67,0.0,0.0,4.0,1.0,25.0,2.0,50.0,0.0,0.0,0.0,0.0,0.0,0.0,0.0,0.0,0.0,0.0
142176,2025-08-21,,183319,2025-08-22,Havanas Dream,GB,3,chestnut,Ms Sue Bradley,Havana Grey (UK),Powerful Dream (IRE),Frozen Power (IRE),filly,7.0,0.0,0.0,0.0,0.0,2.0,0.0,0.0,0.0,0.0,5.0,0.0,0.0,0.0,0.0,0.0,0.0,0.0,0.0,0.0,0.0,0.0,0.0,0.0,0.0
142234,2025-08-21,,183319,2025-08-22,Kingsclere,USA,3,u,Qatar Racing Limited,Kitten's Joy (USA),Sweeter Still (IRE),Rock Of Gibraltar (IRE),filly,3.0,0.0,0.0,0.0,0.0,0.0,0.0,0.0,0.0,0.0,3.0,0.0,0.0,0.0,0.0,0.0,0.0,0.0,0.0,0.0,0.0,0.0,0.0,0.0,0.0
142268,2025-08-21,,183319,2025-08-22,Champagnebreakfast,GB,3,bay,E S-O Racing Club And Partner,Churchill (IRE),Gertrude Gray (IRE),Hurricane Run (IRE),filly,3.0,0.0,0.0,0.0,0.0,3.0,0.0,0.0,0.0,0.0,0.0,0.0,0.0,0.0,0.0,0.0,0.0,0.0,0.0,0.0,0.0,0.0,0.0,0.0,0.0
142273,2025-08-21,,183325,2025-08-22,Eternal Blessing,FR,3,bay,Tars Farm Equestrian Stud,Wootton Bassett (UK),To Eternity (UK),Galileo (IRE),filly,4.0,0.0,0.0,2.0,50.0,2.0,0.0,0.0,1.0,50.0,2.0,0.0,0.0,1.0,50.0,0.0,0.0,0.0,0.0,0.0,0.0,0.0,0.0,0.0,0.0
142368,2025-08-21,,183346,2025-08-22,Callisto Dream,IRE,3,bay,The Pistachio Partnership,Kodi Bear (IRE),Starlight Romance (IRE),Excelebration (IRE),filly,5.0,2.0,40.0,0.0,0.0,1.0,0.0,0.0,0.0,0.0,4.0,2.0,50.0,0.0,0.0,0.0,0.0,0.0,0.0,0.0,0.0,0.0,0.0,0.0,0.0
142390,2025-08-21,,183359,2025-08-22,Touted Plan,IRE,3,bay,Gurtinard Stables Syndicate,Advertise. (UK),Privacy Order (UK),Azamour (IRE),filly,6.0,0.0,0.0,1.0,16.67,1.0,0.0,0.0,0.0,0.0,5.0,0.0,0.0,1.0,20.0,0.0,0.0,0.0,0.0,0.0,0.0,0.0,0.0,0.0,0.0
142419,2025-08-21,,183324,2025-08-22,Bint Mohaather,GB,3,bay,Mr Jaber Abdullah,Mohaather (UK),Tanouma (USA),Mr Greeley (USA),filly,3.0,1.0,33.33,1.0,33.33,2.0,1.0,50.0,1.0,50.0,1.0,0.0,0.0,1.0,100.0,0.0,0.0,0.0,0.0,0.0,0.0,0.0,0.0,0.0,0.0
142532,2025-08-21,,183358,2025-08-22,Mississippi River,IRE,3,bay,Derrick Smith & Mrs John Magnier & Michael Tabor & Peter M Brant,Lope De Vega (IRE),Cursory Glance (USA),Distorted Humor (USA),colt,4.0,0.0,0.0,4.0,100.0,0.0,0.0,0.0,0.0,0.0,4.0,0.0,0.0,4.0,100.0,0.0,0.0,0.0,0.0,0.0,0.0,0.0,0.0,0.0,0.0
142558,2025-08-21,,183327,2025-08-22,Iconic Times,GB,3,bay,Caveat Emptor Partnership,Time Test (UK),Quaint (IRE),Dandy Man (IRE),gelding,8.0,2.0,25.0,0.0,0.0,4.0,2.0,50.0,0.0,0.0,4.0,0.0,0.0,0.0,0.0,0.0,0.0,0.0,0.0,0.0,0.0,0.0,0.0,0.0,0.0
142705,2025-08-21,,183355,2025-08-22,Dunbell Diva,IRE,5,bay,Hazel Bambrick,Affinisea (IRE),Loughroe Classic (IRE),Stowaway (UK),filly,,0.0,0.0,0.0,0.0,0.0,0.0,0.0,0.0,0.0,0.0,0.0,0.0,0.0,0.0,0.0,0.0,0.0,0.0,0.0,0.0,0.0,0.0,0.0,0.0
142717,2025-08-21,,183348,2025-08-22,Sea Force,IRE,3,bay,Sheikh Rashid Dalmook Al Maktoum,Sea The Stars (IRE),Pretty Baby (IRE),Orpen (USA),colt,6.0,1.0,16.67,2.0,33.33,0.0,0.0,0.0,0.0,0.0,6.0,1.0,16.67,2.0,33.33,0.0,0.0,0.0,0.0,0.0,0.0,0.0,0.0,0.0,0.0
142743,2025-08-21,,183357,2025-08-22,Mathan,IRE,3,bay,Reeves Thoroughbred Racing & Barry Fowler,Kodiac (UK),Cristal Fashion (IRE),Jeremy (USA),colt,8.0,1.0,12.5,4.0,50.0,0.0,0.0,0.0,0.0,0.0,8.0,1.0,12.5,4.0,50.0,0.0,0.0,0.0,0.0,0.0,0.0,0.0,0.0,0.0,0.0
142761,2025-08-21,,183349,2025-08-22,Awakening,IRE,4,bay,Nathan Rouse,Teofilo (IRE),Duchesse (IRE),Duke Of Marmalade (IRE),filly,6.0,0.0,0.0,0.0,0.0,0.0,0.0,0.0,0.0,0.0,5.0,0.0,0.0,0.0,0.0,0.0,0.0,0.0,0.0,0.0,1.0,0.0,0.0,0.0,0.0
144134,2025-08-21,,183358,2025-08-22,Expanded,IRE,3,bay,"Coolmore, Westerberg & Mrs A M O'Brien",Wootton Bassett (UK),Jigsaw (IRE),Galileo (IRE),colt,4.0,1.0,25.0,1.0,25.0,0.0,0.0,0.0,0.0,0.0,4.0,1.0,25.0,1.0,25.0,0.0,0.0,0.0,0.0,0.0,0.0,0.0,0.0,0.0,0.0
144336,2025-08-21,,183335,2025-08-22,Rajaking,GB,3,bay,The Champagne Poppers,Rajasinghe (IRE),Herringswell (FR),Pour Moi (IRE),gelding,6.0,2.0,33.33,1.0,16.67,1.0,1.0,100.0,0.0,0.0,5.0,1.0,20.0,1.0,20.0,0.0,0.0,0.0,0.0,0.0,0.0,0.0,0.0,0.0,0.0
144378,2025-08-21,,183319,2025-08-22,Step Along,GB,3,grey,Muir Racing Partnership - Deauville,Havana Grey (UK),Step Sister (UK),Twilight Son (UK),filly,9.0,0.0,0.0,1.0,11.11,4.0,0.0,0.0,1.0,25.0,5.0,0.0,0.0,1.0,20.0,0.0,0.0,0.0,0.0,0.0,0.0,0.0,0.0,0.0,0.0
144380,2025-08-21,,183341,2025-08-22,Venezuelan,IRE,3,bay,Teme Valley,Churchill (IRE),Santa Teresa (IRE),Cape Cross (IRE),gelding,7.0,1.0,14.29,3.0,42.86,3.0,0.0,0.0,1.0,33.33,4.0,1.0,25.0,2.0,50.0,0.0,0.0,0.0,0.0,0.0,0.0,0.0,0.0,0.0,0.0
144495,2025-08-21,,183325,2025-08-22,Lieutenant Lily,GB,3,bay,Lilywhite Racing & Stuart Lake,Cracksman (UK),La Pantera (UK),Captain Rio (UK),filly,4.0,0.0,0.0,2.0,50.0,2.0,0.0,0.0,1.0,50.0,2.0,0.0,0.0,1.0,50.0,0.0,0.0,0.0,0.0,0.0,0.0,0.0,0.0,0.0,0.0
144680,2025-08-21,,183322,2025-08-22,Huntly Lodge,GB,4,bay,Mrs Sandra Windus,Coach House (IRE),Talqaa (UK),Exceed and Excel (AUS),gelding,3.0,0.0,0.0,1.0,33.33,1.0,0.0,0.0,1.0,100.0,2.0,0.0,0.0,0.0,0.0,0.0,0.0,0.0,0.0,0.0,0.0,0.0,0.0,0.0,0.0
144764,2025-08-21,,183346,2025-08-22,Wonder Star,GB,3,bay,"Paul & Sally Flatt, Childwickbury Stud",Sea The Stars (IRE),Waldnah (UK),New Approach (IRE),filly,4.0,1.0,25.0,1.0,25.0,0.0,0.0,0.0,0.0,0.0,4.0,1.0,25.0,1.0,25.0,0.0,0.0,0.0,0.0,0.0,0.0,0.0,0.0,0.0,0.0
144793,2025-08-21,,183349,2025-08-22,Kabylia,FR,5,bay,Mrs J M Russell,Muhtathir (UK),Bejaya (FR),Califet (FR),filly,7.0,1.0,14.29,4.0,57.14,0.0,0.0,0.0,0.0,0.0,4.0,1.0,25.0,1.0,25.0,0.0,0.0,0.0,0.0,0.0,3.0,0.0,0.0,3.0,100.0
145001,2025-08-21,,183339,2025-08-22,Swiss Lightning,GB,3,chestnut,Lordship Stud,Night Of Thunder (IRE),Swiss Diva (UK),Pivotal (UK),filly,4.0,1.0,25.0,0.0,0.0,0.0,0.0,0.0,0.0,0.0,4.0,1.0,25.0,0.0,0.0,0.0,0.0,0.0,0.0,0.0,0.0,0.0,0.0,0.0,0.0
145005,2025-08-21,,183346,2025-08-22,Zgharta,IRE,3,bay,Mr Imad Alsagar,Ghaiyyath (IRE),Broadway Duchess (IRE),New Approach (IRE),filly,5.0,1.0,20.0,2.0,40.0,0.0,0.0,0.0,0.0,0.0,5.0,1.0,20.0,2.0,40.0,0.0,0.0,0.0,0.0,0.0,0.0,0.0,0.0,0.0,0.0
145057,2025-08-21,,183340,2025-08-22,Betty Bassett,IRE,3,bay,Andy Bell & Fergus Lyons,Wootton Bassett (UK),Posset (UK),Oasis Dream (UK),filly,7.0,1.0,14.29,0.0,0.0,1.0,0.0,0.0,0.0,0.0,6.0,1.0,16.67,0.0,0.0,0.0,0.0,0.0,0.0,0.0,0.0,0.0,0.0,0.0,0.0
145096,2025-08-21,,183316,2025-08-22,Kentucky River,IRE,3,bay,Mr O R J Sangster,Camelot (UK),Patineuse (IRE),Peintre Celebre (USA),colt,8.0,1.0,12.5,1.0,12.5,3.0,0.0,0.0,1.0,33.33,5.0,1.0,20.0,1.0,20.0,0.0,0.0,0.0,0.0,0.0,0.0,0.0,0.0,0.0,0.0
145126,2025-08-21,,183320,2025-08-22,Stoneacre,IRE,5,bay,Mr R Teatum And Mr P Dixon,Mehmas (IRE),Taraba (IRE),Inchinor (GER),colt,8.0,0.0,0.0,1.0,12.5,7.0,0.0,0.0,1.0,14.29,1.0,0.0,0.0,0.0,0.0,0.0,0.0,0.0,0.0,0.0,0.0,0.0,0.0,0.0,0.0
145220,2025-08-21,,183339,2025-08-22,Cuban Lady,GB,3,bay,Mr Khalifa Dasmal,Havana Grey (UK),Lady Lynetta (IRE),Tamayuz (UK),filly,4.0,1.0,25.0,2.0,50.0,2.0,0.0,0.0,2.0,100.0,2.0,1.0,50.0,0.0,0.0,0.0,0.0,0.0,0.0,0.0,0.0,0.0,0.0,0.0,0.0
145222,2025-08-21,,183350,2025-08-22,Full Confession,IRE,5,bay,D R Kearns,Kingston Hill (UK),Beyond Belief (IRE),Sadler's Wells (USA),gelding,4.0,2.0,50.0,1.0,25.0,1.0,0.0,0.0,0.0,0.0,2.0,2.0,100.0,0.0,0.0,0.0,0.0,0.0,0.0,0.0,1.0,0.0,0.0,1.0,100.0
145320,2025-08-21,,183320,2025-08-22,Ta Craic Ann,IRE,3,chestnut,Mrs Wendy Jarrett & J S Moore,Kessaar (IRE),Crochet (USA),First Defence (USA),gelding,7.0,0.0,0.0,0.0,0.0,4.0,0.0,0.0,0.0,0.0,3.0,0.0,0.0,0.0,0.0,0.0,0.0,0.0,0.0,0.0,0.0,0.0,0.0,0.0,0.0
145396,2025-08-21,,183348,2025-08-22,Teroomm,IRE,3,chestnut,Sheikh Ahmed Al Maktoum,Iffraaj (UK),Salayel (UK),Bated Breath (IRE),colt,6.0,3.0,50.0,1.0,16.67,1.0,0.0,0.0,1.0,100.0,5.0,3.0,60.0,0.0,0.0,0.0,0.0,0.0,0.0,0.0,0.0,0.0,0.0,0.0,0.0
145404,2025-08-21,,183341,2025-08-22,Atlantic Sunset,IRE,3,brown,Crone Stud Farms Ltd,Waldgeist (UK),Green Room (USA),Theatrical (UK),colt,8.0,1.0,12.5,3.0,37.5,4.0,0.0,0.0,2.0,50.0,4.0,1.0,25.0,1.0,25.0,0.0,0.0,0.0,0.0,0.0,0.0,0.0,0.0,0.0,0.0
145409,2025-08-21,,183346,2025-08-22,Cape Flora,GB,3,bay,Lordship Stud & Newsells Park Stud,Kingman (UK),Waldlied (UK),New Approach (IRE),filly,5.0,1.0,20.0,0.0,0.0,2.0,0.0,0.0,0.0,0.0,3.0,1.0,33.33,0.0,0.0,0.0,0.0,0.0,0.0,0.0,0.0,0.0,0.0,0.0,0.0
145757,2025-08-21,,183321,2025-08-22,Beaune,IRE,3,bay,Mr B J Llewellyn,Blue Point. (IRE),Chateau La Fleur (IRE),Frankel (UK),colt,11.0,0.0,0.0,1.0,9.09,6.0,0.0,0.0,0.0,0.0,5.0,0.0,0.0,1.0,20.0,0.0,0.0,0.0,0.0,0.0,0.0,0.0,0.0,0.0,0.0
145774,2025-08-21,,183340,2025-08-22,Arundel,IRE,3,bay,Mrs Edward Dunlop,Make Believe (UK),Carol (IRE),Acclamation (UK),colt,8.0,1.0,12.5,4.0,50.0,3.0,0.0,0.0,0.0,0.0,5.0,1.0,20.0,4.0,80.0,0.0,0.0,0.0,0.0,0.0,0.0,0.0,0.0,0.0,0.0
145842,2025-08-21,,183320,2025-08-22,Rebel Cove,IRE,4,bay,Mr C E Weare,Ribchester (IRE),Siren's Cove (UK),Sir Percy (UK),filly,8.0,0.0,0.0,1.0,12.5,4.0,0.0,0.0,1.0,25.0,4.0,0.0,0.0,1.0,25.0,0.0,0.0,0.0,0.0,0.0,0.0,0.0,0.0,0.0,0.0
145991,2025-08-21,,183353,2025-08-22,Captain Kate,IRE,6,bay,No Name Flyers Syndicate,Libertarian (UK),Googlers Garden (IRE),King's Theatre (IRE),mare,10.0,0.0,0.0,1.0,10.0,0.0,0.0,0.0,0.0,0.0,0.0,0.0,0.0,0.0,0.0,1.0,0.0,0.0,0.0,0.0,9.0,0.0,0.0,1.0,11.11
146024,2025-08-21,,183352,2025-08-22,Quantum Quest,IRE,5,bay,Simon Munir & Isaac Souede,Idaho (IRE),Blackwater Mist (IRE),Scorpion (IRE),gelding,4.0,0.0,0.0,1.0,25.0,0.0,0.0,0.0,0.0,0.0,0.0,0.0,0.0,0.0,0.0,0.0,0.0,0.0,0.0,0.0,4.0,0.0,0.0,1.0,25.0
146157,2025-08-21,,183325,2025-08-22,Sound Janet,GB,3,bay,Mr Yuichi Masuda,Nathaniel (IRE),Sound Paradise (JPN),Workforce (UNR),filly,3.0,0.0,0.0,2.0,66.67,2.0,0.0,0.0,2.0,100.0,1.0,0.0,0.0,0.0,0.0,0.0,0.0,0.0,0.0,0.0,0.0,0.0,0.0,0.0,0.0
146219,2025-08-21,,183360,2025-08-22,Autumn Twist,IRE,4,bay,Katie & Brian Castle,Golden Horn (UK),Autumn Lily (USA),Street Cry (IRE),gelding,11.0,3.0,27.27,3.0,27.27,1.0,0.0,0.0,0.0,0.0,2.0,1.0,50.0,0.0,0.0,0.0,0.0,0.0,0.0,0.0,8.0,2.0,25.0,3.0,37.5
146232,2025-08-21,,183351,2025-08-22,Hudson,FR,4,grey,Mrs Catherine Holden,Intello (GER),Armoricaine (UK),Kendargent (FR),gelding,4.0,0.0,0.0,1.0,25.0,0.0,0.0,0.0,0.0,0.0,1.0,0.0,0.0,0.0,0.0,0.0,0.0,0.0,0.0,0.0,3.0,0.0,0.0,1.0,33.33
146418,2025-08-21,,183353,2025-08-22,Tennesse Boy,IRE,6,bay,David Cotter,Pillar Coral (UK),Marie's Guest (IRE),Intikhab (USA),gelding,7.0,0.0,0.0,0.0,0.0,0.0,0.0,0.0,0.0,0.0,0.0,0.0,0.0,0.0,0.0,0.0,0.0,0.0,0.0,0.0,7.0,0.0,0.0,0.0,0.0
146501,2025-08-21,,183350,2025-08-22,Costacurta,IRE,5,bay,Colm Browne,Milan (UK),Five Of Spades (IRE),Presenting (UK),gelding,2.0,1.0,50.0,1.0,50.0,0.0,0.0,0.0,0.0,0.0,0.0,0.0,0.0,0.0,0.0,0.0,0.0,0.0,0.0,0.0,2.0,1.0,50.0,1.0,50.0
146753,2025-08-21,,183348,2025-08-22,Miami Matrix,IRE,3,bay,Amicita,Invincible Spirit (IRE),Duchess Of Danzig (GER),Sea The Stars (IRE),colt,7.0,3.0,42.86,2.0,28.57,3.0,1.0,33.33,2.0,66.67,4.0,2.0,50.0,0.0,0.0,0.0,0.0,0.0,0.0,0.0,0.0,0.0,0.0,0.0,0.0
146792,2025-08-21,,183324,2025-08-22,Champagne On Ice,IRE,3,chestnut,Mrs J Magnier & Mrs P Shanahan,No Nay Never (USA),Hazakiyra (IRE),Camelot (UK),filly,3.0,0.0,0.0,2.0,66.67,3.0,0.0,0.0,2.0,66.67,0.0,0.0,0.0,0.0,0.0,0.0,0.0,0.0,0.0,0.0,0.0,0.0,0.0,0.0,0.0
147027,2025-08-21,,183330,2025-08-22,Si Solus,IRE,4,bay,N Sowerby Moynihan Patterson &Partners,Soldier Hollow (UK),Si Luna (GER),Kallisto (GER),gelding,2.0,0.0,0.0,2.0,100.0,2.0,0.0,0.0,2.0,100.0,0.0,0.0,0.0,0.0,0.0,0.0,0.0,0.0,0.0,0.0,0.0,0.0,0.0,0.0,0.0
147091,2025-08-21,,183325,2025-08-22,Sibling Rivelry,GB,3,bay,The Future,Lightning Spear (UK),Aliyana (IRE),Iffraaj (UK),filly,2.0,1.0,50.0,0.0,0.0,2.0,1.0,50.0,0.0,0.0,0.0,0.0,0.0,0.0,0.0,0.0,0.0,0.0,0.0,0.0,0.0,0.0,0.0,0.0,0.0
147201,2025-08-21,,183332,2025-08-22,Far Above Dream,IRE,3,bay,Mr Gordon Mcdowall,Far Above (IRE),Silk Slippers (UK),Oasis Dream (UK),gelding,6.0,1.0,16.67,1.0,16.67,1.0,0.0,0.0,0.0,0.0,5.0,1.0,20.0,1.0,20.0,0.0,0.0,0.0,0.0,0.0,0.0,0.0,0.0,0.0,0.0
147215,2025-08-21,,183348,2025-08-22,Fearnot,IRE,3,bay,Mr J Goddard,Invincible Spirit (IRE),Alsindi (IRE),Acclamation (UK),colt,6.0,3.0,50.0,3.0,50.0,2.0,1.0,50.0,1.0,50.0,4.0,2.0,50.0,2.0,50.0,0.0,0.0,0.0,0.0,0.0,0.0,0.0,0.0,0.0,0.0
147391,2025-08-21,,183353,2025-08-22,Long Road,IRE,6,bay,Kathy's Crew Syndicate,Califet (FR),Popalong (IRE),Luso (UK),gelding,4.0,0.0,0.0,1.0,25.0,0.0,0.0,0.0,0.0,0.0,0.0,0.0,0.0,0.0,0.0,4.0,0.0,0.0,1.0,25.0,0.0,0.0,0.0,0.0,0.0
147433,2025-08-21,,183362,2025-08-22,He Who Dares,IRE,4,bay,S Curling,Harzand (IRE),In The House (IRE),Montjeu (IRE),gelding,5.0,0.0,0.0,0.0,0.0,0.0,0.0,0.0,0.0,0.0,2.0,0.0,0.0,0.0,0.0,0.0,0.0,0.0,0.0,0.0,3.0,0.0,0.0,0.0,0.0
147499,2025-08-21,,183361,2025-08-22,Wertpol,IRE,3,g,Jp Murtagh Racing,Kodi Bear (IRE),Exoptable (UK),Dark Angel (IRE),gelding,4.0,0.0,0.0,1.0,25.0,0.0,0.0,0.0,0.0,0.0,4.0,0.0,0.0,1.0,25.0,0.0,0.0,0.0,0.0,0.0,0.0,0.0,0.0,0.0,0.0
147529,2025-08-21,,183325,2025-08-22,Camtank,GB,3,bay,Mr Lee Yuk Lun Alan,Camelot (UK),Janey Muddles (IRE),Lawman (FR),filly,3.0,1.0,33.33,0.0,0.0,1.0,0.0,0.0,0.0,0.0,2.0,1.0,50.0,0.0,0.0,0.0,0.0,0.0,0.0,0.0,0.0,0.0,0.0,0.0,0.0
147996,2025-08-21,,183340,2025-08-22,Huggable,GB,3,bay,Bloomsbury Stud,Cityscape (UK),Schmoozie (IRE),Zoffany (IRE),filly,4.0,0.0,0.0,0.0,0.0,1.0,0.0,0.0,0.0,0.0,3.0,0.0,0.0,0.0,0.0,0.0,0.0,0.0,0.0,0.0,0.0,0.0,0.0,0.0,0.0
148032,2025-08-21,,183345,2025-08-22,Lady Iman,IRE,2,bay,Mrs A F O'Callaghan,Starman (UK),Lady Aria (UK),Kodiac (UK),filly,5.0,4.0,80.0,1.0,20.0,1.0,1.0,100.0,0.0,0.0,4.0,3.0,75.0,1.0,25.0,0.0,0.0,0.0,0.0,0.0,0.0,0.0,0.0,0.0,0.0
148575,2025-08-21,,183325,2025-08-22,Cecilia Star,IRE,3,bay,Elb Bloodstock Ltd & Mr M Fitzpatrick,Sea The Stars (IRE),Bridge Royal Game (UK),Royal Applause (UK),filly,2.0,1.0,50.0,0.0,0.0,1.0,1.0,100.0,0.0,0.0,1.0,0.0,0.0,0.0,0.0,0.0,0.0,0.0,0.0,0.0,0.0,0.0,0.0,0.0,0.0
149886,2025-08-21,,183329,2025-08-22,Pomme Pomme,IRE,3,bay,Insignia Racing I,Coulsty (IRE),Apple Anni (IRE),Fast Company (IRE),filly,10.0,5.0,50.0,0.0,0.0,2.0,1.0,50.0,0.0,0.0,8.0,4.0,50.0,0.0,0.0,0.0,0.0,0.0,0.0,0.0,0.0,0.0,0.0,0.0,0.0
151867,2025-08-21,,183324,2025-08-22,Noche Clasica,IRE,3,bay,The Rogues Gallery,Night Of Thunder (IRE),Isabel De Urbina (IRE),Lope De Vega (IRE),filly,3.0,1.0,33.33,0.0,0.0,1.0,0.0,0.0,0.0,0.0,2.0,1.0,50.0,0.0,0.0,0.0,0.0,0.0,0.0,0.0,0.0,0.0,0.0,0.0,0.0
151955,2025-08-21,,183356,2025-08-22,Extravagant,IRE,2,brown,"D Smith,Mrs J Magnier,M Tabor,Westerberg",Wootton Bassett (UK),Strawberry Fledge (USA),Kingmambo (USA),colt,3.0,0.0,0.0,2.0,66.67,0.0,0.0,0.0,0.0,0.0,3.0,0.0,0.0,2.0,66.67,0.0,0.0,0.0,0.0,0.0,0.0,0.0,0.0,0.0,0.0
151956,2025-08-21,,183347,2025-08-22,Frescobaldi,IRE,2,bay,Mrs J Magnier/M Tabor/D Smith/Westerbe,No Nay Never (USA),Kodiva (IRE),Kodiac (UK),colt,2.0,0.0,0.0,1.0,50.0,0.0,0.0,0.0,0.0,0.0,2.0,0.0,0.0,1.0,50.0,0.0,0.0,0.0,0.0,0.0,0.0,0.0,0.0,0.0,0.0
151973,2025-08-21,,183348,2025-08-22,Montpellier,GB,3,bay,Miss Annabel Neasham,Wootton Bassett (UK),Mabs Cross (UK),Dutch Art (UK),gelding,4.0,2.0,50.0,2.0,50.0,0.0,0.0,0.0,0.0,0.0,4.0,2.0,50.0,2.0,50.0,0.0,0.0,0.0,0.0,0.0,0.0,0.0,0.0,0.0,0.0
151978,2025-08-21,,183348,2025-08-22,Point Of Contact,IRE,3,bay,Mr Saeed Suhail,Blue Point. (IRE),Allegrezza (UK),Sir Percy (UK),colt,,0.0,0.0,0.0,0.0,0.0,0.0,0.0,0.0,0.0,0.0,0.0,0.0,0.0,0.0,0.0,0.0,0.0,0.0,0.0,0.0,0.0,0.0,0.0,0.0
152038,2025-08-21,,183336,2025-08-22,Elmonjed,IRE,4,bay,Shadwell Estate Company Ltd,Blue Point. (IRE),Naafer (UK),Oasis Dream (UK),gelding,,0.0,0.0,0.0,0.0,0.0,0.0,0.0,0.0,0.0,0.0,0.0,0.0,0.0,0.0,0.0,0.0,0.0,0.0,0.0,0.0,0.0,0.0,0.0,0.0
152089,2025-08-21,,183329,2025-08-22,Seren Star,IRE,3,chestnut,Serendipity,Profitable (IRE),Seren Devious (UK),Dr Devious (IRE),filly,3.0,1.0,33.33,0.0,0.0,0.0,0.0,0.0,0.0,0.0,3.0,1.0,33.33,0.0,0.0,0.0,0.0,0.0,0.0,0.0,0.0,0.0,0.0,0.0,0.0
152149,2025-08-21,,183361,2025-08-22,Bear Creek,GB,3,bay,Cheeky Pups Syndicate,Sottsass (FR),Sarvana (FR),Dubai Destination (USA),colt,7.0,1.0,14.29,2.0,28.57,0.0,0.0,0.0,0.0,0.0,7.0,1.0,14.29,2.0,28.57,0.0,0.0,0.0,0.0,0.0,0.0,0.0,0.0,0.0,0.0
152150,2025-08-21,,183358,2025-08-22,Ben Lawers,GB,3,chestnut,Miss Kate Harrington,Siyouni (FR),Blond Me (IRE),Tamayuz (UK),colt,3.0,0.0,0.0,2.0,66.67,0.0,0.0,0.0,0.0,0.0,3.0,0.0,0.0,2.0,66.67,0.0,0.0,0.0,0.0,0.0,0.0,0.0,0.0,0.0,0.0
152153,2025-08-21,,183357,2025-08-22,Collecting Coin,GB,3,bay,Mrs P K Cooper,Lope De Vega (IRE),Mighty Spirit (IRE),Acclamation (UK),colt,3.0,1.0,33.33,2.0,66.67,0.0,0.0,0.0,0.0,0.0,3.0,1.0,33.33,2.0,66.67,0.0,0.0,0.0,0.0,0.0,0.0,0.0,0.0,0.0,0.0
152162,2025-08-21,,183360,2025-08-22,Kilmeaden,IRE,3,bay,M & T Wachman/C Shanahan/Magnier/Tabor,Galileo (IRE),Aegean Girl (IRE),Henrythenavigator (USA),colt,5.0,1.0,20.0,2.0,40.0,0.0,0.0,0.0,0.0,0.0,5.0,1.0,20.0,2.0,40.0,0.0,0.0,0.0,0.0,0.0,0.0,0.0,0.0,0.0,0.0
152403,2025-08-21,,183359,2025-08-22,Senti Qua,IRE,3,g,Charlie Bit Me Syndicate,Sumbal (IRE),Rare Symphony (IRE),Pastoral Pursuits (UK),filly,5.0,0.0,0.0,1.0,20.0,1.0,0.0,0.0,1.0,100.0,4.0,0.0,0.0,0.0,0.0,0.0,0.0,0.0,0.0,0.0,0.0,0.0,0.0,0.0,0.0
152422,2025-08-21,,183356,2025-08-22,Clarity of Thought,GB,2,bay,Barry Fowler & J Palmer-Brown,Mehmas (IRE),Lady Heidi (UK),High Chaparral (IRE),colt,3.0,0.0,0.0,0.0,0.0,0.0,0.0,0.0,0.0,0.0,3.0,0.0,0.0,0.0,0.0,0.0,0.0,0.0,0.0,0.0,0.0,0.0,0.0,0.0,0.0
152493,2025-08-21,,183356,2025-08-22,Quinns Charm,IRE,2,bay,F A Mcnulty,Cracksman (UK),No War (USA),War Front (USA),filly,3.0,0.0,0.0,0.0,0.0,0.0,0.0,0.0,0.0,0.0,3.0,0.0,0.0,0.0,0.0,0.0,0.0,0.0,0.0,0.0,0.0,0.0,0.0,0.0,0.0
152606,2025-08-21,,183344,2025-08-22,Irish Fighter,IRE,2,bay,Mr Ali Salman,Profitable (IRE),Sophistry (UK),Make Believe (UK),colt,4.0,1.0,25.0,1.0,25.0,1.0,0.0,0.0,1.0,100.0,3.0,1.0,33.33,0.0,0.0,0.0,0.0,0.0,0.0,0.0,0.0,0.0,0.0,0.0,0.0
152685,2025-08-21,,183345,2025-08-22,Spicy Marg,GB,2,bay,Elb Bloodstock Ltd,Starspangledbanner (AUS),Main Desire (IRE),High Chaparral (IRE),filly,4.0,2.0,50.0,0.0,0.0,0.0,0.0,0.0,0.0,0.0,4.0,2.0,50.0,0.0,0.0,0.0,0.0,0.0,0.0,0.0,0.0,0.0,0.0,0.0,0.0
152758,2025-08-21,,183321,2025-08-22,Saachi,IRE,4,bay,Newmarket Racing Club Hqv,Advertise. (UK),Beautiful Gesture (UK),Shamardal (USA),gelding,,0.0,0.0,0.0,0.0,0.0,0.0,0.0,0.0,0.0,0.0,0.0,0.0,0.0,0.0,0.0,0.0,0.0,0.0,0.0,0.0,0.0,0.0,0.0,0.0
152787,2025-08-21,,183335,2025-08-22,Thunder Blue,GB,4,bay,Barratt Racing,Blue Point. (IRE),Kodyanna (IRE),Kodiac (UK),gelding,,0.0,0.0,0.0,0.0,0.0,0.0,0.0,0.0,0.0,0.0,0.0,0.0,0.0,0.0,0.0,0.0,0.0,0.0,0.0,0.0,0.0,0.0,0.0,0.0
152814,2025-08-21,,183348,2025-08-22,Supido,FR,3,bay,"Bell, Lyons & James",Blue Point. (IRE),Zanyeva (IRE),Oasis Dream (UK),gelding,3.0,0.0,0.0,0.0,0.0,0.0,0.0,0.0,0.0,0.0,3.0,0.0,0.0,0.0,0.0,0.0,0.0,0.0,0.0,0.0,0.0,0.0,0.0,0.0,0.0
153054,2025-08-21,,183344,2025-08-22,Comical Point,IRE,2,bay,Mr Saeed Suhail,Blue Point (IRE),Dandy's Beano (IRE),Dandy Man (IRE),colt,3.0,1.0,33.33,0.0,0.0,0.0,0.0,0.0,0.0,0.0,3.0,1.0,33.33,0.0,0.0,0.0,0.0,0.0,0.0,0.0,0.0,0.0,0.0,0.0,0.0
153103,2025-08-21,,183344,2025-08-22,Do Or Do Not,IRE,2,bay,Tbt Racing,Space Blues (IRE),Dettoria (UK),Declaration Of War (USA),colt,5.0,0.0,0.0,4.0,80.0,0.0,0.0,0.0,0.0,0.0,5.0,0.0,0.0,4.0,80.0,0.0,0.0,0.0,0.0,0.0,0.0,0.0,0.0,0.0,0.0
153176,2025-08-21,,183356,2025-08-22,Invincible Will,IRE,2,bay,Andrew & William Treacy Partnership,Invincible Army (IRE),Lady Nancy (IRE),Zoffany (IRE),colt,4.0,0.0,0.0,2.0,50.0,0.0,0.0,0.0,0.0,0.0,4.0,0.0,0.0,2.0,50.0,0.0,0.0,0.0,0.0,0.0,0.0,0.0,0.0,0.0,0.0
153348,2025-08-21,,183346,2025-08-22,Brielle,GB,3,bay,Elwick Stud,Almanzor (FR),Craic Agus Spraoi (IRE),Intense Focus (USA),filly,3.0,1.0,33.33,1.0,33.33,0.0,0.0,0.0,0.0,0.0,3.0,1.0,33.33,1.0,33.33,0.0,0.0,0.0,0.0,0.0,0.0,0.0,0.0,0.0,0.0
153358,2025-08-21,,183356,2025-08-22,Femme Beauty,IRE,2,bay,David K Kelly,Ghaiyyath (IRE),La Femme (IRE),Cape Cross (IRE),filly,5.0,0.0,0.0,0.0,0.0,0.0,0.0,0.0,0.0,0.0,5.0,0.0,0.0,0.0,0.0,0.0,0.0,0.0,0.0,0.0,0.0,0.0,0.0,0.0,0.0
153388,2025-08-21,,183356,2025-08-22,Sara La Belle,IRE,2,bay,Jack Nagle,Coulsty (IRE),Whistling Straits (FR),Dalakhani (IRE),filly,4.0,0.0,0.0,0.0,0.0,0.0,0.0,0.0,0.0,0.0,4.0,0.0,0.0,0.0,0.0,0.0,0.0,0.0,0.0,0.0,0.0,0.0,0.0,0.0,0.0
153425,2025-08-21,,183345,2025-08-22,Mgheera,GB,5,bay,Lord Lloyd Webber And Arthur Mitchell,Zoustar (AUS),Blue Aegean (UK),Invincible Spirit (IRE),mare,2.0,1.0,50.0,1.0,50.0,0.0,0.0,0.0,0.0,0.0,2.0,1.0,50.0,1.0,50.0,0.0,0.0,0.0,0.0,0.0,0.0,0.0,0.0,0.0,0.0
153426,2025-08-21,,183347,2025-08-22,Naval Light,GB,2,bay,Wathnan Racing,Havana Grey (UK),Ventura Jazz (UK),Dandy Man (IRE),colt,3.0,0.0,0.0,2.0,66.67,0.0,0.0,0.0,0.0,0.0,3.0,0.0,0.0,2.0,66.67,0.0,0.0,0.0,0.0,0.0,0.0,0.0,0.0,0.0,0.0
153480,2025-08-21,,183348,2025-08-22,Big Leader,IRE,3,bay,Bond Thoroughbred Limited,Mehmas (IRE),Taste The Salt (IRE),Born To Sea (IRE),gelding,3.0,3.0,100.0,0.0,0.0,1.0,1.0,100.0,0.0,0.0,2.0,2.0,100.0,0.0,0.0,0.0,0.0,0.0,0.0,0.0,0.0,0.0,0.0,0.0,0.0
153525,2025-08-21,,183344,2025-08-22,Egoli,GB,2,bay,Cayton Park Stud Limited,No Nay Never (USA),Solar Gold (IRE),Sea The Stars (IRE),colt,4.0,2.0,50.0,0.0,0.0,0.0,0.0,0.0,0.0,0.0,4.0,2.0,50.0,0.0,0.0,0.0,0.0,0.0,0.0,0.0,0.0,0.0,0.0,0.0,0.0
153560,2025-08-21,,183344,2025-08-22,Rock On Thunder,IRE,2,bay,Sheikh Mohammed Obaid Al Maktoum,Night Of Thunder (IRE),Boston Rocker (IRE),Acclamation (UK),colt,3.0,1.0,33.33,1.0,33.33,0.0,0.0,0.0,0.0,0.0,3.0,1.0,33.33,1.0,33.33,0.0,0.0,0.0,0.0,0.0,0.0,0.0,0.0,0.0,0.0
153640,2025-08-21,,183329,2025-08-22,Storm On Jura,GB,3,bay,Summerstorm Bloodstock Ltd,Golden Horn (UK),Padmavati (UK),New Approach (IRE),filly,3.0,0.0,0.0,0.0,0.0,0.0,0.0,0.0,0.0,0.0,3.0,0.0,0.0,0.0,0.0,0.0,0.0,0.0,0.0,0.0,0.0,0.0,0.0,0.0,0.0
153645,2025-08-21,,183330,2025-08-22,Tiernan,IRE,3,bay,The Farming Army,Dubawi (IRE),Jollify (IRE),Manduro (GER),gelding,3.0,0.0,0.0,0.0,0.0,0.0,0.0,0.0,0.0,0.0,3.0,0.0,0.0,0.0,0.0,0.0,0.0,0.0,0.0,0.0,0.0,0.0,0.0,0.0,0.0
153671,2025-08-21,,183317,2025-08-22,Must Be Ten,IRE,2,bay,The Ten Club,Ten Sovereigns (IRE),Itmusthavebeenlove (IRE),Galileo (IRE),colt,1.0,0.0,0.0,1.0,100.0,0.0,0.0,0.0,0.0,0.0,1.0,0.0,0.0,1.0,100.0,0.0,0.0,0.0,0.0,0.0,0.0,0.0,0.0,0.0,0.0
153694,2025-08-21,,183349,2025-08-22,Eye Of A Tiger,IRE,5,bay,John Patrick Ryan,Lauro (GER),Good Times Had (IRE),Olden Times (UNR),mare,4.0,0.0,0.0,3.0,75.0,0.0,0.0,0.0,0.0,0.0,0.0,0.0,0.0,0.0,0.0,0.0,0.0,0.0,0.0,0.0,4.0,0.0,0.0,3.0,75.0
153799,2025-08-21,,183317,2025-08-22,Magnatura,IRE,2,bay,Whitehouse Stable Syndicate,Magna Grecia (IRE),Morning Line (FR),Anabaa (USA),gelding,2.0,1.0,50.0,0.0,0.0,1.0,1.0,100.0,0.0,0.0,1.0,0.0,0.0,0.0,0.0,0.0,0.0,0.0,0.0,0.0,0.0,0.0,0.0,0.0,0.0
153844,2025-08-21,,183344,2025-08-22,Reciprocated,GB,2,grey,Sheikh Mohammed Obaid Al Maktoum,Havana Grey (UK),Radio Gaga (UK),Multiplex (UK),colt,3.0,2.0,66.67,0.0,0.0,0.0,0.0,0.0,0.0,0.0,3.0,2.0,66.67,0.0,0.0,0.0,0.0,0.0,0.0,0.0,0.0,0.0,0.0,0.0,0.0
153856,2025-08-21,,183356,2025-08-22,The Holy Apostle,IRE,2,bay,Martin Hayes & Peter Slezak,Waldgeist (UK),Enchanted Empress (IRE),Holy Roman Emperor (IRE),colt,3.0,0.0,0.0,0.0,0.0,0.0,0.0,0.0,0.0,0.0,3.0,0.0,0.0,0.0,0.0,0.0,0.0,0.0,0.0,0.0,0.0,0.0,0.0,0.0,0.0
153906,2025-08-21,,183355,2025-08-22,Groucho Max,IRE,5,bay,J P Walsh,Lauro (GER),Knockshee (IRE),Winged Love (IRE),gelding,1.0,0.0,0.0,0.0,0.0,0.0,0.0,0.0,0.0,0.0,1.0,0.0,0.0,0.0,0.0,0.0,0.0,0.0,0.0,0.0,0.0,0.0,0.0,0.0,0.0
153954,2025-08-21,,183351,2025-08-22,Liceo,FR,5,brown,Martin Leonard O'Hanlon,Almanzor (FR),Totem (USA),Mizzen Mast (USA),gelding,3.0,0.0,0.0,0.0,0.0,0.0,0.0,0.0,0.0,0.0,1.0,0.0,0.0,0.0,0.0,0.0,0.0,0.0,0.0,0.0,2.0,0.0,0.0,0.0,0.0
153969,2025-08-21,,183321,2025-08-22,Rogue Justice,GB,3,bay,The Rogues Gallery,Calyx (UK),Bearberry (IRE),Kodiac (UK),gelding,3.0,0.0,0.0,1.0,33.33,0.0,0.0,0.0,0.0,0.0,3.0,0.0,0.0,1.0,33.33,0.0,0.0,0.0,0.0,0.0,0.0,0.0,0.0,0.0,0.0
153977,2025-08-21,,183328,2025-08-22,What A Racket,IRE,2,bay,Lamont Racing,Sioux Nation (USA),Temeraire (FR),Mount Nelson (UK),filly,1.0,0.0,0.0,0.0,0.0,0.0,0.0,0.0,0.0,0.0,1.0,0.0,0.0,0.0,0.0,0.0,0.0,0.0,0.0,0.0,0.0,0.0,0.0,0.0,0.0
154000,2025-08-21,,183323,2025-08-22,Country Artiste,IRE,2,bay,Teme Valley,Supremacy (IRE),Southern Gal (USA),Scat Daddy (USA),filly,4.0,0.0,0.0,2.0,50.0,0.0,0.0,0.0,0.0,0.0,4.0,0.0,0.0,2.0,50.0,0.0,0.0,0.0,0.0,0.0,0.0,0.0,0.0,0.0,0.0
154078,2025-08-21,,183356,2025-08-22,Bellamano,IRE,2,bay,Mark Ormiston & Barry Ormiston,Lucky Vega (IRE),Set Dreams (FR),Galileo (IRE),filly,3.0,0.0,0.0,2.0,66.67,0.0,0.0,0.0,0.0,0.0,3.0,0.0,0.0,2.0,66.67,0.0,0.0,0.0,0.0,0.0,0.0,0.0,0.0,0.0,0.0
154098,2025-08-21,,183347,2025-08-22,New Monarch,IRE,2,bay,Teme Valley,Acclamation (UK),Crown Light (UK),Zamindar (USA),colt,2.0,0.0,0.0,2.0,100.0,0.0,0.0,0.0,0.0,0.0,2.0,0.0,0.0,2.0,100.0,0.0,0.0,0.0,0.0,0.0,0.0,0.0,0.0,0.0,0.0
154125,2025-08-21,,183356,2025-08-22,Down The Glen,IRE,2,g,Anna Mary Kehoe,Gleneagles (IRE),Annie B (IRE),Dark Angel (IRE),colt,3.0,0.0,0.0,0.0,0.0,0.0,0.0,0.0,0.0,0.0,3.0,0.0,0.0,0.0,0.0,0.0,0.0,0.0,0.0,0.0,0.0,0.0,0.0,0.0,0.0
154199,2025-08-21,,183349,2025-08-22,Beir Bua,IRE,4,bay,Kenneth Keogh,Berkshire (IRE),Salou Blues (IRE),Moscow Society (USA),filly,,0.0,0.0,0.0,0.0,0.0,0.0,0.0,0.0,0.0,0.0,0.0,0.0,0.0,0.0,0.0,0.0,0.0,0.0,0.0,0.0,0.0,0.0,0.0,0.0
154311,2025-08-21,,183356,2025-08-22,Farabove The Limit,IRE,2,bay,Sapphire Racing,Far Above (IRE),Ivor's Magic (IRE),Zebedee (UK),colt,3.0,0.0,0.0,0.0,0.0,0.0,0.0,0.0,0.0,0.0,3.0,0.0,0.0,0.0,0.0,0.0,0.0,0.0,0.0,0.0,0.0,0.0,0.0,0.0,0.0
154385,2025-08-21,,183320,2025-08-22,Hampson Green,GB,3,chestnut,Mr & Mrs G Middlebrook,Ribchester (IRE),Tappity Tap (UK),Leroidesanimaux (BRZ),gelding,3.0,0.0,0.0,0.0,0.0,0.0,0.0,0.0,0.0,0.0,3.0,0.0,0.0,0.0,0.0,0.0,0.0,0.0,0.0,0.0,0.0,0.0,0.0,0.0,0.0
154486,2025-08-21,,183358,2025-08-22,Barbizon,IRE,3,bay,Hewins Hoare Partnership,King Of Change (UK),Mahsooba (USA),Hard Spun (USA),gelding,2.0,1.0,50.0,0.0,0.0,0.0,0.0,0.0,0.0,0.0,2.0,1.0,50.0,0.0,0.0,0.0,0.0,0.0,0.0,0.0,0.0,0.0,0.0,0.0,0.0
154510,2025-08-21,,183358,2025-08-22,Queen Of The Bogs,IRE,3,bay,Mrs Olivia Hoare,Lope De Vega (IRE),Nkosikazi (UK),Cape Cross (IRE),filly,2.0,1.0,50.0,0.0,0.0,0.0,0.0,0.0,0.0,0.0,2.0,1.0,50.0,0.0,0.0,0.0,0.0,0.0,0.0,0.0,0.0,0.0,0.0,0.0,0.0
154567,2025-08-21,,183344,2025-08-22,Yorkshire Puds,IRE,2,bay,Rp Racing Ltd,Mehmas (IRE),Puds (UK),Bated Breath (UK),colt,2.0,0.0,0.0,1.0,50.0,0.0,0.0,0.0,0.0,0.0,2.0,0.0,0.0,1.0,50.0,0.0,0.0,0.0,0.0,0.0,0.0,0.0,0.0,0.0,0.0
154610,2025-08-21,,183350,2025-08-22,Ebony King,IRE,4,bay,Ladies Choice Partnership,Berkshire (IRE),Une Lavandiere (FR),Laveron (UK),gelding,2.0,2.0,100.0,0.0,0.0,0.0,0.0,0.0,0.0,0.0,1.0,1.0,100.0,0.0,0.0,0.0,0.0,0.0,0.0,0.0,1.0,1.0,100.0,0.0,0.0
154624,2025-08-21,,183349,2025-08-22,King Bob,IRE,4,bay,Kathy's Crew Syndicate,Irish Wells (FR),Dark Moon (FR),Lesotho (USA),gelding,2.0,0.0,0.0,0.0,0.0,0.0,0.0,0.0,0.0,0.0,1.0,0.0,0.0,0.0,0.0,0.0,0.0,0.0,0.0,0.0,1.0,0.0,0.0,0.0,0.0
154668,2025-08-21,,183347,2025-08-22,Isle of Fernandez,GB,2,bay,Bearstone Stud Limited,Lope Y Fernandez (IRE),Romany Gypsy (UK),Indesatchel (IRE),filly,2.0,0.0,0.0,1.0,50.0,0.0,0.0,0.0,0.0,0.0,2.0,0.0,0.0,1.0,50.0,0.0,0.0,0.0,0.0,0.0,0.0,0.0,0.0,0.0,0.0
154674,2025-08-21,,183352,2025-08-22,Mighty Berkshire,IRE,5,bay,Mrs B Queally,Berkshire (IRE),Turbo Flight (UK),Black Sam Bellamy (IRE),gelding,2.0,0.0,0.0,0.0,0.0,0.0,0.0,0.0,0.0,0.0,0.0,0.0,0.0,0.0,0.0,0.0,0.0,0.0,0.0,0.0,2.0,0.0,0.0,0.0,0.0
154700,2025-08-21,,183347,2025-08-22,Explosive Finnish,GB,2,chestnut,Mrs L A Smith,Pinatubo (IRE),Farnham (UK),Farhh (UK),colt,1.0,0.0,0.0,0.0,0.0,0.0,0.0,0.0,0.0,0.0,1.0,0.0,0.0,0.0,0.0,0.0,0.0,0.0,0.0,0.0,0.0,0.0,0.0,0.0,0.0
154728,2025-08-21,,183349,2025-08-22,Butch Coolidge,IRE,5,bay,John P Bowe,Walk In The Park (IRE),Solerina (IRE),Toulon (UK),gelding,2.0,0.0,0.0,0.0,0.0,0.0,0.0,0.0,0.0,0.0,1.0,0.0,0.0,0.0,0.0,0.0,0.0,0.0,0.0,0.0,1.0,0.0,0.0,0.0,0.0
154859,2025-08-21,,183317,2025-08-22,Lost Signal,IRE,2,chestnut,Mr Zhang Yuesheng,Lucky Vega (IRE),Smile At Me (IRE),Galileo (IRE),colt,2.0,1.0,50.0,1.0,50.0,0.0,0.0,0.0,0.0,0.0,2.0,1.0,50.0,1.0,50.0,0.0,0.0,0.0,0.0,0.0,0.0,0.0,0.0,0.0,0.0
154934,2025-08-21,,183338,2025-08-22,Akrivos,IRE,2,bay,Mr M Shiacolas,Blue Point (IRE),River Rock (IRE),Fastnet Rock (AUS),gelding,1.0,0.0,0.0,0.0,0.0,0.0,0.0,0.0,0.0,0.0,1.0,0.0,0.0,0.0,0.0,0.0,0.0,0.0,0.0,0.0,0.0,0.0,0.0,0.0,0.0
154936,2025-08-21,,183347,2025-08-22,Bond,GB,2,g,Bond Thoroughbred Limited,Too Darn Hot (UK),Dellaguista (IRE),Sea The Stars (IRE),colt,1.0,0.0,0.0,0.0,0.0,0.0,0.0,0.0,0.0,0.0,1.0,0.0,0.0,0.0,0.0,0.0,0.0,0.0,0.0,0.0,0.0,0.0,0.0,0.0,0.0
155000,2025-08-21,,183352,2025-08-22,Krishna Bellevue,FR,5,g,Glennon Clan Syndicate,Buck's Boum (FR),Summer Du Berlais (FR),Poliglote (UK),gelding,2.0,0.0,0.0,0.0,0.0,0.0,0.0,0.0,0.0,0.0,0.0,0.0,0.0,0.0,0.0,0.0,0.0,0.0,0.0,0.0,2.0,0.0,0.0,0.0,0.0
155113,2025-08-21,,183317,2025-08-22,Demetris Mouflon,GB,2,chestnut,Mr Harry Demetriou,Sergei Prokofiev (CAN),Achianna (USA),Gemologist (USA),filly,2.0,0.0,0.0,0.0,0.0,0.0,0.0,0.0,0.0,0.0,2.0,0.0,0.0,0.0,0.0,0.0,0.0,0.0,0.0,0.0,0.0,0.0,0.0,0.0,0.0
155114,2025-08-21,,183323,2025-08-22,Denbys Dream,GB,2,grey,Rc Vip Syndicate Ix,Kameko (USA),Jufoon (UK),Dubawi (IRE),filly,2.0,0.0,0.0,1.0,50.0,0.0,0.0,0.0,0.0,0.0,2.0,0.0,0.0,1.0,50.0,0.0,0.0,0.0,0.0,0.0,0.0,0.0,0.0,0.0,0.0
155126,2025-08-21,,183323,2025-08-22,Passing Thought,GB,2,bay,Kingsdown Racing Club,Showcasing (UK),Passefontaine (FR),Wootton Bassett (UK),filly,1.0,0.0,0.0,0.0,0.0,0.0,0.0,0.0,0.0,0.0,1.0,0.0,0.0,0.0,0.0,0.0,0.0,0.0,0.0,0.0,0.0,0.0,0.0,0.0,0.0
155198,2025-08-21,,183328,2025-08-22,Fans Favourite,GB,2,bay,Whip And Dip Syndicate,Palace Pier (UK),Starlet (IRE),Sea The Stars (IRE),colt,1.0,0.0,0.0,0.0,0.0,0.0,0.0,0.0,0.0,0.0,1.0,0.0,0.0,0.0,0.0,0.0,0.0,0.0,0.0,0.0,0.0,0.0,0.0,0.0,0.0
155243,2025-08-21,,183344,2025-08-22,Lifeplan,IRE,2,bay,Martin Tedham & Wasdell Properties Ltd,Kodi Bear (IRE),A Taad Moody (IRE),Awtaad (IRE),colt,1.0,1.0,100.0,0.0,0.0,0.0,0.0,0.0,0.0,0.0,1.0,1.0,100.0,0.0,0.0,0.0,0.0,0.0,0.0,0.0,0.0,0.0,0.0,0.0,0.0
155255,2025-08-21,,183347,2025-08-22,Red Spells Danger,IRE,2,bay,Mr J N Blackburn & Partner,Cotai Glory (UK),Saikung (IRE),Acclamation (UK),gelding,1.0,0.0,0.0,1.0,100.0,0.0,0.0,0.0,0.0,0.0,1.0,0.0,0.0,1.0,100.0,0.0,0.0,0.0,0.0,0.0,0.0,0.0,0.0,0.0,0.0
155267,2025-08-21,,183347,2025-08-22,Beny Nahar,GB,2,bay,Mr Jaber Abdullah,Kingman (UK),Propriety (IRE),Galileo (IRE),colt,2.0,0.0,0.0,2.0,100.0,1.0,0.0,0.0,1.0,100.0,1.0,0.0,0.0,1.0,100.0,0.0,0.0,0.0,0.0,0.0,0.0,0.0,0.0,0.0,0.0
155278,2025-08-21,,183347,2025-08-22,King Of Thunder,GB,2,chestnut,Roudee Racing 17,Night Of Thunder (IRE),Sun Tide (UK),Siyouni (FR),colt,1.0,0.0,0.0,0.0,0.0,0.0,0.0,0.0,0.0,0.0,1.0,0.0,0.0,0.0,0.0,0.0,0.0,0.0,0.0,0.0,0.0,0.0,0.0,0.0,0.0
155287,2025-08-21,,183328,2025-08-22,Saxophonist,IRE,2,bay,Hambleton Racing Liv & Partner,Saxon Warrior (JPN),Macheera (IRE),Machiavellian (FR),colt,1.0,0.0,0.0,1.0,100.0,1.0,0.0,0.0,1.0,100.0,0.0,0.0,0.0,0.0,0.0,0.0,0.0,0.0,0.0,0.0,0.0,0.0,0.0,0.0,0.0
155293,2025-08-21,,183336,2025-08-22,Toyotomi,FR,4,bay,Jinky Farms,Blue Point (IRE),Tribune (FR),Grand Slam (USA),colt,1.0,0.0,0.0,0.0,0.0,0.0,0.0,0.0,0.0,0.0,1.0,0.0,0.0,0.0,0.0,0.0,0.0,0.0,0.0,0.0,0.0,0.0,0.0,0.0,0.0
155298,2025-08-21,,183360,2025-08-22,Bibe Mus,FR,3,bay,Simon Munir & Isaac Souede,Camelot (UK),Josephine Bettany (UK),Dansili (UK),gelding,1.0,0.0,0.0,0.0,0.0,0.0,0.0,0.0,0.0,0.0,1.0,0.0,0.0,0.0,0.0,0.0,0.0,0.0,0.0,0.0,0.0,0.0,0.0,0.0,0.0
155354,2025-08-21,,183347,2025-08-22,Sea The Power,FR,2,bay,Eco-Power Racing & Partner,Sea The Moon (GER),Dosila (UK),Galileo (IRE),colt,1.0,0.0,0.0,0.0,0.0,0.0,0.0,0.0,0.0,0.0,1.0,0.0,0.0,0.0,0.0,0.0,0.0,0.0,0.0,0.0,0.0,0.0,0.0,0.0,0.0
155387,2025-08-21,,183355,2025-08-22,Red Oak,IRE,5,bay,Rossie's & Co Syndicate,Kalanisi (IRE),Lady Knightess (IRE),Presenting (UK),gelding,1.0,0.0,0.0,0.0,0.0,0.0,0.0,0.0,0.0,0.0,1.0,0.0,0.0,0.0,0.0,0.0,0.0,0.0,0.0,0.0,0.0,0.0,0.0,0.0,0.0
155436,2025-08-21,,183337,2025-08-22,Inis Mor,FR,2,bay,Quantum Leap Racing Xi,Galiway (UK),Mellow (FR),Deep Impact (JPN),filly,1.0,1.0,100.0,0.0,0.0,0.0,0.0,0.0,0.0,0.0,1.0,1.0,100.0,0.0,0.0,0.0,0.0,0.0,0.0,0.0,0.0,0.0,0.0,0.0,0.0
155534,2025-08-21,,183349,2025-08-22,Miss Bella Vista,IRE,4,bay,B P Beggan,Vadamos (FR),Set To Fire (IRE),Big Bad Bob (IRE),filly,1.0,0.0,0.0,0.0,0.0,0.0,0.0,0.0,0.0,0.0,0.0,0.0,0.0,0.0,0.0,0.0,0.0,0.0,0.0,0.0,1.0,0.0,0.0,0.0,0.0
155538,2025-08-21,,183328,2025-08-22,Rogue Icon,IRE,2,bay,The Rogues Gallery,Camelot (UK),Tested (UK),Selkirk (USA),gelding,1.0,0.0,0.0,0.0,0.0,0.0,0.0,0.0,0.0,0.0,1.0,0.0,0.0,0.0,0.0,0.0,0.0,0.0,0.0,0.0,0.0,0.0,0.0,0.0,0.0
155547,2025-08-21,,183349,2025-08-22,Ailbhe Ava,IRE,4,bay,Gavin Cromwell Racing Limited,Getaway (GER),Emily's Flyer (IRE),Oscar (IRE),filly,1.0,0.0,0.0,0.0,0.0,0.0,0.0,0.0,0.0,0.0,0.0,0.0,0.0,0.0,0.0,0.0,0.0,0.0,0.0,0.0,1.0,0.0,0.0,0.0,0.0
155551,2025-08-21,,183338,2025-08-22,Blue Aria,GB,2,bay,Mr R J H Geffen,Blue Point (IRE),Woodland Aria (UK),Singspiel (IRE),colt,1.0,0.0,0.0,0.0,0.0,1.0,0.0,0.0,0.0,0.0,0.0,0.0,0.0,0.0,0.0,0.0,0.0,0.0,0.0,0.0,0.0,0.0,0.0,0.0,0.0
155555,2025-08-21,,183323,2025-08-22,Coconut Cove,IRE,2,bay,Merry Fox Stud Limited,No Nay Never (USA),Playfull Spirit (UK),Invincible Spirit (IRE),filly,1.0,0.0,0.0,1.0,100.0,0.0,0.0,0.0,0.0,0.0,1.0,0.0,0.0,1.0,100.0,0.0,0.0,0.0,0.0,0.0,0.0,0.0,0.0,0.0,0.0
155557,2025-08-21,,183323,2025-08-22,Enha,IRE,2,chestnut,Mr George Strawbridge,Pinatubo (IRE),Indigo Girl (UK),Dubawi (IRE),filly,1.0,0.0,0.0,0.0,0.0,0.0,0.0,0.0,0.0,0.0,1.0,0.0,0.0,0.0,0.0,0.0,0.0,0.0,0.0,0.0,0.0,0.0,0.0,0.0,0.0
155605,2025-08-21,,183328,2025-08-22,August George,IRE,2,bay,Alfa Site Services Ltd,Night Of Thunder (IRE),Citadelle (FR),Siyouni (FR),gelding,1.0,0.0,0.0,1.0,100.0,0.0,0.0,0.0,0.0,0.0,1.0,0.0,0.0,1.0,100.0,0.0,0.0,0.0,0.0,0.0,0.0,0.0,0.0,0.0,0.0
155628,2025-08-21,,183328,2025-08-22,The Floors Munky,GB,2,bay,The Twelve Munkys & I Jardine,Gustav Klimt (IRE),Fastnet View (IRE),Fastnet Rock (AUS),gelding,,0.0,0.0,0.0,0.0,0.0,0.0,0.0,0.0,0.0,0.0,0.0,0.0,0.0,0.0,0.0,0.0,0.0,0.0,0.0,0.0,0.0,0.0,0.0,0.0
155638,2025-08-21,,183352,2025-08-22,Cuguilla,IRE,5,bay,Thomas Gleeson,Workforce (UK),Fortwilliam Flyer (IRE),Flemensfirth (USA),mare,1.0,0.0,0.0,0.0,0.0,0.0,0.0,0.0,0.0,0.0,0.0,0.0,0.0,0.0,0.0,0.0,0.0,0.0,0.0,0.0,1.0,0.0,0.0,0.0,0.0
155718,2025-08-21,,183330,2025-08-22,Spirit Of Nature,IRE,3,bay,Mr J S Morrison,Pinatubo (IRE),Jealous Again (USA),Trippi (USA),gelding,1.0,0.0,0.0,0.0,0.0,0.0,0.0,0.0,0.0,0.0,1.0,0.0,0.0,0.0,0.0,0.0,0.0,0.0,0.0,0.0,0.0,0.0,0.0,0.0,0.0
155788,2025-08-21,,183338,2025-08-22,Night Patrol,IRE,2,bay,Back On The Bridle Partnership & Jasta,Lucky Vega (IRE),Set Fire (IRE),Bertolini (USA),colt,1.0,0.0,0.0,0.0,0.0,0.0,0.0,0.0,0.0,0.0,1.0,0.0,0.0,0.0,0.0,0.0,0.0,0.0,0.0,0.0,0.0,0.0,0.0,0.0,0.0
155790,2025-08-21,,183323,2025-08-22,Pimentel,GB,2,chestnut,Aurelius Thoroughbreds- Pimentel,Pinatubo (IRE),Puzzled (IRE),Peintre Celebre (USA),filly,1.0,0.0,0.0,0.0,0.0,0.0,0.0,0.0,0.0,0.0,1.0,0.0,0.0,0.0,0.0,0.0,0.0,0.0,0.0,0.0,0.0,0.0,0.0,0.0,0.0
155920,,,183330,2025-08-22,Aequitas,FR,3,bay,The Lam Partnership,Sea The Moon (GER),Houselady (FR),Anodin (IRE),filly,,,,,,,,,,,,,,,,,,,,,,,,,
155921,,,183337,2025-08-22,Blue Samuna,IRE,2,chestnut,Mr Laurence Holder,Space Blues (IRE),Samuna (FR),Samum (GER),filly,,,,,,,,,,,,,,,,,,,,,,,,,
155922,,,183337,2025-08-22,City Queen,IRE,2,bay,Godolphin,Dubawi (IRE),Alkandora (UK),Nathaniel (IRE),filly,,,,,,,,,,,,,,,,,,,,,,,,,
155923,,,183337,2025-08-22,Enchanted Queen,GB,2,chestnut,Godolphin,Ghaiyyath (IRE),Morgan Le Faye (UK),Shamardal (USA),filly,,,,,,,,,,,,,,,,,,,,,,,,,
155924,,,183347,2025-08-22,Ephron,IRE,2,chestnut,Middleham Park Racing Lxvi And P Demil,Calyx (UK),Gudrid (IRE),Fastnet Rock (AUS),colt,,,,,,,,,,,,,,,,,,,,,,,,,
155925,,,183337,2025-08-22,Harlequin Breeze,IRE,2,chestnut,Harlequin Direct Ltd,New Bay (UK),Sacred Rhyme (IRE),Lope De Vega (IRE),filly,,,,,,,,,,,,,,,,,,,,,,,,,
155926,,,183338,2025-08-22,I Can Dance,GB,2,bay,Mr Jaber Abdullah,Bated Breath (UK),Dance The Dream (UK),Sir Percy (UK),colt,,,,,,,,,,,,,,,,,,,,,,,,,
155927,,,183347,2025-08-22,Ice Cube,IRE,2,grey,Phil Cunningham,Phoenix Of Spain (IRE),Princess Gold (FR),Style Vendome (FR),colt,,,,,,,,,,,,,,,,,,,,,,,,,
155928,,,183347,2025-08-22,Inishbeg,IRE,2,bay,Sheikh Mohammed Obaid Al Maktoum,Ghaiyyath (IRE),Lajatico (UK),Equiano (FR),colt,,,,,,,,,,,,,,,,,,,,,,,,,
155929,,,183349,2025-08-22,Itsaworkinmaniam,IRE,6,chestnut,Mrs Anne Mcmahon,Sholokhov (IRE),Memorys Of Madness (IRE),Presenting (UK),gelding,,,,,,,,,,,,,,,,,,,,,,,,,
155930,,,183328,2025-08-22,Mehsun,IRE,2,bay,Mr Ian Jones,Mehmas (IRE),Sunniyra (IRE),Zoffany (IRE),colt,,,,,,,,,,,,,,,,,,,,,,,,,
155931,,,183352,2025-08-22,Messi Magic,IRE,6,brown,Miss Bernadette A K Murphy,Affinisea (IRE),Benefit Scheme (IRE),Beneficial (UK),gelding,,,,,,,,,,,,,,,,,,,,,,,,,
155932,,,183338,2025-08-22,Monoceros,GB,2,bay,Godolphin,Dubawi (IRE),Shirocco Star (UK),Shirocco (GER),colt,,,,,,,,,,,,,,,,,,,,,,,,,
155933,,,183323,2025-08-22,Mortubo,IRE,2,chestnut,Jane Davis And Sara Mould,Pinatubo (IRE),Morsian (UK),Dubawi (IRE),filly,,,,,,,,,,,,,,,,,,,,,,,,,
155934,,,183328,2025-08-22,Mr Colonel,IRE,2,bay,Sheikh Hamed Dalmook Al Maktoum,Frankel (UK),Proserpine (USA),Hat Trick (JPN),colt,,,,,,,,,,,,,,,,,,,,,,,,,
155935,,,183347,2025-08-22,Night Wolf,GB,2,bay,Eco- Power Racing 1,Kodi Bear (IRE),Apache Storm (UK),Pivotal (UK),colt,,,,,,,,,,,,,,,,,,,,,,,,,
155936,,,183337,2025-08-22,On Message,GB,2,bay,The Eclipse Partnership,Camelot (UK),Wiener Valkyrie (UK),Shamardal (USA),filly,,,,,,,,,,,,,,,,,,,,,,,,,
155937,,,183355,2025-08-22,Onlyforfrankie,IRE,5,bay,Y Nugent,Court Cave (IRE),South Circle (IRE),Desert King (IRE),gelding,,,,,,,,,,,,,,,,,,,,,,,,,
155938,,,183323,2025-08-22,Planet Seeker,GB,2,bay,Mr J C Smith,Blue Point (IRE),Dancing Star (UK),Aqlaam (UK),filly,,,,,,,,,,,,,,,,,,,,,,,,,
155939,,,183323,2025-08-22,Polka Blue,IRE,2,bay,Rosehill Racing Iii,Space Blues (IRE),Bohemian Dance (IRE),Dansili (UK),filly,,,,,,,,,,,,,,,,,,,,,,,,,
155940,,,183337,2025-08-22,Remi Mae,GB,2,bay,Norman Court Stud & Susan Bunney,Invincible Spirit (IRE),Indian Blessing (UK),Sepoy (AUS),filly,,,,,,,,,,,,,,,,,,,,,,,,,
155941,,,183355,2025-08-22,Sonny Koufax,IRE,6,bay,James J O'Keeffe,Hillstar (UK),Snails Bush (IRE),Flemensfirth (USA),gelding,,,,,,,,,,,,,,,,,,,,,,,,,
155942,,,183347,2025-08-22,Spyce,GB,2,bay,Martin Tedham & Wasdell Properties Ltd,Too Darn Hot (UK),Fly (UK),Pastoral Pursuits (UK),colt,,,,,,,,,,,,,,,,,,,,,,,,,
155943,,,183338,2025-08-22,St Anton,IRE,2,bay,Stall Perlen Ab,Mehmas (IRE),Jeva (IRE),Sea The Stars (IRE),colt,,,,,,,,,,,,,,,,,,,,,,,,,
155944,,,183337,2025-08-22,Tashi Delek,IRE,2,bay,Mrs A M Swinburn,Night Of Thunder (IRE),Diamond And Gold (IRE),Gleneagles (IRE),filly,,,,,,,,,,,,,,,,,,,,,,,,,
155945,,,183337,2025-08-22,Ventana,IRE,2,bay,Mrs Michele Hunter & Partner,Supremacy (IRE),Meydan Princess (IRE),Choisir (AUS),filly,,,,,,,,,,,,,,,,,,,,,,,,,
155946,,,183337,2025-08-22,Wild Dahlia,GB,2,bay,Raceshare 100 - Wild Dahlia,Ardad (IRE),Ejtyah (UK),Frankel (UK),filly,,,,,,,,,,,,,,,,,,,,,,,,,
